STRUCTURE,STRUCTURE_ID,STRUCTURE_NAME,ACTION,CEN23_YEAR_001,Census year,CEN23_GEO_002,Area,CEN23_ETH_002,Ethnicity,CEN23_AGE_001,Age,CEN23_SAB_002,Sex at birth,OBS_VALUE,Observation Value,OBS_STATUS,Observation Status
DATAFLOW,STATSNZ:CEN23_POP_006(1.0),"Ethnicity (grouped total responses level 1), age, and sex at birth for the census usually resident population count, (RC, TALB, SA2, Health), 2013, 2018, and 2023 Censuses",I,2023,2023,100,Northland,999,Total - ethnicity,04,15-19 years,11,,5952,,,
DATAFLOW,STATSNZ:CEN23_POP_006(1.0),"Ethnicity (grouped total responses level 1), age, and sex at birth for the census usually resident population count, (RC, TALB, SA2, Health), 2013, 2018, and 2023 Censuses",I,2023,2023,100,Northland,999,Total - ethnicity,04,15-19 years,22,,5583,,,
DATAFLOW,STATSNZ:CEN23_POP_006(1.0),"Ethnicity (grouped total responses level 1), age, and sex at birth for the census usually resident population count, (RC, TALB, SA2, Health), 2013, 2018, and 2023 Censuses",I,2023,2023,100,Northland,999,Total - ethnicity,05,20-24 years,11,,4485,,,
DATAFLOW,STATSNZ:CEN23_POP_006(1.0),"Ethnicity (grouped total responses level 1), age, and sex at birth for the census usually resident population count, (RC, TALB, SA2, Health), 2013, 2018, and 2023 Censuses",I,2023,2023,100,Northland,999,Total - ethnicity,05,20-24 years,22,,4158,,,
DATAFLOW,STATSNZ:CEN23_POP_006(1.0),"Ethnicity (grouped total responses level 1), age, and sex at birth for the census usually resident population count, (RC, TALB, SA2, Health), 2013, 2018, and 2023 Censuses",I,2023,2023,100,Northland,999,Total - ethnicity,06,25-29 years,11,,4845,,,
DATAFLOW,STATSNZ:CEN23_POP_006(1.0),"Ethnicity (grouped total responses level 1), age, and sex at birth for the census usually resident population count, (RC, TALB, SA2, Health), 2013, 2018, and 2023 Censuses",I,2023,2023,100,Northland,999,Total - ethnicity,06,25-29 years,22,,4836,,,
DATAFLOW,STATSNZ:CEN23_POP_006(1.0),"Ethnicity (grouped total responses level 1), age, and sex at birth for the census usually resident population count, (RC, TALB, SA2, Health), 2013, 2018, and 2023 Censuses",I,2023,2023,100,Northland,999,Total - ethnicity,07,30-34 years,11,,5637,,,
DATAFLOW,STATSNZ:CEN23_POP_006(1.0),"Ethnicity (grouped total responses level 1), age, and sex at birth for the census usually resident population count, (RC, TALB, SA2, Health), 2013, 2018, and 2023 Censuses",I,2023,2023,100,Northland,999,Total - ethnicity,07,30-34 years,22,,5910,,,
DATAFLOW,STATSNZ:CEN23_POP_006(1.0),"Ethnicity (grouped total responses level 1), age, and sex at birth for the census usually resident population count, (RC, TALB, SA2, Health), 2013, 2018, and 2023 Censuses",I,2023,2023,100,Northland,999,Total - ethnicity,08,35-39 years,11,,5547,,,
DATAFLOW,STATSNZ:CEN23_POP_006(1.0),"Ethnicity (grouped total responses level 1), age, and sex at birth for the census usually resident population count, (RC, TALB, SA2, Health), 2013, 2018, and 2023 Censuses",I,2023,2023,100,Northland,999,Total - ethnicity,08,35-39 years,22,,5610,,,
DATAFLOW,STATSNZ:CEN23_POP_006(1.0),"Ethnicity (grouped total responses level 1), age, and sex at birth for the census usually resident population count, (RC, TALB, SA2, Health), 2013, 2018, and 2023 Censuses",I,2023,2023,100,Northland,999,Total - ethnicity,09,40-44 years,11,,4794,,,
DATAFLOW,STATSNZ:CEN23_POP_006(1.0),"Ethnicity (grouped total responses level 1), age, and sex at birth for the census usually resident population count, (RC, TALB, SA2, Health), 2013, 2018, and 2023 Censuses",I,2023,2023,100,Northland,999,Total - ethnicity,09,40-44 years,22,,5115,,,
DATAFLOW,STATSNZ:CEN23_POP_006(1.0),"Ethnicity (grouped total responses level 1), age, and sex at birth for the census usually resident population count, (RC, TALB, SA2, Health), 2013, 2018, and 2023 Censuses",I,2023,2023,100,Northland,999,Total - ethnicity,10,45-49 years,11,,5109,,,
DATAFLOW,STATSNZ:CEN23_POP_006(1.0),"Ethnicity (grouped total responses level 1), age, and sex at birth for the census usually resident population count, (RC, TALB, SA2, Health), 2013, 2018, and 2023 Censuses",I,2023,2023,100,Northland,999,Total - ethnicity,10,45-49 years,22,,5520,,,
DATAFLOW,STATSNZ:CEN23_POP_006(1.0),"Ethnicity (grouped total responses level 1), age, and sex at birth for the census usually resident population count, (RC, TALB, SA2, Health), 2013, 2018, and 2023 Censuses",I,2023,2023,100,Northland,999,Total - ethnicity,11,50-54 years,11,,6111,,,
DATAFLOW,STATSNZ:CEN23_POP_006(1.0),"Ethnicity (grouped total responses level 1), age, and sex at birth for the census usually resident population count, (RC, TALB, SA2, Health), 2013, 2018, and 2023 Censuses",I,2023,2023,100,Northland,999,Total - ethnicity,11,50-54 years,22,,6615,,,
DATAFLOW,STATSNZ:CEN23_POP_006(1.0),"Ethnicity (grouped total responses level 1), age, and sex at birth for the census usually resident population count, (RC, TALB, SA2, Health), 2013, 2018, and 2023 Censuses",I,2023,2023,100,Northland,999,Total - ethnicity,12,55-59 years,11,,6441,,,
DATAFLOW,STATSNZ:CEN23_POP_006(1.0),"Ethnicity (grouped total responses level 1), age, and sex at birth for the census usually resident population count, (RC, TALB, SA2, Health), 2013, 2018, and 2023 Censuses",I,2023,2023,100,Northland,999,Total - ethnicity,12,55-59 years,22,,7050,,,
DATAFLOW,STATSNZ:CEN23_POP_006(1.0),"Ethnicity (grouped total responses level 1), age, and sex at birth for the census usually resident population count, (RC, TALB, SA2, Health), 2013, 2018, and 2023 Censuses",I,2023,2023,100,Northland,999,Total - ethnicity,13,60-64 years,11,,6897,,,
DATAFLOW,STATSNZ:CEN23_POP_006(1.0),"Ethnicity (grouped total responses level 1), age, and sex at birth for the census usually resident population count, (RC, TALB, SA2, Health), 2013, 2018, and 2023 Censuses",I,2023,2023,100,Northland,999,Total - ethnicity,13,60-64 years,22,,7431,,,
DATAFLOW,STATSNZ:CEN23_POP_006(1.0),"Ethnicity (grouped total responses level 1), age, and sex at birth for the census usually resident population count, (RC, TALB, SA2, Health), 2013, 2018, and 2023 Censuses",I,2023,2023,100,Northland,999,Total - ethnicity,4,65 years and over,11,,20676,,,
DATAFLOW,STATSNZ:CEN23_POP_006(1.0),"Ethnicity (grouped total responses level 1), age, and sex at birth for the census usually resident population count, (RC, TALB, SA2, Health), 2013, 2018, and 2023 Censuses",I,2023,2023,100,Northland,999,Total - ethnicity,4,65 years and over,22,,21612,,,
DATAFLOW,STATSNZ:CEN23_POP_006(1.0),"Ethnicity (grouped total responses level 1), age, and sex at birth for the census usually resident population count, (RC, TALB, SA2, Health), 2013, 2018, and 2023 Censuses",I,2023,2023,101,Waitematā,999,Total - ethnicity,04,15-19 years,11,,19977,,,
DATAFLOW,STATSNZ:CEN23_POP_006(1.0),"Ethnicity (grouped total responses level 1), age, and sex at birth for the census usually resident population count, (RC, TALB, SA2, Health), 2013, 2018, and 2023 Censuses",I,2023,2023,101,Waitematā,999,Total - ethnicity,04,15-19 years,22,,18909,,,
DATAFLOW,STATSNZ:CEN23_POP_006(1.0),"Ethnicity (grouped total responses level 1), age, and sex at birth for the census usually resident population count, (RC, TALB, SA2, Health), 2013, 2018, and 2023 Censuses",I,2023,2023,101,Waitematā,999,Total - ethnicity,05,20-24 years,11,,19134,,,
DATAFLOW,STATSNZ:CEN23_POP_006(1.0),"Ethnicity (grouped total responses level 1), age, and sex at birth for the census usually resident population count, (RC, TALB, SA2, Health), 2013, 2018, and 2023 Censuses",I,2023,2023,101,Waitematā,999,Total - ethnicity,05,20-24 years,22,,17826,,,
DATAFLOW,STATSNZ:CEN23_POP_006(1.0),"Ethnicity (grouped total responses level 1), age, and sex at birth for the census usually resident population count, (RC, TALB, SA2, Health), 2013, 2018, and 2023 Censuses",I,2023,2023,101,Waitematā,999,Total - ethnicity,06,25-29 years,11,,20679,,,
DATAFLOW,STATSNZ:CEN23_POP_006(1.0),"Ethnicity (grouped total responses level 1), age, and sex at birth for the census usually resident population count, (RC, TALB, SA2, Health), 2013, 2018, and 2023 Censuses",I,2023,2023,101,Waitematā,999,Total - ethnicity,06,25-29 years,22,,20526,,,
DATAFLOW,STATSNZ:CEN23_POP_006(1.0),"Ethnicity (grouped total responses level 1), age, and sex at birth for the census usually resident population count, (RC, TALB, SA2, Health), 2013, 2018, and 2023 Censuses",I,2023,2023,101,Waitematā,999,Total - ethnicity,07,30-34 years,11,,24594,,,
DATAFLOW,STATSNZ:CEN23_POP_006(1.0),"Ethnicity (grouped total responses level 1), age, and sex at birth for the census usually resident population count, (RC, TALB, SA2, Health), 2013, 2018, and 2023 Censuses",I,2023,2023,101,Waitematā,999,Total - ethnicity,07,30-34 years,22,,25182,,,
DATAFLOW,STATSNZ:CEN23_POP_006(1.0),"Ethnicity (grouped total responses level 1), age, and sex at birth for the census usually resident population count, (RC, TALB, SA2, Health), 2013, 2018, and 2023 Censuses",I,2023,2023,101,Waitematā,999,Total - ethnicity,08,35-39 years,11,,24495,,,
DATAFLOW,STATSNZ:CEN23_POP_006(1.0),"Ethnicity (grouped total responses level 1), age, and sex at birth for the census usually resident population count, (RC, TALB, SA2, Health), 2013, 2018, and 2023 Censuses",I,2023,2023,101,Waitematā,999,Total - ethnicity,08,35-39 years,22,,25413,,,
DATAFLOW,STATSNZ:CEN23_POP_006(1.0),"Ethnicity (grouped total responses level 1), age, and sex at birth for the census usually resident population count, (RC, TALB, SA2, Health), 2013, 2018, and 2023 Censuses",I,2023,2023,101,Waitematā,999,Total - ethnicity,09,40-44 years,11,,23244,,,
DATAFLOW,STATSNZ:CEN23_POP_006(1.0),"Ethnicity (grouped total responses level 1), age, and sex at birth for the census usually resident population count, (RC, TALB, SA2, Health), 2013, 2018, and 2023 Censuses",I,2023,2023,101,Waitematā,999,Total - ethnicity,09,40-44 years,22,,23334,,,
DATAFLOW,STATSNZ:CEN23_POP_006(1.0),"Ethnicity (grouped total responses level 1), age, and sex at birth for the census usually resident population count, (RC, TALB, SA2, Health), 2013, 2018, and 2023 Censuses",I,2023,2023,101,Waitematā,999,Total - ethnicity,10,45-49 years,11,,20214,,,
DATAFLOW,STATSNZ:CEN23_POP_006(1.0),"Ethnicity (grouped total responses level 1), age, and sex at birth for the census usually resident population count, (RC, TALB, SA2, Health), 2013, 2018, and 2023 Censuses",I,2023,2023,101,Waitematā,999,Total - ethnicity,10,45-49 years,22,,20889,,,
DATAFLOW,STATSNZ:CEN23_POP_006(1.0),"Ethnicity (grouped total responses level 1), age, and sex at birth for the census usually resident population count, (RC, TALB, SA2, Health), 2013, 2018, and 2023 Censuses",I,2023,2023,101,Waitematā,999,Total - ethnicity,11,50-54 years,11,,20304,,,
DATAFLOW,STATSNZ:CEN23_POP_006(1.0),"Ethnicity (grouped total responses level 1), age, and sex at birth for the census usually resident population count, (RC, TALB, SA2, Health), 2013, 2018, and 2023 Censuses",I,2023,2023,101,Waitematā,999,Total - ethnicity,11,50-54 years,22,,21339,,,
DATAFLOW,STATSNZ:CEN23_POP_006(1.0),"Ethnicity (grouped total responses level 1), age, and sex at birth for the census usually resident population count, (RC, TALB, SA2, Health), 2013, 2018, and 2023 Censuses",I,2023,2023,101,Waitematā,999,Total - ethnicity,12,55-59 years,11,,18255,,,
DATAFLOW,STATSNZ:CEN23_POP_006(1.0),"Ethnicity (grouped total responses level 1), age, and sex at birth for the census usually resident population count, (RC, TALB, SA2, Health), 2013, 2018, and 2023 Censuses",I,2023,2023,101,Waitematā,999,Total - ethnicity,12,55-59 years,22,,19029,,,
DATAFLOW,STATSNZ:CEN23_POP_006(1.0),"Ethnicity (grouped total responses level 1), age, and sex at birth for the census usually resident population count, (RC, TALB, SA2, Health), 2013, 2018, and 2023 Censuses",I,2023,2023,101,Waitematā,999,Total - ethnicity,13,60-64 years,11,,16449,,,
DATAFLOW,STATSNZ:CEN23_POP_006(1.0),"Ethnicity (grouped total responses level 1), age, and sex at birth for the census usually resident population count, (RC, TALB, SA2, Health), 2013, 2018, and 2023 Censuses",I,2023,2023,101,Waitematā,999,Total - ethnicity,13,60-64 years,22,,17601,,,
DATAFLOW,STATSNZ:CEN23_POP_006(1.0),"Ethnicity (grouped total responses level 1), age, and sex at birth for the census usually resident population count, (RC, TALB, SA2, Health), 2013, 2018, and 2023 Censuses",I,2023,2023,101,Waitematā,999,Total - ethnicity,4,65 years and over,11,,42366,,,
DATAFLOW,STATSNZ:CEN23_POP_006(1.0),"Ethnicity (grouped total responses level 1), age, and sex at birth for the census usually resident population count, (RC, TALB, SA2, Health), 2013, 2018, and 2023 Censuses",I,2023,2023,101,Waitematā,999,Total - ethnicity,4,65 years and over,22,,49989,,,
DATAFLOW,STATSNZ:CEN23_POP_006(1.0),"Ethnicity (grouped total responses level 1), age, and sex at birth for the census usually resident population count, (RC, TALB, SA2, Health), 2013, 2018, and 2023 Censuses",I,2023,2023,102,Auckland,999,Total - ethnicity,04,15-19 years,11,,14595,,,
DATAFLOW,STATSNZ:CEN23_POP_006(1.0),"Ethnicity (grouped total responses level 1), age, and sex at birth for the census usually resident population count, (RC, TALB, SA2, Health), 2013, 2018, and 2023 Censuses",I,2023,2023,102,Auckland,999,Total - ethnicity,04,15-19 years,22,,14706,,,
DATAFLOW,STATSNZ:CEN23_POP_006(1.0),"Ethnicity (grouped total responses level 1), age, and sex at birth for the census usually resident population count, (RC, TALB, SA2, Health), 2013, 2018, and 2023 Censuses",I,2023,2023,102,Auckland,999,Total - ethnicity,05,20-24 years,11,,18342,,,
DATAFLOW,STATSNZ:CEN23_POP_006(1.0),"Ethnicity (grouped total responses level 1), age, and sex at birth for the census usually resident population count, (RC, TALB, SA2, Health), 2013, 2018, and 2023 Censuses",I,2023,2023,102,Auckland,999,Total - ethnicity,05,20-24 years,22,,19185,,,
DATAFLOW,STATSNZ:CEN23_POP_006(1.0),"Ethnicity (grouped total responses level 1), age, and sex at birth for the census usually resident population count, (RC, TALB, SA2, Health), 2013, 2018, and 2023 Censuses",I,2023,2023,102,Auckland,999,Total - ethnicity,06,25-29 years,11,,21762,,,
DATAFLOW,STATSNZ:CEN23_POP_006(1.0),"Ethnicity (grouped total responses level 1), age, and sex at birth for the census usually resident population count, (RC, TALB, SA2, Health), 2013, 2018, and 2023 Censuses",I,2023,2023,102,Auckland,999,Total - ethnicity,06,25-29 years,22,,21384,,,
DATAFLOW,STATSNZ:CEN23_POP_006(1.0),"Ethnicity (grouped total responses level 1), age, and sex at birth for the census usually resident population count, (RC, TALB, SA2, Health), 2013, 2018, and 2023 Censuses",I,2023,2023,102,Auckland,999,Total - ethnicity,07,30-34 years,11,,21324,,,
DATAFLOW,STATSNZ:CEN23_POP_006(1.0),"Ethnicity (grouped total responses level 1), age, and sex at birth for the census usually resident population count, (RC, TALB, SA2, Health), 2013, 2018, and 2023 Censuses",I,2023,2023,102,Auckland,999,Total - ethnicity,07,30-34 years,22,,20961,,,
DATAFLOW,STATSNZ:CEN23_POP_006(1.0),"Ethnicity (grouped total responses level 1), age, and sex at birth for the census usually resident population count, (RC, TALB, SA2, Health), 2013, 2018, and 2023 Censuses",I,2023,2023,102,Auckland,999,Total - ethnicity,08,35-39 years,11,,18255,,,
DATAFLOW,STATSNZ:CEN23_POP_006(1.0),"Ethnicity (grouped total responses level 1), age, and sex at birth for the census usually resident population count, (RC, TALB, SA2, Health), 2013, 2018, and 2023 Censuses",I,2023,2023,102,Auckland,999,Total - ethnicity,08,35-39 years,22,,17883,,,
DATAFLOW,STATSNZ:CEN23_POP_006(1.0),"Ethnicity (grouped total responses level 1), age, and sex at birth for the census usually resident population count, (RC, TALB, SA2, Health), 2013, 2018, and 2023 Censuses",I,2023,2023,102,Auckland,999,Total - ethnicity,09,40-44 years,11,,16056,,,
DATAFLOW,STATSNZ:CEN23_POP_006(1.0),"Ethnicity (grouped total responses level 1), age, and sex at birth for the census usually resident population count, (RC, TALB, SA2, Health), 2013, 2018, and 2023 Censuses",I,2023,2023,102,Auckland,999,Total - ethnicity,09,40-44 years,22,,15771,,,
DATAFLOW,STATSNZ:CEN23_POP_006(1.0),"Ethnicity (grouped total responses level 1), age, and sex at birth for the census usually resident population count, (RC, TALB, SA2, Health), 2013, 2018, and 2023 Censuses",I,2023,2023,102,Auckland,999,Total - ethnicity,10,45-49 years,11,,14247,,,
DATAFLOW,STATSNZ:CEN23_POP_006(1.0),"Ethnicity (grouped total responses level 1), age, and sex at birth for the census usually resident population count, (RC, TALB, SA2, Health), 2013, 2018, and 2023 Censuses",I,2023,2023,102,Auckland,999,Total - ethnicity,10,45-49 years,22,,14838,,,
DATAFLOW,STATSNZ:CEN23_POP_006(1.0),"Ethnicity (grouped total responses level 1), age, and sex at birth for the census usually resident population count, (RC, TALB, SA2, Health), 2013, 2018, and 2023 Censuses",I,2023,2023,102,Auckland,999,Total - ethnicity,11,50-54 years,11,,14439,,,
DATAFLOW,STATSNZ:CEN23_POP_006(1.0),"Ethnicity (grouped total responses level 1), age, and sex at birth for the census usually resident population count, (RC, TALB, SA2, Health), 2013, 2018, and 2023 Censuses",I,2023,2023,102,Auckland,999,Total - ethnicity,11,50-54 years,22,,15327,,,
DATAFLOW,STATSNZ:CEN23_POP_006(1.0),"Ethnicity (grouped total responses level 1), age, and sex at birth for the census usually resident population count, (RC, TALB, SA2, Health), 2013, 2018, and 2023 Censuses",I,2023,2023,102,Auckland,999,Total - ethnicity,12,55-59 years,11,,13155,,,
DATAFLOW,STATSNZ:CEN23_POP_006(1.0),"Ethnicity (grouped total responses level 1), age, and sex at birth for the census usually resident population count, (RC, TALB, SA2, Health), 2013, 2018, and 2023 Censuses",I,2023,2023,102,Auckland,999,Total - ethnicity,12,55-59 years,22,,13476,,,
DATAFLOW,STATSNZ:CEN23_POP_006(1.0),"Ethnicity (grouped total responses level 1), age, and sex at birth for the census usually resident population count, (RC, TALB, SA2, Health), 2013, 2018, and 2023 Censuses",I,2023,2023,102,Auckland,999,Total - ethnicity,13,60-64 years,11,,11583,,,
DATAFLOW,STATSNZ:CEN23_POP_006(1.0),"Ethnicity (grouped total responses level 1), age, and sex at birth for the census usually resident population count, (RC, TALB, SA2, Health), 2013, 2018, and 2023 Censuses",I,2023,2023,102,Auckland,999,Total - ethnicity,13,60-64 years,22,,12159,,,
DATAFLOW,STATSNZ:CEN23_POP_006(1.0),"Ethnicity (grouped total responses level 1), age, and sex at birth for the census usually resident population count, (RC, TALB, SA2, Health), 2013, 2018, and 2023 Censuses",I,2023,2023,102,Auckland,999,Total - ethnicity,4,65 years and over,11,,28581,,,
DATAFLOW,STATSNZ:CEN23_POP_006(1.0),"Ethnicity (grouped total responses level 1), age, and sex at birth for the census usually resident population count, (RC, TALB, SA2, Health), 2013, 2018, and 2023 Censuses",I,2023,2023,102,Auckland,999,Total - ethnicity,4,65 years and over,22,,33087,,,
DATAFLOW,STATSNZ:CEN23_POP_006(1.0),"Ethnicity (grouped total responses level 1), age, and sex at birth for the census usually resident population count, (RC, TALB, SA2, Health), 2013, 2018, and 2023 Censuses",I,2023,2023,103,Counties Manukau,999,Total - ethnicity,04,15-19 years,11,,21513,,,
DATAFLOW,STATSNZ:CEN23_POP_006(1.0),"Ethnicity (grouped total responses level 1), age, and sex at birth for the census usually resident population count, (RC, TALB, SA2, Health), 2013, 2018, and 2023 Censuses",I,2023,2023,103,Counties Manukau,999,Total - ethnicity,04,15-19 years,22,,20253,,,
DATAFLOW,STATSNZ:CEN23_POP_006(1.0),"Ethnicity (grouped total responses level 1), age, and sex at birth for the census usually resident population count, (RC, TALB, SA2, Health), 2013, 2018, and 2023 Censuses",I,2023,2023,103,Counties Manukau,999,Total - ethnicity,05,20-24 years,11,,20232,,,
DATAFLOW,STATSNZ:CEN23_POP_006(1.0),"Ethnicity (grouped total responses level 1), age, and sex at birth for the census usually resident population count, (RC, TALB, SA2, Health), 2013, 2018, and 2023 Censuses",I,2023,2023,103,Counties Manukau,999,Total - ethnicity,05,20-24 years,22,,19149,,,
DATAFLOW,STATSNZ:CEN23_POP_006(1.0),"Ethnicity (grouped total responses level 1), age, and sex at birth for the census usually resident population count, (RC, TALB, SA2, Health), 2013, 2018, and 2023 Censuses",I,2023,2023,103,Counties Manukau,999,Total - ethnicity,06,25-29 years,11,,21609,,,
DATAFLOW,STATSNZ:CEN23_POP_006(1.0),"Ethnicity (grouped total responses level 1), age, and sex at birth for the census usually resident population count, (RC, TALB, SA2, Health), 2013, 2018, and 2023 Censuses",I,2023,2023,103,Counties Manukau,999,Total - ethnicity,06,25-29 years,22,,21450,,,
DATAFLOW,STATSNZ:CEN23_POP_006(1.0),"Ethnicity (grouped total responses level 1), age, and sex at birth for the census usually resident population count, (RC, TALB, SA2, Health), 2013, 2018, and 2023 Censuses",I,2023,2023,103,Counties Manukau,999,Total - ethnicity,07,30-34 years,11,,23991,,,
DATAFLOW,STATSNZ:CEN23_POP_006(1.0),"Ethnicity (grouped total responses level 1), age, and sex at birth for the census usually resident population count, (RC, TALB, SA2, Health), 2013, 2018, and 2023 Censuses",I,2023,2023,103,Counties Manukau,999,Total - ethnicity,07,30-34 years,22,,24252,,,
DATAFLOW,STATSNZ:CEN23_POP_006(1.0),"Ethnicity (grouped total responses level 1), age, and sex at birth for the census usually resident population count, (RC, TALB, SA2, Health), 2013, 2018, and 2023 Censuses",I,2023,2023,103,Counties Manukau,999,Total - ethnicity,08,35-39 years,11,,21978,,,
DATAFLOW,STATSNZ:CEN23_POP_006(1.0),"Ethnicity (grouped total responses level 1), age, and sex at birth for the census usually resident population count, (RC, TALB, SA2, Health), 2013, 2018, and 2023 Censuses",I,2023,2023,103,Counties Manukau,999,Total - ethnicity,08,35-39 years,22,,22185,,,
DATAFLOW,STATSNZ:CEN23_POP_006(1.0),"Ethnicity (grouped total responses level 1), age, and sex at birth for the census usually resident population count, (RC, TALB, SA2, Health), 2013, 2018, and 2023 Censuses",I,2023,2023,103,Counties Manukau,999,Total - ethnicity,09,40-44 years,11,,19533,,,
DATAFLOW,STATSNZ:CEN23_POP_006(1.0),"Ethnicity (grouped total responses level 1), age, and sex at birth for the census usually resident population count, (RC, TALB, SA2, Health), 2013, 2018, and 2023 Censuses",I,2023,2023,103,Counties Manukau,999,Total - ethnicity,09,40-44 years,22,,19842,,,
DATAFLOW,STATSNZ:CEN23_POP_006(1.0),"Ethnicity (grouped total responses level 1), age, and sex at birth for the census usually resident population count, (RC, TALB, SA2, Health), 2013, 2018, and 2023 Censuses",I,2023,2023,103,Counties Manukau,999,Total - ethnicity,10,45-49 years,11,,17058,,,
DATAFLOW,STATSNZ:CEN23_POP_006(1.0),"Ethnicity (grouped total responses level 1), age, and sex at birth for the census usually resident population count, (RC, TALB, SA2, Health), 2013, 2018, and 2023 Censuses",I,2023,2023,103,Counties Manukau,999,Total - ethnicity,10,45-49 years,22,,17547,,,
DATAFLOW,STATSNZ:CEN23_POP_006(1.0),"Ethnicity (grouped total responses level 1), age, and sex at birth for the census usually resident population count, (RC, TALB, SA2, Health), 2013, 2018, and 2023 Censuses",I,2023,2023,103,Counties Manukau,999,Total - ethnicity,11,50-54 years,11,,17379,,,
DATAFLOW,STATSNZ:CEN23_POP_006(1.0),"Ethnicity (grouped total responses level 1), age, and sex at birth for the census usually resident population count, (RC, TALB, SA2, Health), 2013, 2018, and 2023 Censuses",I,2023,2023,103,Counties Manukau,999,Total - ethnicity,11,50-54 years,22,,18225,,,
DATAFLOW,STATSNZ:CEN23_POP_006(1.0),"Ethnicity (grouped total responses level 1), age, and sex at birth for the census usually resident population count, (RC, TALB, SA2, Health), 2013, 2018, and 2023 Censuses",I,2023,2023,103,Counties Manukau,999,Total - ethnicity,12,55-59 years,11,,16044,,,
DATAFLOW,STATSNZ:CEN23_POP_006(1.0),"Ethnicity (grouped total responses level 1), age, and sex at birth for the census usually resident population count, (RC, TALB, SA2, Health), 2013, 2018, and 2023 Censuses",I,2023,2023,103,Counties Manukau,999,Total - ethnicity,12,55-59 years,22,,16404,,,
DATAFLOW,STATSNZ:CEN23_POP_006(1.0),"Ethnicity (grouped total responses level 1), age, and sex at birth for the census usually resident population count, (RC, TALB, SA2, Health), 2013, 2018, and 2023 Censuses",I,2023,2023,103,Counties Manukau,999,Total - ethnicity,13,60-64 years,11,,14094,,,
DATAFLOW,STATSNZ:CEN23_POP_006(1.0),"Ethnicity (grouped total responses level 1), age, and sex at birth for the census usually resident population count, (RC, TALB, SA2, Health), 2013, 2018, and 2023 Censuses",I,2023,2023,103,Counties Manukau,999,Total - ethnicity,13,60-64 years,22,,14628,,,
DATAFLOW,STATSNZ:CEN23_POP_006(1.0),"Ethnicity (grouped total responses level 1), age, and sex at birth for the census usually resident population count, (RC, TALB, SA2, Health), 2013, 2018, and 2023 Censuses",I,2023,2023,103,Counties Manukau,999,Total - ethnicity,4,65 years and over,11,,32313,,,
DATAFLOW,STATSNZ:CEN23_POP_006(1.0),"Ethnicity (grouped total responses level 1), age, and sex at birth for the census usually resident population count, (RC, TALB, SA2, Health), 2013, 2018, and 2023 Censuses",I,2023,2023,103,Counties Manukau,999,Total - ethnicity,4,65 years and over,22,,36729,,,
DATAFLOW,STATSNZ:CEN23_POP_006(1.0),"Ethnicity (grouped total responses level 1), age, and sex at birth for the census usually resident population count, (RC, TALB, SA2, Health), 2013, 2018, and 2023 Censuses",I,2023,2023,200,Waikato,999,Total - ethnicity,04,15-19 years,11,,14529,,,
DATAFLOW,STATSNZ:CEN23_POP_006(1.0),"Ethnicity (grouped total responses level 1), age, and sex at birth for the census usually resident population count, (RC, TALB, SA2, Health), 2013, 2018, and 2023 Censuses",I,2023,2023,200,Waikato,999,Total - ethnicity,04,15-19 years,22,,13950,,,
DATAFLOW,STATSNZ:CEN23_POP_006(1.0),"Ethnicity (grouped total responses level 1), age, and sex at birth for the census usually resident population count, (RC, TALB, SA2, Health), 2013, 2018, and 2023 Censuses",I,2023,2023,200,Waikato,999,Total - ethnicity,05,20-24 years,11,,13470,,,
DATAFLOW,STATSNZ:CEN23_POP_006(1.0),"Ethnicity (grouped total responses level 1), age, and sex at birth for the census usually resident population count, (RC, TALB, SA2, Health), 2013, 2018, and 2023 Censuses",I,2023,2023,200,Waikato,999,Total - ethnicity,05,20-24 years,22,,12855,,,
DATAFLOW,STATSNZ:CEN23_POP_006(1.0),"Ethnicity (grouped total responses level 1), age, and sex at birth for the census usually resident population count, (RC, TALB, SA2, Health), 2013, 2018, and 2023 Censuses",I,2023,2023,200,Waikato,999,Total - ethnicity,06,25-29 years,11,,14412,,,
DATAFLOW,STATSNZ:CEN23_POP_006(1.0),"Ethnicity (grouped total responses level 1), age, and sex at birth for the census usually resident population count, (RC, TALB, SA2, Health), 2013, 2018, and 2023 Censuses",I,2023,2023,200,Waikato,999,Total - ethnicity,06,25-29 years,22,,13842,,,
DATAFLOW,STATSNZ:CEN23_POP_006(1.0),"Ethnicity (grouped total responses level 1), age, and sex at birth for the census usually resident population count, (RC, TALB, SA2, Health), 2013, 2018, and 2023 Censuses",I,2023,2023,200,Waikato,999,Total - ethnicity,07,30-34 years,11,,15666,,,
DATAFLOW,STATSNZ:CEN23_POP_006(1.0),"Ethnicity (grouped total responses level 1), age, and sex at birth for the census usually resident population count, (RC, TALB, SA2, Health), 2013, 2018, and 2023 Censuses",I,2023,2023,200,Waikato,999,Total - ethnicity,07,30-34 years,22,,15885,,,
DATAFLOW,STATSNZ:CEN23_POP_006(1.0),"Ethnicity (grouped total responses level 1), age, and sex at birth for the census usually resident population count, (RC, TALB, SA2, Health), 2013, 2018, and 2023 Censuses",I,2023,2023,200,Waikato,999,Total - ethnicity,08,35-39 years,11,,14295,,,
DATAFLOW,STATSNZ:CEN23_POP_006(1.0),"Ethnicity (grouped total responses level 1), age, and sex at birth for the census usually resident population count, (RC, TALB, SA2, Health), 2013, 2018, and 2023 Censuses",I,2023,2023,200,Waikato,999,Total - ethnicity,08,35-39 years,22,,14535,,,
DATAFLOW,STATSNZ:CEN23_POP_006(1.0),"Ethnicity (grouped total responses level 1), age, and sex at birth for the census usually resident population count, (RC, TALB, SA2, Health), 2013, 2018, and 2023 Censuses",I,2023,2023,200,Waikato,999,Total - ethnicity,09,40-44 years,11,,13065,,,
DATAFLOW,STATSNZ:CEN23_POP_006(1.0),"Ethnicity (grouped total responses level 1), age, and sex at birth for the census usually resident population count, (RC, TALB, SA2, Health), 2013, 2018, and 2023 Censuses",I,2023,2023,200,Waikato,999,Total - ethnicity,09,40-44 years,22,,13260,,,
DATAFLOW,STATSNZ:CEN23_POP_006(1.0),"Ethnicity (grouped total responses level 1), age, and sex at birth for the census usually resident population count, (RC, TALB, SA2, Health), 2013, 2018, and 2023 Censuses",I,2023,2023,200,Waikato,999,Total - ethnicity,10,45-49 years,11,,12441,,,
DATAFLOW,STATSNZ:CEN23_POP_006(1.0),"Ethnicity (grouped total responses level 1), age, and sex at birth for the census usually resident population count, (RC, TALB, SA2, Health), 2013, 2018, and 2023 Censuses",I,2023,2023,200,Waikato,999,Total - ethnicity,10,45-49 years,22,,12792,,,
DATAFLOW,STATSNZ:CEN23_POP_006(1.0),"Ethnicity (grouped total responses level 1), age, and sex at birth for the census usually resident population count, (RC, TALB, SA2, Health), 2013, 2018, and 2023 Censuses",I,2023,2023,200,Waikato,999,Total - ethnicity,11,50-54 years,11,,13155,,,
DATAFLOW,STATSNZ:CEN23_POP_006(1.0),"Ethnicity (grouped total responses level 1), age, and sex at birth for the census usually resident population count, (RC, TALB, SA2, Health), 2013, 2018, and 2023 Censuses",I,2023,2023,200,Waikato,999,Total - ethnicity,11,50-54 years,22,,13968,,,
DATAFLOW,STATSNZ:CEN23_POP_006(1.0),"Ethnicity (grouped total responses level 1), age, and sex at birth for the census usually resident population count, (RC, TALB, SA2, Health), 2013, 2018, and 2023 Censuses",I,2023,2023,200,Waikato,999,Total - ethnicity,12,55-59 years,11,,12387,,,
DATAFLOW,STATSNZ:CEN23_POP_006(1.0),"Ethnicity (grouped total responses level 1), age, and sex at birth for the census usually resident population count, (RC, TALB, SA2, Health), 2013, 2018, and 2023 Censuses",I,2023,2023,200,Waikato,999,Total - ethnicity,12,55-59 years,22,,13167,,,
DATAFLOW,STATSNZ:CEN23_POP_006(1.0),"Ethnicity (grouped total responses level 1), age, and sex at birth for the census usually resident population count, (RC, TALB, SA2, Health), 2013, 2018, and 2023 Censuses",I,2023,2023,200,Waikato,999,Total - ethnicity,13,60-64 years,11,,12429,,,
DATAFLOW,STATSNZ:CEN23_POP_006(1.0),"Ethnicity (grouped total responses level 1), age, and sex at birth for the census usually resident population count, (RC, TALB, SA2, Health), 2013, 2018, and 2023 Censuses",I,2023,2023,200,Waikato,999,Total - ethnicity,13,60-64 years,22,,13533,,,
DATAFLOW,STATSNZ:CEN23_POP_006(1.0),"Ethnicity (grouped total responses level 1), age, and sex at birth for the census usually resident population count, (RC, TALB, SA2, Health), 2013, 2018, and 2023 Censuses",I,2023,2023,200,Waikato,999,Total - ethnicity,4,65 years and over,11,,35580,,,
DATAFLOW,STATSNZ:CEN23_POP_006(1.0),"Ethnicity (grouped total responses level 1), age, and sex at birth for the census usually resident population count, (RC, TALB, SA2, Health), 2013, 2018, and 2023 Censuses",I,2023,2023,200,Waikato,999,Total - ethnicity,4,65 years and over,22,,40206,,,
DATAFLOW,STATSNZ:CEN23_POP_006(1.0),"Ethnicity (grouped total responses level 1), age, and sex at birth for the census usually resident population count, (RC, TALB, SA2, Health), 2013, 2018, and 2023 Censuses",I,2023,2023,201,Lakes,999,Total - ethnicity,04,15-19 years,11,,3864,,,
DATAFLOW,STATSNZ:CEN23_POP_006(1.0),"Ethnicity (grouped total responses level 1), age, and sex at birth for the census usually resident population count, (RC, TALB, SA2, Health), 2013, 2018, and 2023 Censuses",I,2023,2023,201,Lakes,999,Total - ethnicity,04,15-19 years,22,,3540,,,
DATAFLOW,STATSNZ:CEN23_POP_006(1.0),"Ethnicity (grouped total responses level 1), age, and sex at birth for the census usually resident population count, (RC, TALB, SA2, Health), 2013, 2018, and 2023 Censuses",I,2023,2023,201,Lakes,999,Total - ethnicity,05,20-24 years,11,,3219,,,
DATAFLOW,STATSNZ:CEN23_POP_006(1.0),"Ethnicity (grouped total responses level 1), age, and sex at birth for the census usually resident population count, (RC, TALB, SA2, Health), 2013, 2018, and 2023 Censuses",I,2023,2023,201,Lakes,999,Total - ethnicity,05,20-24 years,22,,2829,,,
DATAFLOW,STATSNZ:CEN23_POP_006(1.0),"Ethnicity (grouped total responses level 1), age, and sex at birth for the census usually resident population count, (RC, TALB, SA2, Health), 2013, 2018, and 2023 Censuses",I,2023,2023,201,Lakes,999,Total - ethnicity,06,25-29 years,11,,3543,,,
DATAFLOW,STATSNZ:CEN23_POP_006(1.0),"Ethnicity (grouped total responses level 1), age, and sex at birth for the census usually resident population count, (RC, TALB, SA2, Health), 2013, 2018, and 2023 Censuses",I,2023,2023,201,Lakes,999,Total - ethnicity,06,25-29 years,22,,3474,,,
DATAFLOW,STATSNZ:CEN23_POP_006(1.0),"Ethnicity (grouped total responses level 1), age, and sex at birth for the census usually resident population count, (RC, TALB, SA2, Health), 2013, 2018, and 2023 Censuses",I,2023,2023,201,Lakes,999,Total - ethnicity,07,30-34 years,11,,3864,,,
DATAFLOW,STATSNZ:CEN23_POP_006(1.0),"Ethnicity (grouped total responses level 1), age, and sex at birth for the census usually resident population count, (RC, TALB, SA2, Health), 2013, 2018, and 2023 Censuses",I,2023,2023,201,Lakes,999,Total - ethnicity,07,30-34 years,22,,3975,,,
DATAFLOW,STATSNZ:CEN23_POP_006(1.0),"Ethnicity (grouped total responses level 1), age, and sex at birth for the census usually resident population count, (RC, TALB, SA2, Health), 2013, 2018, and 2023 Censuses",I,2023,2023,201,Lakes,999,Total - ethnicity,08,35-39 years,11,,3516,,,
DATAFLOW,STATSNZ:CEN23_POP_006(1.0),"Ethnicity (grouped total responses level 1), age, and sex at birth for the census usually resident population count, (RC, TALB, SA2, Health), 2013, 2018, and 2023 Censuses",I,2023,2023,201,Lakes,999,Total - ethnicity,08,35-39 years,22,,3759,,,
DATAFLOW,STATSNZ:CEN23_POP_006(1.0),"Ethnicity (grouped total responses level 1), age, and sex at birth for the census usually resident population count, (RC, TALB, SA2, Health), 2013, 2018, and 2023 Censuses",I,2023,2023,201,Lakes,999,Total - ethnicity,09,40-44 years,11,,3228,,,
DATAFLOW,STATSNZ:CEN23_POP_006(1.0),"Ethnicity (grouped total responses level 1), age, and sex at birth for the census usually resident population count, (RC, TALB, SA2, Health), 2013, 2018, and 2023 Censuses",I,2023,2023,201,Lakes,999,Total - ethnicity,09,40-44 years,22,,3384,,,
DATAFLOW,STATSNZ:CEN23_POP_006(1.0),"Ethnicity (grouped total responses level 1), age, and sex at birth for the census usually resident population count, (RC, TALB, SA2, Health), 2013, 2018, and 2023 Censuses",I,2023,2023,201,Lakes,999,Total - ethnicity,10,45-49 years,11,,3249,,,
DATAFLOW,STATSNZ:CEN23_POP_006(1.0),"Ethnicity (grouped total responses level 1), age, and sex at birth for the census usually resident population count, (RC, TALB, SA2, Health), 2013, 2018, and 2023 Censuses",I,2023,2023,201,Lakes,999,Total - ethnicity,10,45-49 years,22,,3480,,,
DATAFLOW,STATSNZ:CEN23_POP_006(1.0),"Ethnicity (grouped total responses level 1), age, and sex at birth for the census usually resident population count, (RC, TALB, SA2, Health), 2013, 2018, and 2023 Censuses",I,2023,2023,201,Lakes,999,Total - ethnicity,11,50-54 years,11,,3639,,,
DATAFLOW,STATSNZ:CEN23_POP_006(1.0),"Ethnicity (grouped total responses level 1), age, and sex at birth for the census usually resident population count, (RC, TALB, SA2, Health), 2013, 2018, and 2023 Censuses",I,2023,2023,201,Lakes,999,Total - ethnicity,11,50-54 years,22,,3810,,,
DATAFLOW,STATSNZ:CEN23_POP_006(1.0),"Ethnicity (grouped total responses level 1), age, and sex at birth for the census usually resident population count, (RC, TALB, SA2, Health), 2013, 2018, and 2023 Censuses",I,2023,2023,201,Lakes,999,Total - ethnicity,12,55-59 years,11,,3432,,,
DATAFLOW,STATSNZ:CEN23_POP_006(1.0),"Ethnicity (grouped total responses level 1), age, and sex at birth for the census usually resident population count, (RC, TALB, SA2, Health), 2013, 2018, and 2023 Censuses",I,2023,2023,201,Lakes,999,Total - ethnicity,12,55-59 years,22,,3777,,,
DATAFLOW,STATSNZ:CEN23_POP_006(1.0),"Ethnicity (grouped total responses level 1), age, and sex at birth for the census usually resident population count, (RC, TALB, SA2, Health), 2013, 2018, and 2023 Censuses",I,2023,2023,201,Lakes,999,Total - ethnicity,13,60-64 years,11,,3522,,,
DATAFLOW,STATSNZ:CEN23_POP_006(1.0),"Ethnicity (grouped total responses level 1), age, and sex at birth for the census usually resident population count, (RC, TALB, SA2, Health), 2013, 2018, and 2023 Censuses",I,2023,2023,201,Lakes,999,Total - ethnicity,13,60-64 years,22,,3771,,,
DATAFLOW,STATSNZ:CEN23_POP_006(1.0),"Ethnicity (grouped total responses level 1), age, and sex at birth for the census usually resident population count, (RC, TALB, SA2, Health), 2013, 2018, and 2023 Censuses",I,2023,2023,201,Lakes,999,Total - ethnicity,4,65 years and over,11,,9351,,,
DATAFLOW,STATSNZ:CEN23_POP_006(1.0),"Ethnicity (grouped total responses level 1), age, and sex at birth for the census usually resident population count, (RC, TALB, SA2, Health), 2013, 2018, and 2023 Censuses",I,2023,2023,201,Lakes,999,Total - ethnicity,4,65 years and over,22,,10533,,,
DATAFLOW,STATSNZ:CEN23_POP_006(1.0),"Ethnicity (grouped total responses level 1), age, and sex at birth for the census usually resident population count, (RC, TALB, SA2, Health), 2013, 2018, and 2023 Censuses",I,2023,2023,202,Bay of Plenty,999,Total - ethnicity,04,15-19 years,11,,8226,,,
DATAFLOW,STATSNZ:CEN23_POP_006(1.0),"Ethnicity (grouped total responses level 1), age, and sex at birth for the census usually resident population count, (RC, TALB, SA2, Health), 2013, 2018, and 2023 Censuses",I,2023,2023,202,Bay of Plenty,999,Total - ethnicity,04,15-19 years,22,,7629,,,
DATAFLOW,STATSNZ:CEN23_POP_006(1.0),"Ethnicity (grouped total responses level 1), age, and sex at birth for the census usually resident population count, (RC, TALB, SA2, Health), 2013, 2018, and 2023 Censuses",I,2023,2023,202,Bay of Plenty,999,Total - ethnicity,05,20-24 years,11,,6999,,,
DATAFLOW,STATSNZ:CEN23_POP_006(1.0),"Ethnicity (grouped total responses level 1), age, and sex at birth for the census usually resident population count, (RC, TALB, SA2, Health), 2013, 2018, and 2023 Censuses",I,2023,2023,202,Bay of Plenty,999,Total - ethnicity,05,20-24 years,22,,6156,,,
DATAFLOW,STATSNZ:CEN23_POP_006(1.0),"Ethnicity (grouped total responses level 1), age, and sex at birth for the census usually resident population count, (RC, TALB, SA2, Health), 2013, 2018, and 2023 Censuses",I,2023,2023,202,Bay of Plenty,999,Total - ethnicity,06,25-29 years,11,,7701,,,
DATAFLOW,STATSNZ:CEN23_POP_006(1.0),"Ethnicity (grouped total responses level 1), age, and sex at birth for the census usually resident population count, (RC, TALB, SA2, Health), 2013, 2018, and 2023 Censuses",I,2023,2023,202,Bay of Plenty,999,Total - ethnicity,06,25-29 years,22,,7524,,,
DATAFLOW,STATSNZ:CEN23_POP_006(1.0),"Ethnicity (grouped total responses level 1), age, and sex at birth for the census usually resident population count, (RC, TALB, SA2, Health), 2013, 2018, and 2023 Censuses",I,2023,2023,202,Bay of Plenty,999,Total - ethnicity,07,30-34 years,11,,8802,,,
DATAFLOW,STATSNZ:CEN23_POP_006(1.0),"Ethnicity (grouped total responses level 1), age, and sex at birth for the census usually resident population count, (RC, TALB, SA2, Health), 2013, 2018, and 2023 Censuses",I,2023,2023,202,Bay of Plenty,999,Total - ethnicity,07,30-34 years,22,,9162,,,
DATAFLOW,STATSNZ:CEN23_POP_006(1.0),"Ethnicity (grouped total responses level 1), age, and sex at birth for the census usually resident population count, (RC, TALB, SA2, Health), 2013, 2018, and 2023 Censuses",I,2023,2023,202,Bay of Plenty,999,Total - ethnicity,08,35-39 years,11,,8079,,,
DATAFLOW,STATSNZ:CEN23_POP_006(1.0),"Ethnicity (grouped total responses level 1), age, and sex at birth for the census usually resident population count, (RC, TALB, SA2, Health), 2013, 2018, and 2023 Censuses",I,2023,2023,202,Bay of Plenty,999,Total - ethnicity,08,35-39 years,22,,8664,,,
DATAFLOW,STATSNZ:CEN23_POP_006(1.0),"Ethnicity (grouped total responses level 1), age, and sex at birth for the census usually resident population count, (RC, TALB, SA2, Health), 2013, 2018, and 2023 Censuses",I,2023,2023,202,Bay of Plenty,999,Total - ethnicity,09,40-44 years,11,,7443,,,
DATAFLOW,STATSNZ:CEN23_POP_006(1.0),"Ethnicity (grouped total responses level 1), age, and sex at birth for the census usually resident population count, (RC, TALB, SA2, Health), 2013, 2018, and 2023 Censuses",I,2023,2023,202,Bay of Plenty,999,Total - ethnicity,09,40-44 years,22,,7938,,,
DATAFLOW,STATSNZ:CEN23_POP_006(1.0),"Ethnicity (grouped total responses level 1), age, and sex at birth for the census usually resident population count, (RC, TALB, SA2, Health), 2013, 2018, and 2023 Censuses",I,2023,2023,202,Bay of Plenty,999,Total - ethnicity,10,45-49 years,11,,7440,,,
DATAFLOW,STATSNZ:CEN23_POP_006(1.0),"Ethnicity (grouped total responses level 1), age, and sex at birth for the census usually resident population count, (RC, TALB, SA2, Health), 2013, 2018, and 2023 Censuses",I,2023,2023,202,Bay of Plenty,999,Total - ethnicity,10,45-49 years,22,,8022,,,
DATAFLOW,STATSNZ:CEN23_POP_006(1.0),"Ethnicity (grouped total responses level 1), age, and sex at birth for the census usually resident population count, (RC, TALB, SA2, Health), 2013, 2018, and 2023 Censuses",I,2023,2023,202,Bay of Plenty,999,Total - ethnicity,11,50-54 years,11,,7932,,,
DATAFLOW,STATSNZ:CEN23_POP_006(1.0),"Ethnicity (grouped total responses level 1), age, and sex at birth for the census usually resident population count, (RC, TALB, SA2, Health), 2013, 2018, and 2023 Censuses",I,2023,2023,202,Bay of Plenty,999,Total - ethnicity,11,50-54 years,22,,8706,,,
DATAFLOW,STATSNZ:CEN23_POP_006(1.0),"Ethnicity (grouped total responses level 1), age, and sex at birth for the census usually resident population count, (RC, TALB, SA2, Health), 2013, 2018, and 2023 Censuses",I,2023,2023,202,Bay of Plenty,999,Total - ethnicity,12,55-59 years,11,,7485,,,
DATAFLOW,STATSNZ:CEN23_POP_006(1.0),"Ethnicity (grouped total responses level 1), age, and sex at birth for the census usually resident population count, (RC, TALB, SA2, Health), 2013, 2018, and 2023 Censuses",I,2023,2023,202,Bay of Plenty,999,Total - ethnicity,12,55-59 years,22,,8304,,,
DATAFLOW,STATSNZ:CEN23_POP_006(1.0),"Ethnicity (grouped total responses level 1), age, and sex at birth for the census usually resident population count, (RC, TALB, SA2, Health), 2013, 2018, and 2023 Censuses",I,2023,2023,202,Bay of Plenty,999,Total - ethnicity,13,60-64 years,11,,7821,,,
DATAFLOW,STATSNZ:CEN23_POP_006(1.0),"Ethnicity (grouped total responses level 1), age, and sex at birth for the census usually resident population count, (RC, TALB, SA2, Health), 2013, 2018, and 2023 Censuses",I,2023,2023,202,Bay of Plenty,999,Total - ethnicity,13,60-64 years,22,,8760,,,
DATAFLOW,STATSNZ:CEN23_POP_006(1.0),"Ethnicity (grouped total responses level 1), age, and sex at birth for the census usually resident population count, (RC, TALB, SA2, Health), 2013, 2018, and 2023 Censuses",I,2023,2023,202,Bay of Plenty,999,Total - ethnicity,4,65 years and over,11,,24786,,,
DATAFLOW,STATSNZ:CEN23_POP_006(1.0),"Ethnicity (grouped total responses level 1), age, and sex at birth for the census usually resident population count, (RC, TALB, SA2, Health), 2013, 2018, and 2023 Censuses",I,2023,2023,202,Bay of Plenty,999,Total - ethnicity,4,65 years and over,22,,28974,,,
DATAFLOW,STATSNZ:CEN23_POP_006(1.0),"Ethnicity (grouped total responses level 1), age, and sex at birth for the census usually resident population count, (RC, TALB, SA2, Health), 2013, 2018, and 2023 Censuses",I,2023,2023,203,Tairāwhiti,999,Total - ethnicity,04,15-19 years,11,,1908,,,
DATAFLOW,STATSNZ:CEN23_POP_006(1.0),"Ethnicity (grouped total responses level 1), age, and sex at birth for the census usually resident population count, (RC, TALB, SA2, Health), 2013, 2018, and 2023 Censuses",I,2023,2023,203,Tairāwhiti,999,Total - ethnicity,04,15-19 years,22,,1689,,,
DATAFLOW,STATSNZ:CEN23_POP_006(1.0),"Ethnicity (grouped total responses level 1), age, and sex at birth for the census usually resident population count, (RC, TALB, SA2, Health), 2013, 2018, and 2023 Censuses",I,2023,2023,203,Tairāwhiti,999,Total - ethnicity,05,20-24 years,11,,1521,,,
DATAFLOW,STATSNZ:CEN23_POP_006(1.0),"Ethnicity (grouped total responses level 1), age, and sex at birth for the census usually resident population count, (RC, TALB, SA2, Health), 2013, 2018, and 2023 Censuses",I,2023,2023,203,Tairāwhiti,999,Total - ethnicity,05,20-24 years,22,,1353,,,
DATAFLOW,STATSNZ:CEN23_POP_006(1.0),"Ethnicity (grouped total responses level 1), age, and sex at birth for the census usually resident population count, (RC, TALB, SA2, Health), 2013, 2018, and 2023 Censuses",I,2023,2023,203,Tairāwhiti,999,Total - ethnicity,06,25-29 years,11,,1581,,,
DATAFLOW,STATSNZ:CEN23_POP_006(1.0),"Ethnicity (grouped total responses level 1), age, and sex at birth for the census usually resident population count, (RC, TALB, SA2, Health), 2013, 2018, and 2023 Censuses",I,2023,2023,203,Tairāwhiti,999,Total - ethnicity,06,25-29 years,22,,1572,,,
DATAFLOW,STATSNZ:CEN23_POP_006(1.0),"Ethnicity (grouped total responses level 1), age, and sex at birth for the census usually resident population count, (RC, TALB, SA2, Health), 2013, 2018, and 2023 Censuses",I,2023,2023,203,Tairāwhiti,999,Total - ethnicity,07,30-34 years,11,,1725,,,
DATAFLOW,STATSNZ:CEN23_POP_006(1.0),"Ethnicity (grouped total responses level 1), age, and sex at birth for the census usually resident population count, (RC, TALB, SA2, Health), 2013, 2018, and 2023 Censuses",I,2023,2023,203,Tairāwhiti,999,Total - ethnicity,07,30-34 years,22,,1695,,,
DATAFLOW,STATSNZ:CEN23_POP_006(1.0),"Ethnicity (grouped total responses level 1), age, and sex at birth for the census usually resident population count, (RC, TALB, SA2, Health), 2013, 2018, and 2023 Censuses",I,2023,2023,203,Tairāwhiti,999,Total - ethnicity,08,35-39 years,11,,1518,,,
DATAFLOW,STATSNZ:CEN23_POP_006(1.0),"Ethnicity (grouped total responses level 1), age, and sex at birth for the census usually resident population count, (RC, TALB, SA2, Health), 2013, 2018, and 2023 Censuses",I,2023,2023,203,Tairāwhiti,999,Total - ethnicity,08,35-39 years,22,,1635,,,
DATAFLOW,STATSNZ:CEN23_POP_006(1.0),"Ethnicity (grouped total responses level 1), age, and sex at birth for the census usually resident population count, (RC, TALB, SA2, Health), 2013, 2018, and 2023 Censuses",I,2023,2023,203,Tairāwhiti,999,Total - ethnicity,09,40-44 years,11,,1374,,,
DATAFLOW,STATSNZ:CEN23_POP_006(1.0),"Ethnicity (grouped total responses level 1), age, and sex at birth for the census usually resident population count, (RC, TALB, SA2, Health), 2013, 2018, and 2023 Censuses",I,2023,2023,203,Tairāwhiti,999,Total - ethnicity,09,40-44 years,22,,1482,,,
DATAFLOW,STATSNZ:CEN23_POP_006(1.0),"Ethnicity (grouped total responses level 1), age, and sex at birth for the census usually resident population count, (RC, TALB, SA2, Health), 2013, 2018, and 2023 Censuses",I,2023,2023,203,Tairāwhiti,999,Total - ethnicity,10,45-49 years,11,,1485,,,
DATAFLOW,STATSNZ:CEN23_POP_006(1.0),"Ethnicity (grouped total responses level 1), age, and sex at birth for the census usually resident population count, (RC, TALB, SA2, Health), 2013, 2018, and 2023 Censuses",I,2023,2023,203,Tairāwhiti,999,Total - ethnicity,10,45-49 years,22,,1431,,,
DATAFLOW,STATSNZ:CEN23_POP_006(1.0),"Ethnicity (grouped total responses level 1), age, and sex at birth for the census usually resident population count, (RC, TALB, SA2, Health), 2013, 2018, and 2023 Censuses",I,2023,2023,203,Tairāwhiti,999,Total - ethnicity,11,50-54 years,11,,1476,,,
DATAFLOW,STATSNZ:CEN23_POP_006(1.0),"Ethnicity (grouped total responses level 1), age, and sex at birth for the census usually resident population count, (RC, TALB, SA2, Health), 2013, 2018, and 2023 Censuses",I,2023,2023,203,Tairāwhiti,999,Total - ethnicity,11,50-54 years,22,,1617,,,
DATAFLOW,STATSNZ:CEN23_POP_006(1.0),"Ethnicity (grouped total responses level 1), age, and sex at birth for the census usually resident population count, (RC, TALB, SA2, Health), 2013, 2018, and 2023 Censuses",I,2023,2023,203,Tairāwhiti,999,Total - ethnicity,12,55-59 years,11,,1452,,,
DATAFLOW,STATSNZ:CEN23_POP_006(1.0),"Ethnicity (grouped total responses level 1), age, and sex at birth for the census usually resident population count, (RC, TALB, SA2, Health), 2013, 2018, and 2023 Censuses",I,2023,2023,203,Tairāwhiti,999,Total - ethnicity,12,55-59 years,22,,1581,,,
DATAFLOW,STATSNZ:CEN23_POP_006(1.0),"Ethnicity (grouped total responses level 1), age, and sex at birth for the census usually resident population count, (RC, TALB, SA2, Health), 2013, 2018, and 2023 Censuses",I,2023,2023,203,Tairāwhiti,999,Total - ethnicity,13,60-64 years,11,,1491,,,
DATAFLOW,STATSNZ:CEN23_POP_006(1.0),"Ethnicity (grouped total responses level 1), age, and sex at birth for the census usually resident population count, (RC, TALB, SA2, Health), 2013, 2018, and 2023 Censuses",I,2023,2023,203,Tairāwhiti,999,Total - ethnicity,13,60-64 years,22,,1683,,,
DATAFLOW,STATSNZ:CEN23_POP_006(1.0),"Ethnicity (grouped total responses level 1), age, and sex at birth for the census usually resident population count, (RC, TALB, SA2, Health), 2013, 2018, and 2023 Censuses",I,2023,2023,203,Tairāwhiti,999,Total - ethnicity,4,65 years and over,11,,4020,,,
DATAFLOW,STATSNZ:CEN23_POP_006(1.0),"Ethnicity (grouped total responses level 1), age, and sex at birth for the census usually resident population count, (RC, TALB, SA2, Health), 2013, 2018, and 2023 Censuses",I,2023,2023,203,Tairāwhiti,999,Total - ethnicity,4,65 years and over,22,,4458,,,
DATAFLOW,STATSNZ:CEN23_POP_006(1.0),"Ethnicity (grouped total responses level 1), age, and sex at birth for the census usually resident population count, (RC, TALB, SA2, Health), 2013, 2018, and 2023 Censuses",I,2023,2023,204,Taranaki,999,Total - ethnicity,04,15-19 years,11,,4032,,,
DATAFLOW,STATSNZ:CEN23_POP_006(1.0),"Ethnicity (grouped total responses level 1), age, and sex at birth for the census usually resident population count, (RC, TALB, SA2, Health), 2013, 2018, and 2023 Censuses",I,2023,2023,204,Taranaki,999,Total - ethnicity,04,15-19 years,22,,3636,,,
DATAFLOW,STATSNZ:CEN23_POP_006(1.0),"Ethnicity (grouped total responses level 1), age, and sex at birth for the census usually resident population count, (RC, TALB, SA2, Health), 2013, 2018, and 2023 Censuses",I,2023,2023,204,Taranaki,999,Total - ethnicity,05,20-24 years,11,,3306,,,
DATAFLOW,STATSNZ:CEN23_POP_006(1.0),"Ethnicity (grouped total responses level 1), age, and sex at birth for the census usually resident population count, (RC, TALB, SA2, Health), 2013, 2018, and 2023 Censuses",I,2023,2023,204,Taranaki,999,Total - ethnicity,05,20-24 years,22,,2895,,,
DATAFLOW,STATSNZ:CEN23_POP_006(1.0),"Ethnicity (grouped total responses level 1), age, and sex at birth for the census usually resident population count, (RC, TALB, SA2, Health), 2013, 2018, and 2023 Censuses",I,2023,2023,204,Taranaki,999,Total - ethnicity,06,25-29 years,11,,3459,,,
DATAFLOW,STATSNZ:CEN23_POP_006(1.0),"Ethnicity (grouped total responses level 1), age, and sex at birth for the census usually resident population count, (RC, TALB, SA2, Health), 2013, 2018, and 2023 Censuses",I,2023,2023,204,Taranaki,999,Total - ethnicity,06,25-29 years,22,,3312,,,
DATAFLOW,STATSNZ:CEN23_POP_006(1.0),"Ethnicity (grouped total responses level 1), age, and sex at birth for the census usually resident population count, (RC, TALB, SA2, Health), 2013, 2018, and 2023 Censuses",I,2023,2023,204,Taranaki,999,Total - ethnicity,07,30-34 years,11,,3987,,,
DATAFLOW,STATSNZ:CEN23_POP_006(1.0),"Ethnicity (grouped total responses level 1), age, and sex at birth for the census usually resident population count, (RC, TALB, SA2, Health), 2013, 2018, and 2023 Censuses",I,2023,2023,204,Taranaki,999,Total - ethnicity,07,30-34 years,22,,4158,,,
DATAFLOW,STATSNZ:CEN23_POP_006(1.0),"Ethnicity (grouped total responses level 1), age, and sex at birth for the census usually resident population count, (RC, TALB, SA2, Health), 2013, 2018, and 2023 Censuses",I,2023,2023,204,Taranaki,999,Total - ethnicity,08,35-39 years,11,,3963,,,
DATAFLOW,STATSNZ:CEN23_POP_006(1.0),"Ethnicity (grouped total responses level 1), age, and sex at birth for the census usually resident population count, (RC, TALB, SA2, Health), 2013, 2018, and 2023 Censuses",I,2023,2023,204,Taranaki,999,Total - ethnicity,08,35-39 years,22,,4194,,,
DATAFLOW,STATSNZ:CEN23_POP_006(1.0),"Ethnicity (grouped total responses level 1), age, and sex at birth for the census usually resident population count, (RC, TALB, SA2, Health), 2013, 2018, and 2023 Censuses",I,2023,2023,204,Taranaki,999,Total - ethnicity,09,40-44 years,11,,3807,,,
DATAFLOW,STATSNZ:CEN23_POP_006(1.0),"Ethnicity (grouped total responses level 1), age, and sex at birth for the census usually resident population count, (RC, TALB, SA2, Health), 2013, 2018, and 2023 Censuses",I,2023,2023,204,Taranaki,999,Total - ethnicity,09,40-44 years,22,,3822,,,
DATAFLOW,STATSNZ:CEN23_POP_006(1.0),"Ethnicity (grouped total responses level 1), age, and sex at birth for the census usually resident population count, (RC, TALB, SA2, Health), 2013, 2018, and 2023 Censuses",I,2023,2023,204,Taranaki,999,Total - ethnicity,10,45-49 years,11,,3720,,,
DATAFLOW,STATSNZ:CEN23_POP_006(1.0),"Ethnicity (grouped total responses level 1), age, and sex at birth for the census usually resident population count, (RC, TALB, SA2, Health), 2013, 2018, and 2023 Censuses",I,2023,2023,204,Taranaki,999,Total - ethnicity,10,45-49 years,22,,3963,,,
DATAFLOW,STATSNZ:CEN23_POP_006(1.0),"Ethnicity (grouped total responses level 1), age, and sex at birth for the census usually resident population count, (RC, TALB, SA2, Health), 2013, 2018, and 2023 Censuses",I,2023,2023,204,Taranaki,999,Total - ethnicity,11,50-54 years,11,,4014,,,
DATAFLOW,STATSNZ:CEN23_POP_006(1.0),"Ethnicity (grouped total responses level 1), age, and sex at birth for the census usually resident population count, (RC, TALB, SA2, Health), 2013, 2018, and 2023 Censuses",I,2023,2023,204,Taranaki,999,Total - ethnicity,11,50-54 years,22,,4260,,,
DATAFLOW,STATSNZ:CEN23_POP_006(1.0),"Ethnicity (grouped total responses level 1), age, and sex at birth for the census usually resident population count, (RC, TALB, SA2, Health), 2013, 2018, and 2023 Censuses",I,2023,2023,204,Taranaki,999,Total - ethnicity,12,55-59 years,11,,3774,,,
DATAFLOW,STATSNZ:CEN23_POP_006(1.0),"Ethnicity (grouped total responses level 1), age, and sex at birth for the census usually resident population count, (RC, TALB, SA2, Health), 2013, 2018, and 2023 Censuses",I,2023,2023,204,Taranaki,999,Total - ethnicity,12,55-59 years,22,,4029,,,
DATAFLOW,STATSNZ:CEN23_POP_006(1.0),"Ethnicity (grouped total responses level 1), age, and sex at birth for the census usually resident population count, (RC, TALB, SA2, Health), 2013, 2018, and 2023 Censuses",I,2023,2023,204,Taranaki,999,Total - ethnicity,13,60-64 years,11,,3993,,,
DATAFLOW,STATSNZ:CEN23_POP_006(1.0),"Ethnicity (grouped total responses level 1), age, and sex at birth for the census usually resident population count, (RC, TALB, SA2, Health), 2013, 2018, and 2023 Censuses",I,2023,2023,204,Taranaki,999,Total - ethnicity,13,60-64 years,22,,4320,,,
DATAFLOW,STATSNZ:CEN23_POP_006(1.0),"Ethnicity (grouped total responses level 1), age, and sex at birth for the census usually resident population count, (RC, TALB, SA2, Health), 2013, 2018, and 2023 Censuses",I,2023,2023,204,Taranaki,999,Total - ethnicity,4,65 years and over,11,,11358,,,
DATAFLOW,STATSNZ:CEN23_POP_006(1.0),"Ethnicity (grouped total responses level 1), age, and sex at birth for the census usually resident population count, (RC, TALB, SA2, Health), 2013, 2018, and 2023 Censuses",I,2023,2023,204,Taranaki,999,Total - ethnicity,4,65 years and over,22,,12705,,,
DATAFLOW,STATSNZ:CEN23_POP_006(1.0),"Ethnicity (grouped total responses level 1), age, and sex at birth for the census usually resident population count, (RC, TALB, SA2, Health), 2013, 2018, and 2023 Censuses",I,2023,2023,300,Hawke's Bay,999,Total - ethnicity,04,15-19 years,11,,5730,,,
DATAFLOW,STATSNZ:CEN23_POP_006(1.0),"Ethnicity (grouped total responses level 1), age, and sex at birth for the census usually resident population count, (RC, TALB, SA2, Health), 2013, 2018, and 2023 Censuses",I,2023,2023,300,Hawke's Bay,999,Total - ethnicity,04,15-19 years,22,,5409,,,
DATAFLOW,STATSNZ:CEN23_POP_006(1.0),"Ethnicity (grouped total responses level 1), age, and sex at birth for the census usually resident population count, (RC, TALB, SA2, Health), 2013, 2018, and 2023 Censuses",I,2023,2023,300,Hawke's Bay,999,Total - ethnicity,05,20-24 years,11,,4740,,,
DATAFLOW,STATSNZ:CEN23_POP_006(1.0),"Ethnicity (grouped total responses level 1), age, and sex at birth for the census usually resident population count, (RC, TALB, SA2, Health), 2013, 2018, and 2023 Censuses",I,2023,2023,300,Hawke's Bay,999,Total - ethnicity,05,20-24 years,22,,4200,,,
DATAFLOW,STATSNZ:CEN23_POP_006(1.0),"Ethnicity (grouped total responses level 1), age, and sex at birth for the census usually resident population count, (RC, TALB, SA2, Health), 2013, 2018, and 2023 Censuses",I,2023,2023,300,Hawke's Bay,999,Total - ethnicity,06,25-29 years,11,,5235,,,
DATAFLOW,STATSNZ:CEN23_POP_006(1.0),"Ethnicity (grouped total responses level 1), age, and sex at birth for the census usually resident population count, (RC, TALB, SA2, Health), 2013, 2018, and 2023 Censuses",I,2023,2023,300,Hawke's Bay,999,Total - ethnicity,06,25-29 years,22,,4905,,,
DATAFLOW,STATSNZ:CEN23_POP_006(1.0),"Ethnicity (grouped total responses level 1), age, and sex at birth for the census usually resident population count, (RC, TALB, SA2, Health), 2013, 2018, and 2023 Censuses",I,2023,2023,300,Hawke's Bay,999,Total - ethnicity,07,30-34 years,11,,5637,,,
DATAFLOW,STATSNZ:CEN23_POP_006(1.0),"Ethnicity (grouped total responses level 1), age, and sex at birth for the census usually resident population count, (RC, TALB, SA2, Health), 2013, 2018, and 2023 Censuses",I,2023,2023,300,Hawke's Bay,999,Total - ethnicity,07,30-34 years,22,,5856,,,
DATAFLOW,STATSNZ:CEN23_POP_006(1.0),"Ethnicity (grouped total responses level 1), age, and sex at birth for the census usually resident population count, (RC, TALB, SA2, Health), 2013, 2018, and 2023 Censuses",I,2023,2023,300,Hawke's Bay,999,Total - ethnicity,08,35-39 years,11,,5214,,,
DATAFLOW,STATSNZ:CEN23_POP_006(1.0),"Ethnicity (grouped total responses level 1), age, and sex at birth for the census usually resident population count, (RC, TALB, SA2, Health), 2013, 2018, and 2023 Censuses",I,2023,2023,300,Hawke's Bay,999,Total - ethnicity,08,35-39 years,22,,5160,,,
DATAFLOW,STATSNZ:CEN23_POP_006(1.0),"Ethnicity (grouped total responses level 1), age, and sex at birth for the census usually resident population count, (RC, TALB, SA2, Health), 2013, 2018, and 2023 Censuses",I,2023,2023,300,Hawke's Bay,999,Total - ethnicity,09,40-44 years,11,,4824,,,
DATAFLOW,STATSNZ:CEN23_POP_006(1.0),"Ethnicity (grouped total responses level 1), age, and sex at birth for the census usually resident population count, (RC, TALB, SA2, Health), 2013, 2018, and 2023 Censuses",I,2023,2023,300,Hawke's Bay,999,Total - ethnicity,09,40-44 years,22,,5058,,,
DATAFLOW,STATSNZ:CEN23_POP_006(1.0),"Ethnicity (grouped total responses level 1), age, and sex at birth for the census usually resident population count, (RC, TALB, SA2, Health), 2013, 2018, and 2023 Censuses",I,2023,2023,300,Hawke's Bay,999,Total - ethnicity,10,45-49 years,11,,5025,,,
DATAFLOW,STATSNZ:CEN23_POP_006(1.0),"Ethnicity (grouped total responses level 1), age, and sex at birth for the census usually resident population count, (RC, TALB, SA2, Health), 2013, 2018, and 2023 Censuses",I,2023,2023,300,Hawke's Bay,999,Total - ethnicity,10,45-49 years,22,,5406,,,
DATAFLOW,STATSNZ:CEN23_POP_006(1.0),"Ethnicity (grouped total responses level 1), age, and sex at birth for the census usually resident population count, (RC, TALB, SA2, Health), 2013, 2018, and 2023 Censuses",I,2023,2023,300,Hawke's Bay,999,Total - ethnicity,11,50-54 years,11,,5496,,,
DATAFLOW,STATSNZ:CEN23_POP_006(1.0),"Ethnicity (grouped total responses level 1), age, and sex at birth for the census usually resident population count, (RC, TALB, SA2, Health), 2013, 2018, and 2023 Censuses",I,2023,2023,300,Hawke's Bay,999,Total - ethnicity,11,50-54 years,22,,6030,,,
DATAFLOW,STATSNZ:CEN23_POP_006(1.0),"Ethnicity (grouped total responses level 1), age, and sex at birth for the census usually resident population count, (RC, TALB, SA2, Health), 2013, 2018, and 2023 Censuses",I,2023,2023,300,Hawke's Bay,999,Total - ethnicity,12,55-59 years,11,,5271,,,
DATAFLOW,STATSNZ:CEN23_POP_006(1.0),"Ethnicity (grouped total responses level 1), age, and sex at birth for the census usually resident population count, (RC, TALB, SA2, Health), 2013, 2018, and 2023 Censuses",I,2023,2023,300,Hawke's Bay,999,Total - ethnicity,12,55-59 years,22,,5784,,,
DATAFLOW,STATSNZ:CEN23_POP_006(1.0),"Ethnicity (grouped total responses level 1), age, and sex at birth for the census usually resident population count, (RC, TALB, SA2, Health), 2013, 2018, and 2023 Censuses",I,2023,2023,300,Hawke's Bay,999,Total - ethnicity,13,60-64 years,11,,5472,,,
DATAFLOW,STATSNZ:CEN23_POP_006(1.0),"Ethnicity (grouped total responses level 1), age, and sex at birth for the census usually resident population count, (RC, TALB, SA2, Health), 2013, 2018, and 2023 Censuses",I,2023,2023,300,Hawke's Bay,999,Total - ethnicity,13,60-64 years,22,,5982,,,
DATAFLOW,STATSNZ:CEN23_POP_006(1.0),"Ethnicity (grouped total responses level 1), age, and sex at birth for the census usually resident population count, (RC, TALB, SA2, Health), 2013, 2018, and 2023 Censuses",I,2023,2023,300,Hawke's Bay,999,Total - ethnicity,4,65 years and over,11,,15660,,,
DATAFLOW,STATSNZ:CEN23_POP_006(1.0),"Ethnicity (grouped total responses level 1), age, and sex at birth for the census usually resident population count, (RC, TALB, SA2, Health), 2013, 2018, and 2023 Censuses",I,2023,2023,300,Hawke's Bay,999,Total - ethnicity,4,65 years and over,22,,18252,,,
DATAFLOW,STATSNZ:CEN23_POP_006(1.0),"Ethnicity (grouped total responses level 1), age, and sex at birth for the census usually resident population count, (RC, TALB, SA2, Health), 2013, 2018, and 2023 Censuses",I,2023,2023,301,Whanganui,999,Total - ethnicity,04,15-19 years,11,,2127,,,
DATAFLOW,STATSNZ:CEN23_POP_006(1.0),"Ethnicity (grouped total responses level 1), age, and sex at birth for the census usually resident population count, (RC, TALB, SA2, Health), 2013, 2018, and 2023 Censuses",I,2023,2023,301,Whanganui,999,Total - ethnicity,04,15-19 years,22,,1947,,,
DATAFLOW,STATSNZ:CEN23_POP_006(1.0),"Ethnicity (grouped total responses level 1), age, and sex at birth for the census usually resident population count, (RC, TALB, SA2, Health), 2013, 2018, and 2023 Censuses",I,2023,2023,301,Whanganui,999,Total - ethnicity,05,20-24 years,11,,1815,,,
DATAFLOW,STATSNZ:CEN23_POP_006(1.0),"Ethnicity (grouped total responses level 1), age, and sex at birth for the census usually resident population count, (RC, TALB, SA2, Health), 2013, 2018, and 2023 Censuses",I,2023,2023,301,Whanganui,999,Total - ethnicity,05,20-24 years,22,,1581,,,
DATAFLOW,STATSNZ:CEN23_POP_006(1.0),"Ethnicity (grouped total responses level 1), age, and sex at birth for the census usually resident population count, (RC, TALB, SA2, Health), 2013, 2018, and 2023 Censuses",I,2023,2023,301,Whanganui,999,Total - ethnicity,06,25-29 years,11,,1938,,,
DATAFLOW,STATSNZ:CEN23_POP_006(1.0),"Ethnicity (grouped total responses level 1), age, and sex at birth for the census usually resident population count, (RC, TALB, SA2, Health), 2013, 2018, and 2023 Censuses",I,2023,2023,301,Whanganui,999,Total - ethnicity,06,25-29 years,22,,1881,,,
DATAFLOW,STATSNZ:CEN23_POP_006(1.0),"Ethnicity (grouped total responses level 1), age, and sex at birth for the census usually resident population count, (RC, TALB, SA2, Health), 2013, 2018, and 2023 Censuses",I,2023,2023,301,Whanganui,999,Total - ethnicity,07,30-34 years,11,,2181,,,
DATAFLOW,STATSNZ:CEN23_POP_006(1.0),"Ethnicity (grouped total responses level 1), age, and sex at birth for the census usually resident population count, (RC, TALB, SA2, Health), 2013, 2018, and 2023 Censuses",I,2023,2023,301,Whanganui,999,Total - ethnicity,07,30-34 years,22,,2160,,,
DATAFLOW,STATSNZ:CEN23_POP_006(1.0),"Ethnicity (grouped total responses level 1), age, and sex at birth for the census usually resident population count, (RC, TALB, SA2, Health), 2013, 2018, and 2023 Censuses",I,2023,2023,301,Whanganui,999,Total - ethnicity,08,35-39 years,11,,1935,,,
DATAFLOW,STATSNZ:CEN23_POP_006(1.0),"Ethnicity (grouped total responses level 1), age, and sex at birth for the census usually resident population count, (RC, TALB, SA2, Health), 2013, 2018, and 2023 Censuses",I,2023,2023,301,Whanganui,999,Total - ethnicity,08,35-39 years,22,,1959,,,
DATAFLOW,STATSNZ:CEN23_POP_006(1.0),"Ethnicity (grouped total responses level 1), age, and sex at birth for the census usually resident population count, (RC, TALB, SA2, Health), 2013, 2018, and 2023 Censuses",I,2023,2023,301,Whanganui,999,Total - ethnicity,09,40-44 years,11,,1746,,,
DATAFLOW,STATSNZ:CEN23_POP_006(1.0),"Ethnicity (grouped total responses level 1), age, and sex at birth for the census usually resident population count, (RC, TALB, SA2, Health), 2013, 2018, and 2023 Censuses",I,2023,2023,301,Whanganui,999,Total - ethnicity,09,40-44 years,22,,1752,,,
DATAFLOW,STATSNZ:CEN23_POP_006(1.0),"Ethnicity (grouped total responses level 1), age, and sex at birth for the census usually resident population count, (RC, TALB, SA2, Health), 2013, 2018, and 2023 Censuses",I,2023,2023,301,Whanganui,999,Total - ethnicity,10,45-49 years,11,,1830,,,
DATAFLOW,STATSNZ:CEN23_POP_006(1.0),"Ethnicity (grouped total responses level 1), age, and sex at birth for the census usually resident population count, (RC, TALB, SA2, Health), 2013, 2018, and 2023 Censuses",I,2023,2023,301,Whanganui,999,Total - ethnicity,10,45-49 years,22,,1917,,,
DATAFLOW,STATSNZ:CEN23_POP_006(1.0),"Ethnicity (grouped total responses level 1), age, and sex at birth for the census usually resident population count, (RC, TALB, SA2, Health), 2013, 2018, and 2023 Censuses",I,2023,2023,301,Whanganui,999,Total - ethnicity,11,50-54 years,11,,2061,,,
DATAFLOW,STATSNZ:CEN23_POP_006(1.0),"Ethnicity (grouped total responses level 1), age, and sex at birth for the census usually resident population count, (RC, TALB, SA2, Health), 2013, 2018, and 2023 Censuses",I,2023,2023,301,Whanganui,999,Total - ethnicity,11,50-54 years,22,,2244,,,
DATAFLOW,STATSNZ:CEN23_POP_006(1.0),"Ethnicity (grouped total responses level 1), age, and sex at birth for the census usually resident population count, (RC, TALB, SA2, Health), 2013, 2018, and 2023 Censuses",I,2023,2023,301,Whanganui,999,Total - ethnicity,12,55-59 years,11,,2112,,,
DATAFLOW,STATSNZ:CEN23_POP_006(1.0),"Ethnicity (grouped total responses level 1), age, and sex at birth for the census usually resident population count, (RC, TALB, SA2, Health), 2013, 2018, and 2023 Censuses",I,2023,2023,301,Whanganui,999,Total - ethnicity,12,55-59 years,22,,2388,,,
DATAFLOW,STATSNZ:CEN23_POP_006(1.0),"Ethnicity (grouped total responses level 1), age, and sex at birth for the census usually resident population count, (RC, TALB, SA2, Health), 2013, 2018, and 2023 Censuses",I,2023,2023,301,Whanganui,999,Total - ethnicity,13,60-64 years,11,,2346,,,
DATAFLOW,STATSNZ:CEN23_POP_006(1.0),"Ethnicity (grouped total responses level 1), age, and sex at birth for the census usually resident population count, (RC, TALB, SA2, Health), 2013, 2018, and 2023 Censuses",I,2023,2023,301,Whanganui,999,Total - ethnicity,13,60-64 years,22,,2502,,,
DATAFLOW,STATSNZ:CEN23_POP_006(1.0),"Ethnicity (grouped total responses level 1), age, and sex at birth for the census usually resident population count, (RC, TALB, SA2, Health), 2013, 2018, and 2023 Censuses",I,2023,2023,301,Whanganui,999,Total - ethnicity,4,65 years and over,11,,6723,,,
DATAFLOW,STATSNZ:CEN23_POP_006(1.0),"Ethnicity (grouped total responses level 1), age, and sex at birth for the census usually resident population count, (RC, TALB, SA2, Health), 2013, 2018, and 2023 Censuses",I,2023,2023,301,Whanganui,999,Total - ethnicity,4,65 years and over,22,,7656,,,
DATAFLOW,STATSNZ:CEN23_POP_006(1.0),"Ethnicity (grouped total responses level 1), age, and sex at birth for the census usually resident population count, (RC, TALB, SA2, Health), 2013, 2018, and 2023 Censuses",I,2023,2023,302,MidCentral,999,Total - ethnicity,04,15-19 years,11,,6057,,,
DATAFLOW,STATSNZ:CEN23_POP_006(1.0),"Ethnicity (grouped total responses level 1), age, and sex at birth for the census usually resident population count, (RC, TALB, SA2, Health), 2013, 2018, and 2023 Censuses",I,2023,2023,302,MidCentral,999,Total - ethnicity,04,15-19 years,22,,5793,,,
DATAFLOW,STATSNZ:CEN23_POP_006(1.0),"Ethnicity (grouped total responses level 1), age, and sex at birth for the census usually resident population count, (RC, TALB, SA2, Health), 2013, 2018, and 2023 Censuses",I,2023,2023,302,MidCentral,999,Total - ethnicity,05,20-24 years,11,,5769,,,
DATAFLOW,STATSNZ:CEN23_POP_006(1.0),"Ethnicity (grouped total responses level 1), age, and sex at birth for the census usually resident population count, (RC, TALB, SA2, Health), 2013, 2018, and 2023 Censuses",I,2023,2023,302,MidCentral,999,Total - ethnicity,05,20-24 years,22,,5616,,,
DATAFLOW,STATSNZ:CEN23_POP_006(1.0),"Ethnicity (grouped total responses level 1), age, and sex at birth for the census usually resident population count, (RC, TALB, SA2, Health), 2013, 2018, and 2023 Censuses",I,2023,2023,302,MidCentral,999,Total - ethnicity,06,25-29 years,11,,5937,,,
DATAFLOW,STATSNZ:CEN23_POP_006(1.0),"Ethnicity (grouped total responses level 1), age, and sex at birth for the census usually resident population count, (RC, TALB, SA2, Health), 2013, 2018, and 2023 Censuses",I,2023,2023,302,MidCentral,999,Total - ethnicity,06,25-29 years,22,,5787,,,
DATAFLOW,STATSNZ:CEN23_POP_006(1.0),"Ethnicity (grouped total responses level 1), age, and sex at birth for the census usually resident population count, (RC, TALB, SA2, Health), 2013, 2018, and 2023 Censuses",I,2023,2023,302,MidCentral,999,Total - ethnicity,07,30-34 years,11,,6027,,,
DATAFLOW,STATSNZ:CEN23_POP_006(1.0),"Ethnicity (grouped total responses level 1), age, and sex at birth for the census usually resident population count, (RC, TALB, SA2, Health), 2013, 2018, and 2023 Censuses",I,2023,2023,302,MidCentral,999,Total - ethnicity,07,30-34 years,22,,6273,,,
DATAFLOW,STATSNZ:CEN23_POP_006(1.0),"Ethnicity (grouped total responses level 1), age, and sex at birth for the census usually resident population count, (RC, TALB, SA2, Health), 2013, 2018, and 2023 Censuses",I,2023,2023,302,MidCentral,999,Total - ethnicity,08,35-39 years,11,,5520,,,
DATAFLOW,STATSNZ:CEN23_POP_006(1.0),"Ethnicity (grouped total responses level 1), age, and sex at birth for the census usually resident population count, (RC, TALB, SA2, Health), 2013, 2018, and 2023 Censuses",I,2023,2023,302,MidCentral,999,Total - ethnicity,08,35-39 years,22,,5730,,,
DATAFLOW,STATSNZ:CEN23_POP_006(1.0),"Ethnicity (grouped total responses level 1), age, and sex at birth for the census usually resident population count, (RC, TALB, SA2, Health), 2013, 2018, and 2023 Censuses",I,2023,2023,302,MidCentral,999,Total - ethnicity,09,40-44 years,11,,5073,,,
DATAFLOW,STATSNZ:CEN23_POP_006(1.0),"Ethnicity (grouped total responses level 1), age, and sex at birth for the census usually resident population count, (RC, TALB, SA2, Health), 2013, 2018, and 2023 Censuses",I,2023,2023,302,MidCentral,999,Total - ethnicity,09,40-44 years,22,,5277,,,
DATAFLOW,STATSNZ:CEN23_POP_006(1.0),"Ethnicity (grouped total responses level 1), age, and sex at birth for the census usually resident population count, (RC, TALB, SA2, Health), 2013, 2018, and 2023 Censuses",I,2023,2023,302,MidCentral,999,Total - ethnicity,10,45-49 years,11,,4980,,,
DATAFLOW,STATSNZ:CEN23_POP_006(1.0),"Ethnicity (grouped total responses level 1), age, and sex at birth for the census usually resident population count, (RC, TALB, SA2, Health), 2013, 2018, and 2023 Censuses",I,2023,2023,302,MidCentral,999,Total - ethnicity,10,45-49 years,22,,5322,,,
DATAFLOW,STATSNZ:CEN23_POP_006(1.0),"Ethnicity (grouped total responses level 1), age, and sex at birth for the census usually resident population count, (RC, TALB, SA2, Health), 2013, 2018, and 2023 Censuses",I,2023,2023,302,MidCentral,999,Total - ethnicity,11,50-54 years,11,,5457,,,
DATAFLOW,STATSNZ:CEN23_POP_006(1.0),"Ethnicity (grouped total responses level 1), age, and sex at birth for the census usually resident population count, (RC, TALB, SA2, Health), 2013, 2018, and 2023 Censuses",I,2023,2023,302,MidCentral,999,Total - ethnicity,11,50-54 years,22,,6000,,,
DATAFLOW,STATSNZ:CEN23_POP_006(1.0),"Ethnicity (grouped total responses level 1), age, and sex at birth for the census usually resident population count, (RC, TALB, SA2, Health), 2013, 2018, and 2023 Censuses",I,2023,2023,302,MidCentral,999,Total - ethnicity,12,55-59 years,11,,5529,,,
DATAFLOW,STATSNZ:CEN23_POP_006(1.0),"Ethnicity (grouped total responses level 1), age, and sex at birth for the census usually resident population count, (RC, TALB, SA2, Health), 2013, 2018, and 2023 Censuses",I,2023,2023,302,MidCentral,999,Total - ethnicity,12,55-59 years,22,,5898,,,
DATAFLOW,STATSNZ:CEN23_POP_006(1.0),"Ethnicity (grouped total responses level 1), age, and sex at birth for the census usually resident population count, (RC, TALB, SA2, Health), 2013, 2018, and 2023 Censuses",I,2023,2023,302,MidCentral,999,Total - ethnicity,13,60-64 years,11,,5793,,,
DATAFLOW,STATSNZ:CEN23_POP_006(1.0),"Ethnicity (grouped total responses level 1), age, and sex at birth for the census usually resident population count, (RC, TALB, SA2, Health), 2013, 2018, and 2023 Censuses",I,2023,2023,302,MidCentral,999,Total - ethnicity,13,60-64 years,22,,6234,,,
DATAFLOW,STATSNZ:CEN23_POP_006(1.0),"Ethnicity (grouped total responses level 1), age, and sex at birth for the census usually resident population count, (RC, TALB, SA2, Health), 2013, 2018, and 2023 Censuses",I,2023,2023,302,MidCentral,999,Total - ethnicity,4,65 years and over,11,,16476,,,
DATAFLOW,STATSNZ:CEN23_POP_006(1.0),"Ethnicity (grouped total responses level 1), age, and sex at birth for the census usually resident population count, (RC, TALB, SA2, Health), 2013, 2018, and 2023 Censuses",I,2023,2023,302,MidCentral,999,Total - ethnicity,4,65 years and over,22,,18798,,,
DATAFLOW,STATSNZ:CEN23_POP_006(1.0),"Ethnicity (grouped total responses level 1), age, and sex at birth for the census usually resident population count, (RC, TALB, SA2, Health), 2013, 2018, and 2023 Censuses",I,2023,2023,303,"Capital, Coast and Hutt Valley",999,Total - ethnicity,04,15-19 years,11,,14946,,,
DATAFLOW,STATSNZ:CEN23_POP_006(1.0),"Ethnicity (grouped total responses level 1), age, and sex at birth for the census usually resident population count, (RC, TALB, SA2, Health), 2013, 2018, and 2023 Censuses",I,2023,2023,303,"Capital, Coast and Hutt Valley",999,Total - ethnicity,04,15-19 years,22,,15450,,,
DATAFLOW,STATSNZ:CEN23_POP_006(1.0),"Ethnicity (grouped total responses level 1), age, and sex at birth for the census usually resident population count, (RC, TALB, SA2, Health), 2013, 2018, and 2023 Censuses",I,2023,2023,303,"Capital, Coast and Hutt Valley",999,Total - ethnicity,05,20-24 years,11,,16995,,,
DATAFLOW,STATSNZ:CEN23_POP_006(1.0),"Ethnicity (grouped total responses level 1), age, and sex at birth for the census usually resident population count, (RC, TALB, SA2, Health), 2013, 2018, and 2023 Censuses",I,2023,2023,303,"Capital, Coast and Hutt Valley",999,Total - ethnicity,05,20-24 years,22,,17871,,,
DATAFLOW,STATSNZ:CEN23_POP_006(1.0),"Ethnicity (grouped total responses level 1), age, and sex at birth for the census usually resident population count, (RC, TALB, SA2, Health), 2013, 2018, and 2023 Censuses",I,2023,2023,303,"Capital, Coast and Hutt Valley",999,Total - ethnicity,06,25-29 years,11,,17550,,,
DATAFLOW,STATSNZ:CEN23_POP_006(1.0),"Ethnicity (grouped total responses level 1), age, and sex at birth for the census usually resident population count, (RC, TALB, SA2, Health), 2013, 2018, and 2023 Censuses",I,2023,2023,303,"Capital, Coast and Hutt Valley",999,Total - ethnicity,06,25-29 years,22,,17355,,,
DATAFLOW,STATSNZ:CEN23_POP_006(1.0),"Ethnicity (grouped total responses level 1), age, and sex at birth for the census usually resident population count, (RC, TALB, SA2, Health), 2013, 2018, and 2023 Censuses",I,2023,2023,303,"Capital, Coast and Hutt Valley",999,Total - ethnicity,07,30-34 years,11,,18066,,,
DATAFLOW,STATSNZ:CEN23_POP_006(1.0),"Ethnicity (grouped total responses level 1), age, and sex at birth for the census usually resident population count, (RC, TALB, SA2, Health), 2013, 2018, and 2023 Censuses",I,2023,2023,303,"Capital, Coast and Hutt Valley",999,Total - ethnicity,07,30-34 years,22,,18645,,,
DATAFLOW,STATSNZ:CEN23_POP_006(1.0),"Ethnicity (grouped total responses level 1), age, and sex at birth for the census usually resident population count, (RC, TALB, SA2, Health), 2013, 2018, and 2023 Censuses",I,2023,2023,303,"Capital, Coast and Hutt Valley",999,Total - ethnicity,08,35-39 years,11,,16182,,,
DATAFLOW,STATSNZ:CEN23_POP_006(1.0),"Ethnicity (grouped total responses level 1), age, and sex at birth for the census usually resident population count, (RC, TALB, SA2, Health), 2013, 2018, and 2023 Censuses",I,2023,2023,303,"Capital, Coast and Hutt Valley",999,Total - ethnicity,08,35-39 years,22,,16830,,,
DATAFLOW,STATSNZ:CEN23_POP_006(1.0),"Ethnicity (grouped total responses level 1), age, and sex at birth for the census usually resident population count, (RC, TALB, SA2, Health), 2013, 2018, and 2023 Censuses",I,2023,2023,303,"Capital, Coast and Hutt Valley",999,Total - ethnicity,09,40-44 years,11,,15330,,,
DATAFLOW,STATSNZ:CEN23_POP_006(1.0),"Ethnicity (grouped total responses level 1), age, and sex at birth for the census usually resident population count, (RC, TALB, SA2, Health), 2013, 2018, and 2023 Censuses",I,2023,2023,303,"Capital, Coast and Hutt Valley",999,Total - ethnicity,09,40-44 years,22,,15564,,,
DATAFLOW,STATSNZ:CEN23_POP_006(1.0),"Ethnicity (grouped total responses level 1), age, and sex at birth for the census usually resident population count, (RC, TALB, SA2, Health), 2013, 2018, and 2023 Censuses",I,2023,2023,303,"Capital, Coast and Hutt Valley",999,Total - ethnicity,10,45-49 years,11,,14589,,,
DATAFLOW,STATSNZ:CEN23_POP_006(1.0),"Ethnicity (grouped total responses level 1), age, and sex at birth for the census usually resident population count, (RC, TALB, SA2, Health), 2013, 2018, and 2023 Censuses",I,2023,2023,303,"Capital, Coast and Hutt Valley",999,Total - ethnicity,10,45-49 years,22,,15216,,,
DATAFLOW,STATSNZ:CEN23_POP_006(1.0),"Ethnicity (grouped total responses level 1), age, and sex at birth for the census usually resident population count, (RC, TALB, SA2, Health), 2013, 2018, and 2023 Censuses",I,2023,2023,303,"Capital, Coast and Hutt Valley",999,Total - ethnicity,11,50-54 years,11,,14886,,,
DATAFLOW,STATSNZ:CEN23_POP_006(1.0),"Ethnicity (grouped total responses level 1), age, and sex at birth for the census usually resident population count, (RC, TALB, SA2, Health), 2013, 2018, and 2023 Censuses",I,2023,2023,303,"Capital, Coast and Hutt Valley",999,Total - ethnicity,11,50-54 years,22,,15912,,,
DATAFLOW,STATSNZ:CEN23_POP_006(1.0),"Ethnicity (grouped total responses level 1), age, and sex at birth for the census usually resident population count, (RC, TALB, SA2, Health), 2013, 2018, and 2023 Censuses",I,2023,2023,303,"Capital, Coast and Hutt Valley",999,Total - ethnicity,12,55-59 years,11,,13785,,,
DATAFLOW,STATSNZ:CEN23_POP_006(1.0),"Ethnicity (grouped total responses level 1), age, and sex at birth for the census usually resident population count, (RC, TALB, SA2, Health), 2013, 2018, and 2023 Censuses",I,2023,2023,303,"Capital, Coast and Hutt Valley",999,Total - ethnicity,12,55-59 years,22,,14445,,,
DATAFLOW,STATSNZ:CEN23_POP_006(1.0),"Ethnicity (grouped total responses level 1), age, and sex at birth for the census usually resident population count, (RC, TALB, SA2, Health), 2013, 2018, and 2023 Censuses",I,2023,2023,303,"Capital, Coast and Hutt Valley",999,Total - ethnicity,13,60-64 years,11,,12471,,,
DATAFLOW,STATSNZ:CEN23_POP_006(1.0),"Ethnicity (grouped total responses level 1), age, and sex at birth for the census usually resident population count, (RC, TALB, SA2, Health), 2013, 2018, and 2023 Censuses",I,2023,2023,303,"Capital, Coast and Hutt Valley",999,Total - ethnicity,13,60-64 years,22,,13236,,,
DATAFLOW,STATSNZ:CEN23_POP_006(1.0),"Ethnicity (grouped total responses level 1), age, and sex at birth for the census usually resident population count, (RC, TALB, SA2, Health), 2013, 2018, and 2023 Censuses",I,2023,2023,303,"Capital, Coast and Hutt Valley",999,Total - ethnicity,4,65 years and over,11,,30672,,,
DATAFLOW,STATSNZ:CEN23_POP_006(1.0),"Ethnicity (grouped total responses level 1), age, and sex at birth for the census usually resident population count, (RC, TALB, SA2, Health), 2013, 2018, and 2023 Censuses",I,2023,2023,303,"Capital, Coast and Hutt Valley",999,Total - ethnicity,4,65 years and over,22,,36402,,,
DATAFLOW,STATSNZ:CEN23_POP_006(1.0),"Ethnicity (grouped total responses level 1), age, and sex at birth for the census usually resident population count, (RC, TALB, SA2, Health), 2013, 2018, and 2023 Censuses",I,2023,2023,304,Wairarapa,999,Total - ethnicity,04,15-19 years,11,,1449,,,
DATAFLOW,STATSNZ:CEN23_POP_006(1.0),"Ethnicity (grouped total responses level 1), age, and sex at birth for the census usually resident population count, (RC, TALB, SA2, Health), 2013, 2018, and 2023 Censuses",I,2023,2023,304,Wairarapa,999,Total - ethnicity,04,15-19 years,22,,1368,,,
DATAFLOW,STATSNZ:CEN23_POP_006(1.0),"Ethnicity (grouped total responses level 1), age, and sex at birth for the census usually resident population count, (RC, TALB, SA2, Health), 2013, 2018, and 2023 Censuses",I,2023,2023,304,Wairarapa,999,Total - ethnicity,05,20-24 years,11,,1152,,,
DATAFLOW,STATSNZ:CEN23_POP_006(1.0),"Ethnicity (grouped total responses level 1), age, and sex at birth for the census usually resident population count, (RC, TALB, SA2, Health), 2013, 2018, and 2023 Censuses",I,2023,2023,304,Wairarapa,999,Total - ethnicity,05,20-24 years,22,,975,,,
DATAFLOW,STATSNZ:CEN23_POP_006(1.0),"Ethnicity (grouped total responses level 1), age, and sex at birth for the census usually resident population count, (RC, TALB, SA2, Health), 2013, 2018, and 2023 Censuses",I,2023,2023,304,Wairarapa,999,Total - ethnicity,06,25-29 years,11,,1206,,,
DATAFLOW,STATSNZ:CEN23_POP_006(1.0),"Ethnicity (grouped total responses level 1), age, and sex at birth for the census usually resident population count, (RC, TALB, SA2, Health), 2013, 2018, and 2023 Censuses",I,2023,2023,304,Wairarapa,999,Total - ethnicity,06,25-29 years,22,,1236,,,
DATAFLOW,STATSNZ:CEN23_POP_006(1.0),"Ethnicity (grouped total responses level 1), age, and sex at birth for the census usually resident population count, (RC, TALB, SA2, Health), 2013, 2018, and 2023 Censuses",I,2023,2023,304,Wairarapa,999,Total - ethnicity,07,30-34 years,11,,1386,,,
DATAFLOW,STATSNZ:CEN23_POP_006(1.0),"Ethnicity (grouped total responses level 1), age, and sex at birth for the census usually resident population count, (RC, TALB, SA2, Health), 2013, 2018, and 2023 Censuses",I,2023,2023,304,Wairarapa,999,Total - ethnicity,07,30-34 years,22,,1515,,,
DATAFLOW,STATSNZ:CEN23_POP_006(1.0),"Ethnicity (grouped total responses level 1), age, and sex at birth for the census usually resident population count, (RC, TALB, SA2, Health), 2013, 2018, and 2023 Censuses",I,2023,2023,304,Wairarapa,999,Total - ethnicity,08,35-39 years,11,,1287,,,
DATAFLOW,STATSNZ:CEN23_POP_006(1.0),"Ethnicity (grouped total responses level 1), age, and sex at birth for the census usually resident population count, (RC, TALB, SA2, Health), 2013, 2018, and 2023 Censuses",I,2023,2023,304,Wairarapa,999,Total - ethnicity,08,35-39 years,22,,1338,,,
DATAFLOW,STATSNZ:CEN23_POP_006(1.0),"Ethnicity (grouped total responses level 1), age, and sex at birth for the census usually resident population count, (RC, TALB, SA2, Health), 2013, 2018, and 2023 Censuses",I,2023,2023,304,Wairarapa,999,Total - ethnicity,09,40-44 years,11,,1308,,,
DATAFLOW,STATSNZ:CEN23_POP_006(1.0),"Ethnicity (grouped total responses level 1), age, and sex at birth for the census usually resident population count, (RC, TALB, SA2, Health), 2013, 2018, and 2023 Censuses",I,2023,2023,304,Wairarapa,999,Total - ethnicity,09,40-44 years,22,,1473,,,
DATAFLOW,STATSNZ:CEN23_POP_006(1.0),"Ethnicity (grouped total responses level 1), age, and sex at birth for the census usually resident population count, (RC, TALB, SA2, Health), 2013, 2018, and 2023 Censuses",I,2023,2023,304,Wairarapa,999,Total - ethnicity,10,45-49 years,11,,1383,,,
DATAFLOW,STATSNZ:CEN23_POP_006(1.0),"Ethnicity (grouped total responses level 1), age, and sex at birth for the census usually resident population count, (RC, TALB, SA2, Health), 2013, 2018, and 2023 Censuses",I,2023,2023,304,Wairarapa,999,Total - ethnicity,10,45-49 years,22,,1488,,,
DATAFLOW,STATSNZ:CEN23_POP_006(1.0),"Ethnicity (grouped total responses level 1), age, and sex at birth for the census usually resident population count, (RC, TALB, SA2, Health), 2013, 2018, and 2023 Censuses",I,2023,2023,304,Wairarapa,999,Total - ethnicity,11,50-54 years,11,,1626,,,
DATAFLOW,STATSNZ:CEN23_POP_006(1.0),"Ethnicity (grouped total responses level 1), age, and sex at birth for the census usually resident population count, (RC, TALB, SA2, Health), 2013, 2018, and 2023 Censuses",I,2023,2023,304,Wairarapa,999,Total - ethnicity,11,50-54 years,22,,1791,,,
DATAFLOW,STATSNZ:CEN23_POP_006(1.0),"Ethnicity (grouped total responses level 1), age, and sex at birth for the census usually resident population count, (RC, TALB, SA2, Health), 2013, 2018, and 2023 Censuses",I,2023,2023,304,Wairarapa,999,Total - ethnicity,12,55-59 years,11,,1689,,,
DATAFLOW,STATSNZ:CEN23_POP_006(1.0),"Ethnicity (grouped total responses level 1), age, and sex at birth for the census usually resident population count, (RC, TALB, SA2, Health), 2013, 2018, and 2023 Censuses",I,2023,2023,304,Wairarapa,999,Total - ethnicity,12,55-59 years,22,,1788,,,
DATAFLOW,STATSNZ:CEN23_POP_006(1.0),"Ethnicity (grouped total responses level 1), age, and sex at birth for the census usually resident population count, (RC, TALB, SA2, Health), 2013, 2018, and 2023 Censuses",I,2023,2023,304,Wairarapa,999,Total - ethnicity,13,60-64 years,11,,1740,,,
DATAFLOW,STATSNZ:CEN23_POP_006(1.0),"Ethnicity (grouped total responses level 1), age, and sex at birth for the census usually resident population count, (RC, TALB, SA2, Health), 2013, 2018, and 2023 Censuses",I,2023,2023,304,Wairarapa,999,Total - ethnicity,13,60-64 years,22,,1956,,,
DATAFLOW,STATSNZ:CEN23_POP_006(1.0),"Ethnicity (grouped total responses level 1), age, and sex at birth for the census usually resident population count, (RC, TALB, SA2, Health), 2013, 2018, and 2023 Censuses",I,2023,2023,304,Wairarapa,999,Total - ethnicity,4,65 years and over,11,,5493,,,
DATAFLOW,STATSNZ:CEN23_POP_006(1.0),"Ethnicity (grouped total responses level 1), age, and sex at birth for the census usually resident population count, (RC, TALB, SA2, Health), 2013, 2018, and 2023 Censuses",I,2023,2023,304,Wairarapa,999,Total - ethnicity,4,65 years and over,22,,6003,,,
DATAFLOW,STATSNZ:CEN23_POP_006(1.0),"Ethnicity (grouped total responses level 1), age, and sex at birth for the census usually resident population count, (RC, TALB, SA2, Health), 2013, 2018, and 2023 Censuses",I,2023,2023,400,Nelson Marlborough,999,Total - ethnicity,04,15-19 years,11,,4716,,,
DATAFLOW,STATSNZ:CEN23_POP_006(1.0),"Ethnicity (grouped total responses level 1), age, and sex at birth for the census usually resident population count, (RC, TALB, SA2, Health), 2013, 2018, and 2023 Censuses",I,2023,2023,400,Nelson Marlborough,999,Total - ethnicity,04,15-19 years,22,,4206,,,
DATAFLOW,STATSNZ:CEN23_POP_006(1.0),"Ethnicity (grouped total responses level 1), age, and sex at birth for the census usually resident population count, (RC, TALB, SA2, Health), 2013, 2018, and 2023 Censuses",I,2023,2023,400,Nelson Marlborough,999,Total - ethnicity,05,20-24 years,11,,3732,,,
DATAFLOW,STATSNZ:CEN23_POP_006(1.0),"Ethnicity (grouped total responses level 1), age, and sex at birth for the census usually resident population count, (RC, TALB, SA2, Health), 2013, 2018, and 2023 Censuses",I,2023,2023,400,Nelson Marlborough,999,Total - ethnicity,05,20-24 years,22,,3102,,,
DATAFLOW,STATSNZ:CEN23_POP_006(1.0),"Ethnicity (grouped total responses level 1), age, and sex at birth for the census usually resident population count, (RC, TALB, SA2, Health), 2013, 2018, and 2023 Censuses",I,2023,2023,400,Nelson Marlborough,999,Total - ethnicity,06,25-29 years,11,,4224,,,
DATAFLOW,STATSNZ:CEN23_POP_006(1.0),"Ethnicity (grouped total responses level 1), age, and sex at birth for the census usually resident population count, (RC, TALB, SA2, Health), 2013, 2018, and 2023 Censuses",I,2023,2023,400,Nelson Marlborough,999,Total - ethnicity,06,25-29 years,22,,3894,,,
DATAFLOW,STATSNZ:CEN23_POP_006(1.0),"Ethnicity (grouped total responses level 1), age, and sex at birth for the census usually resident population count, (RC, TALB, SA2, Health), 2013, 2018, and 2023 Censuses",I,2023,2023,400,Nelson Marlborough,999,Total - ethnicity,07,30-34 years,11,,4749,,,
DATAFLOW,STATSNZ:CEN23_POP_006(1.0),"Ethnicity (grouped total responses level 1), age, and sex at birth for the census usually resident population count, (RC, TALB, SA2, Health), 2013, 2018, and 2023 Censuses",I,2023,2023,400,Nelson Marlborough,999,Total - ethnicity,07,30-34 years,22,,4902,,,
DATAFLOW,STATSNZ:CEN23_POP_006(1.0),"Ethnicity (grouped total responses level 1), age, and sex at birth for the census usually resident population count, (RC, TALB, SA2, Health), 2013, 2018, and 2023 Censuses",I,2023,2023,400,Nelson Marlborough,999,Total - ethnicity,08,35-39 years,11,,4689,,,
DATAFLOW,STATSNZ:CEN23_POP_006(1.0),"Ethnicity (grouped total responses level 1), age, and sex at birth for the census usually resident population count, (RC, TALB, SA2, Health), 2013, 2018, and 2023 Censuses",I,2023,2023,400,Nelson Marlborough,999,Total - ethnicity,08,35-39 years,22,,4893,,,
DATAFLOW,STATSNZ:CEN23_POP_006(1.0),"Ethnicity (grouped total responses level 1), age, and sex at birth for the census usually resident population count, (RC, TALB, SA2, Health), 2013, 2018, and 2023 Censuses",I,2023,2023,400,Nelson Marlborough,999,Total - ethnicity,09,40-44 years,11,,4434,,,
DATAFLOW,STATSNZ:CEN23_POP_006(1.0),"Ethnicity (grouped total responses level 1), age, and sex at birth for the census usually resident population count, (RC, TALB, SA2, Health), 2013, 2018, and 2023 Censuses",I,2023,2023,400,Nelson Marlborough,999,Total - ethnicity,09,40-44 years,22,,4791,,,
DATAFLOW,STATSNZ:CEN23_POP_006(1.0),"Ethnicity (grouped total responses level 1), age, and sex at birth for the census usually resident population count, (RC, TALB, SA2, Health), 2013, 2018, and 2023 Censuses",I,2023,2023,400,Nelson Marlborough,999,Total - ethnicity,10,45-49 years,11,,4860,,,
DATAFLOW,STATSNZ:CEN23_POP_006(1.0),"Ethnicity (grouped total responses level 1), age, and sex at birth for the census usually resident population count, (RC, TALB, SA2, Health), 2013, 2018, and 2023 Censuses",I,2023,2023,400,Nelson Marlborough,999,Total - ethnicity,10,45-49 years,22,,5061,,,
DATAFLOW,STATSNZ:CEN23_POP_006(1.0),"Ethnicity (grouped total responses level 1), age, and sex at birth for the census usually resident population count, (RC, TALB, SA2, Health), 2013, 2018, and 2023 Censuses",I,2023,2023,400,Nelson Marlborough,999,Total - ethnicity,11,50-54 years,11,,5463,,,
DATAFLOW,STATSNZ:CEN23_POP_006(1.0),"Ethnicity (grouped total responses level 1), age, and sex at birth for the census usually resident population count, (RC, TALB, SA2, Health), 2013, 2018, and 2023 Censuses",I,2023,2023,400,Nelson Marlborough,999,Total - ethnicity,11,50-54 years,22,,5853,,,
DATAFLOW,STATSNZ:CEN23_POP_006(1.0),"Ethnicity (grouped total responses level 1), age, and sex at birth for the census usually resident population count, (RC, TALB, SA2, Health), 2013, 2018, and 2023 Censuses",I,2023,2023,400,Nelson Marlborough,999,Total - ethnicity,12,55-59 years,11,,5514,,,
DATAFLOW,STATSNZ:CEN23_POP_006(1.0),"Ethnicity (grouped total responses level 1), age, and sex at birth for the census usually resident population count, (RC, TALB, SA2, Health), 2013, 2018, and 2023 Censuses",I,2023,2023,400,Nelson Marlborough,999,Total - ethnicity,12,55-59 years,22,,5931,,,
DATAFLOW,STATSNZ:CEN23_POP_006(1.0),"Ethnicity (grouped total responses level 1), age, and sex at birth for the census usually resident population count, (RC, TALB, SA2, Health), 2013, 2018, and 2023 Censuses",I,2023,2023,400,Nelson Marlborough,999,Total - ethnicity,13,60-64 years,11,,5649,,,
DATAFLOW,STATSNZ:CEN23_POP_006(1.0),"Ethnicity (grouped total responses level 1), age, and sex at birth for the census usually resident population count, (RC, TALB, SA2, Health), 2013, 2018, and 2023 Censuses",I,2023,2023,400,Nelson Marlborough,999,Total - ethnicity,13,60-64 years,22,,6048,,,
DATAFLOW,STATSNZ:CEN23_POP_006(1.0),"Ethnicity (grouped total responses level 1), age, and sex at birth for the census usually resident population count, (RC, TALB, SA2, Health), 2013, 2018, and 2023 Censuses",I,2023,2023,400,Nelson Marlborough,999,Total - ethnicity,4,65 years and over,11,,17655,,,
DATAFLOW,STATSNZ:CEN23_POP_006(1.0),"Ethnicity (grouped total responses level 1), age, and sex at birth for the census usually resident population count, (RC, TALB, SA2, Health), 2013, 2018, and 2023 Censuses",I,2023,2023,400,Nelson Marlborough,999,Total - ethnicity,4,65 years and over,22,,19014,,,
DATAFLOW,STATSNZ:CEN23_POP_006(1.0),"Ethnicity (grouped total responses level 1), age, and sex at birth for the census usually resident population count, (RC, TALB, SA2, Health), 2013, 2018, and 2023 Censuses",I,2023,2023,401,West Coast,999,Total - ethnicity,04,15-19 years,11,,924,,,
DATAFLOW,STATSNZ:CEN23_POP_006(1.0),"Ethnicity (grouped total responses level 1), age, and sex at birth for the census usually resident population count, (RC, TALB, SA2, Health), 2013, 2018, and 2023 Censuses",I,2023,2023,401,West Coast,999,Total - ethnicity,04,15-19 years,22,,741,,,
DATAFLOW,STATSNZ:CEN23_POP_006(1.0),"Ethnicity (grouped total responses level 1), age, and sex at birth for the census usually resident population count, (RC, TALB, SA2, Health), 2013, 2018, and 2023 Censuses",I,2023,2023,401,West Coast,999,Total - ethnicity,05,20-24 years,11,,675,,,
DATAFLOW,STATSNZ:CEN23_POP_006(1.0),"Ethnicity (grouped total responses level 1), age, and sex at birth for the census usually resident population count, (RC, TALB, SA2, Health), 2013, 2018, and 2023 Censuses",I,2023,2023,401,West Coast,999,Total - ethnicity,05,20-24 years,22,,621,,,
DATAFLOW,STATSNZ:CEN23_POP_006(1.0),"Ethnicity (grouped total responses level 1), age, and sex at birth for the census usually resident population count, (RC, TALB, SA2, Health), 2013, 2018, and 2023 Censuses",I,2023,2023,401,West Coast,999,Total - ethnicity,06,25-29 years,11,,780,,,
DATAFLOW,STATSNZ:CEN23_POP_006(1.0),"Ethnicity (grouped total responses level 1), age, and sex at birth for the census usually resident population count, (RC, TALB, SA2, Health), 2013, 2018, and 2023 Censuses",I,2023,2023,401,West Coast,999,Total - ethnicity,06,25-29 years,22,,774,,,
DATAFLOW,STATSNZ:CEN23_POP_006(1.0),"Ethnicity (grouped total responses level 1), age, and sex at birth for the census usually resident population count, (RC, TALB, SA2, Health), 2013, 2018, and 2023 Censuses",I,2023,2023,401,West Coast,999,Total - ethnicity,07,30-34 years,11,,1014,,,
DATAFLOW,STATSNZ:CEN23_POP_006(1.0),"Ethnicity (grouped total responses level 1), age, and sex at birth for the census usually resident population count, (RC, TALB, SA2, Health), 2013, 2018, and 2023 Censuses",I,2023,2023,401,West Coast,999,Total - ethnicity,07,30-34 years,22,,1029,,,
DATAFLOW,STATSNZ:CEN23_POP_006(1.0),"Ethnicity (grouped total responses level 1), age, and sex at birth for the census usually resident population count, (RC, TALB, SA2, Health), 2013, 2018, and 2023 Censuses",I,2023,2023,401,West Coast,999,Total - ethnicity,08,35-39 years,11,,966,,,
DATAFLOW,STATSNZ:CEN23_POP_006(1.0),"Ethnicity (grouped total responses level 1), age, and sex at birth for the census usually resident population count, (RC, TALB, SA2, Health), 2013, 2018, and 2023 Censuses",I,2023,2023,401,West Coast,999,Total - ethnicity,08,35-39 years,22,,876,,,
DATAFLOW,STATSNZ:CEN23_POP_006(1.0),"Ethnicity (grouped total responses level 1), age, and sex at birth for the census usually resident population count, (RC, TALB, SA2, Health), 2013, 2018, and 2023 Censuses",I,2023,2023,401,West Coast,999,Total - ethnicity,09,40-44 years,11,,840,,,
DATAFLOW,STATSNZ:CEN23_POP_006(1.0),"Ethnicity (grouped total responses level 1), age, and sex at birth for the census usually resident population count, (RC, TALB, SA2, Health), 2013, 2018, and 2023 Censuses",I,2023,2023,401,West Coast,999,Total - ethnicity,09,40-44 years,22,,870,,,
DATAFLOW,STATSNZ:CEN23_POP_006(1.0),"Ethnicity (grouped total responses level 1), age, and sex at birth for the census usually resident population count, (RC, TALB, SA2, Health), 2013, 2018, and 2023 Censuses",I,2023,2023,401,West Coast,999,Total - ethnicity,10,45-49 years,11,,942,,,
DATAFLOW,STATSNZ:CEN23_POP_006(1.0),"Ethnicity (grouped total responses level 1), age, and sex at birth for the census usually resident population count, (RC, TALB, SA2, Health), 2013, 2018, and 2023 Censuses",I,2023,2023,401,West Coast,999,Total - ethnicity,10,45-49 years,22,,1014,,,
DATAFLOW,STATSNZ:CEN23_POP_006(1.0),"Ethnicity (grouped total responses level 1), age, and sex at birth for the census usually resident population count, (RC, TALB, SA2, Health), 2013, 2018, and 2023 Censuses",I,2023,2023,401,West Coast,999,Total - ethnicity,11,50-54 years,11,,1206,,,
DATAFLOW,STATSNZ:CEN23_POP_006(1.0),"Ethnicity (grouped total responses level 1), age, and sex at birth for the census usually resident population count, (RC, TALB, SA2, Health), 2013, 2018, and 2023 Censuses",I,2023,2023,401,West Coast,999,Total - ethnicity,11,50-54 years,22,,1275,,,
DATAFLOW,STATSNZ:CEN23_POP_006(1.0),"Ethnicity (grouped total responses level 1), age, and sex at birth for the census usually resident population count, (RC, TALB, SA2, Health), 2013, 2018, and 2023 Censuses",I,2023,2023,401,West Coast,999,Total - ethnicity,12,55-59 years,11,,1374,,,
DATAFLOW,STATSNZ:CEN23_POP_006(1.0),"Ethnicity (grouped total responses level 1), age, and sex at birth for the census usually resident population count, (RC, TALB, SA2, Health), 2013, 2018, and 2023 Censuses",I,2023,2023,401,West Coast,999,Total - ethnicity,12,55-59 years,22,,1386,,,
DATAFLOW,STATSNZ:CEN23_POP_006(1.0),"Ethnicity (grouped total responses level 1), age, and sex at birth for the census usually resident population count, (RC, TALB, SA2, Health), 2013, 2018, and 2023 Censuses",I,2023,2023,401,West Coast,999,Total - ethnicity,13,60-64 years,11,,1593,,,
DATAFLOW,STATSNZ:CEN23_POP_006(1.0),"Ethnicity (grouped total responses level 1), age, and sex at birth for the census usually resident population count, (RC, TALB, SA2, Health), 2013, 2018, and 2023 Censuses",I,2023,2023,401,West Coast,999,Total - ethnicity,13,60-64 years,22,,1476,,,
DATAFLOW,STATSNZ:CEN23_POP_006(1.0),"Ethnicity (grouped total responses level 1), age, and sex at birth for the census usually resident population count, (RC, TALB, SA2, Health), 2013, 2018, and 2023 Censuses",I,2023,2023,401,West Coast,999,Total - ethnicity,4,65 years and over,11,,3954,,,
DATAFLOW,STATSNZ:CEN23_POP_006(1.0),"Ethnicity (grouped total responses level 1), age, and sex at birth for the census usually resident population count, (RC, TALB, SA2, Health), 2013, 2018, and 2023 Censuses",I,2023,2023,401,West Coast,999,Total - ethnicity,4,65 years and over,22,,3606,,,
DATAFLOW,STATSNZ:CEN23_POP_006(1.0),"Ethnicity (grouped total responses level 1), age, and sex at birth for the census usually resident population count, (RC, TALB, SA2, Health), 2013, 2018, and 2023 Censuses",I,2023,2023,402,Canterbury,999,Total - ethnicity,04,15-19 years,11,,19647,,,
DATAFLOW,STATSNZ:CEN23_POP_006(1.0),"Ethnicity (grouped total responses level 1), age, and sex at birth for the census usually resident population count, (RC, TALB, SA2, Health), 2013, 2018, and 2023 Censuses",I,2023,2023,402,Canterbury,999,Total - ethnicity,04,15-19 years,22,,18234,,,
DATAFLOW,STATSNZ:CEN23_POP_006(1.0),"Ethnicity (grouped total responses level 1), age, and sex at birth for the census usually resident population count, (RC, TALB, SA2, Health), 2013, 2018, and 2023 Censuses",I,2023,2023,402,Canterbury,999,Total - ethnicity,05,20-24 years,11,,19995,,,
DATAFLOW,STATSNZ:CEN23_POP_006(1.0),"Ethnicity (grouped total responses level 1), age, and sex at birth for the census usually resident population count, (RC, TALB, SA2, Health), 2013, 2018, and 2023 Censuses",I,2023,2023,402,Canterbury,999,Total - ethnicity,05,20-24 years,22,,18504,,,
DATAFLOW,STATSNZ:CEN23_POP_006(1.0),"Ethnicity (grouped total responses level 1), age, and sex at birth for the census usually resident population count, (RC, TALB, SA2, Health), 2013, 2018, and 2023 Censuses",I,2023,2023,402,Canterbury,999,Total - ethnicity,06,25-29 years,11,,20358,,,
DATAFLOW,STATSNZ:CEN23_POP_006(1.0),"Ethnicity (grouped total responses level 1), age, and sex at birth for the census usually resident population count, (RC, TALB, SA2, Health), 2013, 2018, and 2023 Censuses",I,2023,2023,402,Canterbury,999,Total - ethnicity,06,25-29 years,22,,19518,,,
DATAFLOW,STATSNZ:CEN23_POP_006(1.0),"Ethnicity (grouped total responses level 1), age, and sex at birth for the census usually resident population count, (RC, TALB, SA2, Health), 2013, 2018, and 2023 Censuses",I,2023,2023,402,Canterbury,999,Total - ethnicity,07,30-34 years,11,,22734,,,
DATAFLOW,STATSNZ:CEN23_POP_006(1.0),"Ethnicity (grouped total responses level 1), age, and sex at birth for the census usually resident population count, (RC, TALB, SA2, Health), 2013, 2018, and 2023 Censuses",I,2023,2023,402,Canterbury,999,Total - ethnicity,07,30-34 years,22,,22611,,,
DATAFLOW,STATSNZ:CEN23_POP_006(1.0),"Ethnicity (grouped total responses level 1), age, and sex at birth for the census usually resident population count, (RC, TALB, SA2, Health), 2013, 2018, and 2023 Censuses",I,2023,2023,402,Canterbury,999,Total - ethnicity,08,35-39 years,11,,20694,,,
DATAFLOW,STATSNZ:CEN23_POP_006(1.0),"Ethnicity (grouped total responses level 1), age, and sex at birth for the census usually resident population count, (RC, TALB, SA2, Health), 2013, 2018, and 2023 Censuses",I,2023,2023,402,Canterbury,999,Total - ethnicity,08,35-39 years,22,,20394,,,
DATAFLOW,STATSNZ:CEN23_POP_006(1.0),"Ethnicity (grouped total responses level 1), age, and sex at birth for the census usually resident population count, (RC, TALB, SA2, Health), 2013, 2018, and 2023 Censuses",I,2023,2023,402,Canterbury,999,Total - ethnicity,09,40-44 years,11,,18411,,,
DATAFLOW,STATSNZ:CEN23_POP_006(1.0),"Ethnicity (grouped total responses level 1), age, and sex at birth for the census usually resident population count, (RC, TALB, SA2, Health), 2013, 2018, and 2023 Censuses",I,2023,2023,402,Canterbury,999,Total - ethnicity,09,40-44 years,22,,18684,,,
DATAFLOW,STATSNZ:CEN23_POP_006(1.0),"Ethnicity (grouped total responses level 1), age, and sex at birth for the census usually resident population count, (RC, TALB, SA2, Health), 2013, 2018, and 2023 Censuses",I,2023,2023,402,Canterbury,999,Total - ethnicity,10,45-49 years,11,,17526,,,
DATAFLOW,STATSNZ:CEN23_POP_006(1.0),"Ethnicity (grouped total responses level 1), age, and sex at birth for the census usually resident population count, (RC, TALB, SA2, Health), 2013, 2018, and 2023 Censuses",I,2023,2023,402,Canterbury,999,Total - ethnicity,10,45-49 years,22,,18336,,,
DATAFLOW,STATSNZ:CEN23_POP_006(1.0),"Ethnicity (grouped total responses level 1), age, and sex at birth for the census usually resident population count, (RC, TALB, SA2, Health), 2013, 2018, and 2023 Censuses",I,2023,2023,402,Canterbury,999,Total - ethnicity,11,50-54 years,11,,19167,,,
DATAFLOW,STATSNZ:CEN23_POP_006(1.0),"Ethnicity (grouped total responses level 1), age, and sex at birth for the census usually resident population count, (RC, TALB, SA2, Health), 2013, 2018, and 2023 Censuses",I,2023,2023,402,Canterbury,999,Total - ethnicity,11,50-54 years,22,,20061,,,
DATAFLOW,STATSNZ:CEN23_POP_006(1.0),"Ethnicity (grouped total responses level 1), age, and sex at birth for the census usually resident population count, (RC, TALB, SA2, Health), 2013, 2018, and 2023 Censuses",I,2023,2023,402,Canterbury,999,Total - ethnicity,12,55-59 years,11,,17835,,,
DATAFLOW,STATSNZ:CEN23_POP_006(1.0),"Ethnicity (grouped total responses level 1), age, and sex at birth for the census usually resident population count, (RC, TALB, SA2, Health), 2013, 2018, and 2023 Censuses",I,2023,2023,402,Canterbury,999,Total - ethnicity,12,55-59 years,22,,18651,,,
DATAFLOW,STATSNZ:CEN23_POP_006(1.0),"Ethnicity (grouped total responses level 1), age, and sex at birth for the census usually resident population count, (RC, TALB, SA2, Health), 2013, 2018, and 2023 Censuses",I,2023,2023,402,Canterbury,999,Total - ethnicity,13,60-64 years,11,,17232,,,
DATAFLOW,STATSNZ:CEN23_POP_006(1.0),"Ethnicity (grouped total responses level 1), age, and sex at birth for the census usually resident population count, (RC, TALB, SA2, Health), 2013, 2018, and 2023 Censuses",I,2023,2023,402,Canterbury,999,Total - ethnicity,13,60-64 years,22,,17994,,,
DATAFLOW,STATSNZ:CEN23_POP_006(1.0),"Ethnicity (grouped total responses level 1), age, and sex at birth for the census usually resident population count, (RC, TALB, SA2, Health), 2013, 2018, and 2023 Censuses",I,2023,2023,402,Canterbury,999,Total - ethnicity,4,65 years and over,11,,46155,,,
DATAFLOW,STATSNZ:CEN23_POP_006(1.0),"Ethnicity (grouped total responses level 1), age, and sex at birth for the census usually resident population count, (RC, TALB, SA2, Health), 2013, 2018, and 2023 Censuses",I,2023,2023,402,Canterbury,999,Total - ethnicity,4,65 years and over,22,,53220,,,
DATAFLOW,STATSNZ:CEN23_POP_006(1.0),"Ethnicity (grouped total responses level 1), age, and sex at birth for the census usually resident population count, (RC, TALB, SA2, Health), 2013, 2018, and 2023 Censuses",I,2023,2023,403,South Canterbury,999,Total - ethnicity,04,15-19 years,11,,1740,,,
DATAFLOW,STATSNZ:CEN23_POP_006(1.0),"Ethnicity (grouped total responses level 1), age, and sex at birth for the census usually resident population count, (RC, TALB, SA2, Health), 2013, 2018, and 2023 Censuses",I,2023,2023,403,South Canterbury,999,Total - ethnicity,04,15-19 years,22,,1557,,,
DATAFLOW,STATSNZ:CEN23_POP_006(1.0),"Ethnicity (grouped total responses level 1), age, and sex at birth for the census usually resident population count, (RC, TALB, SA2, Health), 2013, 2018, and 2023 Censuses",I,2023,2023,403,South Canterbury,999,Total - ethnicity,05,20-24 years,11,,1476,,,
DATAFLOW,STATSNZ:CEN23_POP_006(1.0),"Ethnicity (grouped total responses level 1), age, and sex at birth for the census usually resident population count, (RC, TALB, SA2, Health), 2013, 2018, and 2023 Censuses",I,2023,2023,403,South Canterbury,999,Total - ethnicity,05,20-24 years,22,,1278,,,
DATAFLOW,STATSNZ:CEN23_POP_006(1.0),"Ethnicity (grouped total responses level 1), age, and sex at birth for the census usually resident population count, (RC, TALB, SA2, Health), 2013, 2018, and 2023 Censuses",I,2023,2023,403,South Canterbury,999,Total - ethnicity,06,25-29 years,11,,1800,,,
DATAFLOW,STATSNZ:CEN23_POP_006(1.0),"Ethnicity (grouped total responses level 1), age, and sex at birth for the census usually resident population count, (RC, TALB, SA2, Health), 2013, 2018, and 2023 Censuses",I,2023,2023,403,South Canterbury,999,Total - ethnicity,06,25-29 years,22,,1620,,,
DATAFLOW,STATSNZ:CEN23_POP_006(1.0),"Ethnicity (grouped total responses level 1), age, and sex at birth for the census usually resident population count, (RC, TALB, SA2, Health), 2013, 2018, and 2023 Censuses",I,2023,2023,403,South Canterbury,999,Total - ethnicity,07,30-34 years,11,,1935,,,
DATAFLOW,STATSNZ:CEN23_POP_006(1.0),"Ethnicity (grouped total responses level 1), age, and sex at birth for the census usually resident population count, (RC, TALB, SA2, Health), 2013, 2018, and 2023 Censuses",I,2023,2023,403,South Canterbury,999,Total - ethnicity,07,30-34 years,22,,1944,,,
DATAFLOW,STATSNZ:CEN23_POP_006(1.0),"Ethnicity (grouped total responses level 1), age, and sex at birth for the census usually resident population count, (RC, TALB, SA2, Health), 2013, 2018, and 2023 Censuses",I,2023,2023,403,South Canterbury,999,Total - ethnicity,08,35-39 years,11,,1791,,,
DATAFLOW,STATSNZ:CEN23_POP_006(1.0),"Ethnicity (grouped total responses level 1), age, and sex at birth for the census usually resident population count, (RC, TALB, SA2, Health), 2013, 2018, and 2023 Censuses",I,2023,2023,403,South Canterbury,999,Total - ethnicity,08,35-39 years,22,,1692,,,
DATAFLOW,STATSNZ:CEN23_POP_006(1.0),"Ethnicity (grouped total responses level 1), age, and sex at birth for the census usually resident population count, (RC, TALB, SA2, Health), 2013, 2018, and 2023 Censuses",I,2023,2023,403,South Canterbury,999,Total - ethnicity,09,40-44 years,11,,1581,,,
DATAFLOW,STATSNZ:CEN23_POP_006(1.0),"Ethnicity (grouped total responses level 1), age, and sex at birth for the census usually resident population count, (RC, TALB, SA2, Health), 2013, 2018, and 2023 Censuses",I,2023,2023,403,South Canterbury,999,Total - ethnicity,09,40-44 years,22,,1662,,,
DATAFLOW,STATSNZ:CEN23_POP_006(1.0),"Ethnicity (grouped total responses level 1), age, and sex at birth for the census usually resident population count, (RC, TALB, SA2, Health), 2013, 2018, and 2023 Censuses",I,2023,2023,403,South Canterbury,999,Total - ethnicity,10,45-49 years,11,,1749,,,
DATAFLOW,STATSNZ:CEN23_POP_006(1.0),"Ethnicity (grouped total responses level 1), age, and sex at birth for the census usually resident population count, (RC, TALB, SA2, Health), 2013, 2018, and 2023 Censuses",I,2023,2023,403,South Canterbury,999,Total - ethnicity,10,45-49 years,22,,1758,,,
DATAFLOW,STATSNZ:CEN23_POP_006(1.0),"Ethnicity (grouped total responses level 1), age, and sex at birth for the census usually resident population count, (RC, TALB, SA2, Health), 2013, 2018, and 2023 Censuses",I,2023,2023,403,South Canterbury,999,Total - ethnicity,11,50-54 years,11,,1983,,,
DATAFLOW,STATSNZ:CEN23_POP_006(1.0),"Ethnicity (grouped total responses level 1), age, and sex at birth for the census usually resident population count, (RC, TALB, SA2, Health), 2013, 2018, and 2023 Censuses",I,2023,2023,403,South Canterbury,999,Total - ethnicity,11,50-54 years,22,,2100,,,
DATAFLOW,STATSNZ:CEN23_POP_006(1.0),"Ethnicity (grouped total responses level 1), age, and sex at birth for the census usually resident population count, (RC, TALB, SA2, Health), 2013, 2018, and 2023 Censuses",I,2023,2023,403,South Canterbury,999,Total - ethnicity,12,55-59 years,11,,2049,,,
DATAFLOW,STATSNZ:CEN23_POP_006(1.0),"Ethnicity (grouped total responses level 1), age, and sex at birth for the census usually resident population count, (RC, TALB, SA2, Health), 2013, 2018, and 2023 Censuses",I,2023,2023,403,South Canterbury,999,Total - ethnicity,12,55-59 years,22,,2244,,,
DATAFLOW,STATSNZ:CEN23_POP_006(1.0),"Ethnicity (grouped total responses level 1), age, and sex at birth for the census usually resident population count, (RC, TALB, SA2, Health), 2013, 2018, and 2023 Censuses",I,2023,2023,403,South Canterbury,999,Total - ethnicity,13,60-64 years,11,,2238,,,
DATAFLOW,STATSNZ:CEN23_POP_006(1.0),"Ethnicity (grouped total responses level 1), age, and sex at birth for the census usually resident population count, (RC, TALB, SA2, Health), 2013, 2018, and 2023 Censuses",I,2023,2023,403,South Canterbury,999,Total - ethnicity,13,60-64 years,22,,2253,,,
DATAFLOW,STATSNZ:CEN23_POP_006(1.0),"Ethnicity (grouped total responses level 1), age, and sex at birth for the census usually resident population count, (RC, TALB, SA2, Health), 2013, 2018, and 2023 Censuses",I,2023,2023,403,South Canterbury,999,Total - ethnicity,4,65 years and over,11,,6621,,,
DATAFLOW,STATSNZ:CEN23_POP_006(1.0),"Ethnicity (grouped total responses level 1), age, and sex at birth for the census usually resident population count, (RC, TALB, SA2, Health), 2013, 2018, and 2023 Censuses",I,2023,2023,403,South Canterbury,999,Total - ethnicity,4,65 years and over,22,,7173,,,
DATAFLOW,STATSNZ:CEN23_POP_006(1.0),"Ethnicity (grouped total responses level 1), age, and sex at birth for the census usually resident population count, (RC, TALB, SA2, Health), 2013, 2018, and 2023 Censuses",I,2023,2023,404,Southern,999,Total - ethnicity,04,15-19 years,11,,11826,,,
DATAFLOW,STATSNZ:CEN23_POP_006(1.0),"Ethnicity (grouped total responses level 1), age, and sex at birth for the census usually resident population count, (RC, TALB, SA2, Health), 2013, 2018, and 2023 Censuses",I,2023,2023,404,Southern,999,Total - ethnicity,04,15-19 years,22,,12273,,,
DATAFLOW,STATSNZ:CEN23_POP_006(1.0),"Ethnicity (grouped total responses level 1), age, and sex at birth for the census usually resident population count, (RC, TALB, SA2, Health), 2013, 2018, and 2023 Censuses",I,2023,2023,404,Southern,999,Total - ethnicity,05,20-24 years,11,,12132,,,
DATAFLOW,STATSNZ:CEN23_POP_006(1.0),"Ethnicity (grouped total responses level 1), age, and sex at birth for the census usually resident population count, (RC, TALB, SA2, Health), 2013, 2018, and 2023 Censuses",I,2023,2023,404,Southern,999,Total - ethnicity,05,20-24 years,22,,12606,,,
DATAFLOW,STATSNZ:CEN23_POP_006(1.0),"Ethnicity (grouped total responses level 1), age, and sex at birth for the census usually resident population count, (RC, TALB, SA2, Health), 2013, 2018, and 2023 Censuses",I,2023,2023,404,Southern,999,Total - ethnicity,06,25-29 years,11,,11442,,,
DATAFLOW,STATSNZ:CEN23_POP_006(1.0),"Ethnicity (grouped total responses level 1), age, and sex at birth for the census usually resident population count, (RC, TALB, SA2, Health), 2013, 2018, and 2023 Censuses",I,2023,2023,404,Southern,999,Total - ethnicity,06,25-29 years,22,,10755,,,
DATAFLOW,STATSNZ:CEN23_POP_006(1.0),"Ethnicity (grouped total responses level 1), age, and sex at birth for the census usually resident population count, (RC, TALB, SA2, Health), 2013, 2018, and 2023 Censuses",I,2023,2023,404,Southern,999,Total - ethnicity,07,30-34 years,11,,12570,,,
DATAFLOW,STATSNZ:CEN23_POP_006(1.0),"Ethnicity (grouped total responses level 1), age, and sex at birth for the census usually resident population count, (RC, TALB, SA2, Health), 2013, 2018, and 2023 Censuses",I,2023,2023,404,Southern,999,Total - ethnicity,07,30-34 years,22,,12063,,,
DATAFLOW,STATSNZ:CEN23_POP_006(1.0),"Ethnicity (grouped total responses level 1), age, and sex at birth for the census usually resident population count, (RC, TALB, SA2, Health), 2013, 2018, and 2023 Censuses",I,2023,2023,404,Southern,999,Total - ethnicity,08,35-39 years,11,,11586,,,
DATAFLOW,STATSNZ:CEN23_POP_006(1.0),"Ethnicity (grouped total responses level 1), age, and sex at birth for the census usually resident population count, (RC, TALB, SA2, Health), 2013, 2018, and 2023 Censuses",I,2023,2023,404,Southern,999,Total - ethnicity,08,35-39 years,22,,11259,,,
DATAFLOW,STATSNZ:CEN23_POP_006(1.0),"Ethnicity (grouped total responses level 1), age, and sex at birth for the census usually resident population count, (RC, TALB, SA2, Health), 2013, 2018, and 2023 Censuses",I,2023,2023,404,Southern,999,Total - ethnicity,09,40-44 years,11,,10221,,,
DATAFLOW,STATSNZ:CEN23_POP_006(1.0),"Ethnicity (grouped total responses level 1), age, and sex at birth for the census usually resident population count, (RC, TALB, SA2, Health), 2013, 2018, and 2023 Censuses",I,2023,2023,404,Southern,999,Total - ethnicity,09,40-44 years,22,,10368,,,
DATAFLOW,STATSNZ:CEN23_POP_006(1.0),"Ethnicity (grouped total responses level 1), age, and sex at birth for the census usually resident population count, (RC, TALB, SA2, Health), 2013, 2018, and 2023 Censuses",I,2023,2023,404,Southern,999,Total - ethnicity,10,45-49 years,11,,10140,,,
DATAFLOW,STATSNZ:CEN23_POP_006(1.0),"Ethnicity (grouped total responses level 1), age, and sex at birth for the census usually resident population count, (RC, TALB, SA2, Health), 2013, 2018, and 2023 Censuses",I,2023,2023,404,Southern,999,Total - ethnicity,10,45-49 years,22,,10230,,,
DATAFLOW,STATSNZ:CEN23_POP_006(1.0),"Ethnicity (grouped total responses level 1), age, and sex at birth for the census usually resident population count, (RC, TALB, SA2, Health), 2013, 2018, and 2023 Censuses",I,2023,2023,404,Southern,999,Total - ethnicity,11,50-54 years,11,,10581,,,
DATAFLOW,STATSNZ:CEN23_POP_006(1.0),"Ethnicity (grouped total responses level 1), age, and sex at birth for the census usually resident population count, (RC, TALB, SA2, Health), 2013, 2018, and 2023 Censuses",I,2023,2023,404,Southern,999,Total - ethnicity,11,50-54 years,22,,11097,,,
DATAFLOW,STATSNZ:CEN23_POP_006(1.0),"Ethnicity (grouped total responses level 1), age, and sex at birth for the census usually resident population count, (RC, TALB, SA2, Health), 2013, 2018, and 2023 Censuses",I,2023,2023,404,Southern,999,Total - ethnicity,12,55-59 years,11,,10212,,,
DATAFLOW,STATSNZ:CEN23_POP_006(1.0),"Ethnicity (grouped total responses level 1), age, and sex at birth for the census usually resident population count, (RC, TALB, SA2, Health), 2013, 2018, and 2023 Censuses",I,2023,2023,404,Southern,999,Total - ethnicity,12,55-59 years,22,,10938,,,
DATAFLOW,STATSNZ:CEN23_POP_006(1.0),"Ethnicity (grouped total responses level 1), age, and sex at birth for the census usually resident population count, (RC, TALB, SA2, Health), 2013, 2018, and 2023 Censuses",I,2023,2023,404,Southern,999,Total - ethnicity,13,60-64 years,11,,10818,,,
DATAFLOW,STATSNZ:CEN23_POP_006(1.0),"Ethnicity (grouped total responses level 1), age, and sex at birth for the census usually resident population count, (RC, TALB, SA2, Health), 2013, 2018, and 2023 Censuses",I,2023,2023,404,Southern,999,Total - ethnicity,13,60-64 years,22,,11208,,,
DATAFLOW,STATSNZ:CEN23_POP_006(1.0),"Ethnicity (grouped total responses level 1), age, and sex at birth for the census usually resident population count, (RC, TALB, SA2, Health), 2013, 2018, and 2023 Censuses",I,2023,2023,404,Southern,999,Total - ethnicity,4,65 years and over,11,,29445,,,
DATAFLOW,STATSNZ:CEN23_POP_006(1.0),"Ethnicity (grouped total responses level 1), age, and sex at birth for the census usually resident population count, (RC, TALB, SA2, Health), 2013, 2018, and 2023 Censuses",I,2023,2023,404,Southern,999,Total - ethnicity,4,65 years and over,22,,32208,,,
