SA22023_V1,SA22023__1,SA22023__2,LAND_AREA_,AREA_SQ_KM,Shape_Leng,Distance to nearest ECP pharmacy,Distance to nearest ECP pharmacy (km),Travel time to nearest ECP pharmacy,Nearest pharmacy name,DHB,Age,"Total people, age",  Median age,  0-14 Years,    0-4 Years,    5-9 Years,    10-14 Years,  15-39 Years,    15-19 Years,    20-24 Years,    25-29 Years,    30-34 Years,    35-39 Years,  40-64 Years,    40-44 Years,    45-49 Years,    50-54 Years,    55-59 Years,    60-64 Years,  65 Years and over,    65-69 Years,    70-74 Years,    75-79 Years,    80-84 Years,    85-89 Years,    90 Years and over,code
100100,North Cape,North Cape,829.1880121999999,829.1880121999999,416039.15106375644,73907.0,73.907,4065.0,Browns Community Pharmacy Kaitaia,Northland,    100100 North Cape,900,47.2,160,50,50,60,220,55,30,40,50,50,310,45,50,70,65,85,200,70,55,45,15,10,5,100100
100200,Rangaunu Harbour,Rangaunu Harbour,274.00429523,274.00429523,149089.11009476893,21844.5,21.8445,1229.9,Browns Community Pharmacy Kaitaia,Northland,    100200 Rangaunu Harbour,1320,40.4,280,80,100,100,370,90,70,70,80,80,420,60,90,90,80,100,240,90,60,50,20,20,0,100200
100400,Karikari Peninsula,Karikari Peninsula,174.44075094,174.44075094,140149.099269678,20256.9,20.2569,1563.0,Doubtless Bay Pharmacy,Northland,    100400 Karikari Peninsula,700,52.4,120,40,40,35,140,25,15,30,35,35,240,25,40,45,60,70,200,70,65,35,15,10,5,100400
100500,Tangonge,Tangonge,177.18211724999998,177.18211724999998,101466.90018332287,11415.6,11.4156,892.2,Far North Pharmacy,Northland,    100500 Tangonge,630,40,140,45,50,45,170,45,25,35,35,35,210,35,35,50,40,50,100,35,30,25,10,5,0,100500
100900,Rangitihi,Rangitihi,84.53998182,84.53998182,60636.30219428675,4083.6,4.0836,240.7,Far North Pharmacy,Northland,    100900 Rangitihi,500,42.8,90,20,35,35,140,40,30,20,25,25,190,30,30,45,45,35,90,35,30,15,5,0,0,100900
103800,Russell,Russell,3.27976731,3.27976731,12456.407417340542,16055.8,16.055799999999998,1707.8,Paihia Pharmacy,Northland,    103800 Russell,390,61,30,10,10,10,50,5,5,10,20,15,150,15,20,25,35,45,160,45,45,45,15,10,0,103800
104000,Mataraua Forest,Mataraua Forest,272.80814467000005,272.80814467000005,101384.42886003776,20105.8,20.1058,1307.4,Unichem Orrs Pharmacy Kaikohe,Northland,    104000 Mataraua Forest,300,35.4,70,25,20,25,90,25,25,10,15,10,100,15,15,20,20,20,40,20,10,10,5,0,0,104000
104101,Matawaia-Taumarere,Matawaia-Taumarere,408.23577413999993,408.23577413999993,184416.5945063533,30007.8,30.0078,2393.1,Kawakawa Pharmacy,Northland,    104101 Matawaia-Taumarere,700,42.5,150,45,55,55,180,40,25,40,40,40,250,40,50,50,50,60,120,50,30,20,10,5,5,104101
104200,Russell Peninsula,Russell Peninsula,26.169101180000006,26.169101180000006,75995.45692108835,12903.0,12.903,1411.2,Paihia Pharmacy,Northland,    104200 Russell Peninsula,340,60.4,30,10,10,10,50,5,10,10,10,10,120,15,15,20,35,40,140,50,35,30,10,5,5,104200
104301,Åpua (Far North District),Opua (Far North District),5.602473160000002,5.827312410000001,19213.437575632768,3873.7,3.8737,296.5,Paihia Pharmacy,Northland,    104301 Opua (Far North district),640,56.1,80,25,25,30,120,20,15,20,30,35,230,30,40,40,55,65,210,70,60,50,20,10,5,104301
104400,Russell Forest-Rawhiti,Russell Forest-Rawhiti,191.36550112999998,191.36550112999998,285203.8009886277,23401.2,23.4012,2181.1,Paihia Pharmacy,Northland,    104400 Russell Forest-Rawhiti,410,47.7,80,20,35,30,100,20,20,25,20,15,130,10,20,25,45,35,90,30,30,20,10,5,0,104400
104501,Moerewa,Moerewa,4.264526070000001,4.264526070000001,19618.906450143597,6634.3,6.6343000000000005,480.8,Kawakawa Pharmacy,Northland,    104501 Moerewa,1040,31.4,280,100,80,100,370,80,70,70,80,70,280,40,60,60,50,60,110,50,30,20,10,0,0,104501
104700,Maromaku,Maromaku,238.33728689999995,238.33728689999995,91910.61513590282,16253.9,16.253899999999998,833.3,Kawakawa Pharmacy,Northland,    104700 Maromaku,460,37.2,120,25,55,45,120,30,15,20,30,25,140,25,25,25,30,40,70,25,20,15,5,5,5,104700
104800,Mangakahia-HÅ«kerenui,Mangakahia-Hukerenui,659.2543300699999,659.2543300699999,183365.29715655535,34211.4,34.211400000000005,2125.6,Unichem Kamo Pharmacy,Northland,    104800 Mangakahia-Hukerenui,1060,38.4,230,70,80,80,320,70,60,50,70,70,350,60,70,70,70,80,160,70,40,30,20,10,0,104800
104900,Whangaruru,Whangaruru,469.26285419000016,469.26285419000016,286979.1442052867,27539.7,27.5397,2178.3,Unichem Kamo Pharmacy,Northland,    104900 Whangaruru,1380,46.7,270,90,90,90,340,60,50,70,80,80,480,60,70,110,120,120,290,110,80,60,30,10,0,104900
105101,Matarau,Matarau,104.41641887,104.41641887,82615.84750963279,10227.6,10.2276,631.2,Unichem Kamo Pharmacy,Northland,    105101 Matarau,1460,43.6,270,70,90,120,380,100,60,60,70,90,560,100,100,120,120,120,240,80,60,50,30,10,10,105101
105300,Kauri,Kauri,56.00841896000001,56.00841896000001,56314.66037890395,7305.9,7.305899999999999,492.6,Unichem Kamo Pharmacy,Northland,    105300 Kauri,950,49.2,160,35,55,75,210,55,30,30,40,60,370,45,70,80,80,90,210,65,65,45,25,5,5,105300
105400,MaungatÄpere,Maungatapere,174.48219043,174.48219043,93344.8457470329,16336.0,16.336,999.4,Unichem Orrs Pharmacy Tui,Northland,    105400 Maungatapere,1900,45.9,360,110,100,150,460,110,60,80,90,120,710,120,110,160,160,150,380,140,100,70,40,20,10,105400
105601,Matapouri-TutukÄkÄ,Matapouri-Tutukaka,78.52793834,78.58700735000001,86800.47700681092,25798.8,25.7988,1828.4,Unichem Kiripaka Buchanans Pharmacy,Northland,    105601 Matapouri-Tutukaka,960,52.6,130,25,45,55,190,45,25,35,45,40,410,60,65,80,85,115,240,85,70,45,25,10,5,105601
105700,Kiripaka,Kiripaka,72.02340648999999,72.02340648999999,75924.0310468165,9631.8,9.6318,527.5,Unichem Kiripaka Buchanans Pharmacy,Northland,    105700 Kiripaka,560,45.9,110,25,35,55,120,30,10,10,25,40,220,35,45,50,45,40,100,45,35,20,5,5,0,105700
105901,Granfield Reserve,Granfield Reserve,5.07285984,5.07285984,14803.115988533962,2860.6,2.8606,298.8,Unichem Kamo Dispensary,Northland,    105901 Granfield Reserve,1830,49.3,270,80,80,110,470,100,70,90,100,110,530,100,90,100,110,120,560,90,100,110,110,90,60,105901
110900,Dome Valley-Matakana,Dome Valley-Matakana,84.76080134,84.76080134,70048.81874497377,6390.1,6.3901,822.9,Matakana Pharmacy,Waitematā DHB,    110900 Dome Valley-Matakana,880,48.1,160,40,65,55,170,50,15,30,30,50,350,65,60,70,70,85,200,60,60,40,25,5,0,110900
111100,Warkworth West,Warkworth West,11.362285400000001,11.362285400000001,22623.614736931686,1686.5,1.6865,183.3,Life Pharmacy Franklin's,Waitematā DHB,    111100 Warkworth West,1400,50.2,240,80,90,70,310,70,40,50,70,80,390,70,70,90,80,70,460,60,70,90,100,60,70,111100
111602,Kaukapakapa Rural,Kaukapakapa Rural,90.82829412999999,90.82829412999999,81674.57955299802,13406.7,13.4067,848.7,Unichem Helensville Pharmacy,Waitematā DHB,    111602 Kaukapakapa Rural,960,42.4,180,45,55,75,270,70,50,50,50,55,370,55,70,105,75,65,130,45,35,25,20,5,5,111602
111700,Snells Beach,Snells Beach,3.82785084,3.82785084,13977.430316396267,685.4,0.6854,62.0,Snells Beach Pharmacy,Waitematā DHB,    111700 Snells Beach,1940,47.9,330,80,140,110,470,90,60,80,100,130,560,110,100,110,100,140,580,140,150,130,80,40,30,111700
111801,Barrier Islands,Barrier Islands,320.27791823999996,321.25522915999994,366743.7537565583,29252.9,29.2529,3175.5,Great Barrier Island Pharmacy,Central Auckland,    111801 Barrier Islands,490,50,70,25,20,25,110,15,15,15,30,30,200,35,30,45,40,50,110,40,25,20,15,5,5,111801
111901,Mahurangi Peninsula,Mahurangi Peninsula,15.345672579999997,15.345672579999997,45350.08548714776,5212.5,5.2125,515.6,Snells Beach Pharmacy,Waitematā DHB,    111901 Mahurangi Peninsula,600,60,70,20,20,25,110,25,10,20,20,30,190,25,25,40,35,60,240,70,60,45,30,20,10,111901
112101,Wainui-Waiwera,Wainui-Waiwera,62.23902084,62.23902084,66555.24547603042,7510.5,7.5105,743.7,Millwater Parkway Pharmacy,Waitematā DHB,    112101 Wainui-Waiwera,880,46,130,40,45,50,250,55,45,45,45,50,330,55,50,80,70,80,170,55,55,30,20,10,5,112101
106100,Whau Valley,Whau Valley,7.17969266,7.17969266,15108.970439215123,3409.7,3.4097,517.5,Unichem Kamo Dispensary,Northland,    106100 Whau Valley,1530,43.9,270,90,80,100,430,90,70,90,100,90,480,70,100,90,110,110,340,90,90,60,70,20,20,106100
106401,Otangarei,Otangarei,0.77428066,0.77428066,4026.1555113794907,1831.9,1.8319,204.6,Kensington Pharmacy Ltd,Northland,    106401 Otangarei,1180,30.5,320,100,110,110,430,100,70,80,100,80,320,50,50,70,60,80,100,40,20,20,20,0,0,106401
106700,Abbey Caves-Glenbervie,Abbey Caves-Glenbervie,32.11053306,32.11053306,39072.26938528719,5302.0,5.302,516.6,Kensington Pharmacy Ltd,Northland,    106700 Abbey Caves-Glenbervie,720,49,110,25,40,50,180,50,30,25,30,40,290,40,50,80,60,55,150,45,45,35,15,5,5,106700
112102,Ara Hill,Ara Hill,0.36104893,0.36104893,3096.9574585907003,2433.8,2.4338,209.6,Millwater Parkway Pharmacy,Waitematā DHB,    112102 Ara Hill,0,..,0,0,0,0,0,0,0,0,0,0,0,0,0,0,0,0,0,0,0,0,0,0,0,112102
112301,Helensville Rural,Helensville Rural,56.407270350000005,56.407270350000005,80081.7677519864,2938.3,2.9383000000000004,398.5,Unichem Helensville Pharmacy,Waitematā DHB,    112301 Helensville Rural,850,42.9,140,40,50,45,250,60,55,45,40,50,340,60,60,85,65,75,120,50,30,25,10,5,5,112301
122600,Forrest Hill North,Forrest Hill North,0.73737086,0.73737086,3742.538146467097,686.7,0.6867000000000001,77.1,Forrest Hill Family Pharmacy,Waitematā DHB,    122600 Forrest Hill North,1310,39.7,240,60,80,100,420,70,90,70,90,100,450,110,100,90,70,70,200,70,50,30,30,10,10,122600
107000,Woodhill-Vinetown,Woodhill-Vinetown,1.38515815,1.38515815,8042.051304561401,957.1,0.9571000000000001,99.0,Orrs Kowhai Pharmacy,Northland,    107000 Woodhill-Vinetown,1600,37.5,270,100,80,80,580,80,90,130,160,120,480,100,80,90,90,110,280,90,60,50,40,30,10,107000
107401,Tarewa,Tarewa,1.04181712,1.04181712,4990.048970453722,192.5,0.1925,27.9,Otaika Pharmacy,Northland,    107401 Tarewa,1120,32.2,300,110,90,100,400,80,70,70,90,90,310,60,60,60,60,70,110,50,30,10,10,10,0,107401
107600,Ngunguru,Ngunguru,3.56894133,3.56894133,17820.875019850148,21051.9,21.0519,1138.7,Unichem Kiripaka Buchanans Pharmacy,Northland,    107600 Ngunguru,630,47.5,110,20,50,40,140,30,10,25,35,35,220,40,45,50,40,50,160,50,35,35,15,15,10,107600
107700,Otaika-Portland,Otaika-Portland,41.50854396,41.50854396,60203.88981397383,7696.6,7.6966,684.4,Otaika Pharmacy,Northland,    107700 Otaika-Portland,740,43.5,140,50,50,40,200,50,30,40,40,40,270,45,45,60,50,70,130,50,35,30,10,5,5,107700
107800,Oakleigh-Mangapai,Oakleigh-Mangapai,323.7736246,323.7736246,144720.89780307328,25879.1,25.879099999999998,1392.3,Otaika Pharmacy,Northland,    107800 Oakleigh-Mangapai,1250,46.4,210,60,80,70,320,80,50,50,60,80,480,70,90,110,110,110,240,100,60,50,20,10,0,107800
108000,PÄtaua,Pataua,128.70798686,128.70798686,129154.8569283121,20445.8,20.4458,1849.2,Unichem Onerahi Pharmacy,Northland,    108000 Pataua,960,47.3,180,40,55,80,220,60,25,35,45,60,390,50,75,85,90,95,160,65,45,30,15,5,5,108000
108500,PÄrua Bay,Parua Bay,39.15885367999999,39.15885367999999,55689.20639682614,13663.8,13.663799999999998,1104.1,Unichem Onerahi Pharmacy,Northland,    108500 Parua Bay,1370,52.9,230,50,80,90,240,50,30,30,50,70,520,80,90,90,120,140,390,110,130,80,50,10,10,108500
108601,Bream Bay,Bream Bay,237.68049175000002,237.68049175000002,140052.0151695282,11122.5,11.1225,929.8,Waipu Pharmacy,Northland,    108601 Bream Bay,1160,48.5,220,60,80,80,270,60,30,40,60,80,410,60,50,100,90,100,260,90,70,50,30,10,0,108601
108900,Bream Head,Bream Head,52.17981642,52.17981642,81358.11178012936,29816.1,29.8161,2009.5,Unichem Onerahi Pharmacy,Northland,    108900 Bream Head,770,54.2,120,35,40,45,150,25,10,25,30,50,270,50,40,45,60,80,240,90,80,40,20,10,0,108900
109004,WaipÅ« Rural,Waipu Rural,133.07832952999993,133.07832952999993,88317.45878484921,7243.7,7.2437,1029.4,Waipu Pharmacy,Northland,    109004 Waipu Rural,970,54.1,150,45,55,50,190,40,25,30,40,50,360,50,50,70,90,105,280,105,85,50,25,10,5,109004
109101,Kaipara Coastal,Kaipara Coastal,1248.0328890299998,1248.0328890299998,321362.6175434312,6127.9,6.1278999999999995,388.8,Unichem Orrs Pharmacy Dargaville,Northland,    109101 Kaipara Coastal,2000,46.3,410,150,150,110,460,110,70,80,110,90,700,90,120,140,160,190,430,160,120,70,50,20,10,109101
109200,Maungaru,Maungaru,691.81280285,691.81280285,174400.94757066935,18772.9,18.7729,1128.4,Unichem Orrs Pharmacy Dargaville,Northland,    109200 Maungaru,930,47.9,160,55,55,55,220,50,35,40,50,40,360,60,50,80,90,80,190,85,50,25,20,10,5,109200
110201,Okahukura Peninsula,Okahukura Peninsula,211.05661523999999,211.05661523999999,202907.25623035312,21021.2,21.0212,1368.5,Wellsford Pharmacy,Waitematā DHB,    110201 Okahukura Peninsula,750,44.5,140,45,50,45,190,40,30,30,40,50,280,50,45,50,60,80,140,55,35,20,20,5,5,110201
110400,Cape Rodney,Cape Rodney,370.68111926000006,370.68111926000006,163228.09020073654,14778.6,14.7786,1570.7,Wellsford Pharmacy,Waitematā DHB,    110400 Cape Rodney,1960,46.7,340,90,130,120,480,100,70,90,100,120,690,110,120,140,150,160,440,170,120,80,40,20,10,110400
110700,South Head,South Head,339.71771259999997,339.71771259999997,208214.05557005783,20244.8,20.244799999999998,1589.9,Unichem Helensville Pharmacy,Waitematā DHB,    110700 South Head,1430,43.8,280,80,100,90,380,90,40,60,80,100,520,80,90,120,110,120,260,80,80,50,30,10,10,110700
110800,Kaipara Hills,Kaipara Hills,282.62113535,282.62113535,127258.54455140089,31436.7,31.436700000000002,2584.2,Matakana Pharmacy,Waitematā DHB,    110800 Kaipara Hills,1120,41.1,260,80,80,100,290,60,40,60,60,80,440,80,70,110,90,90,130,50,40,20,20,10,0,110800
185700,Puniu,Puniu,674.02193239,674.02193239,177314.14275266364,43668.3,43.6683,3770.3,Unichem Marshalls Medical Pharmacy,Waikato,    185700 Puniu,660,37.5,130,40,45,45,220,50,45,35,45,55,230,45,55,45,40,40,80,30,30,10,5,0,0,185700
112701,Orewa North,Orewa North,1.52872348,1.52872348,5738.737477521664,1775.0,1.775,210.2,Unichem Hickeys Pharmacy,Waitematā DHB,    112701 Orewa North,2270,53.5,340,90,110,140,430,90,60,60,110,120,660,140,130,140,130,120,850,150,180,200,160,90,60,112701
113000,Orewa Central,Orewa Central,1.45311509,1.45311509,6971.298305587366,69.0,0.069,20.9,Unichem Hickeys Pharmacy,Waitematā DHB,    113000 Orewa Central,1870,61.8,200,60,70,60,310,60,40,50,80,80,520,90,80,100,100,150,840,170,200,160,120,110,70,113000
113201,Waipatukahu,Waipatukahu,56.11965178999999,56.11965178999999,43401.732108252516,5372.5,5.3725,413.1,Waimauku Pharmacy - Station Road,Waitematā DHB,    113201 Waipatukahu,950,40,190,55,65,70,290,80,50,40,60,55,350,55,65,90,70,70,130,45,25,20,20,10,5,113201
114701,KumeÅ« Rural West,Kumeu Rural West,24.36410971,24.36410971,33800.36518879717,4731.4,4.7314,314.1,Allen's Village Pharmacy,Waitematā DHB,    114701 Kumeu Rural West,890,44.1,120,40,40,40,300,55,60,70,55,55,320,40,55,85,70,70,160,40,45,35,20,15,5,114701
114801,Åkura Bush,Okura Bush,28.266091900000003,28.266091900000003,33721.80446033595,11773.3,11.773299999999999,911.1,Unichem Weiti Pharmacy,Waitematā DHB,    114801 Okura Bush,750,41,140,35,55,45,230,45,40,40,45,55,280,60,45,55,65,60,110,40,35,20,10,5,0,114801
115100,Stanmore Bay East,Stanmore Bay East,1.33763725,1.33763725,4882.052776805121,1106.7,1.1067,123.6,Unichem Stanmore Bay,Waitematā DHB,    115100 Stanmore Bay East,1490,39.7,280,120,80,80,470,80,70,70,130,120,480,90,90,90,100,110,260,70,60,50,30,20,20,115100
185800,TÄ«rau,Tirau,293.09937885000005,293.09937885000005,114987.98043631655,14770.5,14.7705,1027.7,Unichem Putaruru Pharmacy,Waikato,    185800 Tirau,1310,37.3,310,100,110,100,390,70,40,60,120,90,410,60,80,90,80,90,200,80,50,40,10,10,10,185800
188001,Mapara,Mapara,136.00497681,136.00497681,89194.84315062799,15285.8,15.2858,940.4,Unichem MainStreet Taupo Pharmacy,Lakes,    188001 Mapara,610,45.4,120,30,40,50,140,40,15,20,30,35,240,40,45,55,55,45,110,50,30,20,5,5,0,188001
113300,Millwater South,Millwater South,2.41951633,2.41951633,9549.128938174268,1487.8,1.4878,174.5,Chemist Warehouse Silverdale,Waitematā DHB,    113300 Millwater South,2230,37.3,520,140,190,190,720,120,80,100,190,230,770,270,180,140,110,80,210,80,70,40,20,0,0,113300
113600,Kingsway,Kingsway,0.90236356,0.90236356,5648.915658947215,1479.5,1.4795,208.3,Silverdale Clinic Pharmacy,Waitematā DHB,    113600 Kingsway,1180,40.8,220,60,80,90,350,100,80,50,60,70,440,90,90,100,90,70,160,60,40,30,20,10,10,113600
113700,Riverhead Forest,Riverhead Forest,48.43089792,48.43089792,43865.39606708191,9938.5,9.9385,731.0,Waimauku Pharmacy - Silver Fern,Waitematā DHB,    113700 Riverhead Forest,0,22.9,0,0,0,0,0,0,0,0,0,0,0,0,0,0,0,0,0,0,0,0,0,0,0,113700
114101,Silverdale South (Auckland),Silverdale South (Auckland),10.411650649999999,10.411650649999999,28236.556481260068,3975.9,3.9759,246.0,Unichem Weiti Pharmacy,Waitematā DHB,    114101 Silverdale South (Auckland),630,42.1,100,30,25,45,200,50,45,25,45,35,230,30,40,60,50,55,90,40,25,15,10,5,0,114101
114300,Gulf Islands,Gulf Islands,66.10814253,66.10814253,152808.3965879079,8766.5,8.7665,971.2,Unichem Manly Pharmacy,Waitematā DHB,    114300 Gulf Islands,60,66.2,0,0,0,0,0,0,0,0,0,0,20,0,0,0,5,10,30,10,10,5,0,0,0,114300
115700,Gulf Harbour North,Gulf Harbour North,1.7570961,1.7570961,6842.197485248231,6798.4,6.7984,609.0,Unichem Manly Pharmacy,Waitematā DHB,    115700 Gulf Harbour North,1540,41.6,320,90,130,110,410,100,50,60,90,110,560,110,120,140,100,80,250,70,60,60,30,20,0,115700
116000,Army Bay,Army Bay,6.215604279999999,6.215604279999999,15701.877063479098,7323.0,7.323,720.3,Unichem Manly Pharmacy,Waitematā DHB,    116000 Army Bay,820,47.2,120,30,45,45,210,50,50,30,35,45,310,55,60,60,60,75,180,50,45,40,25,15,5,116000
116101,KumeÅ« Rural East,Kumeu Rural East,16.35837104,16.35837104,28160.397083653203,2231.0,2.231,209.9,Allen's Village Pharmacy,Waitematā DHB,    116101 Kumeu Rural East,1370,38.8,270,110,100,70,440,60,70,90,110,110,440,100,80,90,80,90,220,70,50,40,30,20,20,116101
116300,PÄremoremo West,Paremoremo West,9.476975320000001,9.476975320000001,19221.695834736624,7710.5,7.7105,623.2,Allen's Village Pharmacy,Waitematā DHB,    116300 Paremoremo West,570,45.6,80,20,30,30,170,35,35,35,30,30,220,25,35,45,55,55,90,30,25,15,10,10,0,116300
116601,PÄremoremo East,Paremoremo East,14.37044682,14.37044682,25537.744343057006,5710.9,5.7109,429.8,Library Lane Pharmacy,Waitematā DHB,    116601 Paremoremo East,1300,43.6,180,50,60,70,410,90,80,90,90,80,490,70,80,120,110,110,210,80,50,40,20,10,10,116601
117001,Whenuapai,Whenuapai,12.753225939999998,12.753225939999998,26571.209744591204,3837.1,3.8371,337.7,Woolworths Pharmacy Hobsonville,Waitematā DHB,    117001 Whenuapai,2190,34.4,440,200,140,100,870,110,150,180,250,190,630,140,110,140,130,120,250,110,60,40,30,10,10,117001
117002,Whenuapai West,Whenuapai West,4.272556600000001,4.272556600000001,12699.7709153252,939.6,0.9396,87.6,Bargain Chemist Westgate,Waitematā DHB,    117002 Whenuapai West,550,32.6,110,50,45,10,280,25,25,70,95,65,120,40,20,25,25,15,40,15,5,10,0,5,0,117002
117100,WaitÄkere Ranges North,Waitakere Ranges North,86.8052026,86.8052026,61190.17886708256,7655.1,7.6551,556.2,Swanson Pharmacy,Waitematā DHB,    117100 Waitakere Ranges North,650,42,110,25,35,50,190,45,40,30,40,40,250,50,40,55,50,50,100,40,30,20,5,0,0,117100
117201,Torbay West,Torbay West,0.79570493,0.79570493,4284.063143375653,737.7,0.7377,73.5,Unichem Torbay Pharmacy,Waitematā DHB,    117201 Torbay West,1460,40.6,270,60,100,110,440,100,80,70,80,110,520,120,110,110,100,80,220,60,50,50,30,30,10,117201
118200,Browns Bay South West,Browns Bay South West,1.15126945,1.15126945,5077.5119423392125,1840.0,1.84,224.5,Woolworths Pharmacy Browns Bay,Waitematā DHB,    118200 Browns Bay South West,2190,39.9,380,100,120,150,730,150,130,120,140,180,780,190,160,150,130,150,310,120,90,50,30,20,10,118200
118700,Browns Bay South East,Browns Bay South East,0.85598227,0.85598227,4406.838099785394,1529.0,1.529,171.5,Woolworths Pharmacy Browns Bay,Waitematā DHB,    118700 Browns Bay South East,1560,41.4,260,50,90,120,480,110,90,80,90,110,590,150,110,130,110,90,240,100,60,40,20,10,10,118700
118900,Greenhithe West,Greenhithe West,2.72133515,2.72133515,10692.12138217199,414.5,0.4145,46.4,Unichem Greenhithe Pharmacy,Waitematā DHB,    118900 Greenhithe West,1690,45.3,240,60,80,110,500,140,110,90,70,80,680,90,120,180,160,130,260,110,60,50,20,10,0,118900
119301,Inlet Waitemata Harbour,Inlet Waitemata Harbour,0.05712604,79.26472524999998,306779.3259801296,2667.3,2.6673,351.3,Life Pharmacy Birkenhead,Waitematā DHB,    119301 Inlet Waitemata Harbour,30,27.2,0,0,0,0,20,0,5,10,5,0,0,0,0,0,0,0,0,0,0,0,0,0,0,119301
185900,PutÄruru Rural,Putaruru Rural,555.7975979200002,555.7975979200002,165956.1280048062,10570.4,10.5704,2139.0,Unichem Putaruru Pharmacy,Waikato,    185900 Putaruru Rural,1300,37.7,300,90,110,90,390,70,70,60,100,80,420,60,70,100,90,100,200,80,50,30,20,10,10,185900
186100,Kinleith,Kinleith,947.5194139,947.5194139,177272.37966968425,7851.4,7.8514,471.3,Unichem Tokoroa Pharmacy,Waikato,    186100 Kinleith,750,35.3,180,60,55,70,230,40,35,50,65,45,230,30,40,60,50,55,100,40,25,20,10,5,0,186100
117300,Albany Central,Albany Central,3.20948296,3.20948296,9312.784080028656,324.1,0.3241,46.6,Unichem Albany Mega Centre Pharmacy,Waitematā DHB,    117300 Albany Central,550,31.2,80,30,35,15,290,25,90,60,65,50,110,30,25,20,15,20,60,20,15,15,10,5,5,117300
117900,Waiake,Waiake,1.24979644,1.24979644,5819.678315301332,1491.9,1.4919,140.4,Unichem Torbay Pharmacy,Waitematā DHB,    117900 Waiake,2030,41.4,380,100,140,140,580,100,120,90,130,140,740,170,160,150,140,130,330,100,80,60,40,30,20,117900
180000,Hamilton East Cook,Hamilton East Cook,0.73358446,0.73358446,3570.9611684921238,871.3,0.8713,99.4,Campus Pharmacy Waikato,Waikato,    180000 Hamilton East Cook,1120,29.2,240,80,70,90,520,70,160,100,100,80,280,70,60,60,50,50,80,30,20,20,10,10,10,180000
120400,Unsworth Heights East,Unsworth Heights East,1.10831886,1.10831886,4975.461362084231,1263.4,1.2634,112.7,Northcare 7 Day Pharmacy,Waitematā DHB,    120400 Unsworth Heights East,1860,40.6,290,120,90,70,630,90,100,130,160,160,530,110,80,120,110,110,420,90,90,100,80,30,20,120400
120600,Massey Central,Massey Central,0.88378264,0.88378264,5213.991463823778,1081.6,1.0816,156.5,Unichem Massey Pharmacy,Waitematā DHB,    120600 Massey Central,1800,32,430,150,150,140,740,100,130,160,180,160,470,120,110,90,90,70,160,60,50,20,10,10,10,120600
121001,Bayview East (Auckland),Bayview East (Auckland),1.37433148,1.37433148,6063.666812261281,2565.2,2.5652,299.9,Unichem Northern Clinic Pharmacy,Waitematā DHB,    121001 Bayview East (Auckland),1920,35.2,370,120,130,130,760,90,110,170,210,180,610,170,120,120,110,90,180,60,40,40,20,10,10,121001
121200,Sunnynook South,Sunnynook South,0.80160094,0.80160094,4179.8172169265235,703.7,0.7037,68.6,Unichem Sunnynook Pharmacy,Waitematā DHB,    121200 Sunnynook South,1380,37.4,240,70,70,90,510,70,100,100,130,110,470,110,110,100,80,60,170,60,40,30,20,10,10,121200
121500,Totara Vale North,Totara Vale North,0.86577248,0.86577248,4153.525046645274,1369.1,1.3691,209.0,Sunnynook Link Pharmacy,Waitematā DHB,    121500 Totara Vale North,1710,35.2,290,110,90,80,710,80,100,200,190,150,530,130,90,100,100,110,190,60,50,30,20,10,10,121500
130901,Glen Eden Woodglen,Glen Eden Woodglen,0.91700663,0.91700663,4165.181426243297,1095.8,1.0957999999999999,160.6,Westview Pharmacy,Waitematā DHB,    130901 Glen Eden Woodglen,1550,36,300,100,80,110,580,100,90,100,140,140,510,130,100,110,80,80,160,70,30,30,20,10,0,130901
122802,Birkdale Central,Birkdale Central,0.99231453,0.99231453,4826.839760552771,122.9,0.12290000000000001,19.5,Birkdale Pharmacy 1998 Ltd,Waitematā DHB,    122802 Birkdale Central,1640,34.3,340,120,100,110,660,90,110,140,170,160,480,140,110,100,70,70,160,50,30,30,20,10,10,122802
123600,Forrest Hill East,Forrest Hill East,0.92449264,0.92449264,4209.046943321913,962.1,0.9621000000000001,106.6,Coast Care Pharmacy,Waitematā DHB,    123600 Forrest Hill East,1830,40.1,310,80,110,120,600,120,130,110,120,130,670,150,140,160,120,100,250,80,60,50,30,20,10,123600
124600,Glenfield East,Glenfield East,0.6185098,0.6185098,3412.4598108326672,973.0,0.973,105.0,Chemist Warehouse Wairau Valley,Waitematā DHB,    124600 Glenfield East,1250,36.1,200,70,50,70,500,70,100,120,110,100,390,100,70,90,70,70,160,50,40,30,30,10,0,124600
124700,Henderson Valley,Henderson Valley,15.03789516,15.03789516,25782.044474086946,4675.1,4.6751000000000005,358.3,Henderson Valley Pharmacy,Waitematā DHB,    124700 Henderson Valley,710,42.7,120,25,45,50,200,45,40,35,40,45,280,55,65,55,60,45,100,35,30,25,5,5,0,124700
125000,RÄnui South East,Ranui South East,0.94471267,0.94471267,6311.376978866758,1191.0,1.191,140.1,Ranui Pharmacy,Waitematā DHB,    125000 Ranui South East,1610,34.1,340,90,120,120,630,120,110,140,120,140,490,120,90,90,90,80,150,50,40,30,20,10,0,125000
125201,Birkenhead West,Birkenhead West,1.04198991,1.04198991,5490.945179802564,1495.8,1.4958,151.8,Life Pharmacy Birkenhead,Waitematā DHB,    125201 Birkenhead West,1590,41.1,220,70,70,90,540,70,80,130,130,130,440,110,90,100,80,50,380,50,50,90,100,50,30,125201
142101,Mount Roskill Central East,Mount Roskill Central East,0.84158758,0.84158758,4108.627005690024,1605.7,1.6057000000000001,162.1,Hillsborough Pharmacy,Central Auckland,    142101 Mount Roskill Central East,1850,36,300,110,100,90,730,100,110,160,220,140,600,130,110,110,120,120,220,80,50,30,30,10,10,142101
125202,Birkenhead North West,Birkenhead North West,1.10743846,1.10743846,5982.471961530375,1227.7,1.2277,140.1,Hillcrest Central Pharmacy,Waitematā DHB,    125202 Birkenhead North West,870,38.5,150,60,40,50,300,35,40,65,85,75,300,65,65,75,50,45,120,25,30,30,15,5,10,125202
126000,Summerland South,Summerland South,1.33401074,1.33401074,5568.647858434717,2768.4,2.7684,273.4,Henderson Valley Pharmacy,Waitematā DHB,    126000 Summerland South,1690,38.8,310,80,120,110,570,100,110,120,120,130,540,120,110,110,100,100,280,80,60,60,40,30,10,126000
126701,Henderson North,Henderson North,0.59171632,0.59171632,5097.980610729852,607.7,0.6077,93.5,Unichem Ratanui Pharmacy,Waitematā DHB,    126701 Henderson North,1100,35.8,220,70,80,70,410,60,80,80,100,90,320,70,50,70,70,60,160,40,40,30,30,10,10,126701
126702,Henderson West,Henderson West,1.08658955,1.08658955,5258.575994401262,1663.0,1.663,155.7,Henderson Discount Pharmacy,Waitematā DHB,    126702 Henderson West,1570,36.8,300,90,110,100,570,90,90,120,120,150,470,110,90,90,90,80,230,70,60,40,30,20,10,126702
130100,Glen Eden Rosier,Glen Eden Rosier,1.24429955,1.24429955,6840.371885250764,2169.7,2.1696999999999997,250.6,Westview Pharmacy,Waitematā DHB,    130100 Glen Eden Rosier,1810,35.8,380,120,120,130,670,110,110,120,160,170,560,140,120,130,90,90,190,70,50,50,20,10,0,130100
152800,MÄngere South East,Mangere South East,4.32709836,4.32709836,19241.8578010207,2534.0,2.534,249.6,Turuki Pharmacy,CM Health,    152800 Mangere South East,2130,30.9,430,130,130,170,910,180,230,180,180,140,590,120,120,140,120,90,190,80,50,40,20,10,0,152800
127001,Te AtatÅ« South-North,Te Atatu South-North,1.09082719,1.22646129,6109.598570475368,527.0,0.527,74.3,Unichem All Seasons Pharmacy,Waitematā DHB,    127001 Te Atatu South-North,1750,36.7,300,100,110,90,670,110,100,140,170,150,550,130,90,120,110,90,230,90,60,30,30,20,10,127001
127100,Northcote Central (Auckland),Northcote Central (Auckland),0.68674537,0.68674537,3536.3562354604255,381.0,0.381,36.7,Northcote Unichem Pharmacy,Waitematā DHB,    127100 Northcote Central (Auckland),1350,34.2,200,70,60,70,600,60,100,160,180,100,350,100,60,70,60,60,200,50,40,30,40,30,10,127100
127601,Waiatarua,Waiatarua,11.36501966,11.36501966,24291.331386386177,6298.4,6.2984,534.4,McLaren Park Pharmacy,Waitematā DHB,    127601 Waiatarua,1140,44,170,50,50,60,350,70,70,60,70,80,430,70,90,100,90,90,190,60,50,40,20,10,0,127601
127801,Henderson Valley Park,Henderson Valley Park,0.96924252,0.96924252,5724.287126899489,1011.9,1.0119,103.2,Henderson Valley Pharmacy,Waitematā DHB,    127801 Henderson Valley Park,1510,32.2,350,120,110,110,610,110,110,130,130,130,400,100,80,80,70,60,160,50,30,30,20,10,10,127801
128000,WaitÄkere Ranges South,Waitakere Ranges South,101.55291731000001,101.55291731000001,62679.20928163844,18224.7,18.224700000000002,1263.4,Henderson Valley Pharmacy,Waitematā DHB,    128000 Waitakere Ranges South,570,45.7,90,25,35,30,140,30,15,20,40,40,230,45,45,45,45,50,110,50,30,15,5,5,0,128000
130200,Saint Marys Bay,Saint Marys Bay,0.83433083,1.50584539,5191.045395973953,1387.6,1.3876,246.2,Unichem Wynyard Pharmacy,Central Auckland,    130200 Saint Marys Bay,1030,48.9,80,10,20,40,330,40,50,80,90,80,380,50,70,80,90,90,240,60,60,60,30,10,10,130200
188200,WairÄkei-Broadlands,Wairakei-Broadlands,409.99504595999997,409.99504595999997,127366.25032502854,22660.2,22.6602,1701.8,Unichem Medical Centre Pharmacy Taupo,Lakes,    188200 Wairakei-Broadlands,630,35.7,120,35,45,45,230,45,50,35,55,45,200,35,45,40,45,30,80,40,20,15,5,0,0,188200
309300,Westport Rural,Westport Rural,90.06425586,90.06425586,66620.2518319635,7320.7,7.3206999999999995,676.9,Buller Pharmacy,West Coast,    309300 Westport Rural,620,54.7,90,25,25,40,110,30,10,20,15,30,250,35,35,50,55,75,180,50,55,40,20,5,10,309300
128101,Northcote Tuff Crater,Northcote Tuff Crater,1.1140613,1.1140613,5885.595250402579,2287.6,2.2876,286.9,Northcote Unichem Pharmacy,Waitematā DHB,    128101 Northcote Tuff Crater,1160,36,150,50,50,40,500,50,90,130,130,100,330,80,60,60,60,70,180,60,50,30,10,20,10,128101
129000,Sunnyvale West-Parrs Park,Sunnyvale West-Parrs Park,0.84168195,0.84168195,4172.078086254509,1972.3,1.9723,235.7,McLaren Park Pharmacy,Waitematā DHB,    129000 Sunnyvale West-Parrs Park,1380,32.7,310,110,90,110,570,110,90,100,140,130,390,100,80,90,60,50,110,40,30,20,10,10,0,129000
129600,Glen Eden West,Glen Eden West,1.15463445,1.15463445,5879.480092904132,2606.5,2.6065,272.3,McLaren Park Pharmacy,Waitematā DHB,    129600 Glen Eden West,1960,34.5,430,150,130,150,750,150,120,130,170,180,570,130,110,110,110,110,220,60,50,40,30,20,20,129600
130000,Oratia,Oratia,17.19058978,17.19058978,26984.441577169535,5287.1,5.287100000000001,374.0,Titirangi Pharmacy,Waitematā DHB,    130000 Oratia,1070,44.8,160,30,60,70,300,90,60,40,50,60,440,70,80,110,100,80,160,70,50,20,20,10,0,130000
207400,Maungataniwha-Raupunga,Maungataniwha-Raupunga,2081.7334676200007,2081.7334676200007,331639.3743984031,64669.0,64.669,6643.2,Wairoa Pharmacy,Hawkes Bay,    207400 Maungataniwha-Raupunga,630,35.5,160,60,50,55,180,40,35,30,45,35,210,35,45,40,45,45,80,30,20,20,5,0,5,207400
130902,Glen Eden Konini,Glen Eden Konini,1.087417,1.087417,6244.53212972163,2873.6,2.8735999999999997,321.5,Westview Pharmacy,Waitematā DHB,    130902 Glen Eden Konini,1430,37.3,310,110,100,100,490,110,60,80,110,140,480,110,110,110,80,70,150,60,30,30,20,0,0,130902
131700,Avondale West (Auckland),Avondale West (Auckland),0.73969101,0.73969101,4559.784402368006,1243.9,1.2439,128.6,Prochem Pharmacy,Central Auckland,    131700 Avondale West (Auckland),2080,34,430,150,140,140,800,120,150,170,210,150,590,140,120,110,120,110,250,100,40,50,30,20,10,131700
131802,College Hill,College Hill,0.09885602,0.09885602,1418.3464025958638,476.5,0.4765,96.6,Auckland Central Pharmacy ,Central Auckland,    131802 College Hill,300,37,20,10,5,5,150,10,10,45,45,45,100,20,25,20,20,15,20,10,5,5,0,0,0,131802
132002,Avondale North East (Auckland),Avondale North East (Auckland),0.49739009,0.49739009,3491.750849868719,595.2,0.5952000000000001,91.5,Avondale Family Chemist,Central Auckland,    132002 Avondale North East (Auckland),1250,35.7,230,100,70,60,510,70,60,100,140,130,380,90,90,70,70,60,140,40,30,30,20,10,10,132002
133400,Hobson Ridge Central,Hobson Ridge Central,0.0633195,0.0633195,1021.3115312182898,4.3,0.0043,0.5,Hobson Street Pharmacy,Central Auckland,    133400 Hobson Ridge Central,1770,29.2,120,60,40,20,1360,110,320,420,360,150,240,80,50,50,30,30,50,20,10,10,0,0,0,133400
208700,Poukawa,Poukawa,339.92122105,339.92122105,107452.27468054226,18533.6,18.5336,920.3,Unichem Russell Street Pharmacy,Hawkes Bay,    208700 Poukawa,730,45.3,130,35,40,50,200,55,30,35,45,40,270,30,55,55,60,70,130,45,30,30,15,5,5,208700
133500,Grey Lynn East,Grey Lynn East,0.57979641,0.57979641,4293.242738818178,602.9,0.6029,81.7,Woolworths Pharmacy Ponsonby,Central Auckland,    133500 Grey Lynn East,910,34.1,80,35,20,25,510,25,75,140,160,105,260,65,60,50,45,35,60,25,15,15,5,0,0,133500
134100,Queen Street South West,Queen Street South West,0.22878282,0.22878282,2155.960012186129,573.7,0.5737000000000001,92.0,Newton Pharmacy,Central Auckland,    134100 Queen Street South West,930,32.3,60,25,20,15,590,45,115,150,185,90,210,50,45,45,35,30,80,30,20,15,10,5,0,134100
134301,Karangahape West,Karangahape West,0.16918548,0.16918548,1873.8119182921278,465.2,0.4652,77.3,Newton A-Z Pharmacy,Central Auckland,    134301 Karangahape West,520,37.9,30,15,10,10,250,15,40,60,75,55,150,30,30,30,30,30,90,30,30,15,10,0,0,134301
135300,Symonds Street West,Symonds Street West,0.14550655,0.14550655,2001.5111297645003,381.5,0.3815,63.1,Lambs Pharmacy & Natural Therapies Centre,Central Auckland,    135300 Symonds Street West,1670,28.8,90,40,30,30,1250,120,360,350,280,140,250,70,50,50,40,40,70,30,20,10,10,0,0,135300
136700,Titirangi South,Titirangi South,4.737419930000002,4.737419930000002,17042.103346612323,2516.7,2.5166999999999997,344.0,Titirangi Pharmacy,Waitematā DHB,    136700 Titirangi South,2000,46.2,310,60,100,150,520,130,100,70,100,110,840,140,170,190,180,160,340,120,80,80,40,20,0,136700
136801,Åwairaka East,Owairaka East,0.47504654,0.47504654,3360.8140425011516,975.8,0.9758,103.1,Lockington's Original Pharmacy,Central Auckland,    136801 Owairaka East,1180,35,220,80,90,50,470,70,80,110,120,100,360,90,80,80,60,50,130,40,40,20,20,10,0,136801
137500,Laingholm,Laingholm,4.07829951,4.07829951,11082.852987191225,6457.5,6.4575,596.5,Titirangi Pharmacy,Waitematā DHB,    137500 Laingholm,1220,42.6,230,60,70,100,330,90,60,40,60,80,500,90,110,120,90,80,150,60,50,30,10,0,0,137500
140601,Mount Roskill North East,Mount Roskill North East,0.6470971,0.6470971,3899.5092089266464,1053.9,1.0539,149.2,3 Kings Plaza Pharmacy,Central Auckland,    140601 Mount Roskill North East,1230,34.2,260,80,90,90,450,100,80,100,80,80,380,80,80,70,70,80,150,50,30,30,20,10,0,140601
140700,Mount Roskill Central South,Mount Roskill Central South,1.20198841,1.20198841,4778.4812586237085,586.2,0.5862,53.1,Unichem Roskill Village Pharmacy,Central Auckland,    140700 Mount Roskill Central South,1170,32.5,270,90,100,80,470,80,70,100,120,90,320,70,60,60,60,60,120,30,30,20,20,10,10,140700
142801,One Tree Hill Oranga,One Tree Hill Oranga,0.52824459,0.52824459,3569.83927397888,1403.2,1.4032,155.6,Unichem One Tree Hill Pharmacy,Central Auckland,    142801 One Tree Hill Oranga,1170,36.1,180,70,50,60,500,50,80,110,130,120,360,90,80,70,70,60,130,50,30,20,20,10,0,142801
144101,Onehunga West,Onehunga West,0.97468179,0.97468179,4264.823935462668,1057.4,1.0574000000000001,121.9,Vaiola Pharmacy,Central Auckland,    144101 Onehunga West,1830,38.4,260,90,70,100,700,110,110,160,180,140,640,140,130,130,130,120,230,70,60,40,30,20,10,144101
144600,Oneroa West,Oneroa West,8.42023738,8.42023738,25913.73951144275,1556.9,1.5569000000000002,203.2,Unichem Waiheke Pharmacy,Central Auckland,    144600 Oneroa West,710,52.9,80,20,25,35,160,25,20,15,45,55,260,40,40,60,55,70,210,65,65,55,20,5,5,144600
144800,Ellerslie South,Ellerslie South,0.82983517,0.82983517,4816.779270359789,707.1,0.7071000000000001,75.4,Unichem Ellerslie Pharmacy,Central Auckland,    144800 Ellerslie South,1390,37.4,240,70,90,70,540,60,70,130,140,140,460,130,100,90,80,60,150,60,50,30,20,0,10,144800
145600,Te Papapa,Te Papapa,0.71087643,0.71087643,3968.576787505269,864.1,0.8641,85.2,Unichem Mt Smart Pharmacy,Central Auckland,    145600 Te Papapa,1740,36.2,330,110,110,110,680,80,100,150,170,170,570,150,110,130,100,90,170,60,40,20,30,10,10,145600
146100,MÄngere Bridge Ambury,Mangere Bridge Ambury,3.14007076,3.14007076,13737.025933437777,2071.7,2.0717,191.5,Mangere Bridge Pharmacy,CM Health,    146100 Mangere Bridge Ambury,1950,39.8,410,120,140,140,570,110,100,100,120,140,650,120,130,140,130,130,320,80,80,70,50,20,20,146100
146900,Oneroa East-Palm Beach,Oneroa East-Palm Beach,3.67260661,3.67260661,17329.432960114747,2518.9,2.5189,255.6,Ostend Village Pharmacy,Central Auckland,    146900 Oneroa East-Palm Beach,640,51.2,80,20,30,25,140,20,20,15,45,35,240,40,50,50,45,55,180,55,65,40,15,5,0,146900
147202,Mount Wellington Hamlin,Mount Wellington Hamlin,0.56965007,0.56965007,3391.8136390604327,840.0,0.84,138.7,Chemist Warehouse Sylvia Park,Central Auckland,    147202 Mount Wellington Hamlin,1470,35.2,220,70,70,80,650,90,100,150,170,140,420,110,90,70,60,80,170,50,40,30,20,10,20,147202
147600,Surfdale,Surfdale,2.6131379,2.6131379,14438.879525984597,1757.8,1.7578,166.6,Ostend Village Pharmacy,Central Auckland,    147600 Surfdale,1040,46.8,140,50,50,40,290,50,30,30,80,90,400,70,80,90,90,80,220,60,70,60,20,10,0,147600
147900,Auckland Airport,Auckland Airport,23.050037080000006,23.050037080000006,46766.32888775641,2333.3,2.3333000000000004,257.2,Chemist Warehouse Auckland Airport Shopping Centre,CM Health,    147900 Auckland Airport,330,36.4,70,25,30,15,110,20,15,20,25,30,110,20,20,25,20,25,30,10,5,5,5,0,0,147900
148700,Ostend,Ostend,3.91356529,3.91356529,15750.382147107957,920.4,0.9204,97.0,Ostend Village Pharmacy,Central Auckland,    148700 Ostend,950,48.8,100,30,35,40,280,70,35,30,70,75,330,50,70,70,75,65,240,65,75,55,30,5,10,148700
148800,Half Moon Bay North East,Half Moon Bay North East,0.64602972,0.64602972,3263.5491261712377,1007.0,1.007,109.8,Unichem Marina Pharmacy,CM Health,    148800 Half Moon Bay North East,1070,41.5,190,30,60,110,310,90,70,50,50,60,400,90,80,90,70,60,170,60,40,30,20,10,10,148800
186200,Paraonui,Paraonui,2.36081178,2.36081178,6727.000891848832,2708.3,2.7083000000000004,277.3,Unichem Tokoroa Pharmacy,Waikato,    186200 Paraonui,1000,42.3,200,55,65,75,270,60,50,55,60,55,310,55,45,70,75,65,220,65,55,45,20,15,15,186200
148901,MÄngere West,Mangere West,0.72888456,0.72888456,3651.534643107869,858.1,0.8581,94.2,Airport Oaks Pharmacy,CM Health,    148901 Mangere West,1940,27.4,500,150,160,190,800,190,200,150,140,120,470,100,90,110,100,70,160,50,40,40,20,10,0,148901
149200,Sunnyhills East,Sunnyhills East,0.87339849,0.87339849,4029.6984250184414,2259.1,2.2591,213.4,Woolworths Pharmacy Highland Park ,CM Health,    149200 Sunnyhills East,1930,43,310,70,90,140,550,120,110,110,100,110,600,160,140,120,100,80,470,80,90,90,90,70,60,149200
149901,Äwhitu,Awhitu,221.40131946999992,221.40131946999992,142195.68963334183,18056.4,18.0564,1159.1,Unichem Waiuku Pharmacy,CM Health,    149901 Awhitu,1500,49.6,220,60,70,90,350,90,70,50,60,70,590,90,100,110,140,150,330,120,90,60,30,10,10,149901
150200,MÄngere Central,Mangere Central,1.44506521,1.44506521,5300.364067394158,75.5,0.0755,25.3,Mangere Health Centre Pharmacy,CM Health,    150200 Mangere Central,2040,29.6,520,160,170,190,770,190,170,150,130,130,540,130,110,120,90,90,200,60,50,40,30,10,10,150200
150800,Sutton Park,Sutton Park,0.73071047,0.73071047,4246.562696375261,1490.1,1.4901,157.9,Hunt's Pharmacy Mangere East,CM Health,    150800 Sutton Park,2120,29.3,560,180,170,210,840,170,190,170,170,150,530,110,100,110,110,100,190,60,50,30,20,10,10,150800
152900,Botany Downs East,Botany Downs East,0.67737026,0.67737026,3456.873089257424,1098.5,1.0985,115.4,Unichem John Savory Pharmacy,CM Health,    152900 Botany Downs East,1230,41.3,230,60,80,90,360,60,60,60,80,90,400,110,90,70,70,60,240,60,60,50,40,20,10,152900
151000,MÄngere South,Mangere South,0.83316281,0.83316281,5184.600288725215,1370.2,1.3702,231.9,Unichem Mangere Pharmacy,CM Health,    151000 Mangere South,1970,29.6,470,140,150,180,820,180,200,140,160,130,530,110,100,120,110,90,140,50,40,30,20,10,0,151000
151600,MÄngere Mascot,Mangere Mascot,0.78456968,0.78456968,4053.513200816183,763.2,0.7632000000000001,72.4,Turuki Pharmacy,CM Health,    151600 Mangere Mascot,2050,30.6,500,160,150,190,790,170,190,140,150,140,520,120,100,110,100,90,230,80,60,50,30,10,0,151600
151700,Waiheke East,Waiheke East,87.58480818999999,87.58480818999999,146687.20339178713,14812.7,14.812700000000001,1325.1,Ostend Village Pharmacy,Central Auckland,    151700 Waiheke East,530,53.2,50,10,20,20,120,35,10,20,25,30,250,30,40,50,65,60,130,35,50,25,15,0,0,151700
152201,Botany Downs West,Botany Downs West,1.02749607,1.02749607,6173.748227438531,1270.9,1.2709000000000001,128.9,Family Care Pharmacy,CM Health,    152201 Botany Downs West,1770,41.5,300,80,100,120,550,100,100,110,120,120,640,140,130,120,130,110,290,100,70,50,40,20,10,152201
152300,East Tamaki,East Tamaki,7.776839329999998,7.776839329999998,24713.41802641861,1036.4,1.0364,150.3,Highbrook Pharmacy,CM Health,    152300 East Tamaki,140,40.6,20,10,5,5,50,5,5,10,15,15,60,10,5,10,15,10,20,10,5,0,0,0,0,152300
152400,Howick East,Howick East,1.109335640000001,1.109335640000001,5207.069202949557,668.4,0.6684,71.7,Unichem John Savory Pharmacy,CM Health,    152400 Howick East,1970,40.2,380,120,150,110,590,90,90,110,150,160,640,160,130,120,110,110,360,90,80,70,50,40,30,152400
152600,Massey Road South,Massey Road South,0.32471635,0.32471635,2392.2823685210224,820.5,0.8205,92.2,Hunt's Pharmacy Mangere East,CM Health,    152600 Massey Road South,960,30.6,240,75,85,85,370,70,90,65,75,75,260,60,55,60,50,35,90,35,25,10,10,5,5,152600
153200,Aorere North,Aorere North,0.33000405,0.33000405,3272.3246777772515,846.3,0.8462999999999999,88.3,Graeme Avenue Pharmacy,CM Health,    153200 Aorere North,870,30.2,200,50,70,75,360,75,85,70,60,65,230,50,45,50,40,35,80,30,20,15,10,5,0,153200
155500,Manukau Central,Manukau Central,11.413424,11.413424,39871.86045421734,3632.8,3.6328,453.0,Cavendish Drive Pharmacy,CM Health,    155500 Manukau Central,550,35,80,35,25,20,250,25,30,65,70,55,160,35,30,25,30,35,60,25,15,10,5,5,0,155500
156400,Te Puru,Te Puru,7.29555258,7.39502698,19750.78160829052,1753.1,1.7530999999999999,148.9,Pohutukawa Coast Pharmacy,CM Health,    156400 Te Puru,2250,42.7,450,130,160,160,590,150,110,90,100,140,890,170,210,220,150,140,330,110,100,70,30,10,0,156400
157000,Puhinui East,Puhinui East,0.60379965,0.60379965,4095.632198026527,726.5,0.7265,129.1,ProHealth Manukau Pharmacy,CM Health,    157000 Puhinui East,1460,34.2,280,100,90,90,600,70,90,140,170,120,400,90,80,90,80,70,180,60,40,30,20,10,10,157000
157101,Turanga,Turanga,84.59673088,84.59673088,84060.15638908626,8795.6,8.7956,544.4,Pohutukawa Coast Pharmacy,CM Health,    157101 Turanga,1660,46.3,230,60,70,110,490,140,110,80,80,80,630,80,110,150,160,130,310,120,70,60,30,20,10,157101
157200,Rongomai East,Rongomai East,0.58119553,0.58119553,3344.8888336567225,1239.2,1.2392,126.4,Dawson Road Pharmacy,CM Health,    157200 Rongomai East,1180,29.6,330,100,110,110,470,90,70,110,100,100,300,60,50,70,60,50,80,30,20,10,10,0,0,157200
157301,Ormiston North,Ormiston North,1.67099825,1.67099825,5749.356134008069,525.0,0.525,78.6,Ormiston Kiwi Chemist,CM Health,    157301 Ormiston North,1190,38.3,220,50,80,100,420,80,60,70,90,120,410,120,90,70,60,70,130,60,30,20,10,10,0,157301
157600,Wiri West,Wiri West,8.030033,8.030033,17684.021162137506,1728.1,1.7281,177.0,Unichem Browns Road Pharmacy,CM Health,    157600 Wiri West,480,36.4,60,25,20,25,220,20,35,55,45,65,170,50,35,45,20,15,20,10,5,0,0,0,0,157600
158800,Burbank,Burbank,0.64850809,0.64850809,3288.805591937409,365.5,0.3655,46.7,Unichem Peter Boles Pharmacy,CM Health,    158800 Burbank,2190,28.2,590,170,210,210,910,200,180,200,190,150,550,130,110,130,100,80,140,50,40,30,10,10,0,158800
159000,Totara Heights,Totara Heights,0.85443089,0.85443089,3964.8202161335903,1866.6,1.8665999999999998,188.5,Unichem Hillpark Pharmacy,CM Health,    159000 Totara Heights,1590,35.2,320,110,100,110,610,100,90,130,150,140,480,120,100,90,90,90,180,70,50,40,20,10,0,159000
159801,Karaka Creek,Karaka Creek,35.040375530000006,35.040375530000006,57980.675671491335,17822.4,17.822400000000002,1003.0,Unichem Karaka Pharmacy,CM Health,    159801 Karaka Creek,860,48.2,140,30,50,55,210,50,25,35,45,55,340,55,50,80,85,70,170,65,40,25,25,10,5,159801
160201,Weymouth West,Weymouth West,0.49584607,0.49584607,2970.2393379467603,647.7,0.6477,104.2,Weymouth Whanau Pharmacy,CM Health,    160201 Weymouth West,1310,30.5,330,100,110,120,540,100,110,100,110,120,340,80,80,60,60,60,100,50,20,20,10,0,0,160201
160300,Hillpark South,Hillpark South,1.0814648,1.0814648,4601.292043136995,554.2,0.5542,65.2,Hill Road Pharmacy,CM Health,    160300 Hillpark South,1900,33.9,390,140,120,120,760,120,100,170,210,170,510,120,90,110,110,90,230,70,60,40,30,20,10,160300
160501,Weymouth East,Weymouth East,0.67435752,0.67435752,4345.84756619329,1282.2,1.2822,169.4,Clendon Pharmacy,CM Health,    160501 Weymouth East,1510,30.8,380,110,130,140,620,130,110,110,140,130,390,90,80,80,80,60,120,40,40,20,10,10,0,160501
161000,Randwick Park East,Randwick Park East,0.74726124,0.74726124,4878.412539245042,2276.5,2.2765,228.4,Southmall Pharmacy,CM Health,    161000 Randwick Park East,1390,32.9,330,110,110,110,530,90,90,110,130,120,400,100,90,90,60,50,120,50,30,20,10,0,0,161000
161400,Kingseat-Karaka,Kingseat-Karaka,86.68334806000003,86.68334806000003,80943.37036244036,8622.0,8.622,579.9,Unichem Karaka Pharmacy,CM Health,    161400 Kingseat-Karaka,1550,44.7,290,90,110,100,380,70,70,80,80,90,600,110,120,120,110,140,280,110,60,40,30,10,20,161400
161900,Conifer Grove East,Conifer Grove East,0.6541923,0.6541923,4977.073038163966,603.6,0.6036,71.3,Takanini Urgent Pharmacy,CM Health,    161900 Conifer Grove East,1270,33.4,320,100,130,100,450,70,70,90,110,110,320,80,60,60,70,50,170,60,40,40,10,10,10,161900
170201,PÅkeno Rural,Pokeno Rural,85.78771671999999,85.78771671999999,71296.46764087536,4461.1,4.4611,364.1,Pokeno Pharmacy,Waikato,    170201 Pokeno Rural,870,40.5,180,60,50,70,250,45,35,40,60,70,300,55,55,65,65,55,140,50,45,25,10,10,5,170201
170400,Port Waikato-Waikaretu,Port Waikato-Waikaretu,210.14232847000005,210.14232847000005,93049.85222513179,44738.3,44.7383,3587.6,Unichem Tuakau Pharmacy,Waikato,    170400 Port Waikato-Waikaretu,430,45.7,60,20,25,20,130,30,30,15,30,25,150,20,25,25,45,35,90,25,25,20,10,5,5,170400
170600,Pukekawa,Pukekawa,140.89161897,140.89161897,65609.64322489682,16279.5,16.2795,930.9,Unichem Tuakau Pharmacy,Waikato,    170600 Pukekawa,840,41.8,170,45,60,65,240,55,55,40,40,50,320,50,50,85,80,60,120,50,35,20,10,5,0,170600
162000,Takanini West,Takanini West,0.68632749,0.68632749,4577.055752380609,791.6,0.7916,101.1,Takanini Urgent Pharmacy,CM Health,    162000 Takanini West,1620,30.2,420,160,150,120,720,100,120,170,190,150,340,90,70,60,60,60,130,50,30,20,10,10,10,162000
162300,Ardmore,Ardmore,44.27076948999999,44.27076948999999,46405.642269774246,4629.8,4.6298,322.2,Unichem Clevedon Road Pharmacy,CM Health,    162300 Ardmore,720,41.7,130,45,35,45,220,40,40,40,50,55,260,40,45,60,55,55,110,35,35,25,15,5,0,162300
162400,Glenbrook,Glenbrook,53.15872802,53.15872802,68749.09791625383,7106.1,7.1061000000000005,498.4,Unichem Waiuku Pharmacy,CM Health,    162400 Glenbrook,1300,43,250,80,80,90,340,80,50,60,80,90,480,90,80,110,90,110,220,90,60,30,30,10,10,162400
162500,Hingaia,Hingaia,3.61704773,3.61704773,16055.290521908795,1287.7,1.2877,208.2,Unichem Karaka Pharmacy,CM Health,    162500 Hingaia,1370,46.5,250,60,100,80,330,60,50,70,60,80,400,80,70,80,80,80,390,80,80,100,60,40,30,162500
162601,Takanini South East,Takanini South East,0.8287626,0.8287626,3819.182496944643,1311.9,1.3119,146.5,Unichem Clevedon Road Pharmacy,CM Health,    162601 Takanini South East,1000,29.9,290,150,80,60,550,30,60,120,190,150,140,60,30,30,20,10,20,10,0,0,0,0,0,162601
162701,Kawakawa Bay-Orere,Kawakawa Bay-Orere,210.06160959000002,210.06160959000002,113692.26534720803,10750.5,10.7505,887.8,Clevedon Village Pharmacy,CM Health,    162701 Kawakawa Bay-Orere,1070,49.5,170,40,60,70,250,60,40,50,50,60,410,50,70,90,90,110,240,80,60,50,40,10,10,162701
162800,Papakura West,Papakura West,0.56056607,0.56056607,4442.311780184832,962.1,0.9621000000000001,142.7,Life Pharmacy Papakura,CM Health,    162800 Papakura West,1010,36.9,210,80,65,55,330,40,60,80,85,65,260,45,45,50,60,55,200,45,35,35,35,25,25,162800
163001,Papakura North,Papakura North,1.01336637,1.01336637,4499.134861577704,992.3,0.9923,138.3,Life Pharmacy Papakura,CM Health,    163001 Papakura North,2020,31.2,560,190,230,130,790,120,120,170,210,170,480,120,100,80,80,100,200,60,50,40,20,20,20,163001
163400,Karaka Lakes,Karaka Lakes,3.33078922,3.33078922,13543.231957041191,2001.0,2.001,247.0,Unichem Karaka Pharmacy,CM Health,    163400 Karaka Lakes,1730,35.9,420,130,140,150,570,80,80,110,140,170,560,160,120,100,90,90,180,70,60,30,20,0,0,163400
163502,Papakura Eastburn,Papakura Eastburn,0.76293035,0.76293035,4234.162641310197,1366.9,1.3669,139.0,Unichem Clevedon Road Pharmacy,CM Health,    163502 Papakura Eastburn,1790,28.1,500,170,180,150,740,130,160,160,150,130,420,100,80,100,80,60,130,40,40,30,20,0,0,163502
163600,Papakura Massey Park,Papakura Massey Park,0.89410396,0.89410396,4551.608031628197,843.4,0.8433999999999999,104.3,Papakura Marae Pharmacy,CM Health,    163600 Papakura Massey Park,1630,29.9,450,160,140,150,640,120,110,130,160,110,380,90,70,80,70,70,160,60,40,20,20,10,10,163600
163700,Rosehill,Rosehill,1.54510999,1.54510999,6855.459036216781,1971.6,1.9716,280.9,Pahurehure Pharmacy,CM Health,    163700 Rosehill,2280,31.6,550,170,190,190,870,170,170,180,180,160,630,150,120,140,110,110,230,60,60,40,30,20,10,163700
164001,Åpaheke,Opaheke,1.14969156,1.14969156,5729.441928885603,1484.5,1.4845,153.5,Unichem Papakura Pharmacy,CM Health,    164001 Opaheke,1610,34.6,350,120,110,110,600,120,100,120,130,140,470,100,100,80,90,100,180,70,50,40,20,10,0,164001
164800,Waiuku East,Waiuku East,0.83260927,0.83260927,4474.114662638297,1194.8,1.1947999999999999,151.1,Unichem Waiuku Pharmacy,CM Health,    164800 Waiuku East,940,37,210,55,90,65,300,60,70,40,70,65,280,80,55,55,50,45,150,40,35,35,20,10,5,164800
165200,Hunua,Hunua,77.83490991,77.83490991,51617.39860430514,13789.6,13.7896,743.0,Papakura Marae Pharmacy,CM Health,    165200 Hunua,770,44.1,140,35,45,60,200,50,45,35,35,40,300,50,50,70,65,65,130,50,35,25,10,5,0,165200
165501,Pukekohe West,Pukekohe West,1.24520058,1.24520058,5913.2006623689995,1236.7,1.2367000000000001,125.3,Unichem Pukekohe Pharmacy,CM Health,    165501 Pukekohe West,2560,33.1,690,220,260,210,900,150,140,170,240,200,670,170,140,130,120,110,300,90,80,50,40,30,20,165501
166100,Pukekohe Hospital,Pukekohe Hospital,0.73466653,0.73466653,4927.657709996804,1011.5,1.0115,148.3,Unichem Franklin Hospital Pharmacy - Pukekohe,CM Health,    166100 Pukekohe Hospital,920,42.9,170,60,60,50,260,55,50,45,60,50,270,50,55,70,50,50,220,50,50,45,35,25,15,166100
166400,Ararimu,Ararimu,90.92525790999998,90.92525790999998,58862.82805162228,24459.8,24.459799999999998,1535.3,Papakura Marae Pharmacy,CM Health,    166400 Ararimu,1150,45.3,210,60,80,70,290,90,50,40,40,60,500,70,100,120,110,100,150,60,40,30,20,10,0,166400
166500,Colville,Colville,543.2952844299999,543.2952844299999,289171.0721051639,11010.7,11.0107,2024.0,Unichem Coromandel Pharmacy,Waikato,    166500 Colville,790,53.4,120,25,50,40,140,35,15,25,25,40,300,45,45,60,60,85,230,75,80,45,15,10,0,166500
166600,Islands Thames-Coromandel District,Islands Thames-Coromandel District,35.45169507999999,35.45169507999999,187587.6958126014,21247.2,21.2472,1453.1,Mercury Bay Pharmacy,Waikato,    166600 Islands Thames-Coromandel district,10,50.1,0,0,0,0,0,0,0,0,0,0,0,0,0,0,0,0,0,0,0,0,0,0,0,166600
166700,Coromandel,Coromandel,10.887169979999998,10.887169979999998,33805.16337030827,489.5,0.4895,39.6,Unichem Coromandel Pharmacy,Waikato,    166700 Coromandel,980,56.8,120,35,35,50,210,40,30,45,55,45,310,35,40,55,80,95,340,95,100,70,35,25,15,166700
166900,Mercury Bay North,Mercury Bay North,305.27261584999997,305.27261584999997,188005.11074061872,19671.5,19.6715,1167.1,Unichem Coromandel Pharmacy,Waikato,    166900 Mercury Bay North,1050,53.7,150,40,60,50,210,60,20,30,50,50,380,60,60,70,90,110,310,110,100,60,30,10,0,166900
167800,Thames South,Thames South,3.28181907,3.28181907,10375.24810853138,2085.8,2.0858000000000003,213.3,Pollen Street Pharmacy,Waikato,    167800 Thames South,1810,52.2,280,80,90,110,390,90,60,70,80,100,560,90,110,100,130,140,580,140,170,130,80,30,30,167800
168101,Tairua,Tairua,4.172485429999999,4.195420969999999,20556.24827899202,497.9,0.49789999999999995,94.0,Tairua-Pauanui Pharmacy,Waikato,    168101 Tairua,810,59.4,110,30,45,35,130,20,15,20,30,45,260,40,40,50,50,85,310,80,85,65,60,20,10,168101
168200,PÄuanui,Pauanui,9.752866200000001,9.910935460000001,27474.776371077296,20642.1,20.6421,1176.1,Tairua-Pauanui Pharmacy,Waikato,    168200 Pauanui,580,64.4,50,15,25,15,70,10,10,15,15,10,180,20,25,40,45,45,280,70,90,55,45,15,5,168200
168300,Matatoki-PÅ«riri,Matatoki-Puriri,161.07411624,161.07411624,78368.70108869617,19377.0,19.377,1467.3,Unichem Paeroa Pharmacy,Waikato,    168300 Matatoki-Puriri,570,48.3,100,30,35,40,130,30,10,20,35,30,230,30,40,45,50,60,110,45,25,20,15,5,5,168300
168400,WhangamatÄ Rural,Whangamata Rural,153.67109360999999,153.67109360999999,101826.98829359945,8758.5,8.7585,2295.6,Unichem Whangamata Pharmacy,Waikato,    168400 Whangamata Rural,240,56.9,30,10,5,10,50,15,5,5,10,10,100,15,15,15,20,35,80,20,25,10,15,0,5,168400
168501,WhangamatÄ West,Whangamata West,2.27888819,2.27888819,16004.626742359213,2481.4,2.4814000000000003,226.6,Unichem Whangamata Pharmacy,Waikato,    168501 Whangamata West,540,61.2,60,20,25,20,90,20,10,15,20,25,150,20,25,35,30,45,240,60,60,45,30,20,20,168501
169000,Hauraki Plains South,Hauraki Plains South,251.38622130000002,251.38622130000002,92724.49913911696,24553.0,24.553,1723.7,Ngatea Pharmacy Ltd,Waikato,    169000 Hauraki Plains South,890,35,240,85,80,80,270,55,50,40,60,65,260,45,45,50,55,60,120,50,25,25,10,5,0,169000
169100,Paeroa Rural,Paeroa Rural,272.5707891,272.5707891,124920.16693575852,1824.4,1.8244,176.7,Unichem Paeroa Pharmacy,Waikato,    169100 Paeroa Rural,1030,46.6,200,60,70,70,240,60,30,30,50,70,360,50,70,80,80,90,220,100,60,30,20,10,10,169100
169301,WaihÄ« Rural,Waihi Rural,375.56969713,375.56969713,157558.6118875954,1274.7,1.2747,121.5,Clark's Pharmacy Limited,Waikato,    169301 Waihi Rural,1230,50.2,210,60,70,70,270,60,30,40,60,70,460,50,90,80,110,140,290,110,80,50,30,10,10,169301
169401,WaihÄ« North,Waihi North,2.782054379999999,2.782054379999999,9657.324860726018,1290.4,1.2904,129.3,Clark's Pharmacy Limited,Waikato,    169401 Waihi North,1000,52.8,180,55,65,55,210,40,30,30,45,60,280,40,50,55,65,70,340,80,75,85,60,30,20,169401
169700,Aka Aka,Aka Aka,186.93547497000003,186.93547497000003,81717.2135534835,9962.7,9.9627,871.1,Unichem Waiuku Pharmacy,CM Health,    169700 Aka Aka,1680,40.2,320,100,100,110,510,130,100,80,100,100,560,90,90,130,130,120,280,100,70,60,30,10,10,169700
169800,Mangatangi,Mangatangi,258.18573226000007,258.18573226000007,138348.89862528053,31468.9,31.4689,3319.4,Papakura Marae Pharmacy,CM Health,    169800 Mangatangi,590,35.2,140,35,50,50,190,40,25,35,55,35,190,40,35,35,40,40,70,30,20,10,5,0,5,169800
169901,Tuakau Rural,Tuakau Rural,43.04022076,43.04022076,59921.56142754248,1545.2,1.5452000000000001,161.8,Family Health Pharmacy (Tuakau),Waikato,    169901 Tuakau Rural,750,45.2,110,25,35,55,220,55,50,35,40,40,270,35,50,70,60,60,140,50,40,25,15,5,5,169901
170101,Onewhero,Onewhero,385.07678089999996,385.07678089999996,121709.7019449581,22448.0,22.448,2276.5,Unichem Tuakau Pharmacy,Waikato,    170101 Onewhero,1060,41.2,210,50,70,80,300,90,50,40,60,60,390,70,80,80,80,80,160,50,50,40,10,0,0,170101
171101,Te Kauwhata East,Te Kauwhata East,3.07912591,3.07912591,9449.685158304086,829.2,0.8292,109.6,Te Kauwhata Pharmacy,Waikato,    171101 Te Kauwhata East,990,39.1,230,65,75,85,280,50,25,50,75,70,240,55,45,45,45,45,240,45,55,50,45,25,25,171101
171201,Huntly Rural,Huntly Rural,351.20974155,351.20974155,143643.1942272606,4643.1,4.6431000000000004,266.6,Huntly West Pharmacy,Waikato,    171201 Huntly Rural,1170,39,240,80,80,80,350,90,60,50,80,70,380,60,70,90,70,80,200,80,50,30,10,10,0,171201
171300,Waerenga,Waerenga,261.7387889,261.7387889,79555.71355725461,21735.5,21.7355,1041.7,Te Kauwhata Pharmacy,Waikato,    171300 Waerenga,480,46.2,90,20,35,35,120,30,10,20,25,30,200,25,35,50,40,45,70,25,25,15,5,5,0,171300
171601,Raglan,Raglan,7.221079359999999,7.221079359999999,31619.824764721638,1930.1,1.9301,225.5,Raglan Pharmacy,Waikato,    171601 Raglan,1910,42,380,120,130,120,520,90,60,100,130,150,670,150,150,130,120,120,340,120,90,60,40,10,20,171601
171700,Whitikahu,Whitikahu,253.63802083,253.63802083,79355.21754948932,22145.9,22.1459,1337.2,NorthCare Thomas Road Pharmacy,Waikato,    171700 Whitikahu,1070,35.9,230,70,80,90,370,90,60,60,80,80,360,70,80,80,80,50,110,40,20,20,10,10,0,171700
171801,Te Uku,Te Uku,500.14712591,500.14712591,214519.1439737097,16292.0,16.292,2287.9,Raglan Pharmacy,Waikato,    171801 Te Uku,1010,42.3,220,60,80,80,250,70,20,40,60,70,410,90,80,100,80,70,130,50,40,20,10,10,0,171801
171803,Whale Bay,Whale Bay,46.42209543,46.42209543,48286.688276194414,6193.1,6.1931,760.7,Raglan Pharmacy,Waikato,    171803 Whale Bay,570,41.4,120,35,45,45,150,30,20,30,35,30,220,50,50,45,40,40,80,35,20,10,5,0,5,171803
172300,Kainui-Gordonton,Kainui-Gordonton,88.43008784,88.43008784,51059.920601218786,13233.0,13.233,881.9,Horotiu Hauora Pharmacy ,Waikato,    172300 Kainui-Gordonton,960,37.8,230,70,80,80,280,65,40,50,60,65,340,60,65,75,65,65,120,45,25,25,15,10,0,172300
174901,Matamata North,Matamata North,3.031354830000001,3.031354830000001,11102.960792181113,239.8,0.2398,35.0,Unichem Matamata Pharmacy,Waikato,    174901 Matamata North,1790,50.1,270,100,80,80,460,70,80,110,110,90,480,90,70,100,100,110,580,120,130,110,100,70,50,174901
175100,Te Poi,Te Poi,127.9682008,127.9682008,79702.3797862628,13365.9,13.3659,696.9,Unichem Matamata Pharmacy,Waikato,    175100 Te Poi,440,35.6,100,45,30,30,150,25,20,25,40,30,150,25,25,30,30,35,50,20,15,5,5,0,0,175100
172900,Rotokauri,Rotokauri,15.64423583,15.64423583,27619.750095604955,3435.9,3.4359,334.4,West Hamilton Pharmacy,Waikato,    172900 Rotokauri,540,44,100,30,30,35,140,35,30,35,20,25,210,35,40,45,45,45,90,30,30,15,10,0,5,172900
173500,Tahuna-Mangateparu,Tahuna-Mangateparu,238.92296458999996,238.92296458999996,76409.1664570277,22898.6,22.8986,1302.6,Unichem Morrinsville Pharmacy,Waikato,    173500 Tahuna-Mangateparu,820,38.5,180,70,55,55,240,50,30,40,60,60,270,45,60,50,50,60,120,45,30,20,15,5,5,173500
173600,Mangaiti,Mangaiti,257.27636194,257.27636194,93727.89684217834,12026.2,12.026200000000001,692.2,Te Aroha Pharmacy,Waikato,    173600 Mangaiti,650,38.5,130,40,45,40,210,40,25,40,50,55,200,35,35,40,45,45,100,40,30,20,10,5,5,173600
173700,Tatuanui,Tatuanui,144.46121706,144.46121706,75558.55436715702,7877.8,7.877800000000001,593.2,Unichem Morrinsville Pharmacy,Waikato,    173700 Tatuanui,710,35.9,170,55,60,55,220,45,35,40,60,40,230,45,40,50,35,55,90,35,25,20,10,5,0,173700
173801,Tahuroa,Tahuroa,179.33441458,179.33441458,86430.72567680698,5307.7,5.3077,726.6,Unichem Morrinsville Pharmacy,Waikato,    173801 Tahuroa,840,39.5,160,50,50,55,270,45,50,60,60,55,280,50,50,50,60,75,130,45,30,25,20,5,5,173801
173901,Morrinsville North,Morrinsville North,1.85020361,1.85020361,5489.657871138363,2091.6,2.0916,289.4,Unichem Morrinsville Pharmacy,Waikato,    173901 Morrinsville North,790,41.5,150,45,50,55,230,40,45,45,50,50,220,40,40,40,55,45,190,45,50,45,25,15,5,173901
173902,Morrinsville East,Morrinsville East,3.235723579999999,3.235723579999999,8748.498960436867,1870.2,1.8702,203.0,Unichem Morrinsville Pharmacy,Waikato,    173902 Morrinsville East,2130,44.2,370,130,110,130,590,120,80,120,140,130,630,120,100,120,140,150,530,130,110,100,80,70,40,173902
174801,Hinuera,Hinuera,129.37340258,129.37340258,74501.51756960606,11422.3,11.4223,774.1,Life Pharmacy Matamata,Waikato,    174801 Hinuera,590,41.8,100,35,25,40,180,35,25,35,45,40,200,25,35,35,45,50,110,30,25,20,25,5,5,174801
235700,Fairfield (Horowhenua District),Fairfield (Horowhenua District),1.73854813,1.73854813,5928.874047832327,2376.0,2.376,241.4,Steeds Pharmacy,MidCentral,    235700 Fairfield (Horowhenua district),820,47,140,40,45,60,220,50,35,50,40,40,220,40,35,40,45,60,240,50,50,35,50,30,25,235700
175301,Flagstaff North West,Flagstaff North West,0.94064252,0.94064252,4556.115933406653,711.4,0.7114,74.8,Tui Pharmacy Borman Road ,Waikato,    175301 Flagstaff North West,950,36.3,230,70,80,80,320,60,35,50,85,95,280,85,75,55,30,40,120,40,40,25,5,5,5,175301
176800,Crawshaw,Crawshaw,0.86398333,0.86398333,3935.6620753556444,1191.7,1.1917,129.7,Nawton Pharmacy,Waikato,    176800 Crawshaw,1830,30.4,460,150,160,150,780,150,130,170,180,150,450,110,100,90,70,70,140,50,40,20,10,10,0,176800
177400,Forest Lake (Hamilton City),Forest Lake (Hamilton City),1.22810027,1.22810027,5396.6805338705135,1219.8,1.2198,130.2,Unichem Beerescourt Pharmacy,Waikato,    177400 Forest Lake (Hamilton city),1400,38.8,250,90,90,70,480,60,80,90,130,110,350,80,70,70,60,70,320,50,50,60,60,50,40,177400
178400,Enderley North,Enderley North,0.69523621,0.69523621,3688.9536157358175,773.1,0.7731,75.5,Unichem Davies Corner Pharmacy,Waikato,    178400 Enderley North,1350,31.2,330,110,130,90,530,90,100,130,120,90,350,80,80,80,60,50,150,50,30,30,20,10,10,178400
179300,Claudelands,Claudelands,1.38305421,1.38305421,6159.514045431297,1069.6,1.0695999999999999,114.5,Fairfield Pharmacy,Waikato,    179300 Claudelands,1610,35.2,260,90,90,80,670,90,120,170,170,130,490,100,100,110,90,90,190,80,50,30,20,10,10,179300
179901,Greensboro,Greensboro,0.44688317,0.44688317,2899.4873643222,629.3,0.6293,80.0,Campus Pharmacy Waikato,Waikato,    179901 Greensboro,2230,23.4,310,120,100,80,1550,260,630,310,220,130,300,90,60,60,50,40,60,30,10,10,10,0,0,179901
235900,Waiopehu,Waiopehu,0.75925979,0.75925979,3546.770944396035,1391.2,1.3912,153.4,Berrys Health Centre Pharmacy,MidCentral,    235900 Waiopehu,820,42.5,160,40,55,65,230,40,50,50,45,50,220,40,40,40,50,45,210,50,55,35,40,20,10,235900
180400,Deanwell,Deanwell,0.67020491,0.67020491,4525.396312417691,967.4,0.9673999999999999,117.6,Unichem Glenview Medical Pharmacy,Waikato,    180400 Deanwell,1190,32,290,100,100,90,480,90,70,100,110,110,300,70,70,50,60,50,120,30,40,20,10,10,0,180400
180601,Hillcrest West (Hamilton City),Hillcrest West (Hamilton City),0.8900317,0.8900317,4625.936393709022,886.0,0.886,102.5,Hillcrest Healthcare Pharmacy,Waikato,    180601 Hillcrest West (Hamilton city),1520,30.1,240,70,80,90,730,150,220,150,120,90,410,90,90,100,70,60,150,40,30,30,20,10,10,180601
180700,Hillcrest East (Hamilton City),Hillcrest East (Hamilton City),1.01716801,1.01716801,4431.5116274917755,862.4,0.8623999999999999,110.8,Hillcrest Healthcare Pharmacy,Waikato,    180700 Hillcrest East (Hamilton city),1690,29.5,310,90,100,120,800,150,240,170,140,110,430,120,90,100,60,60,150,50,30,30,20,10,10,180700
181000,Resthill,Resthill,1.12136603,1.12136603,5150.154487522765,1267.0,1.267,139.8,Unichem Glenview Medical Pharmacy,Waikato,    181000 Resthill,1410,36.4,260,100,80,80,530,80,90,100,130,130,390,90,70,90,70,80,230,70,60,50,30,10,10,181000
182000,Hautapu Rural,Hautapu Rural,14.70975828,14.70975828,24115.509196801497,4981.9,4.9818999999999996,281.1,Unichem Family Health Pharmacy - Cambridge,Waikato,    182000 Hautapu Rural,380,44.7,50,15,20,20,120,25,15,25,25,25,140,25,30,30,20,30,80,30,20,10,10,5,0,182000
182101,Pokuru,Pokuru,108.79282827,108.79282827,61353.07166359327,8529.7,8.5297,790.9,Unichem Marshalls Medical Pharmacy,Waikato,    182101 Pokuru,810,38.3,170,65,55,50,250,55,45,40,55,55,260,55,50,55,50,50,130,45,35,30,15,5,0,182101
186400,Matarawa,Matarawa,1.96217751,1.96217751,6300.81467042145,1567.6,1.5675999999999999,211.5,Unichem Health Centre Pharmacy - Tokoroa,Waikato,    186400 Matarawa,1200,37.4,280,80,100,90,360,90,60,60,80,60,330,70,60,80,70,70,230,70,50,50,30,10,10,186400
187000,Herangi,Herangi,1668.2451150800005,1668.2451150800005,313844.59956706484,49023.0,49.023,4994.6,Unichem Te Kuiti Pharmacy,Waikato,    187000 Herangi,500,46.2,100,40,35,25,120,25,15,25,35,20,180,25,30,35,35,55,100,30,30,20,10,5,0,187000
187100,Hangatiki,Hangatiki,326.4591800900001,326.4591800900001,111514.43622574938,20778.6,20.778599999999997,1582.3,Unichem Otorohanga Pharmacy,Waikato,    187100 Hangatiki,610,45.8,110,35,35,40,170,30,35,40,40,25,210,25,40,45,50,55,120,40,30,20,25,5,0,187100
187800,Ohakuri,Ohakuri,542.95063028,542.95063028,123709.50879961145,26757.9,26.757900000000003,1660.2,Unichem MainStreet Taupo Pharmacy,Lakes,    187800 Ohakuri,1030,39.7,190,60,70,70,330,70,50,60,80,70,360,60,70,80,80,70,150,50,50,30,10,0,0,187800
187900,Lake TaupÅ Bays,Lake Taupo Bays,1154.2989418500001,1169.9904770900002,335168.350910538,29713.9,29.713900000000002,1698.3,Unichem Tūrangi Pharmacy,Lakes,    187900 Lake Taupo Bays,870,53.4,140,50,40,45,180,35,25,30,45,40,280,50,40,45,55,90,270,85,95,60,15,5,5,187900
181101,Fitzroy (Hamilton City),Fitzroy (Hamilton City),1.48944657,1.48944657,7326.807428903684,3031.5,3.0315,304.3,Unichem Glenview Medical Pharmacy,Waikato,    181101 Fitzroy (Hamilton city),1810,37.2,360,140,130,90,630,90,100,130,150,150,450,100,100,90,80,80,370,80,60,80,60,40,40,181101
181301,Peacocke,Peacocke,6.932856650000001,6.932856650000001,13703.036684215802,5493.3,5.4933000000000005,699.0,Pharmacy on Meade,Waikato,    181301 Peacocke,220,39.8,40,15,15,10,70,15,10,10,15,20,60,10,10,15,10,15,50,15,10,10,5,5,0,181301
181400,Te Pahu,Te Pahu,158.16872284999997,158.16872284999997,73273.10137523887,25227.8,25.2278,1443.9,Bargain Chemist Te Awamutu,Waikato,    181400 Te Pahu,780,41.6,160,40,55,60,210,35,25,30,55,65,280,55,45,60,75,50,120,60,40,15,10,5,0,181400
181500,NgÄhinapÅuri,Ngahinapouri,73.93890199999998,73.93890199999998,48349.90380682708,10148.5,10.1485,894.3,Westend Pharmacy,Waikato,    181500 Ngahinapouri,930,41.3,190,60,60,75,260,55,40,50,45,65,320,60,65,70,60,70,160,60,40,35,15,5,5,181500
181700,Lake Ngaroto,Lake Ngaroto,94.57959744,94.57959744,60408.053071979455,13617.5,13.6175,752.4,Bargain Chemist Te Awamutu,Waikato,    181700 Lake Ngaroto,620,39.8,120,35,50,40,190,35,30,35,40,55,220,40,40,40,55,50,90,30,25,20,10,0,5,181700
181800,Kaipaki,Kaipaki,36.5226234,36.5226234,36662.02779956199,13355.1,13.3551,720.9,Unichem Tamahere Pharmacy,Waikato,    181800 Kaipaki,920,40.4,200,60,65,70,260,50,35,40,60,75,310,65,60,60,55,65,160,45,40,30,20,10,5,181800
182400,Hautapu,Hautapu,7.434889719999999,7.434889719999999,16643.531596893055,3942.8,3.9428,342.9,Unichem Family Health Pharmacy - Cambridge,Waikato,    182400 Hautapu,320,38.1,60,20,20,20,110,35,20,15,20,15,80,15,15,20,15,15,80,15,10,25,20,5,0,182400
182600,Cambridge North,Cambridge North,1.81057831,1.81057831,6333.550888723145,3443.9,3.4439,348.7,Woolworths Pharmacy Cambridge,Waikato,    182600 Cambridge North,1470,45.4,290,70,90,120,350,100,70,40,50,80,490,90,110,110,100,80,340,90,100,90,50,10,0,182600
183101,Pukerimu,Pukerimu,76.57758899000001,76.57758899000001,55931.96988888221,6329.8,6.3298000000000005,731.1,Unichem Leamington Pharmacy,Waikato,    183101 Pukerimu,520,39.9,100,35,30,35,160,40,25,30,30,30,170,30,30,40,40,35,80,30,20,20,5,5,0,183101
184400,Sherwin Park,Sherwin Park,2.20680661,2.20680661,7978.728215383333,1988.3,1.9883,239.2,Unichem Marshalls Medical Pharmacy,Waikato,    184400 Sherwin Park,1150,41.7,210,80,70,60,340,50,50,70,90,90,290,60,50,50,60,60,310,60,50,60,70,40,30,184400
184601,Rotoorangi,Rotoorangi,183.37639835,183.37639835,92754.54608669893,11724.1,11.7241,1237.1,Sanders Pharmacy,Waikato,    184601 Rotoorangi,960,40.7,200,70,75,65,260,50,35,40,70,65,330,65,60,75,70,60,160,60,45,35,10,5,5,184601
184700,Tokanui,Tokanui,23.68480856,23.68480856,28826.13535643876,8534.1,8.5341,719.0,Unichem Marshalls Medical Pharmacy,Waikato,    184700 Tokanui,240,34.2,50,15,15,15,90,15,20,20,15,15,70,15,15,15,15,10,30,15,5,10,0,0,0,184700
184800,Kihikihi Central,Kihikihi Central,2.23824501,2.23824501,8116.630838620196,4809.4,4.809399999999999,403.7,Unichem Marshalls Medical Pharmacy,Waikato,    184800 Kihikihi Central,1430,36.2,330,120,120,80,460,60,80,100,120,100,410,90,80,70,80,90,230,80,70,50,20,10,10,184800
185200,Pirongia Forest,Pirongia Forest,490.79860605999994,490.79860605999994,276418.7712595367,40694.5,40.6945,2121.5,Unichem Otorohanga Pharmacy,Waikato,    185200 Pirongia Forest,490,52.3,90,25,25,35,100,30,10,15,25,20,170,20,30,30,45,45,140,45,35,30,20,5,5,185200
185300,Honikiwi,Honikiwi,245.61445614,245.61445614,120033.45592336023,21035.2,21.0352,1614.7,Unichem Otorohanga Pharmacy,Waikato,    185300 Honikiwi,840,38.7,180,45,65,70,260,60,20,35,65,75,280,55,60,60,60,45,130,40,35,25,20,5,5,185300
185400,Te Kawa,Te Kawa,114.62283090999999,114.62283090999999,75422.14691472243,11683.7,11.6837,1243.6,Unichem Otorohanga Pharmacy,Waikato,    185400 Te Kawa,620,35.7,140,40,55,50,210,50,40,30,45,55,180,40,35,40,35,30,80,30,25,10,5,5,5,185400
185600,Maihiihi,Maihiihi,469.05610763999994,469.05610763999994,136691.35505921944,17162.2,17.162200000000002,1375.7,Unichem Otorohanga Pharmacy,Waikato,    185600 Maihiihi,900,35.8,210,55,65,90,310,70,45,55,65,75,250,50,50,55,55,40,140,50,40,25,15,10,5,185600
189101,Hilltop (Taupo District),Hilltop (Taupo District),1.60925232,1.60925232,6075.753041937896,2367.6,2.3676,227.4,Unichem Medical Centre Pharmacy Taupo,Lakes,    189101 Hilltop (Taupo district),1020,48.1,160,55,50,60,240,65,35,40,45,60,330,60,75,70,65,65,290,60,60,45,50,40,35,189101
189500,Kaimanawa,Kaimanawa,1342.25564266,1342.25564266,274855.8426594686,20530.6,20.5306,2674.8,Unichem Tūrangi Pharmacy,Lakes,    189500 Kaimanawa,0,43.9,0,0,0,0,0,0,0,0,0,0,0,0,0,0,0,0,0,0,0,0,0,0,0,189500
189700,TÅ«rangi,Turangi,7.532277100000002,7.532277100000002,16630.57320088092,661.0,0.661,89.9,Unichem Tūrangi Pharmacy,Lakes,    189700 Turangi,1970,41,390,130,150,110,570,130,110,100,110,110,590,120,100,100,120,140,420,110,150,90,40,20,10,189700
189800,Rangataiki,Rangataiki,996.2714369500001,996.2714369500001,178164.1445689887,62566.1,62.5661,5748.1,Unichem Medical Centre Pharmacy Taupo,Lakes,    189800 Rangataiki,60,33.7,10,5,0,5,30,0,5,5,10,5,20,5,5,5,5,5,10,5,0,0,0,0,0,189800
189900,Taharua,Taharua,784.2388482,784.2388482,222344.5105685272,55896.6,55.8966,6898.4,Unichem Medical Centre Pharmacy Taupo,Lakes,    189900 Taharua,50,34.3,10,10,5,0,10,5,0,0,5,5,20,5,5,0,5,0,0,0,0,0,0,0,0,189900
190000,Te More,Te More,47.9225809,47.9225809,33420.011116028436,27177.4,27.177400000000002,3057.0,Unichem Tūrangi Pharmacy,Lakes,    190000 Te More,0,..,0,0,0,0,0,0,0,0,0,0,0,0,0,0,0,0,0,0,0,0,0,0,0,190000
190100,Waiau,Waiau,36.09210549,36.09210549,46678.97035055865,6634.1,6.6341,938.1,Waihi Beach Chemist,Bay of Plenty,    190100 Waiau,190,52.5,20,5,5,10,50,10,15,5,10,10,70,10,10,15,15,20,50,20,15,10,5,0,0,190100
190200,WaihÄ« Beach-Bowentown,Waihi Beach-Bowentown,6.314023189999999,6.314023189999999,24425.783279546846,2167.0,2.167,215.1,Waihi Beach Chemist,Bay of Plenty,    190200 Waihi Beach-Bowentown,1370,58.2,180,60,60,50,240,40,20,40,80,60,450,50,60,90,110,140,500,160,150,90,50,30,10,190200
190300,Tahawai,Tahawai,82.11485808000002,82.11485808000002,64708.717599238786,8098.3,8.0983,915.0,Unichem Katikati Pharmacy,Bay of Plenty,    190300 Tahawai,920,57.8,100,40,20,40,150,40,10,30,40,40,360,40,50,70,90,120,300,100,80,60,30,10,0,190300
190501,Aongatete,Aongatete,164.37073758000002,164.37073758000002,82909.2304011802,8741.8,8.7418,734.6,Unichem Katikati Pharmacy,Bay of Plenty,    190501 Aongatete,1710,55.7,240,60,70,110,290,70,30,50,80,60,650,70,110,130,170,170,530,170,150,130,50,20,10,190501
190601,Katikati North,Katikati North,5.3594998,5.3594998,13457.092549751937,1706.6,1.7066,214.1,Unichem Katikati Health Pharmacy,Bay of Plenty,    190601 Katikati North,1440,57.4,210,60,70,80,280,60,30,50,70,70,330,60,60,70,80,70,610,80,130,140,130,80,50,190601
190800,Matakana Island,Matakana Island,64.55906259000001,64.55906259000001,88275.74742359656,20455.3,20.455299999999998,6458.1,Omokoroa Pharmacy,Bay of Plenty,    190800 Matakana Island,120,44.5,20,10,5,10,30,5,5,5,10,10,40,10,5,10,10,10,20,5,5,5,5,0,5,190800
190901,Pahoia West,Pahoia West,40.58046326000001,40.58046326000001,51211.851808818064,12312.1,12.312100000000001,1196.5,Omokoroa Pharmacy,Bay of Plenty,    190901 Pahoia West,710,49.3,130,25,45,55,130,25,15,15,25,45,300,50,60,55,60,80,150,75,35,25,10,0,0,190901
190902,Pahoia East,Pahoia East,72.20751149000003,72.20751149000003,45714.74931574859,16459.8,16.459799999999998,1686.8,Omokoroa Pharmacy,Bay of Plenty,    190902 Pahoia East,1020,49.1,160,50,60,60,230,60,30,40,40,50,450,60,80,90,110,110,180,70,50,30,20,10,0,190902
191201,Te Puna,Te Puna,24.70878984,24.70878984,53571.30639151722,3825.1,3.8251,279.3,Te Puna Pharmacy,Bay of Plenty,    191201 Te Puna,1800,48.2,290,80,100,120,440,90,90,70,90,100,680,100,110,140,170,160,390,160,100,60,50,20,10,191201
191300,Minden,Minden,85.95150025,85.95150025,55031.22195350792,11854.3,11.854299999999999,1368.1,Bethlehem Pharmacy,Bay of Plenty,    191300 Minden,1320,45.4,230,60,90,80,350,100,80,40,60,70,490,80,90,110,100,120,250,100,60,50,30,10,0,191300
191400,Kaimai,Kaimai,327.88697214000007,327.88697214000007,107279.31158117378,30600.3,30.6003,3923.3,Unichem Matamata Pharmacy,Waikato,    191400 Kaimai,1130,44.4,180,50,50,80,320,60,60,50,60,80,460,70,90,90,110,90,170,80,50,20,10,10,0,191400
191501,Kopurererua,Kopurererua,14.099544949999999,14.099544949999999,30250.85599837867,6273.2,6.2732,645.8,Pyes Pa Pharmacy,Bay of Plenty,    191501 Kopurererua,400,50.7,60,15,20,25,90,20,15,15,20,25,160,20,30,40,35,40,90,45,15,15,10,5,0,191501
191601,Waitao,Waitao,75.76215574,75.76215574,52557.36833391163,9927.3,9.927299999999999,1202.2,Maungatapu Pharmacy,Bay of Plenty,    191601 Waitao,1030,45.4,170,60,50,60,280,70,50,50,60,60,390,50,70,90,90,90,180,80,50,30,20,10,10,191601
191700,Waiorohi,Waiorohi,152.65682059,152.65682059,77501.03514193938,17097.5,17.0975,851.6,Pyes Pa Pharmacy,Bay of Plenty,    191700 Waiorohi,1450,44.3,260,70,100,90,390,70,80,70,80,90,580,80,110,130,130,120,220,90,60,40,30,10,0,191700
191801,Otawa,Otawa,152.27918528,152.27918528,78755.19313055264,8899.3,8.899299999999998,1429.1,My Pharmacy Te Puke,Bay of Plenty,    191801 Otawa,1100,45.4,190,60,70,60,280,60,40,50,70,60,420,70,90,70,100,90,210,80,60,30,20,10,0,191801
237900,Maungakotukutuku,Maungakotukutuku,112.69490584,112.69490584,79882.00100697427,8249.1,8.2491,2591.8,Life Pharmacy Kapiti Coast,Wellington,    237900 Maungakotukutuku,720,51.8,90,20,30,40,160,45,30,30,30,25,320,35,40,65,90,80,150,50,40,35,20,5,0,237900
238200,Tararua Forest Park,Tararua Forest Park,365.62524594999996,365.62524594999996,158665.69914473515,20702.3,20.7023,2434.8,Hamish Barham Pharmacy,MidCentral,    238200 Tararua Forest Park,0,76.5,0,0,0,0,0,0,0,0,0,0,0,0,0,0,0,0,0,0,0,0,0,0,0,238200
191901,Te Puke West,Te Puke West,8.11048149,8.11048149,15850.197135753006,3022.7,3.0227,274.2,My Pharmacy Te Puke,Bay of Plenty,    191901 Te Puke West,2020,34.8,400,130,140,130,780,130,120,150,220,160,570,110,120,120,110,110,270,80,70,50,30,10,10,191901
192000,Rangiuru,Rangiuru,220.47248152999998,220.47248152999998,109630.3337381792,15553.2,15.5532,2115.6,Life Pharmacy Te Puke,Bay of Plenty,    192000 Rangiuru,1510,39.3,270,70,90,110,490,80,90,100,120,90,500,90,100,100,110,110,250,100,70,40,20,10,0,192000
192500,Pongakawa,Pongakawa,389.02980828000005,389.02980828000005,98571.1698035856,26874.6,26.874599999999997,2770.4,Life Pharmacy Te Puke,Bay of Plenty,    192500 Pongakawa,1710,39.7,340,100,120,120,520,100,70,90,120,140,600,130,120,120,120,110,250,110,70,50,20,10,0,192500
193301,OtÅ«moetai South,Otumoetai South,0.95297261,0.95297261,5149.960718139484,1331.2,1.3312,140.0,Unichem Cherrywood Pharmacy,Bay of Plenty,    193301 Otumoetai South,1280,45.9,230,50,90,90,300,70,30,50,70,80,470,100,90,120,80,90,280,80,80,50,40,20,20,193301
193600,Brookfield East,Brookfield East,1.32155716,1.32155716,7028.743625238589,1205.8,1.2058,183.8,Unichem Brookfield Pharmacy,Bay of Plenty,    193600 Brookfield East,1580,36.8,320,120,100,100,550,110,90,90,130,120,470,120,90,90,80,90,240,70,70,50,30,10,10,193600
209901,Raureka,Raureka,1.10466298,1.10466298,4800.251596122662,2000.1,2.0000999999999998,193.8,Unichem Stortford Lodge Pharmacy,Hawkes Bay,    209901 Raureka,1790,34.9,390,130,130,130,620,110,110,130,160,110,500,110,90,100,100,90,280,80,60,50,40,30,10,209901
194802,Fraser Cove,Fraser Cove,1.01921799,1.01921799,5033.518603785589,465.3,0.4653,114.3,Woolworths Pharmacy Fraser Cove,Bay of Plenty,    194802 Fraser Cove,640,37.7,120,45,45,35,220,45,30,40,55,50,200,35,35,40,45,45,90,35,25,15,15,5,0,194802
194900,Arataki North,Arataki North,2.16050527,2.16050527,8777.959236257253,973.3,0.9732999999999999,112.5,Life Pharmacy Bayfair,Bay of Plenty,    194900 Arataki North,1760,43.1,300,80,100,120,520,80,60,120,130,130,520,110,110,90,100,110,420,110,100,90,60,30,30,194900
195800,Te Maunga North,Te Maunga North,1.17068256,1.17068256,5755.045729345563,569.1,0.5691,53.6,Your Pharmacy Mount Maunganui,Bay of Plenty,    195800 Te Maunga North,1910,44.5,300,120,80,90,560,70,80,130,150,140,410,100,90,80,70,80,640,80,80,120,140,120,90,195800
196201,Te Maunga South,Te Maunga South,0.98000104,0.98000104,6355.997856789659,1303.0,1.303,150.9,James Village Pharmacy (previously Girven Road Pharmacy),Bay of Plenty,    196201 Te Maunga South,1200,52.2,180,60,50,70,270,40,30,60,60,70,360,60,60,70,70,90,400,90,80,90,70,40,30,196201
208800,Flaxmere West,Flaxmere West,0.91730499,0.91730499,5470.007335890871,2237.1,2.2371,208.0,Flaxmere Pharmacy,Hawkes Bay,    208800 Flaxmere West,1500,28.3,430,140,150,140,600,130,110,120,130,100,360,80,80,70,70,70,100,30,40,20,10,0,0,208800
227500,Awahuri,Awahuri,124.43711778000001,124.43711778000001,62433.809607902476,10927.6,10.9276,855.0,Central Feilding Pharmacy,MidCentral,    227500 Awahuri,1100,42.7,210,60,60,80,310,60,40,60,70,70,360,60,60,70,80,80,220,80,70,40,20,10,0,227500
196400,Ohauiti,Ohauiti,3.40557711,3.40557711,9892.416498080363,4939.1,4.939100000000001,501.5,Maungatapu Pharmacy,Bay of Plenty,    196400 Ohauiti,1980,47.4,310,120,100,100,510,110,90,90,110,110,670,110,120,130,150,160,490,130,130,90,80,50,20,196400
196700,Welcome Bay East,Welcome Bay East,3.69002463,3.69002463,14037.334865834033,2331.7,2.3316999999999997,330.5,Welcome Bay Pharmacy,Bay of Plenty,    196700 Welcome Bay East,1460,39.9,290,80,100,110,440,100,70,70,100,100,460,90,100,90,100,90,260,80,60,70,40,10,10,196700
196800,Pacific View,Pacific View,1.1627577,1.1627577,5043.370831214234,1320.6,1.3206,159.5,James Village Pharmacy (previously Girven Road Pharmacy),Bay of Plenty,    196800 Pacific View,1720,43.1,330,80,120,120,460,110,70,60,90,120,590,120,130,120,110,100,340,80,100,80,50,20,10,196800
197100,Palm Beach South-Gravatt,Palm Beach South-Gravatt,2.38810246,2.38810246,7255.923758307322,959.4,0.9594,131.9,Unichem Pāpāmoa Pharmacy,Bay of Plenty,    197100 Palm Beach South-Gravatt,2040,54.6,270,60,80,130,390,100,50,70,80,80,690,100,110,150,160,160,690,170,180,150,110,50,30,197100
197601,Wairakei West,Wairakei West,1.59034172,1.59034172,5304.036650271796,1192.1,1.1921,142.4,Tara Road Pharmacy,Bay of Plenty,    197601 Wairakei West,1310,33.8,320,130,100,90,500,80,40,110,150,130,250,80,60,50,20,30,240,30,50,70,60,20,10,197601
197700,Tui Ridge,Tui Ridge,220.92352609,220.92352609,81163.89171391215,12733.5,12.7335,876.9,Ngongotaha Pharmacy,Lakes,    197700 Tui Ridge,880,45,150,45,30,70,240,55,45,35,45,60,340,55,60,80,70,80,150,65,45,25,15,5,5,197700
197800,Arahiwi,Arahiwi,62.855879210000005,62.855879210000005,44795.88431158343,17476.3,17.4763,1501.5,Ngongotaha Pharmacy,Lakes,    197800 Arahiwi,80,35,10,5,5,5,30,5,5,5,10,5,20,5,5,10,5,0,10,5,0,0,0,0,0,197800
197900,NgongotahÄ Valley,Ngongotaha Valley,177.50494978999998,177.50494978999998,80536.7548735343,6118.8,6.1188,579.0,Western Heights Pharmacy,Lakes,    197900 Ngongotaha Valley,880,39.8,190,50,65,80,250,65,40,45,45,60,310,50,50,65,70,75,130,50,40,25,10,5,0,197900
199100,Pukehangi North,Pukehangi North,1.18193977,1.18193977,5160.00971828374,1957.9,1.9579000000000002,201.5,Western Heights Pharmacy,Lakes,    199100 Pukehangi North,1450,31.5,390,130,120,140,530,100,90,100,130,110,400,90,80,90,60,80,130,40,40,30,10,10,0,199100
199500,Mangakakahi West,Mangakakahi West,1.01722397,1.01722397,6641.6056333087345,1159.0,1.159,123.4,Western Heights Pharmacy,Lakes,    199500 Mangakakahi West,1150,33.4,270,100,90,90,420,90,70,80,100,90,340,80,60,70,60,60,110,40,30,20,10,10,0,199500
209700,St Leonards,St Leonards,1.0311155,1.0311155,4382.406735270555,578.6,0.5786,63.5,Unichem Stortford Lodge Pharmacy,Hawkes Bay,    209700 St Leonards,1490,37.2,270,80,90,90,530,80,90,120,150,100,450,90,70,100,80,100,240,70,60,50,30,20,10,209700
209800,Mahora,Mahora,0.94815809,0.94815809,3959.3657405389204,974.2,0.9742000000000001,113.1,Mahora Pharmacy,Hawkes Bay,    209800 Mahora,1450,36.7,310,80,100,130,480,90,90,80,120,100,410,70,90,90,80,80,250,80,70,50,30,10,10,209800
199900,Utuhina,Utuhina,0.67136794,0.67136794,4271.394273642031,1458.2,1.4582,187.0,Ranolf Pharmacy,Lakes,    199900 Utuhina,790,38.4,140,50,40,50,270,60,50,45,65,55,250,50,50,60,45,45,130,35,35,30,15,10,5,199900
200401,Waiohewa,Waiohewa,65.50513239,65.50513239,57836.34673853488,10775.9,10.7759,2875.1,Tiaho Pharmacy,Lakes,    200401 Waiohewa,560,44.4,110,35,40,35,150,45,25,20,25,35,210,30,40,50,50,35,100,40,20,20,15,5,0,200401
200800,Glenholme South,Glenholme South,0.87669563,0.87669563,4575.612086966562,1435.8,1.4358,138.9,Ranolf Pharmacy,Lakes,    200800 Glenholme South,1060,46.8,160,50,40,70,280,50,50,50,60,60,350,60,70,70,80,70,270,70,60,50,40,30,20,200800
201401,Åwhata East,Owhata East,2.50712555,2.50712555,7329.144401672045,1524.9,1.5249000000000001,155.4,Owhata Medical Centre Pharmacy,Lakes,    201401 Owhata East,1590,39.2,340,100,120,130,470,90,80,90,100,110,470,110,90,90,90,90,310,90,60,50,50,40,20,201401
203100,Wainui,Wainui,86.56052026,86.56052026,94069.59529140062,10720.4,10.7204,928.7,Unichem Kope Pharmacy,Bay of Plenty,    203100 Wainui,840,37,200,60,75,65,240,60,55,40,50,40,270,50,40,70,60,55,130,55,35,20,10,5,0,203100
203200,Åhope,Ohope,6.333527299999999,6.333527299999999,29239.055412152982,2723.9,2.7239,248.6,Ohope Beach Pharmacy,Bay of Plenty,    203200 Ohope,1670,56.2,220,60,80,90,300,60,30,60,70,80,570,80,100,110,130,150,580,180,150,120,70,40,20,203200
203400,Galatea,Galatea,2199.7013770700005,2199.7013770700005,325504.5059457494,63997.1,63.997099999999996,3616.1,Edgecumbe Pharmacy,Bay of Plenty,    203400 Galatea,820,33.5,230,60,80,85,250,65,45,45,50,45,240,40,45,45,50,55,110,50,25,15,10,10,0,203400
203500,Waingarara-Waimana,Waingarara-Waimana,1448.10234758,1448.10234758,234219.05718063374,44760.3,44.7603,3769.4,Ohope Beach Pharmacy,Bay of Plenty,    203500 Waingarara-Waimana,1360,30.8,390,110,120,170,430,130,80,70,80,80,370,70,80,70,70,80,160,60,50,30,20,0,0,203500
204101,Waiotahe,Waiotahe,143.24606275000005,143.24606275000005,101143.05887514613,16779.5,16.7795,1255.4,Opotiki Pharmacy,Bay of Plenty,    204101 Waiotahe,890,50.5,140,40,50,45,220,40,40,40,55,40,330,40,50,65,70,110,210,80,60,45,15,5,0,204101
204200,Cape Runaway,Cape Runaway,1568.8759573599998,1568.8759573599998,271827.1449366508,81058.8,81.0588,5766.0,Church Street Dispensary,Bay of Plenty,    204200 Cape Runaway,870,45.7,160,60,40,60,230,50,45,45,45,40,280,35,50,55,55,90,190,70,50,35,20,10,5,204200
204500,Åtara-Tirohanga,Otara-Tirohanga,113.39964669,113.39964669,76863.92073461453,9274.6,9.2746,1084.9,Church Street Dispensary,Bay of Plenty,    204500 Otara-Tirohanga,660,43.3,130,45,40,45,180,45,40,25,35,35,210,40,30,45,45,55,140,55,40,20,10,10,5,204500
204600,Oponae,Oponae,1255.58704648,1255.58704648,247339.67888648316,30451.0,30.451,1455.2,Opotiki Pharmacy,Bay of Plenty,    204600 Oponae,180,38.6,40,10,10,20,60,15,10,10,10,10,60,10,10,10,15,15,30,10,5,5,5,0,0,204600
204700,East Cape,East Cape,991.2208211499998,991.2208211499998,194221.25473800875,170542.1,170.5421,9775.5,Rauru Pharmacy,Tairawhiti,    204700 East Cape,730,39.1,180,55,55,65,200,45,30,40,40,40,230,35,40,50,40,60,130,45,40,20,10,10,5,204700
204800,Waipaoa,Waipaoa,2277.3283638200005,2277.3283638200005,321295.38897613436,57941.3,57.941300000000005,4754.9,Gordon's Pharmacy,Tairawhiti,    204800 Waipaoa,1020,37.6,240,80,90,70,300,70,50,60,60,70,320,60,70,60,80,60,150,60,40,20,20,10,0,204800
204900,RuatÅria-Raukumara,Ruatoria-Raukumara,693.31512058,693.31512058,153241.37900892738,136505.1,136.5051,8029.9,Rauru Pharmacy,Tairawhiti,    204900 Ruatoria-Raukumara,670,34.1,190,60,60,70,190,30,50,30,50,35,190,25,30,50,45,40,110,45,30,15,10,5,0,204900
205000,Tokomaru,Tokomaru,1144.91458508,1144.91458508,205235.70873192683,107118.5,107.1185,7901.2,Rauru Pharmacy,Tairawhiti,    205000 Tokomaru,530,43.9,110,35,40,40,130,20,25,25,35,25,180,30,25,35,45,45,110,35,30,20,10,5,5,205000
205100,Hangaroa,Hangaroa,1870.1182440799996,1870.1182440799996,334742.59734692035,40903.2,40.9032,3370.5,Sean Shivnan Pharmacy,Tairawhiti,    205100 Hangaroa,810,37.5,190,60,65,60,240,40,35,55,55,60,270,55,45,55,55,65,110,50,30,20,5,0,0,205100
205201,Wharekaka,Wharekaka,1197.1842819200003,1197.1842819200003,238082.20645314342,72077.5,72.0775,5268.6,Rauru Pharmacy,Tairawhiti,    205201 Wharekaka,1010,38.6,230,90,60,90,290,70,50,50,60,60,310,60,60,60,60,80,170,80,50,20,10,10,10,205201
205300,Te Arai,Te Arai,54.680153350000005,54.680153350000005,57154.449871568606,11259.9,11.2599,873.8,Sean Shivnan Pharmacy,Tairawhiti,    205300 Te Arai,600,41.3,110,35,40,40,180,45,30,25,35,40,190,35,40,40,35,40,120,55,30,25,10,5,0,205300
205401,Hexton,Hexton,118.87061709000001,118.87061709000001,102853.27030843454,6565.6,6.565600000000001,566.7,Gordon's Pharmacy,Tairawhiti,    205401 Hexton,1480,46.4,270,70,100,110,350,90,40,60,80,80,560,90,90,140,120,120,300,100,80,50,40,10,10,205401
207301,Wainui-Okitu,Wainui-Okitu,6.199907959999999,6.199907959999999,24869.604645185645,3943.6,3.9436,258.6,Rauru Pharmacy,Tairawhiti,    207301 Wainui-Okitu,1000,44.2,200,40,80,70,230,60,20,40,50,70,380,90,70,70,70,80,190,80,50,30,10,10,0,207301
210300,Raceway Park,Raceway Park,1.01533953,1.01533953,4784.044341293643,1655.5,1.6555,185.2,Unichem Russell Street Pharmacy,Hawkes Bay,    210300 Raceway Park,1100,37.4,200,80,60,70,370,50,70,70,100,70,310,60,50,60,70,70,210,60,50,50,30,10,10,210300
210600,Tomoana Crossing,Tomoana Crossing,0.83806947,0.83806947,5311.523751394769,929.5,0.9295,103.0,Mahora Pharmacy,Hawkes Bay,    210600 Tomoana Crossing,1370,40,270,80,100,100,410,70,70,70,100,90,440,90,90,100,90,80,240,70,60,50,30,20,10,210600
210800,Queens Square,Queens Square,0.60058038,0.60058038,3394.3561975806424,304.1,0.30410000000000004,32.7,Parkvale Pharmacy,Hawkes Bay,    210800 Queens Square,1120,38.4,210,70,70,70,380,70,60,70,100,90,330,70,60,70,60,60,210,60,50,40,30,20,10,210800
211600,Havelock North-Central,Havelock North-Central,0.47545873,0.47545873,4034.302118458333,163.7,0.16369999999999998,27.2,Unichem Havelock North Pharmacy,Hawkes Bay,    211600 Havelock North-Central,270,59.5,30,10,10,10,60,5,5,15,25,10,60,15,10,10,10,15,120,20,25,25,15,20,10,211600
212201,Kahuranaki,Kahuranaki,372.63719397999995,372.63719397999995,108970.2618551678,19544.9,19.544900000000002,1784.9,Peak Pharmacy,Hawkes Bay,    212201 Kahuranaki,810,45.2,140,25,45,65,210,60,40,30,40,40,320,55,60,70,70,70,140,55,45,25,10,5,0,212201
212301,Bay View (Napier City),Bay View (Napier City),29.215759710000004,29.215759710000004,35274.96800415651,2509.2,2.5092,209.4,Bay View Village Pharmacy,Hawkes Bay,    212301 Bay View (Napier city),1210,48.1,220,50,80,90,270,60,30,50,50,70,450,70,90,100,100,100,260,100,80,50,20,10,0,212301
215500,Mangaonuku,Mangaonuku,536.5550480300001,536.5550480300001,148407.67416813702,25443.6,25.4436,1192.3,Waipawa Pharmacy,Hawkes Bay,    215500 Mangaonuku,550,39.2,130,40,50,35,150,40,25,35,15,40,190,30,30,40,45,40,80,40,20,10,5,0,0,215500
215600,Makaretu,Makaretu,789.5619304500001,789.5619304500001,164238.13393312687,31995.4,31.9954,1830.9,Unichem Waipukurau Pharmacy,Hawkes Bay,    215600 Makaretu,1320,42.4,280,80,100,90,350,80,40,70,70,80,450,70,80,110,90,110,250,100,60,40,20,10,0,215600
215801,Waipukurau West,Waipukurau West,6.439175639999999,6.439175639999999,13605.469855434882,1353.2,1.3532,159.7,Unichem Waipukurau Pharmacy,Hawkes Bay,    215801 Waipukurau West,1380,47.8,250,80,90,80,330,60,50,70,80,70,410,60,70,90,80,110,380,100,100,70,60,30,20,215801
215900,Mangarara,Mangarara,838.06877853,838.06877853,177332.78206790253,20387.5,20.3875,1914.7,Waipawa Pharmacy,Hawkes Bay,    215900 Mangarara,1400,44.8,290,90,100,100,320,60,20,50,80,100,480,90,80,90,100,120,300,120,90,50,30,10,10,215900
245500,Waterloo West,Waterloo West,0.72699777,0.72699777,3963.2926476886582,205.5,0.2055,25.6,Waterloo Pharmacy,Hutt,    245500 Waterloo West,1280,40.4,200,60,50,90,430,80,70,90,90,90,430,90,90,80,90,80,220,60,50,50,30,20,10,245500
216000,Waipukurau East,Waipukurau East,2.26273187,2.26273187,7378.912698545815,1344.9,1.3449,130.9,Unichem Waipukurau Pharmacy,Hawkes Bay,    216000 Waipukurau East,1050,43.9,200,60,70,70,290,60,50,60,70,60,270,40,50,60,60,70,290,60,60,60,50,30,30,216000
216101,Taurekaitai,Taurekaitai,1153.2157100099996,1153.2157100099996,206593.05104898592,28714.7,28.7147,2222.8,Unichem Waipukurau Pharmacy,Hawkes Bay,    216101 Taurekaitai,1000,46.6,210,60,80,80,220,40,30,40,40,60,340,50,70,70,70,80,240,90,70,40,20,10,0,216101
216200,Port Taranaki,Port Taranaki,1.56877875,1.56877875,15550.217111928774,1527.6,1.5275999999999998,140.5,Moturoa Pharmacy,Taranaki,    216200 Port Taranaki,10,63.3,0,0,0,0,0,0,0,0,0,0,10,0,0,0,0,5,0,0,0,0,0,0,0,216200
216401,Omata,Omata,16.24585602,16.24585602,31879.731964833394,4573.7,4.5737,276.5,Woolworths Pharmacy Spotswood,Taranaki,    216401 Omata,270,46.2,50,20,20,15,60,15,15,10,10,15,110,20,30,15,20,25,50,20,15,5,5,5,0,216401
216600,Moturoa,Moturoa,1.01724283,1.01724283,6659.457050171355,236.2,0.2362,21.0,Moturoa Pharmacy,Taranaki,    216600 Moturoa,1050,45.4,170,55,70,45,280,40,45,60,80,55,340,70,65,55,65,85,260,75,70,45,30,25,15,216600
218001,Frankleigh Park,Frankleigh Park,3.73296603,3.73296603,15038.704760138315,3837.5,3.8375,493.5,Pharmacy @ Carefirst,Taranaki,    218001 Frankleigh Park,1790,39.5,360,100,120,140,550,120,90,90,120,140,590,110,120,130,110,120,290,90,70,60,40,30,10,218001
218401,Fitzroy (New Plymouth District),Fitzroy (New Plymouth District),1.64969002,1.64969002,5643.430693998082,1875.6,1.8756,217.9,Robertsons Strandon Pharmacy,Taranaki,    218401 Fitzroy (New Plymouth district),1120,43.8,210,50,70,90,290,70,30,40,70,80,390,80,90,90,70,70,230,60,50,40,30,30,20,218401
219900,Douglas,Douglas,1010.4645421399998,1010.4645421399998,307379.3733000379,65430.5,65.4305,4375.3,Stratford Pharmacy,Taranaki,    219900 Douglas,340,36,80,20,20,35,110,25,15,20,20,30,110,15,15,25,30,25,40,15,15,5,5,5,0,219900
220001,Toko,Toko,228.04960813999998,228.04960813999998,106113.54433832777,8256.8,8.2568,412.7,Stratford Pharmacy,Taranaki,    220001 Toko,660,38.5,130,40,40,50,220,45,35,40,45,50,230,30,45,50,45,50,90,35,25,15,10,5,0,220001
227700,Mount Taylor,Mount Taylor,3.18933622,3.18933622,9631.039255363166,3600.1,3.6001,321.2,Feilding Health Pharmacy,MidCentral,    227700 Mount Taylor,350,39.8,90,25,35,30,90,20,10,10,20,25,130,30,25,25,30,20,50,15,15,10,5,5,0,227700
227800,Taikorea,Taikorea,152.98062615999999,152.98062615999999,62898.24616969459,20156.4,20.1564,1182.8,Gimbletts Pharmacy,MidCentral,    227800 Taikorea,720,40.1,160,40,60,65,200,45,20,35,45,50,240,55,40,50,45,50,120,35,35,25,20,5,5,227800
220101,Stratford North,Stratford North,3.42302152,3.42302152,10920.99552661849,1429.8,1.4298,166.2,Stratford Pharmacy,Taranaki,    220101 Stratford North,1120,42.8,200,60,60,70,330,70,60,60,70,70,310,60,50,60,70,70,270,60,60,60,40,30,20,220101
220800,Kaponga-Mangatoki,Kaponga-Mangatoki,172.810836,172.810836,95079.6226032591,21493.2,21.4932,1126.4,Unichem Mackays Pharmacy,Taranaki,    220800 Kaponga-Mangatoki,650,36.6,140,50,50,45,210,40,30,35,55,55,220,45,35,45,45,50,70,30,15,15,10,0,5,220800
221402,Tawhiti,Tawhiti,48.41097871,48.41097871,60863.54464997071,3556.6,3.5566,493.7,Robertsons Pharmacy Hawera,Taranaki,    221402 Tawhiti,370,42,70,15,25,35,100,25,15,15,20,25,140,25,20,30,30,30,60,20,20,10,10,0,0,221402
221500,Ohangai,Ohangai,331.77788617999994,331.77788617999994,128598.84557859744,30043.4,30.043400000000002,3425.6,Robertsons Pharmacy Hawera,Taranaki,    221500 Ohangai,300,39.2,60,20,20,20,90,15,15,10,25,20,110,20,20,25,20,25,40,15,10,5,5,0,5,221500
221700,King Edward Park,King Edward Park,1.08208135,1.08208135,5367.586435434785,1017.6,1.0176,140.4,Mountainview Pharmacy,Taranaki,    221700 King Edward Park,770,42,140,50,50,45,230,40,40,40,45,55,230,50,30,65,50,45,170,35,35,40,35,15,10,221700
222000,Mangawhio,Mangawhio,1368.6251170799997,1368.6251170799997,215674.73058307965,33983.5,33.9835,4894.6,Godderidges Pharmacy,Taranaki,    222000 Mangawhio,340,39.1,80,30,20,25,100,20,15,15,25,25,120,15,20,35,25,20,50,25,10,5,10,5,0,222000
222101,Manutahi-WaitÅtora,Manutahi-Waitotora,293.06372722,293.06372722,131759.0640077114,6166.7,6.1667,659.6,Godderidges Pharmacy,Taranaki,    222101 Manutahi-Waitotora,990,44.1,190,50,80,50,280,60,50,50,60,60,320,40,60,80,70,70,210,70,60,40,20,10,0,222101
222300,Otangiwai-Åhura,Otangiwai-Ohura,2011.6984550799998,2011.6984550799998,361830.71067086206,17374.1,17.3741,1576.3,Unichem Taumarunui Pharmacy,Waikato,    222300 Otangiwai-Ohura,500,44.1,100,35,25,40,130,20,15,30,35,30,180,25,20,35,45,50,90,50,20,15,5,5,0,222300
222400,Ngapuke,Ngapuke,621.8310945000003,621.8310945000003,213443.8297450136,11950.3,11.950299999999999,739.0,Unichem Taumarunui Pharmacy,Waikato,    222400 Ngapuke,650,44.4,120,40,40,40,180,40,40,30,35,35,220,35,40,35,55,55,130,50,40,30,10,5,0,222400
222800,National Park,National Park,1375.28596232,1375.28596232,251133.41569871813,38329.3,38.3293,1943.3,Unichem Taumarunui Pharmacy,Waikato,    222800 National Park,540,44.5,90,20,30,35,150,25,25,25,40,30,210,40,40,45,45,40,100,35,30,15,10,0,0,222800
222900,Tangiwai,Tangiwai,2696.663795730001,2696.663795730001,424673.76244655054,59457.2,59.4572,2933.1,Taihape Pharmacy,Whanganui,    222900 Tangiwai,660,41.6,140,45,45,50,170,35,25,30,40,45,240,40,35,35,55,70,100,50,30,15,5,5,0,222900
223300,Upper Whanganui,Upper Whanganui,1849.8869240899999,1849.8869240899999,390605.3386070996,43765.2,43.7652,3570.3,Pharmacy Over East,Whanganui,    223300 Upper Whanganui,600,42.5,110,30,40,40,170,35,35,35,35,35,210,35,30,45,50,50,110,40,35,20,5,5,0,223300
224200,St Johns Hill West,St Johns Hill West,1.12200008,1.12200008,4106.200215003811,1647.7,1.6477,155.4,Woolworths Pharmacy Victoria Avenue (Whanganui),Whanganui,    224200 St Johns Hill West,1220,52.6,180,50,60,70,260,50,40,50,50,60,410,60,70,80,100,100,380,100,100,80,50,40,20,224200
224401,Springvale West,Springvale West,0.78888069,0.78888069,5058.066321844311,773.8,0.7737999999999999,104.4,Unichem Whanganui Pharmacy,Whanganui,    224401 Springvale West,920,48.7,150,45,55,50,220,40,50,40,50,45,260,45,50,55,45,65,280,65,75,70,40,25,10,224401
225800,Gonville South,Gonville South,1.53981125,1.53981125,6183.166770650116,1289.5,1.2895,126.4,Gonville Health Pharmacy,Whanganui,    225800 Gonville South,1070,43.3,190,60,60,70,300,50,60,60,70,50,370,60,70,60,90,90,210,60,60,40,20,10,10,225800
226800,Parewanui,Parewanui,266.93624012,266.93624012,90726.93331946648,9584.3,9.584299999999999,1114.1,Platt's Pharmacy Ltd,Whanganui,    226800 Parewanui,460,46.2,90,35,30,30,120,25,10,20,25,30,170,15,35,35,50,40,80,30,20,15,10,5,0,226800
227100,Kiwitea,Kiwitea,785.1786956500001,785.1786956500001,197257.72107693023,43693.6,43.693599999999996,2995.5,Feilding Health Pharmacy,MidCentral,    227100 Kiwitea,850,40.2,170,45,55,70,250,70,40,40,55,50,290,45,60,55,65,60,140,50,45,25,10,5,0,227100
227200,Tokorangi,Tokorangi,271.52244278,271.52244278,91274.61357505115,14915.9,14.915899999999999,1372.6,Feilding Health Pharmacy,MidCentral,    227200 Tokorangi,1190,44,230,70,70,90,300,70,30,60,60,80,430,80,70,90,100,90,230,90,70,40,20,10,0,227200
227900,Makino,Makino,1.71363474,1.71363474,6210.297106086364,1709.1,1.7090999999999998,167.0,Feilding Health Pharmacy,MidCentral,    227900 Makino,1700,35.4,380,120,120,140,590,100,80,120,150,130,450,110,90,80,80,90,280,80,80,50,40,20,10,227900
228200,Warwick,Warwick,0.81519653,0.81519653,5709.816387534658,932.7,0.9327000000000001,87.7,Central Feilding Pharmacy,MidCentral,    228200 Warwick,830,50.6,130,40,55,40,210,25,30,55,50,55,200,40,30,35,45,50,290,55,65,55,60,40,15,228200
228600,Kauwhata,Kauwhata,154.43310230999998,154.43310230999998,84071.57716437755,8357.9,8.357899999999999,477.5,Botanical Road Pharmacy,MidCentral,    228600 Kauwhata,1060,42.7,190,60,60,80,290,70,60,50,60,70,400,90,70,70,80,90,170,60,50,30,20,0,10,228600
228700,Taonui,Taonui,165.7661866,165.7661866,68524.37800343048,15378.6,15.3786,1498.5,Feilding Health Pharmacy,MidCentral,    228700 Taonui,920,42.4,210,55,75,75,210,40,25,40,45,65,360,85,55,65,70,85,150,65,35,25,15,5,5,228700
229100,Cloverlea (Palmerston North City),Cloverlea (Palmerston North City),0.6760872,0.6760872,5002.2582937501575,1790.2,1.7902,174.2,Botanical Road Pharmacy,MidCentral,    229100 Cloverlea (Palmerston North city),1020,37.3,180,60,70,50,360,60,65,85,85,65,290,60,70,55,55,50,180,55,45,35,30,10,5,229100
229300,Milson South,Milson South,1.22972828,1.22972828,6304.691976680489,1586.9,1.5869000000000002,160.7,Te Rau Rongoā ki Ruahine - Pharmacy on Ruahine (Palmerston North Hospital Pharmacy),MidCentral,    229300 Milson South,1630,35.2,320,100,120,100,620,100,110,130,150,130,440,100,90,80,90,90,260,70,60,60,40,20,10,229300
229800,Palmerston North Hospital,Palmerston North Hospital,1.07372261,1.07372261,4259.6360052530945,1247.5,1.2475,134.8,City Health Pharmacy Ltd,MidCentral,    229800 Palmerston North Hospital,1390,40.2,210,60,70,70,490,100,90,110,100,90,440,80,100,100,80,90,250,80,60,50,20,30,20,229800
231600,Esplanade,Esplanade,1.30575845,1.30575845,4904.349687116253,1005.1,1.0051,114.6,Cook Street Pharmacy,MidCentral,    231600 Esplanade,1310,29.6,190,50,70,70,630,130,200,140,90,70,310,70,60,70,60,60,170,60,40,30,20,10,0,231600
232000,Ruahine,Ruahine,1.66249595,1.66249595,5272.927813540739,1930.2,1.9302000000000001,215.5,Hokowhitu Pharmacy,MidCentral,    232000 Ruahine,880,49.8,120,40,35,45,230,50,50,45,50,40,280,45,45,60,70,65,240,60,70,50,35,15,10,232000
301500,Golden Downs,Golden Downs,1819.60435989,1819.60435989,258561.46261173105,32002.1,32.0021,1476.7,Wakefield Pharmacy,Nelson Marlborough,    301500 Golden Downs,950,45.7,160,50,50,50,260,70,40,40,70,50,370,50,80,90,80,80,160,60,50,30,20,10,0,301500
232400,Aokautere,Aokautere,7.119862510000001,7.119862510000001,13344.245581736795,2812.6,2.8125999999999998,198.5,Vautier Pharmacy Summerhill Village,MidCentral,    232400 Aokautere,420,42.1,80,15,25,35,120,40,30,20,20,20,150,25,30,40,30,30,60,20,20,10,10,0,0,232400
232601,Aokautere Rural,Aokautere Rural,85.70919219999999,85.70919219999999,56226.82761636847,10510.2,10.510200000000001,855.9,Vautier Pharmacy Summerhill Village,MidCentral,    232601 Aokautere Rural,530,42.1,100,30,30,50,150,40,30,20,20,30,200,40,40,40,50,35,80,25,25,15,10,0,0,232601
232702,Fitzherbert,Fitzherbert,4.28789211,4.28789211,8971.30769794398,1688.5,1.6885,172.8,Vautier Pharmacy Summerhill Village,MidCentral,    232702 Fitzherbert,970,35.2,180,60,55,70,380,90,90,55,60,85,300,75,50,70,50,50,110,40,30,20,5,5,5,232702
232800,Norsewood,Norsewood,397.43727395999997,397.43727395999997,131290.769229419,13968.9,13.9689,962.9,Dannevirke Pharmacy,MidCentral,    232800 Norsewood,880,45.9,160,40,65,60,220,65,30,35,55,35,320,45,55,70,85,70,170,55,55,35,15,5,5,232800
232900,Papatawa,Papatawa,230.05419523,230.05419523,111723.65548038602,11071.2,11.071200000000001,1017.3,Dannevirke Pharmacy,MidCentral,    232900 Papatawa,680,45.3,130,30,45,50,170,35,20,35,35,40,250,40,45,55,55,50,140,45,40,30,10,10,10,232900
233000,Mangatainoka,Mangatainoka,496.8094842499999,496.8094842499999,158740.69542006974,12295.2,12.295200000000001,921.1,Pahiatua Pharmacy,MidCentral,    233000 Mangatainoka,960,43.6,190,55,75,55,250,60,40,45,55,50,360,55,70,75,90,65,170,65,45,30,20,5,5,233000
233200,Dannevirke West,Dannevirke West,2.07393805,2.07393805,12105.149781184362,1855.5,1.8555,198.4,Dannevirke Pharmacy,MidCentral,    233200 Dannevirke West,1180,44.5,220,70,90,70,320,60,50,60,80,60,330,50,50,70,80,80,300,80,90,60,40,30,10,233200
233400,Waitahora,Waitahora,538.2199826399999,538.2199826399999,163071.58113795714,17407.6,17.4076,1786.6,Dannevirke Wellness Pharmacy ,MidCentral,    233400 Waitahora,340,38.1,80,25,25,35,90,25,10,15,25,20,120,20,20,25,25,25,50,15,15,5,5,5,0,233400
233500,Kaitawa,Kaitawa,583.1202019,583.1202019,129437.40717392911,20434.0,20.434,2603.8,Pahiatua Pharmacy,MidCentral,    233500 Kaitawa,340,40.3,60,20,20,25,100,25,20,20,20,20,130,25,25,30,25,25,40,15,10,10,0,0,0,233500
233700,Nireaha-EketÄhuna,Nireaha-Eketahuna,892.61708542,892.61708542,193415.85197120372,37123.0,37.123,2270.2,Pahiatua Pharmacy,MidCentral,    233700 Nireaha-Eketahuna,830,39.8,180,50,55,70,240,65,35,40,55,50,290,50,60,60,60,55,130,45,35,25,10,5,0,233700
233801,Owahanga,Owahanga,1142.53992668,1142.53992668,190832.32824592807,53902.9,53.9029,4588.9,Dannevirke Wellness Pharmacy ,MidCentral,    233801 Owahanga,410,39.5,100,35,30,35,110,25,20,20,25,15,140,25,30,30,25,25,70,25,20,20,5,0,0,233801
233900,Mara,Mara,69.09321449000001,69.09321449000001,63078.324331068725,99517.9,99.5179,12067.4,Dannevirke Wellness Pharmacy ,MidCentral,    233900 Mara,0,68,0,0,0,0,0,0,0,0,0,0,0,0,0,0,0,0,0,0,0,0,0,0,0,233900
234001,Kere Kere,Kere Kere,229.65007102,229.65007102,108702.97977292482,2760.3,2.7603,386.8,Gimbletts Pharmacy,MidCentral,    234001 Kere Kere,510,42.2,100,35,30,45,140,20,25,35,35,25,170,25,35,25,45,40,100,45,25,20,10,5,0,234001
234301,Foxton South,Foxton South,4.03550804,4.03550804,12249.397407654898,1702.0,1.702,153.7,Gimbletts Pharmacy,MidCentral,    234301 Foxton South,970,43.5,210,55,65,85,250,55,40,45,55,50,280,45,45,60,65,65,240,65,60,50,35,15,10,234301
234500,Waikawa (Horowhenua District),Waikawa (Horowhenua District),62.16248855,62.16248855,43472.36517067996,11152.9,11.152899999999999,1221.9,Berrys Health Centre Pharmacy,MidCentral,    234500 Waikawa (Horowhenua district),420,54.3,50,15,15,20,90,20,10,15,30,20,170,15,20,35,45,55,100,45,25,25,5,0,0,234500
301601,Moutere Hills,Moutere Hills,86.54120808,86.54120808,67052.05537928522,8062.5,8.0625,743.6,Māpua Pharmacy,Nelson Marlborough,    301601 Moutere Hills,1280,51,200,40,60,100,230,60,30,30,50,60,570,80,110,110,140,130,280,120,80,50,20,0,10,301601
238700,Mana Island,Mana Island,2.11347599,2.11347599,6318.934455444693,2760.8,2.7608,375.8,Titahi Bay Pharmacy,Wellington,    238700 Mana Island,0,..,0,0,0,0,0,0,0,0,0,0,0,0,0,0,0,0,0,0,0,0,0,0,0,238700
238900,PaekÄkÄriki Hill,Paekakariki Hill,35.770002340000005,35.770002340000005,36603.05200236262,6114.9,6.1149,1282.4,Mana Pharmacy,Wellington,    238900 Paekakariki Hill,180,47.3,30,10,10,10,40,20,10,5,5,5,70,15,10,20,15,5,40,15,10,10,5,5,0,238900
239401,PÄuatahanui,Pauatahanui,75.73116976,75.73116976,59514.089232880826,9457.9,9.4579,951.9,Whitby Pharmacy Ltd,Wellington,    239401 Pauatahanui,500,45.1,80,25,30,30,140,35,30,25,25,25,210,25,40,50,55,35,70,25,15,15,5,5,5,239401
240000,PapakÅwhai,Papakowhai,1.43021934,1.43021934,5513.023201822314,3007.6,3.0076,256.6,Woolworths Pharmacy Porirua,Wellington,    240000 Papakowhai,1180,41.9,210,70,70,80,350,70,60,60,70,80,410,70,80,90,70,90,210,70,50,40,30,10,10,240000
240801,Waitangirua Tairangi,Waitangirua Tairangi,0.51441879,0.51441879,3598.2996934088096,826.4,0.8264,128.0,Waitangirua Pharmacy,Wellington,    240801 Waitangirua Tairangi,780,29.9,180,55,50,75,330,85,70,60,60,55,220,45,60,45,45,25,60,20,15,10,10,5,0,240801
241200,Akatarawa,Akatarawa,334.14766044,334.14766044,123358.61220980242,13136.6,13.1366,952.2,Unichem Upper Hutt Health Pharmacy,Hutt,    241200 Akatarawa,340,43.6,50,15,15,20,100,25,20,15,15,20,140,25,20,35,25,35,50,25,15,5,5,0,0,241200
301602,Waimea Inlet,Waimea Inlet,6.528598220000001,6.528598220000001,26257.613977454137,7696.8,7.6968000000000005,462.5,Māpua Pharmacy,Nelson Marlborough,    301602 Waimea Inlet,520,54.2,60,20,15,25,90,25,15,15,20,20,230,25,40,50,65,55,130,45,45,25,10,5,0,301602
301800,Murchison-Nelson Lakes,Murchison-Nelson Lakes,3706.0063971099994,3739.5165513299994,345691.114554537,99909.2,99.9092,7139.9,Wakefield Pharmacy,Nelson Marlborough,    301800 Murchison-Nelson Lakes,690,50,110,30,40,35,150,35,20,25,35,35,250,45,40,55,55,60,180,55,65,35,15,5,5,301800
302000,Islands Tasman District,Islands Tasman District,15.94223259,15.94223259,47379.757979652044,12251.6,12.2516,759.7,Fry's Pharmacy,Nelson Marlborough,    302000 Islands Tasman district,50,53.5,10,0,0,5,10,5,5,0,0,0,20,5,5,0,5,10,10,5,0,0,0,0,0,302000
302101,Waimea West,Waimea West,60.06836281999999,60.06836281999999,42113.10415999658,14281.7,14.2817,1451.8,Wakefield Pharmacy,Nelson Marlborough,    302101 Waimea West,600,50,80,25,20,35,160,40,35,30,35,25,250,25,35,60,65,60,110,45,35,15,10,10,5,302101
241600,Poets Block,Poets Block,1.24243802,1.24243802,5324.990585404187,2113.8,2.1138000000000003,219.5,Lagans Pharmacy,Hutt,    241600 Poets Block,1300,37.7,230,80,90,60,470,90,80,80,110,110,410,80,90,90,80,80,190,50,40,40,30,20,20,241600
242100,Totara Park,Totara Park,1.72406496,1.72406496,5845.052959915036,2774.7,2.7746999999999997,273.9,Unichem Upper Hutt Health Pharmacy,Hutt,    242100 Totara Park,1450,38.8,290,80,100,100,460,70,80,80,110,110,490,120,90,100,80,110,220,60,70,50,20,10,0,242100
242300,Mangaroa,Mangaroa,154.56821504,154.56821504,71875.54037100973,7295.7,7.2957,513.5,Lagans Pharmacy,Hutt,    242300 Mangaroa,1070,45.7,180,70,50,60,280,60,70,50,50,50,450,60,80,110,100,90,160,60,50,30,10,0,0,242300
243100,Belmont Park,Belmont Park,29.458699310000004,29.458699310000004,44019.142633385265,5085.6,5.0856,447.9,Avalon Medical Centre Pharmacy,Hutt,    243100 Belmont Park,170,43.2,40,5,10,20,40,10,15,5,5,15,70,10,10,20,15,15,20,10,5,5,0,0,0,243100
243800,Tirohanga,Tirohanga,1.18099976,1.18099976,6047.032463155955,1515.8,1.5158,158.4,Hutt City Pharmacy,Hutt,    243800 Tirohanga,670,41,110,30,40,45,210,50,40,35,35,50,250,45,50,55,45,45,100,40,20,20,10,5,5,243800
244200,Boulcott,Boulcott,1.582129510000001,1.582129510000001,5823.120528392635,565.6,0.5656,55.9,Lower Hutt Urgent Pharmacy,Hutt,    244200 Boulcott,1450,41.1,230,70,80,90,470,60,80,90,120,120,480,110,80,90,100,90,270,80,60,50,40,20,20,244200
302500,Wakefield Rural,Wakefield Rural,375.79428785,375.79428785,155740.6319225603,15004.7,15.004700000000001,1609.1,Wakefield Pharmacy,Nelson Marlborough,    302500 Wakefield Rural,670,49.7,90,30,25,40,170,35,40,25,35,35,280,35,40,65,65,75,130,55,35,25,10,5,0,302500
303500,Aniseed Valley,Aniseed Valley,57.20770596,57.20770596,46859.376446444614,15555.8,15.5558,1947.6,Fry's Pharmacy,Nelson Marlborough,    303500 Aniseed Valley,260,44.7,50,10,20,20,60,20,15,10,10,10,110,20,20,20,25,25,40,10,15,10,5,5,0,303500
303600,Nelson Rural,Nelson Rural,366.03509439,366.03509439,159986.12599218165,28166.3,28.1663,2641.9,Life Pharmacy Nelson City,Nelson Marlborough,    303600 Nelson Rural,1020,47.5,170,40,60,70,220,60,20,40,40,60,420,70,90,80,100,90,200,70,60,40,10,10,0,303600
246001,Waiwhetu North,Waiwhetu North,0.64154877,0.64154877,4452.280547540784,1083.8,1.0837999999999999,109.2,Woburn Pharmacy,Hutt,    246001 Waiwhetu North,890,37.4,160,60,45,55,330,55,45,75,80,75,280,60,65,55,45,55,120,45,30,25,15,5,0,246001
246800,Pencarrow,Pencarrow,268.4001072599999,268.4001072599999,126929.07286448193,6628.2,6.6282,1202.3,Clive's Chemist,Hutt,    246800 Pencarrow,360,44.4,50,10,20,20,110,30,30,15,15,20,140,25,15,30,30,40,60,25,15,10,10,5,0,246800
246900,Wainuiomata West,Wainuiomata West,2.10583367,2.10583367,8991.113843523462,2012.3,2.0122999999999998,195.9,Wainuiomata Pharmacy & Lotto,Hutt,    246900 Wainuiomata West,2020,35.4,420,140,130,150,740,100,130,160,180,170,610,150,120,120,110,120,250,80,60,50,30,20,10,246900
247501,MÄkara-Ohariu,Makara-Ohariu,177.19901121,177.19901121,97243.57546896438,6813.6,6.8136,636.7,Unichem Karori Mall Pharmacy,Wellington,    247501 Makara-Ohariu,520,42.1,70,20,25,30,170,35,40,35,35,30,210,35,35,50,45,45,70,25,20,5,5,10,0,247501
249401,Karori Park,Karori Park,1.15704155,1.15704155,6825.126776148688,2001.2,2.0012,215.6,Unichem Karori Mall Pharmacy,Wellington,    249401 Karori Park,1370,37.9,240,70,80,100,490,100,90,90,100,110,480,120,120,90,80,70,160,60,50,30,20,10,0,249401
250600,Karori East,Karori East,1.22916177,1.22916177,6088.859721525866,802.9,0.8029,88.7,Unichem Marsden Village Pharmacy,Wellington,    250600 Karori East,1720,43,260,60,90,120,540,130,120,120,80,90,620,100,130,150,130,110,300,90,70,60,40,20,20,250600
252300,Oriental Bay,Oriental Bay,0.30308899,0.3349709,3892.962277289868,1683.7,1.6837,223.7,Wellworks Pharmacy Taranaki Street,Wellington,    252300 Oriental Bay,780,52,30,10,10,10,270,20,50,80,70,45,230,40,30,45,50,65,260,60,55,60,50,20,10,252300
253600,Newtown South,Newtown South,1.195095520000001,1.195095520000001,5413.914196731389,1203.1,1.2030999999999998,157.3,Unichem Newtown Mall Pharmacy,Wellington,    253600 Newtown South,2220,31.7,280,90,90,100,1170,110,320,310,240,190,540,140,110,100,90,90,220,80,60,40,20,10,10,253600
253900,Melrose,Melrose,0.33286797,0.33286797,3647.1259905183865,1431.6,1.4316,162.0,Chemist Warehouse Kilbirnie,Wellington,    253900 Melrose,710,35.6,120,45,40,30,290,35,45,75,70,60,240,55,50,40,50,40,70,25,15,10,5,5,5,253900
255300,Kopuaranga,Kopuaranga,458.04022438,458.04022438,145177.50521118726,17706.3,17.7063,899.1,Masterton Medical Pharmacy,Wairarapa,    255300 Kopuaranga,530,46,100,30,30,40,130,25,20,20,25,30,200,35,35,50,35,50,100,40,30,20,5,5,0,255300
255401,Upper Plain,Upper Plain,84.91094918999998,84.91094918999998,54720.8849352578,9791.6,9.7916,771.5,Life Pharmacy Masterton,Wairarapa,    255401 Upper Plain,620,49.9,100,20,35,40,130,35,20,15,30,30,250,40,40,55,60,55,140,45,45,35,10,5,0,255401
256100,Douglas Park,Douglas Park,1.20827639,1.20827639,5592.404509111229,1091.5,1.0915,120.9,Life Pharmacy Masterton,Wairarapa,    256100 Douglas Park,1150,45.5,190,60,70,60,310,70,50,60,80,60,350,60,60,80,80,70,300,70,70,60,50,20,30,256100
256500,Whareama,Whareama,1596.0776895099996,1596.0776895099996,258960.91310545022,34100.9,34.1009,2956.5,Masterton Medical Pharmacy,Wairarapa,    256500 Whareama,760,45.2,150,45,65,45,180,35,20,35,40,40,280,50,45,55,70,65,150,70,45,25,10,5,0,256500
256600,Homebush-Te Ore Ore,Homebush-Te Ore Ore,103.11398759,103.11398759,77071.80039627232,7374.4,7.3744,430.8,Masterton Medical Pharmacy,Wairarapa,    256600 Homebush-Te Ore Ore,630,49.7,110,30,40,35,130,30,15,25,30,25,240,40,40,55,55,50,150,50,50,30,10,10,0,256600
300301,Golden Bay/Mohua,Golden Bay/Mohua,2248.8987130099995,2248.8987130099995,476054.39416400203,53536.9,53.5369,3098.4,Golden Bay Pharmacy,Nelson Marlborough,    300301 Golden Bay/Mohua,1410,51.7,190,50,80,60,300,60,40,40,80,80,540,90,90,100,120,150,370,140,110,70,40,10,0,300301
303901,Port Nelson,Port Nelson,0.97767029,1.12673702,11077.346676383693,2050.1,2.0501,197.4,Life Pharmacy Nelson City,Nelson Marlborough,    303901 Port Nelson,40,65.3,0,0,0,5,10,0,0,0,0,0,10,5,0,0,0,5,20,10,5,5,0,0,0,303901
304100,TÄhunanui,Tahunanui,1.61396539,1.61396539,6470.346940368203,1404.2,1.4042000000000001,213.2,Tahunanui Pharmacy,Nelson Marlborough,    304100 Tahunanui,1480,41.5,230,90,70,70,480,60,80,100,140,110,460,80,90,90,100,110,310,80,80,70,30,30,10,304100
308400,Redwoodtown East,Redwoodtown East,1.07412763,1.07412763,5421.633656724807,548.5,0.5485,52.1,Unichem Redwoodtown Pharmacy,Nelson Marlborough,    308400 Redwoodtown East,1400,45.5,240,90,60,80,360,40,50,70,110,90,420,90,80,80,80,90,380,90,80,90,60,30,20,308400
308600,Witherlea East,Witherlea East,1.37388583,1.37388583,5523.952024415304,1096.5,1.0965,109.1,Unichem Redwoodtown Pharmacy,Nelson Marlborough,    308600 Witherlea East,1470,44.8,260,90,90,90,370,70,60,70,80,100,480,100,90,100,90,100,350,90,90,80,60,20,10,308600
308800,KaikÅura Ranges,Kaikoura Ranges,2037.5676333199997,2037.5676333199997,307376.0030292962,24911.3,24.9113,2285.9,Kaikoura Pharmacy,Canterbury,    308800 Kaikoura Ranges,850,48.6,150,45,40,65,170,25,15,40,35,50,350,60,65,85,70,75,180,80,45,25,20,5,5,308800
304200,Britannia,Britannia,0.84028663,0.84028663,5509.404514565534,1926.9,1.9269,246.1,Life Pharmacy Nelson City,Nelson Marlborough,    304200 Britannia,980,45.6,140,40,55,45,280,35,45,60,70,70,330,60,45,70,70,80,230,75,65,45,25,10,5,304200
305500,Maitai,Maitai,0.93527094,0.93527094,5156.8482663502855,1099.3,1.0993,126.9,Life Pharmacy Prices,Nelson Marlborough,    305500 Maitai,740,50.4,90,15,30,35,190,45,40,35,35,40,280,40,45,60,65,65,190,60,55,35,20,10,10,305500
305800,Suffolk,Suffolk,2.00126145,2.00126145,7067.186970321093,2577.7,2.5776999999999997,264.6,Unichem Hurst and Taylor Pharmacy,Nelson Marlborough,    305800 Suffolk,1370,54.9,160,50,50,60,310,60,70,60,60,60,390,60,70,80,90,90,510,100,100,110,100,70,40,305800
306301,Marlborough Sounds West,Marlborough Sounds West,1554.04417304,1554.18008818,828863.3643691663,51462.7,51.4627,3256.8,Life Pharmacy Nelson City,Nelson Marlborough,    306301 Marlborough Sounds West,1060,51.4,160,50,50,60,220,50,30,40,60,50,400,50,70,90,90,100,270,100,80,60,20,10,0,306301
306501,Marlborough Sounds East,Marlborough Sounds East,1043.09612347,1043.09612347,1070518.0502878889,51752.7,51.7527,6128.3,Medical Centre Pharmacy Picton,Nelson Marlborough,    306501 Marlborough Sounds East,920,57.2,100,25,35,40,170,35,20,30,35,45,370,40,50,65,100,115,290,100,100,60,25,10,5,306501
307301,Woodbourne,Woodbourne,76.12930891999999,76.12930891999999,76095.20049743904,2641.5,2.6415,169.6,Omaka Landing Pharmacy,Nelson Marlborough,    307301 Woodbourne,1040,42.6,200,60,70,70,290,50,50,50,60,70,340,60,70,60,70,90,210,60,70,50,20,0,0,307301
307700,Mayfield,Mayfield,1.45865291,1.45865291,5735.7467497228445,1682.5,1.6825,197.3,Civic Health Pharmacy,Nelson Marlborough,    307700 Mayfield,890,40.8,170,60,50,50,260,50,40,45,65,65,280,70,50,45,55,60,180,50,45,35,30,15,5,307700
308200,Redwoodtown West,Redwoodtown West,1.06278688,1.06278688,4261.881259956428,1246.2,1.2462,122.0,Unichem Redwoodtown Pharmacy,Nelson Marlborough,    308200 Redwoodtown West,1370,45,220,70,70,80,390,60,60,70,90,90,410,80,80,80,90,80,360,70,60,70,70,50,40,308200
308900,KaikÅura,Kaikoura,9.282858380000002,9.282858380000002,32165.48986982313,2937.8,2.9378,304.9,Kaikoura Pharmacy,Canterbury,    308900 Kaikoura,1130,51.9,170,60,40,60,250,20,30,70,60,60,360,60,70,70,70,90,360,110,90,80,50,20,20,308900
309000,Karamea,Karamea,3129.1761300499993,3129.1761300499993,373488.5371527014,105714.6,105.7146,7291.9,Buller Pharmacy,West Coast,    309000 Karamea,390,56.4,50,15,15,20,70,10,10,15,15,20,160,20,25,30,40,45,120,40,40,15,15,10,5,309000
309400,Westport South,Westport South,2.873924810000001,2.873924810000001,8206.359789039418,1624.3,1.6242999999999999,182.2,Buller Pharmacy,West Coast,    309400 Westport South,1170,52.1,170,50,50,60,270,50,30,70,60,60,380,50,60,80,80,100,360,90,100,80,40,30,10,309400
309500,Buller Coalfields,Buller Coalfields,498.52148579,498.52148579,109767.84738505427,34512.5,34.5125,3508.9,Buller Pharmacy,West Coast,    309500 Buller Coalfields,430,58.6,50,20,15,15,60,10,10,15,10,15,190,15,20,35,50,70,130,45,35,25,10,5,5,309500
309600,Charleston (Buller District),Charleston (Buller District),1015.49726063,1015.49726063,201961.35491731385,30054.1,30.0541,1822.5,Buller Pharmacy,West Coast,    309600 Charleston (Buller district),280,52.4,40,15,15,15,50,10,10,15,10,10,110,15,15,20,20,35,70,30,25,10,5,0,0,309600
309700,Inangahua,Inangahua,3195.9357241499997,3195.9357241499997,350261.56099220325,90891.5,90.8915,5169.5,Unichem Olsen's Pharmacy,West Coast,    309700 Inangahua,430,41.2,80,35,25,25,130,20,15,35,25,25,140,25,25,25,35,35,80,30,20,15,10,5,5,309700
309800,Reefton,Reefton,2.62641709,2.62641709,9893.304772768062,77678.7,77.67869999999999,3794.7,Unichem Olsen's Pharmacy,West Coast,    309800 Reefton,420,57.7,50,10,15,15,80,15,15,20,15,15,160,15,20,30,40,60,140,35,35,25,20,10,10,309800
309900,Barrytown,Barrytown,733.59018457,733.59018457,197415.68596447993,37961.9,37.9619,2303.3,Unichem Olsen's Pharmacy,West Coast,    309900 Barrytown,490,50.6,60,25,15,20,130,15,30,25,30,25,200,20,35,45,50,55,100,40,30,15,10,10,0,309900
310101,Cobden,Cobden,3.675646469999999,3.675646469999999,8867.637790229695,2788.0,2.788,273.9,Unichem Olsen's Pharmacy,West Coast,    310101 Cobden,790,42.4,120,35,35,45,260,40,55,55,65,50,250,40,45,60,55,50,160,50,40,25,20,15,5,310101
310400,King Park,King Park,0.84243948,0.84243948,6725.548507006043,1383.0,1.383,162.0,Unichem Olsen's Pharmacy,West Coast,    310400 King Park,550,48.3,60,20,20,25,170,35,30,30,40,35,170,25,30,40,40,35,150,35,30,30,25,20,10,310400
310600,Karoro,Karoro,6.49099924,6.49099924,12816.472659650382,3846.4,3.8464,449.8,Unichem Te Nikau Pharmacy,West Coast,    310600 Karoro,530,50.6,80,20,25,35,120,15,25,20,30,30,190,30,30,45,45,40,130,35,35,35,15,10,5,310600
311200,Haast,Haast,4099.090442049999,4105.5249068699995,425688.4993923944,174354.9,174.3549,11488.7,Wanaka Pharmacy,Southern,    311200 Haast,140,53.2,10,5,10,0,30,5,0,5,15,5,50,10,5,10,10,15,40,20,10,5,0,0,0,311200
311300,Westland Glaciers-Bruce Bay,Westland Glaciers-Bruce Bay,3057.442365,3071.06630531,312865.5395979682,183080.2,183.08020000000002,8630.6,Westland Pharmacy,West Coast,    311300 Westland Glaciers-Bruce Bay,570,35.1,50,20,20,15,300,10,25,75,115,70,160,45,25,25,30,30,60,30,10,5,10,0,0,311300
311401,Arahura-KÅ«mara,Arahura-Kumara,264.41272295,264.41272295,93098.04149614052,18523.6,18.5236,1870.6,Westland Pharmacy,West Coast,    311401 Arahura-Kumara,660,51.8,90,25,35,35,130,25,10,25,40,30,300,40,45,65,70,80,140,55,35,25,15,5,5,311401
311701,Hokitika Rural,Hokitika Rural,140.96287856999996,140.96287856999996,60790.58625706872,12747.1,12.7471,724.4,Westland Pharmacy,West Coast,    311701 Hokitika Rural,600,49.2,100,30,30,40,140,35,15,25,35,30,230,25,45,50,60,50,130,50,35,25,15,5,0,311701
311800,Waitaha,Waitaha,1497.78151101,1497.78151101,208956.63692802473,53781.2,53.7812,3603.2,Westland Pharmacy,West Coast,    311800 Waitaha,200,55.4,20,5,5,15,40,10,5,5,10,5,80,10,10,20,20,20,60,20,15,15,5,0,0,311800
311900,Whataroa-Harihari,Whataroa-Harihari,1136.2460176,1136.2460176,286641.4796457259,93492.1,93.49210000000001,4385.0,Westland Pharmacy,West Coast,    311900 Whataroa-Harihari,340,40,70,15,20,35,100,20,15,15,30,20,110,15,20,25,25,25,60,15,15,10,10,0,5,311900
312001,Hokitika Valley-Otira,Hokitika Valley-Otira,1620.1428886099998,1634.9583215199998,318029.92687095265,37606.6,37.6066,4062.3,Westland Pharmacy,West Coast,    312001 Hokitika Valley-Otira,330,37.3,70,15,25,25,100,40,15,15,20,15,110,20,20,25,25,25,50,15,15,10,5,0,0,312001
312100,Hanmer Range,Hanmer Range,3609.1348194699995,3622.6725506099992,431868.0088022767,102439.8,102.4398,4976.6,Amberley Pharmacy,Canterbury,    312100 Hanmer Range,130,48.1,20,5,5,10,40,5,10,5,5,10,50,5,10,10,15,10,20,10,10,5,0,0,0,312100
312400,Upper Hurunui,Upper Hurunui,1004.9595782500002,1004.9595782500002,205700.3675495988,41687.9,41.6879,2731.0,Amberley Pharmacy,Canterbury,    312400 Upper Hurunui,740,49.3,130,30,45,50,160,45,15,25,35,45,280,45,45,55,65,65,170,50,50,40,20,10,0,312400
312500,Parnassus,Parnassus,994.5720445000003,994.5720445000003,197782.9068945553,60736.4,60.7364,3529.9,Kaikoura Pharmacy,Canterbury,    312500 Parnassus,660,45.6,150,35,50,65,140,30,15,25,30,45,200,30,35,35,50,45,160,55,40,40,20,10,5,312500
312600,Ashley Forest,Ashley Forest,340.57447986999995,340.57447986999995,120924.11115620608,16911.5,16.9115,1250.0,Amberley Pharmacy,Canterbury,    312600 Ashley Forest,380,42.2,70,20,20,30,110,25,30,10,20,25,140,25,20,40,30,30,60,15,15,20,5,0,0,312600
312700,Omihi,Omihi,717.8951883100001,717.8951883100001,149889.23130433305,29385.3,29.3853,1416.1,Amberley Pharmacy,Canterbury,    312700 Omihi,570,48.9,90,30,30,30,140,40,10,20,30,35,220,30,35,50,55,50,120,50,30,25,10,0,5,312700
312801,Balcairn,Balcairn,130.50841137999998,130.50841137999998,70652.33139118218,1944.7,1.9447,239.5,Amberley Pharmacy,Canterbury,    312801 Balcairn,1200,51.2,190,60,60,70,250,70,30,40,50,60,480,60,70,120,120,110,280,90,80,70,30,10,0,312801
318800,Redwood West,Redwood West,0.81581442,0.81581442,4282.0762594611615,2137.6,2.1376,207.7,Shields Pharmacy,Canterbury,    318800 Redwood West,1130,38.2,210,70,70,80,390,70,70,80,80,80,350,70,60,70,70,80,180,60,40,30,30,20,10,318800
319600,Redwood East,Redwood East,1.36361944,1.36361944,4666.938021562038,2160.8,2.1608,206.8,Shields Pharmacy,Canterbury,    319600 Redwood East,1660,39.8,300,110,80,110,530,80,90,100,120,130,530,110,100,100,110,110,300,90,60,60,40,40,10,319600
323300,Riccarton West,Riccarton West,0.62319042,0.62319042,3163.844323300371,522.2,0.5222,60.9,Remedy Pharmacy - Riccarton,Canterbury,    323300 Riccarton West,1710,26.9,220,80,70,70,1040,140,410,190,180,130,310,80,70,60,50,50,130,40,30,20,20,10,10,323300
313200,Oxford,Oxford,11.817470870000003,11.817470870000003,19093.227787166732,764.5,0.7645,76.5,Oxford Pharmacy,Canterbury,    313200 Oxford,1230,47.9,240,60,80,100,280,60,30,40,70,70,370,70,60,90,70,70,350,100,90,70,40,30,20,313200
313400,Loburn,Loburn,89.31691476,89.31691476,53389.24245462292,12019.1,12.0191,679.8,Stans 7 Day Pharmacy,Canterbury,    313400 Loburn,1230,48.5,190,50,70,70,300,90,70,30,40,60,530,70,90,120,140,110,210,80,70,40,20,0,10,313400
313500,Eyrewell,Eyrewell,272.10761785000005,272.10761785000005,73137.51667945561,16509.1,16.5091,1200.5,Oxford Pharmacy,Canterbury,    313500 Eyrewell,1040,40.8,190,60,60,80,320,70,50,40,70,80,400,70,80,80,90,80,130,60,30,20,10,0,0,313500
314200,Rangiora North East,Rangiora North East,2.02002529,2.02002529,8717.046022288952,1136.6,1.1365999999999998,150.0,Stans 7 Day Pharmacy,Canterbury,    314200 Rangiora North East,1000,46.2,140,60,45,40,290,60,45,60,70,65,300,55,50,80,45,70,270,70,55,50,45,30,20,314200
315200,Tuahiwi,Tuahiwi,22.705008520000003,22.705008520000003,22223.766116271152,6567.6,6.5676000000000005,624.1,Kaiapoi North Pharmacy,Canterbury,    315200 Tuahiwi,500,46.1,80,25,20,35,140,25,30,25,30,30,190,25,30,35,50,45,90,40,25,15,10,0,5,315200
315500,Clarkville,Clarkville,30.13100589,30.13100589,29371.11056047063,3946.4,3.9464,323.4,Silverstream Kaiapoi Pharmacy,Canterbury,    315500 Clarkville,760,47.5,120,30,40,40,200,60,35,30,35,35,280,45,40,70,75,55,160,65,55,25,10,5,0,315500
315800,Silverstream (Waimakariri District),Silverstream (Waimakariri District),1.01090746,1.01090746,4412.361387015683,362.0,0.362,53.8,Silverstream Kaiapoi Pharmacy,Canterbury,    315800 Silverstream (Waimakariri district),830,46.6,100,40,30,25,270,20,40,65,95,50,220,35,30,40,55,50,250,60,75,70,25,15,5,315800
316401,McLeans Island,McLeans Island,74.92013482,74.92013482,58685.4174580577,8355.6,8.3556,689.6,Kiwi Pharmacy Yaldhurst,Canterbury,    316401 McLeans Island,100,47,20,10,5,5,30,5,10,5,5,5,30,5,5,10,5,10,20,5,5,5,0,0,0,316401
317100,Brooklands-Spencerville,Brooklands-Spencerville,7.247240079999999,7.247240079999999,25407.59038581336,9061.8,9.0618,751.6,Unichem Belfast Pharmacy,Canterbury,    317100 Brooklands-Spencerville,380,40.8,60,20,20,25,120,25,30,30,20,15,140,20,20,35,30,35,50,25,15,5,5,0,0,317100
317201,Styx,Styx,32.09317644000001,32.09317644000001,33695.36134176531,4710.0,4.71,312.7,Unichem Prestons Pharmacy,Canterbury,    317201 Styx,520,45.5,80,25,20,35,150,25,35,30,25,30,210,30,35,55,45,40,90,35,25,20,5,5,0,317201
318501,Avonhead North,Avonhead North,1.35048534,1.35048534,4991.771417322151,1083.9,1.0839,111.4,Avonhead Pharmacy,Canterbury,    318501 Avonhead North,880,48,120,20,50,45,250,40,50,50,55,50,260,55,40,65,50,55,260,50,55,55,55,30,15,318501
318700,Broomfield,Broomfield,0.99864686,0.99864686,4250.643668098327,1910.8,1.9108,211.0,Hei Hei Pharmacy (2019) Ltd,Canterbury,    318700 Broomfield,1460,38.6,260,70,90,100,500,70,90,100,130,110,410,100,70,80,90,70,290,90,80,60,40,30,0,318700
324700,Broken Run,Broken Run,0.4224295,0.4224295,3132.5058719466006,1132.2,1.1322,177.3,Unichem Wigram Pharmacy,Canterbury,    324700 Broken Run,340,37,70,25,30,15,120,15,20,20,30,30,100,35,15,20,15,15,50,20,15,10,0,0,0,324700
325500,Tower Junction,Tower Junction,1.07762403,1.07762403,5555.220648000533,611.3,0.6113,101.3,Bargain Chemist Tower Junction,Canterbury,    325500 Tower Junction,130,81.6,0,0,0,0,20,0,0,5,10,5,10,0,0,0,0,5,100,0,10,15,25,10,40,325500
326200,Åtakaro-Avon River Corridor,Otakaro-Avon River Corridor,6.141560529999999,6.141560529999999,25114.66661966048,1191.9,1.1919000000000002,127.1,Eastern Pharmacy Aranui,Canterbury,    326200 Otakaro-Avon River Corridor,50,36.4,10,5,5,5,20,5,5,5,5,5,20,5,5,5,5,5,10,0,0,0,0,0,0,326200
328500,Linwood North,Linwood North,0.85758256,0.85758256,4298.385634845138,698.8,0.6988,72.2,Community Pharmacy Linwood,Canterbury,    328500 Linwood North,1390,36.6,250,90,70,80,520,70,90,120,140,110,450,90,100,80,80,100,180,70,50,40,20,10,0,328500
328600,Aranui,Aranui,1.41641313,1.41641313,4670.050125023262,1259.4,1.2594,140.8,Eastern Pharmacy Aranui,Canterbury,    328600 Aranui,2170,31.8,520,160,200,160,810,190,150,170,160,140,610,130,130,130,120,110,230,80,50,50,30,10,0,328600
329100,Somerfield East,Somerfield East,1.22917186,1.22917186,4500.792646282332,946.4,0.9464,106.7,Christchurch South Pharmacy (Hardings Pharmacy),Canterbury,    329100 Somerfield East,1990,40.6,360,110,110,130,610,140,100,100,130,140,700,150,140,170,130,110,310,90,80,60,40,30,20,329100
329500,Hoon Hay South,Hoon Hay South,0.79564515,0.79564515,4793.801088541727,1409.1,1.4091,164.5,Hoon Hay Pharmacy,Canterbury,    329500 Hoon Hay South,1120,40.7,200,50,80,70,350,70,50,60,90,80,380,80,80,70,70,70,190,50,50,30,30,20,10,329500
330100,Woolston North,Woolston North,1.29547608,1.29547608,4534.364392165382,1526.7,1.5267,158.2,Community Pharmacy Linwood,Canterbury,    330100 Woolston North,1750,38.7,310,90,110,110,600,80,100,120,160,140,560,130,100,120,100,110,290,90,70,60,40,10,20,330100
331600,Port Hills,Port Hills,44.45657467999999,44.45657467999999,74423.30736015255,4289.3,4.2893,475.3,Lyttelton Pharmacy,Canterbury,    331600 Port Hills,40,45.3,10,0,5,0,10,5,0,0,0,5,20,0,5,5,5,0,10,5,0,0,0,0,0,331600
332100,Redcliffs,Redcliffs,1.847230480000001,1.847230480000001,7249.924059278456,2291.8,2.2918000000000003,239.4,Redcliffs Pharmacy,Canterbury,    332100 Redcliffs,1050,51.9,130,40,40,60,250,50,40,60,40,60,390,50,60,90,100,90,280,80,70,50,40,20,10,332100
332801,Teddington,Teddington,47.416814439999996,47.416814439999996,61943.26335609256,17952.6,17.952599999999997,1424.3,Lyttelton Pharmacy,Canterbury,    332801 Teddington,140,49.9,20,5,5,10,30,5,5,5,5,5,60,10,10,10,15,15,30,10,10,5,0,0,0,332801
332901,Diamond Harbour,Diamond Harbour,3.0179633,3.0179633,17520.20279535147,25952.6,25.952599999999997,2092.3,Lyttelton Pharmacy,Canterbury,    332901 Diamond Harbour,830,54.3,100,25,40,35,130,40,20,15,25,35,360,55,65,75,75,95,230,70,70,50,25,10,5,332901
333100,Banks Peninsula South,Banks Peninsula South,371.61097987,377.86291147000003,181238.8380922659,32186.8,32.1868,2189.6,Selwyn Community Pharmacy,Canterbury,    333100 Banks Peninsula South,620,50.4,80,15,30,35,140,40,20,25,25,35,300,35,55,55,80,75,110,35,30,20,15,5,5,333100
333201,Banks Peninsula Eastern Bays,Banks Peninsula Eastern Bays,368.0309954199999,368.0309954199999,213391.26432229197,19786.7,19.7867,1231.4,Akaroa Pharmacy,Canterbury,    333201 Banks Peninsula Eastern Bays,290,50.9,50,15,15,25,50,15,10,10,5,10,110,15,25,25,25,25,80,35,20,10,5,0,0,333201
333300,Akaroa Harbour,Akaroa Harbour,162.13967936999998,162.13967936999998,150520.94151597752,1530.7,1.5307,220.4,Akaroa Pharmacy,Canterbury,    333300 Akaroa Harbour,360,59.7,30,5,10,15,60,15,10,10,10,15,130,15,20,25,30,40,140,45,35,35,15,5,5,333300
333600,Craigieburn,Craigieburn,3407.5248637699992,3444.2562219799993,326128.8867965772,88348.2,88.34819999999999,4254.7,Darfield Pharmacy,Canterbury,    333600 Craigieburn,90,49.3,10,0,0,10,30,5,5,5,10,5,30,5,5,10,5,10,20,5,5,5,5,0,0,333600
333700,Torlesse,Torlesse,414.27830128999994,414.27830128999994,120290.5452031688,25510.6,25.5106,1781.3,Darfield Pharmacy,Canterbury,    333700 Torlesse,610,42.1,120,40,35,50,170,35,10,25,45,50,220,35,40,45,50,50,100,45,25,15,10,0,5,333700
333800,Glenroy-Hororata,Glenroy-Hororata,644.25688708,644.25688708,139439.48314371193,38887.7,38.887699999999995,3063.6,Darfield Pharmacy,Canterbury,    333800 Glenroy-Hororata,630,40.3,140,55,50,35,170,35,25,35,40,40,220,50,50,40,40,45,90,35,30,15,10,0,5,333800
333901,Glentunnel,Glentunnel,157.16779140000003,157.16779140000003,72143.11097824365,8497.6,8.4976,489.3,Darfield Pharmacy,Canterbury,    333901 Glentunnel,610,45.8,110,35,35,35,160,35,10,20,40,55,230,35,35,50,55,55,120,45,35,20,15,5,5,333901
334200,Bankside,Bankside,359.56312381999993,359.56312381999993,99669.75400283789,31038.3,31.0383,2343.9,Leeston Pharmacy,Canterbury,    334200 Bankside,880,36,190,60,60,70,320,45,35,65,85,85,280,70,45,60,60,50,100,40,25,15,15,5,5,334200
334700,Burnham Camp,Burnham Camp,1.49394208,1.49394208,5113.876203708435,7890.2,7.8902,539.6,Bargain Chemist Rolleston ,Canterbury,    334700 Burnham Camp,400,26.4,90,35,35,20,260,20,70,85,60,30,50,15,10,5,10,5,10,5,0,0,0,0,0,334700
335001,Springston,Springston,118.27316752000002,118.27316752000002,75707.97665402984,8284.9,8.2849,814.6,Unichem Rolleston Village Pharmacy,Canterbury,    335001 Springston,1200,41.8,220,50,90,80,350,100,60,50,60,60,430,80,80,110,80,80,190,70,60,30,20,10,10,335001
335400,Southbridge,Southbridge,361.5614081400001,361.5614081400001,88687.9333063085,8516.1,8.5161,611.8,Leeston Pharmacy,Canterbury,    335400 Southbridge,1340,39.9,240,80,70,90,430,120,70,60,90,90,460,80,100,110,80,90,210,80,60,40,10,10,0,335400
335502,Rolleston South East,Rolleston South East,6.51798316,6.51798316,10261.260590321992,2408.7,2.4086999999999996,244.9,Woolworths Pharmacy Rolleston,Canterbury,    335502 Rolleston South East,2790,31.6,770,340,250,170,1190,120,120,270,390,300,670,220,140,120,100,90,160,70,50,30,10,0,0,335502
354100,Calton Hill,Calton Hill,0.66409249,0.66409249,3545.678160286782,1849.3,1.8493,158.3,Caversham Pharmacy,Southern,    354100 Calton Hill,790,34.5,170,60,55,60,300,40,45,60,80,70,230,55,45,55,45,35,90,35,20,10,10,5,5,354100
336101,Lincoln North,Lincoln North,2.93265928,2.93265928,9713.958172941631,1153.6,1.1536,125.5,Selwyn Community Pharmacy,Canterbury,    336101 Lincoln North,1570,36.6,330,120,90,110,540,130,60,80,140,130,480,110,110,110,80,70,220,70,60,50,20,10,0,336101
336301,Tai Tapu,Tai Tapu,56.80112121,56.80112121,35656.89699196849,10176.5,10.1765,957.5,Selwyn Community Pharmacy,Canterbury,    336301 Tai Tapu,650,47.8,120,20,45,55,130,45,20,15,15,35,290,45,65,75,50,55,120,45,30,20,10,5,5,336301
336400,Motukarara,Motukarara,64.66622807,64.66622807,50581.26695021176,11082.9,11.0829,638.4,Selwyn Community Pharmacy,Canterbury,    336400 Motukarara,330,43.2,50,15,10,20,100,25,20,20,20,20,130,20,20,30,30,30,50,25,10,10,5,0,5,336400
336600,Ashburton Lakes,Ashburton Lakes,2995.1368981899996,3002.1030820799997,292133.9928663828,92864.2,92.8642,6936.5,Woolworths Pharmacy Ashburton South,Canterbury,    336600 Ashburton Lakes,60,30.2,10,5,5,0,30,5,5,5,5,5,20,0,5,5,5,5,0,0,0,0,0,0,0,336600
336701,Cairnbrae,Cairnbrae,541.21322789,541.21322789,133509.60537539198,34496.3,34.496300000000005,1709.8,Searles Allenton Pharmacy (Ash) Ltd,Canterbury,    336701 Cairnbrae,740,37.3,160,45,50,65,240,50,40,50,45,50,250,50,55,50,50,45,80,35,20,20,5,0,0,336701
336800,Ashburton Forks,Ashburton Forks,859.3873691899997,859.3873691899997,144494.0521805576,38684.4,38.684400000000004,2303.0,Woolworths Pharmacy Ashburton South,Canterbury,    336800 Ashburton Forks,1190,34.6,250,90,80,70,470,60,70,110,120,120,340,80,70,70,60,60,130,50,30,20,10,0,0,336800
337000,Ealing-Lowcliffe,Ealing-Lowcliffe,413.1881898300001,413.1881898300001,91559.3849533488,26564.4,26.564400000000003,1544.7,Woolworths Pharmacy Ashburton South,Canterbury,    337000 Ealing-Lowcliffe,880,32.3,200,55,75,70,390,55,50,80,115,85,220,60,45,45,40,30,70,30,15,10,5,5,0,337000
337800,Allenton East,Allenton East,1.23834783,1.23834783,4811.945036905013,1752.7,1.7527000000000001,209.1,Searles Allenton Pharmacy (Ash) Ltd,Canterbury,    337800 Allenton East,1120,44.4,180,60,50,70,330,50,50,70,80,70,300,60,60,60,60,60,310,60,70,50,50,50,20,337800
338100,Ashburton West,Ashburton West,0.45251945,0.45251945,3190.8262335231993,944.1,0.9441,122.2,Life Pharmacy Ashburton,Canterbury,    338100 Ashburton West,550,57.2,70,20,20,25,130,15,20,30,40,30,130,20,15,30,25,35,230,35,45,55,35,30,25,338100
338600,Ben McLeod,Ben McLeod,842.34119654,842.34119654,238796.664872531,68262.7,68.2627,6972.8,Geraldine Pharmacy,South Canterbury,    338600 Ben McLeod,60,38.1,10,5,0,5,30,5,5,5,10,5,20,0,0,5,5,5,10,5,5,0,0,0,0,338600
339300,Temuka West,Temuka West,4.07169845,4.07169845,9648.47896790235,896.2,0.8962,80.9,Temuka Pharmacy,South Canterbury,    339300 Temuka West,1140,50.4,170,50,60,60,270,60,40,50,60,60,360,60,60,80,80,80,340,70,100,60,50,40,20,339300
350401,Halfway Bush,Halfway Bush,1.45810864,1.45810864,5910.501339023201,989.9,0.9899,122.5,Balmac Pharmacy,Southern,    350401 Halfway Bush,1010,37.3,180,60,55,65,360,65,55,55,90,95,310,70,55,75,60,55,150,35,30,40,20,10,15,350401
102000,Omahuta Forest-Horeke,Omahuta Forest-Horeke,463.7073209499999,463.7073209499999,213292.33746864743,32517.6,32.5176,1608.7,Unichem Orrs Pharmacy Kaikohe,Northland,    102000 Omahuta Forest-Horeke,610,40.2,140,35,50,55,160,40,35,25,30,35,210,40,30,50,45,45,100,40,20,20,15,5,0,102000
339600,Temuka East,Temuka East,4.269741460000001,4.269741460000001,11134.847413843136,1970.9,1.9709,182.1,Temuka Pharmacy,South Canterbury,    339600 Temuka East,1200,44.9,220,70,70,80,320,60,40,70,80,70,380,70,70,70,90,90,280,80,80,50,30,30,10,339600
339900,Fairview,Fairview,98.36974861,98.36974861,50821.02079417307,8766.5,8.7665,1008.3,Roberts Pharmacy,South Canterbury,    339900 Fairview,850,47.3,130,35,50,45,230,60,40,35,50,40,310,40,50,80,70,70,170,60,50,35,15,5,5,339900
341000,Watlington,Watlington,1.20719932,1.20719932,5420.770961513813,2568.6,2.5686,275.8,Roberts Pharmacy,South Canterbury,    341000 Watlington,1140,41.1,200,60,70,80,350,60,50,80,100,80,360,70,70,80,70,70,220,60,60,30,40,20,10,341000
341101,Timaru Central,Timaru Central,0.80811291,0.80811291,4231.877585931583,601.3,0.6013,64.2,Moyle's Pharmacy,South Canterbury,    341101 Timaru Central,170,39.9,20,10,10,5,60,5,15,10,15,15,60,10,10,15,10,10,30,10,5,5,5,0,0,341101
341400,Kensington (Timaru District),Kensington (Timaru District),0.72551225,0.72551225,4269.234610762348,1522.8,1.5228,153.7,Roberts Pharmacy,South Canterbury,    341400 Kensington (Timaru district),780,39.6,130,50,50,35,260,35,45,55,75,50,250,40,45,50,60,55,140,45,35,30,15,10,5,341400
341501,Mackenzie Lakes,Mackenzie Lakes,5139.713260070001,5174.6688462,553153.5703174018,64674.5,64.6745,4134.5,MacKenzie Pharmacy,South Canterbury,    341501 Mackenzie Lakes,680,35.8,90,30,30,25,310,15,55,70,105,70,210,45,40,35,45,45,70,30,20,10,5,0,0,341501
342600,Morven-Glenavy-Ikawai,Morven-Glenavy-Ikawai,386.31632461,386.31632461,102585.47563979996,22369.2,22.3692,1915.1,Waimate Pharmacy,South Canterbury,    342600 Morven-Glenavy-Ikawai,580,35.2,150,60,50,45,180,30,15,25,65,45,160,35,25,35,45,25,80,30,30,15,10,5,5,342600
344800,Lindis-Nevis Valleys,Lindis-Nevis Valleys,2884.606169350001,2904.7544431600004,406862.5136679726,14548.1,14.5481,731.4,Antidote Lake Dunstan,Southern,    344800 Lindis-Nevis Valleys,1620,45.2,250,80,100,80,440,50,50,90,130,120,620,120,90,120,140,150,310,140,80,50,30,10,10,344800
345100,Manuherikia-Ida Valleys,Manuherikia-Ida Valleys,2511.46757361,2511.46757361,303948.7198727687,45066.8,45.0668,3054.5,Maniototo Pharmacy,Southern,    345100 Manuherikia-Ida Valleys,590,45.6,110,30,40,35,150,25,15,35,35,40,210,30,40,45,40,50,120,50,40,20,10,0,5,345100
345200,Earnscleugh,Earnscleugh,391.85262909,394.25560135,104167.20445941837,12132.5,12.1325,1478.9,Unichem Alexandra Pharmacy,Southern,    345200 Earnscleugh,420,50.2,70,15,20,30,90,10,20,20,25,20,160,20,25,30,35,50,90,35,30,10,10,0,0,345200
345300,Dunstan-Galloway,Dunstan-Galloway,444.46477074999996,444.46477074999996,121017.84772763168,8602.7,8.6027,547.1,Unichem Alexandra Pharmacy,Southern,    345300 Dunstan-Galloway,1030,51,160,50,60,60,220,50,30,40,40,70,420,50,70,90,100,110,220,120,60,40,10,0,0,345300
102100,Hokianga South,Hokianga South,126.04377437000002,126.04377437000002,145596.36066286423,42811.3,42.8113,2324.7,Unichem Orrs Pharmacy Kaikohe,Northland,    102100 Hokianga South,690,45.7,150,45,50,55,160,45,30,30,30,30,230,35,35,50,60,50,150,50,50,35,15,5,0,102100
102201,Lake Manuwai-Kapiro,Lake Manuwai-Kapiro,58.84771293000001,58.84771293000001,58938.09447168876,6091.2,6.0912,630.1,Waipapa Unichem Pharmacy,Northland,    102201 Lake Manuwai-Kapiro,1210,47.4,210,60,70,70,290,80,40,50,60,60,460,70,70,110,100,100,250,100,60,50,30,10,10,102201
102300,Åkaihau,Okaihau,147.67716336,160.02498376,88076.25866813055,16296.8,16.296799999999998,1080.9,Unichem Orrs Pharmacy Kaikohe,Northland,    102300 Okaihau,730,40.9,150,60,35,50,210,50,35,40,45,40,260,30,55,60,70,50,110,40,35,20,10,5,5,102300
102401,Rangitane-Purerua,Rangitane-Purerua,123.16367885,123.20658639,169374.14256833636,14264.2,14.2642,895.7,Waipapa Unichem Pharmacy,Northland,    102401 Rangitane-Purerua,870,49.5,160,40,50,75,180,45,15,35,45,40,340,40,60,65,85,95,190,65,55,35,15,10,5,102401
102501,Waipapa,Waipapa,8.011297729999999,8.011297729999999,20353.429815520743,1537.7,1.5377,136.6,Waipapa Unichem Pharmacy,Northland,    102501 Waipapa,480,38.9,100,20,35,50,140,40,25,20,30,25,160,30,30,30,35,30,70,25,20,15,10,0,0,102501
102600,Puketotara,Puketotara,55.26517701000001,55.26517701000001,59195.53874011666,5263.1,5.2631000000000006,502.1,Waipapa Unichem Pharmacy,Northland,    102600 Puketotara,1010,48.1,190,50,50,80,220,50,30,40,50,60,390,50,60,100,90,80,210,70,70,40,20,10,0,102600
345600,Alexandra South,Alexandra South,5.15292848,5.15292848,13649.569087281134,1526.3,1.5263,145.1,Alexandra Pharmacy,Southern,    345600 Alexandra South,1440,53.1,210,70,70,70,330,50,50,60,90,80,430,60,60,100,90,110,480,110,120,110,80,30,20,345600
346800,WÄnaka West,Wanaka West,4.43058378,4.43058378,11616.235199468187,2257.0,2.257,271.6,Aspiring Pharmacy Wanaka,Southern,    346800 Wanaka West,990,45.5,100,40,30,40,330,30,40,90,90,80,300,60,50,40,60,80,260,90,60,50,30,20,10,346800
347201,Upper Clutha Valley,Upper Clutha Valley,159.79527428,159.79527428,71442.53821715996,19472.7,19.4727,1232.6,Wanacare Pharmacy,Southern,    347201 Upper Clutha Valley,770,39,170,55,55,60,230,35,35,35,50,70,300,65,70,65,50,45,80,30,20,15,5,0,0,347201
347300,Kingston,Kingston,1012.5359434500001,1012.5359434500001,231740.9775863391,110574.2,110.57419999999999,13043.9,Fiordland Community Pharmacy,Southern,    347300 Kingston,230,37.2,50,25,10,15,80,5,10,10,25,30,80,20,20,15,10,10,20,10,5,5,0,0,0,347300
347501,Wakatipu Basin,Wakatipu Basin,57.7241974,57.7241974,62470.829795726844,5591.7,5.5916999999999994,454.2,Unichem Shotover Pharmacy,Southern,    347501 Wakatipu Basin,720,48.5,110,30,30,50,190,45,25,35,40,40,280,35,45,60,70,65,140,50,40,30,15,5,0,347501
347801,Sunshine Bay-Fernhill,Sunshine Bay-Fernhill,13.218468679999999,13.218468679999999,34652.11612660737,8246.6,8.2466,501.9,Chemist Warehouse Queenstown Town Centre,Southern,    347801 Sunshine Bay-Fernhill,1850,31.3,170,70,50,50,1190,100,220,340,340,190,410,130,90,60,70,70,70,40,20,10,10,0,0,347801
352200,Gardens (Dunedin City),Gardens (Dunedin City),1.51115016,1.51115016,6127.948594681175,831.8,0.8318,86.2,Antidote Gardens,Southern,    352200 Gardens (Dunedin city),2510,20.6,40,10,20,10,2340,880,1170,190,60,40,70,30,10,10,10,20,60,10,20,10,10,0,0,352200
352701,Port Chalmers,Port Chalmers,3.23756653,3.295487909999999,15716.63067790434,1493.0,1.493,146.7,Port Chalmers Pharmacy,Southern,    352701 Port Chalmers,750,49.4,90,20,35,40,170,35,25,35,35,40,300,55,65,60,60,60,190,60,60,40,20,5,10,352701
353900,Otago Peninsula,Otago Peninsula,84.95571035,84.95571035,100284.60705788451,18200.9,18.2009,1454.8,Waverley Pharmacy,Southern,    353900 Otago Peninsula,440,56.5,50,15,15,20,80,25,15,10,10,20,170,15,30,40,45,40,140,50,40,30,20,5,0,353900
348500,Lake Hayes,Lake Hayes,5.92287433,8.76219721,16245.405230097005,4693.3,4.6933,327.7,Unichem Shotover Pharmacy,Southern,    348500 Lake Hayes,200,47,30,10,10,10,50,10,10,10,10,15,80,10,15,15,15,20,40,15,15,5,5,0,0,348500
348700,Shotover Country,Shotover Country,3.03933153,3.03933153,7795.8697456812515,874.9,0.8749,114.4,Unichem Shotover Pharmacy,Southern,    348700 Shotover Country,2230,33.4,480,190,160,140,1070,60,130,230,320,330,560,250,130,80,50,40,120,30,20,30,20,10,0,348700
349000,Strath Taieri,Strath Taieri,2115.0227473299997,2115.0227473299997,315638.29130346945,60692.2,60.6922,3293.5,Unichem Taieri Pharmacy,Southern,    349000 Strath Taieri,330,44.7,50,15,20,20,90,20,10,15,15,25,130,20,20,30,30,30,60,20,20,5,5,5,0,349000
349100,Bucklands Crossing,Bucklands Crossing,421.95629421999996,421.95629421999996,135184.7411641341,28114.3,28.1143,2706.3,Waihemo Pharmacy,Southern,    349100 Bucklands Crossing,790,51.2,130,45,35,50,150,35,10,20,35,55,300,50,55,60,60,75,210,75,60,50,20,5,5,349100
349300,Momona,Momona,217.60622776000002,217.60622776000002,96973.83588813324,16525.9,16.5259,981.4,Mosgiel Health Centre Pharmacy,Southern,    349300 Momona,1210,45.4,220,60,80,70,310,80,40,50,60,80,460,70,70,120,100,90,230,80,70,50,20,10,0,349300
349401,Taieri,Taieri,150.04516806,150.04516806,80188.95888284016,5063.0,5.063,346.7,Unichem Taieri Pharmacy,Southern,    349401 Taieri,810,50.2,130,25,35,70,170,65,20,20,30,30,330,45,65,90,55,75,180,60,60,35,15,15,5,349401
349900,Mosgiel Central,Mosgiel Central,1.23774754,1.23774754,6081.19748568649,568.7,0.5687000000000001,72.3,Unichem Central Pharmacy Mosgiel,Southern,    349900 Mosgiel Central,1490,54.3,190,70,60,70,350,70,60,80,70,70,410,60,60,90,90,90,540,100,100,120,110,70,40,349900
350201,Saddle Hill-Chain Hills,Saddle Hill-Chain Hills,47.61261695999999,47.61261695999999,58944.53329038251,3743.6,3.7436,298.9,Mosgiel Health Centre Pharmacy,Southern,    350201 Saddle Hill-Chain Hills,650,48.5,80,30,25,25,180,45,50,20,30,35,280,35,50,65,75,50,120,45,30,15,15,5,0,350201
102700,WaimÄ Forest,Waima Forest,237.00189311,237.00189311,96026.18341537286,22274.6,22.2746,1069.2,Unichem Orrs Pharmacy Kaikohe,Northland,    102700 Waima Forest,580,36.6,130,50,45,35,180,55,30,35,30,30,190,30,25,35,50,45,80,35,25,10,5,0,0,102700
102801,Riverview,Riverview,7.592739429999999,7.592739429999999,23103.37587539407,3950.0,3.95,302.7,Unichem Kerikeri Pharmacy,Northland,    102801 Riverview,1380,50.3,220,50,80,100,290,90,30,40,60,70,450,80,90,90,100,100,410,110,100,100,60,30,10,102801
354701,South Dunedin,South Dunedin,0.53137447,0.53137447,4492.821308121953,184.9,0.1849,26.8,McNaughton's Pharmacy,Southern,    354701 South Dunedin,1290,50.9,170,60,60,50,350,60,60,80,70,80,360,50,70,80,70,90,410,110,100,80,70,40,20,354701
355100,Broad Bay-Portobello,Broad Bay-Portobello,3.596991969999999,3.596991969999999,19153.031893782063,14368.3,14.3683,1057.6,Waverley Pharmacy,Southern,    355100 Broad Bay-Portobello,640,51.4,90,25,30,35,140,35,10,20,30,40,240,35,40,55,50,65,170,50,50,35,20,10,5,355100
355200,St Kilda South,St Kilda South,1.13620035,1.13620035,5076.2583637037515,1218.4,1.2184000000000001,168.5,Antidote Macandrew,Southern,    355200 St Kilda South,1580,41.2,260,80,70,100,510,100,90,100,110,100,480,110,90,110,80,100,340,90,70,70,40,50,20,355200
355800,West Otago,West Otago,1374.71904723,1374.71904723,282662.73478776595,52394.4,52.394400000000005,3330.6,Life Pharmacy La Hood's,Southern,    355800 West Otago,1130,41.9,230,70,80,80,310,70,40,60,70,70,380,70,80,70,80,80,220,60,50,40,30,10,10,355800
355900,Tuapeka,Tuapeka,1235.19282206,1256.72082683,248785.20715785655,41471.8,41.4718,2273.5,Milton Pharmacy Ltd,Southern,    355900 Tuapeka,570,51.1,90,20,25,40,120,20,15,25,30,30,220,35,35,45,45,60,140,55,40,25,10,10,5,355900
356000,Clinton,Clinton,839.7002633999999,839.7002633999999,213066.67204926637,35810.2,35.810199999999995,2174.6,Unichem Grays Pharmacy,Southern,    356000 Clinton,640,35,140,50,40,50,220,35,45,50,50,40,200,30,45,45,35,50,80,25,20,15,10,5,0,356000
356100,Clutha Valley,Clutha Valley,747.3521513399999,747.3521513399999,184743.0001312092,16252.4,16.252399999999998,854.6,Bates Pharmacy,Southern,    356100 Clutha Valley,810,36.4,180,65,60,50,260,65,50,45,50,50,270,55,50,50,65,55,90,40,25,15,5,5,0,356100
356200,Bruce,Bruce,879.7335562099998,886.0014873799998,169671.92276661383,5451.8,5.4518,622.0,Milton Pharmacy Ltd,Southern,    356200 Bruce,1120,47.4,170,50,50,60,290,50,30,50,80,70,440,70,80,90,90,100,220,80,70,40,20,10,10,356200
356300,Catlins,Catlins,1072.9839434199996,1072.9839434199996,264277.1319152952,49078.2,49.078199999999995,4041.9,Unichem Grays Pharmacy,Southern,    356300 Catlins,650,50.8,100,35,35,35,140,25,20,30,30,35,260,30,40,50,65,75,150,60,40,25,15,5,5,356300
358300,Oreti River,Oreti River,629.8935546200003,629.8935546200003,148914.21032678202,17650.3,17.650299999999998,1212.5,Winton Pharmacy,Southern,    358300 Oreti River,1000,40,200,50,70,80,300,70,40,50,70,70,330,60,60,70,70,70,170,70,40,30,10,10,0,358300
358400,Åtautau,Otautau,703.2478366699997,703.2478366699997,155046.7568529463,18925.8,18.9258,1169.1,Riverton Pharmacy,Southern,    358400 Otautau,1390,35.9,330,120,100,110,450,90,60,80,110,100,420,80,80,100,70,90,200,70,60,40,20,10,0,358400
358500,Hedgehope,Hedgehope,729.2570237599998,729.2570237599998,158450.70321996714,23210.5,23.2105,2319.7,Winton Pharmacy,Southern,    358500 Hedgehope,600,36.2,140,35,55,60,190,40,20,40,40,45,190,45,40,45,30,30,70,35,20,10,5,0,0,358500
358600,Winton,Winton,3.077187670000002,3.077187670000002,10101.0317920938,492.3,0.4923,72.9,Winton Pharmacy,Southern,    358600 Winton,1250,43.6,220,70,60,90,360,70,40,90,90,70,330,60,60,70,70,70,340,80,60,80,50,40,30,358600
358700,Waianiwa,Waianiwa,228.65200117,228.65200117,79395.96747780762,14913.5,14.9135,888.0,Winton Pharmacy,Southern,    358700 Waianiwa,590,37.7,120,30,50,40,190,40,30,35,40,45,220,40,45,45,40,50,60,30,15,10,5,0,0,358700
358801,Riverton,Riverton,8.744494210000001,8.820221900000002,21977.445941563103,1810.3,1.8103,163.5,Riverton Pharmacy,Southern,    358801 Riverton,800,52.4,110,30,35,45,170,30,20,30,45,40,270,45,45,50,50,75,250,75,65,55,35,15,5,358801
359000,Grove Bush,Grove Bush,145.55714986999996,145.55714986999996,72623.91967520166,16062.8,16.0628,1321.8,Unichem Ascot Pharmacy,Southern,    359000 Grove Bush,600,41.4,120,30,45,45,170,40,25,25,40,40,230,45,45,50,40,50,80,40,15,15,5,0,0,359000
359100,Edendale-Woodlands,Edendale-Woodlands,385.39641087999985,385.39641087999985,102182.61882072262,27093.1,27.0931,1575.6,Unichem Ascot Pharmacy,Southern,    359100 Edendale-Woodlands,1110,38.7,240,70,70,100,330,60,30,60,100,80,380,70,70,80,80,80,150,60,40,30,10,10,10,359100
359800,Gore North,Gore North,1.72781471,1.72781471,7287.473493752912,1364.7,1.3647,144.7,Life Pharmacy La Hood's,Southern,    359800 Gore North,920,49.5,120,50,40,35,240,40,45,45,60,55,290,50,55,50,60,80,260,55,40,60,45,40,20,359800
102900,Waipoua Forest,Waipoua Forest,277.85666173,277.85666173,105045.49865711849,66475.6,66.4756,3623.9,Unichem Orrs Pharmacy Dargaville,Northland,    102900 Waipoua Forest,660,51,110,35,40,40,150,30,25,25,30,40,220,30,35,40,45,70,180,55,60,35,20,10,5,102900
359900,Gore West,Gore West,3.15463963,3.15463963,7533.353686088195,2026.9,2.0269,196.9,Unichem Quins Gore Pharmacy,Southern,    359900 Gore West,1450,45.2,220,60,80,80,420,90,70,80,90,90,470,80,90,90,100,110,340,90,70,70,50,40,20,359900
360400,Mataura,Mataura,5.322659700000001,5.322659700000001,16466.124565312308,11114.7,11.114700000000001,646.8,Unichem Quins Gore Pharmacy,Southern,    360400 Mataura,870,41.1,170,45,55,60,260,40,50,50,65,50,280,50,45,55,70,55,170,55,45,35,30,5,5,360400
360500,West Plains-Makarewa,West Plains-Makarewa,87.86625161,87.86625161,78319.9249507691,7161.6,7.1616,550.4,Gladstone Pharmacy (Invercargill),Southern,    360500 West Plains-Makarewa,830,46.4,150,40,50,60,190,45,20,30,40,55,330,50,65,70,70,75,160,60,45,25,20,10,0,360500
360701,Waikiwi,Waikiwi,5.296935459999998,5.296935459999998,14083.863663573027,1690.2,1.6902000000000001,195.9,Unichem Waikiwi Pharmacy,Southern,    360701 Waikiwi,1840,48.5,300,90,100,110,440,70,70,80,110,120,510,100,100,90,110,110,580,100,100,130,100,80,60,360701
361502,Waverley (Invercargill City),Waverley (Invercargill City),0.97966421,0.97966421,4941.244804686887,1566.3,1.5663,146.0,Glengarry Pharmacy,Southern,    361502 Waverley (Invercargill city),990,39.7,190,45,75,65,310,75,55,45,70,70,320,65,75,55,60,60,170,55,50,30,20,10,10,361502
361601,Richmond (Invercargill City),Richmond (Invercargill City),1.00633314,1.00633314,3997.332688323604,261.8,0.26180000000000003,23.7,Sylvan Bank Pharmacy,Southern,    361601 Richmond (Invercargill city),1540,42.7,210,70,60,80,500,90,100,100,120,100,470,90,90,80,100,100,360,90,90,60,60,40,20,361601
361701,Glengarry,Glengarry,2.32843863,2.32843863,6809.3450788528025,179.9,0.1799,20.8,Glengarry Pharmacy,Southern,    361701 Glengarry,1850,38.2,370,110,120,130,610,110,110,110,140,130,500,130,110,90,90,90,380,70,90,80,60,50,30,361701
125500,Westlake,Westlake,0.687026,0.687026,3775.965857378615,979.1,0.9791,108.3,Pharmacy On Shakespeare,Waitematā DHB,    125500 Westlake,1520,42.1,230,50,80,100,490,90,80,80,120,130,480,110,110,110,80,70,320,70,50,60,60,40,40,125500
163501,Papakura Kelvin,Papakura Kelvin,0.48947597,0.48947597,3507.6650399601062,543.5,0.5435,66.6,Unichem Clevedon Road Pharmacy,CM Health,    163501 Papakura Kelvin,1230,29.1,350,130,120,110,510,100,90,100,110,110,260,60,60,50,50,40,110,40,20,20,10,10,10,163501
100700,KaitÄia East,Kaitaia East,5.273656519999999,5.273656519999999,12706.924724781082,1197.8,1.1978,157.1,Browns Community Pharmacy Kaitaia,Northland,    100700 Kaitaia East,1390,33,370,110,130,130,460,100,80,90,100,100,370,80,80,80,80,70,190,60,40,40,20,20,10,100700
101300,Peria,Peria,199.62902613999998,199.62902613999998,98740.6000859978,19797.3,19.7973,1496.9,Far North Pharmacy,Northland,    101300 Peria,630,44.4,140,40,50,50,140,25,25,25,35,30,230,30,40,45,50,55,110,55,30,20,5,5,0,101300
101400,Taemaro-Oruaiti,Taemaro-Oruaiti,156.79965439,156.79965439,97279.68960229582,10281.4,10.2814,857.6,Doubtless Bay Pharmacy,Northland,    101400 Taemaro-Oruaiti,540,50.9,100,30,35,30,110,25,20,20,25,15,210,25,30,40,50,65,130,55,35,30,10,5,0,101400
101500,Whakapaku,Whakapaku,200.89813635999997,200.89813635999997,130522.64005149213,18590.7,18.590700000000002,1220.7,Kaeo Chemist Ltd,Northland,    101500 Whakapaku,400,48.5,70,20,25,30,90,25,15,10,15,20,140,20,20,25,35,40,100,40,30,20,10,5,0,101500
101600,Hokianga North,Hokianga North,347.9756524799999,347.9756524799999,166837.19661370272,57847.2,57.847199999999994,5851.7,Far North Pharmacy,Northland,    101600 Hokianga North,480,38.8,120,30,40,45,120,30,25,20,30,25,150,15,20,35,40,40,90,30,25,15,10,5,0,101600
101700,Kohukohu-Broadwood,Kohukohu-Broadwood,209.18578479,209.18578479,98942.30982639134,53607.2,53.6072,4907.3,Far North Pharmacy,Northland,    101700 Kohukohu-Broadwood,400,52.3,70,15,25,30,80,20,15,10,20,20,140,15,20,25,35,35,110,45,35,20,5,5,5,101700
101801,Whakarara,Whakarara,169.53888569000006,169.56591739000007,165912.70657223105,18959.9,18.9599,1294.7,Kaeo Chemist Ltd,Northland,    101801 Whakarara,730,46.8,120,25,45,50,190,45,30,35,40,35,250,40,45,40,60,65,170,60,60,30,15,10,0,101801
101900,KÄeo,Kaeo,255.56277377,255.56277377,100827.75824527149,11138.3,11.1383,1572.0,Kaeo Chemist Ltd,Northland,    101900 Kaeo,650,43.4,150,45,55,50,160,40,15,25,45,30,230,30,35,55,60,60,110,35,35,20,10,5,0,101900
104600,Kawakawa,Kawakawa,1.73138109,1.73138109,8878.872013149079,329.1,0.3291,44.2,Kawakawa Pharmacy,Northland,    104600 Kawakawa,850,34.9,200,55,65,75,280,75,40,50,60,50,260,50,50,50,50,60,110,40,30,15,15,10,0,104600
133200,Queen Street,Queen Street,0.16845019,0.16845019,1960.1136591912632,514.9,0.5149,104.1,Chemist Warehouse Auckland - Lower Queen St,Central Auckland,    133200 Queen Street,1040,32.1,40,20,20,10,680,30,150,180,220,100,240,60,50,50,40,50,80,30,20,20,10,10,0,133200
100600,Ahipara,Ahipara,4.52817343,4.52817343,15908.068697071863,13979.9,13.979899999999999,937.7,Far North Pharmacy,Northland,    100600 Ahipara,740,42.7,160,45,60,55,190,45,25,35,45,45,250,40,40,50,60,60,140,55,40,20,15,5,0,100600
100800,KaitÄia West,Kaitaia West,3.204920890000001,3.204920890000001,12396.731257928577,722.1,0.7221000000000001,133.6,Far North Pharmacy,Northland,    100800 Kaitaia West,1930,34.3,480,170,160,150,610,130,110,120,130,110,520,100,90,110,120,90,320,100,70,50,40,40,20,100800
101000,Oruru-Parapara,Oruru-Parapara,103.35079891999999,103.35079891999999,67014.98907447983,9319.2,9.3192,849.9,Doubtless Bay Pharmacy,Northland,    101000 Oruru-Parapara,530,45.8,110,40,30,35,130,30,30,15,20,30,190,20,25,45,50,45,100,45,30,15,10,5,5,101000
101101,Doubtless Bay,Doubtless Bay,10.282953869999998,10.282953869999998,30302.83316895869,712.2,0.7122,76.1,Doubtless Bay Pharmacy,Northland,    101101 Doubtless Bay,1380,54.9,240,70,90,80,240,50,30,50,60,60,450,60,60,90,100,140,450,130,140,100,50,30,10,101101
101200,Herekino-Takahue,Herekino-Takahue,303.89243762999996,303.89243762999996,159587.82564094177,32945.4,32.9454,3051.3,Far North Pharmacy,Northland,    101200 Herekino-Takahue,530,45,110,30,30,45,130,35,25,20,25,25,190,25,30,45,45,45,100,35,30,20,10,0,0,101200
103700,Haruru,Haruru,1.52723479,1.52723479,8067.418693027001,4610.6,4.610600000000001,450.4,Paihia Pharmacy,Northland,    103700 Haruru,610,45,120,35,35,50,140,25,15,20,40,45,200,40,30,45,45,45,140,45,40,30,10,5,5,103700
136002,Grafton West,Grafton West,0.25221345,0.25221345,2182.1477128239612,738.8,0.7387999999999999,80.7,Grafton Pharmacy,Central Auckland,    136002 Grafton West,570,32.7,40,25,10,5,370,5,75,95,125,70,130,40,25,25,20,20,30,10,10,5,5,0,0,136002
125600,Hillcrest North (Auckland),Hillcrest North (Auckland),0.98071208,0.98071208,5837.008500173945,1469.2,1.4692,198.8,Lab Pharmacy,Waitematā DHB,    125600 Hillcrest North (Auckland),1890,37,270,90,90,90,760,110,150,170,170,150,570,120,110,120,110,100,300,90,60,50,40,30,20,125600
103000,Kerikeri Central,Kerikeri Central,3.71213248,3.71213248,11408.102693115094,508.8,0.5088,53.5,Unichem Kerikeri Pharmacy,Northland,    103000 Kerikeri Central,1480,48.4,250,80,80,90,380,80,50,80,100,70,370,70,60,80,80,90,480,70,80,100,80,100,50,103000
103101,Kerikeri South,Kerikeri South,10.74592665,10.74592665,26700.424913383304,1326.9,1.3269000000000002,129.4,Unichem Kerikeri Pharmacy,Northland,    103101 Kerikeri South,1390,54.2,190,40,70,90,280,70,40,40,60,70,490,70,70,100,120,130,430,120,120,100,50,30,10,103101
103200,Åhaeawai-Waimate North,Ohaeawai-Waimate North,87.37387530000002,87.37387530000002,50820.57355606775,11941.1,11.9411,676.2,Unichem Orrs Pharmacy Kaikohe,Northland,    103200 Ohaeawai-Waimate North,690,45.3,110,30,45,30,200,55,35,35,40,35,240,35,45,50,60,55,130,45,35,35,10,5,0,103200
103301,Puketona-Waitangi,Puketona-Waitangi,161.07163614000004,161.07163614000004,147445.06233708333,11007.8,11.0078,964.8,Unichem Kerimed Pharmacy,Northland,    103301 Puketona-Waitangi,750,50.8,110,35,30,45,170,30,25,30,45,40,280,35,50,55,65,80,190,60,55,35,20,15,5,103301
103401,Ngapuhi,Ngapuhi,175.14096914999996,175.14096914999996,103678.20628797216,1915.8,1.9158,125.5,Unichem Orrs Pharmacy Kaikohe,Northland,    103401 Ngapuhi,990,38,170,60,60,60,340,80,60,60,80,60,330,50,50,50,90,90,140,50,40,30,10,10,0,103401
103501,Kaikohe,Kaikohe,5.920758419999999,5.920758419999999,15824.54923602853,746.8,0.7467999999999999,67.4,Unichem Orrs Pharmacy Kaikohe,Northland,    103501 Kaikohe,2500,31.5,680,210,240,230,870,190,150,170,180,170,660,110,120,140,150,130,290,100,80,50,40,20,0,103501
103600,Pakaraka,Pakaraka,72.43609857000001,72.43609857000001,59494.63190036865,13407.2,13.407200000000001,980.0,Kawakawa Pharmacy,Northland,    103600 Pakaraka,400,41.3,90,25,40,25,100,20,10,15,25,25,140,30,20,25,30,30,70,30,20,10,10,5,0,103600
103900,Paihia,Paihia,2.24160089,2.24160089,10583.593395645043,1313.0,1.313,229.1,Paihia Pharmacy,Northland,    103900 Paihia,860,46.3,100,25,35,40,280,45,45,65,65,55,260,40,40,50,65,75,220,65,65,40,20,15,5,103900
122700,Glenfield North,Glenfield North,0.80628077,0.80628077,4471.414200632818,1495.7,1.4957,183.5,Glenfield 7 Day Pharmacy Ltd,Waitematā DHB,    122700 Glenfield North,1800,34.9,320,120,100,100,750,80,120,170,220,170,520,140,110,110,80,90,210,70,50,50,30,10,0,122700
105200,Hikurangi,Hikurangi,4.00139063,4.00139063,12220.704048467009,10572.5,10.5725,707.3,Unichem Kamo Pharmacy,Northland,    105200 Hikurangi,890,34.2,220,65,70,85,290,50,55,55,70,60,260,50,65,55,45,45,120,45,25,25,10,5,0,105200
112800,Hatfields Beach,Hatfields Beach,0.92325329,0.92325329,4314.5850909355295,2784.4,2.7844,299.7,Unichem Hickeys Pharmacy,Waitematā DHB,    112800 Hatfields Beach,810,43.3,130,35,45,45,240,60,40,40,45,55,300,55,50,65,65,65,150,45,40,35,15,10,5,112800
106600,Kensington (Whangarei District),Kensington (Whangarei District),3.11262999,3.11262999,10757.75656612654,949.0,0.949,83.7,Kensington Pharmacy Ltd,Northland,    106600 Kensington (Whangarei district),1830,47.8,260,90,80,80,510,90,80,110,130,100,590,80,110,130,130,130,470,120,90,80,80,50,50,106600
105500,Kamo West,Kamo West,4.498136019999999,4.498136019999999,14503.46509827687,1652.2,1.6522000000000001,175.9,Unichem Kamo Pharmacy,Northland,    105500 Kamo West,1180,41.4,230,60,80,90,340,90,60,50,60,80,360,60,80,80,70,60,250,60,50,50,40,30,20,105500
106501,Tikipunga South,Tikipunga South,2.74040866,2.74040866,8780.57532834459,1192.3,1.1923,150.3,Unichem Kiripaka Buchanans Pharmacy,Northland,    106501 Tikipunga South,2130,38.8,440,130,150,160,650,140,110,120,140,140,580,120,110,120,120,120,460,110,90,100,80,50,20,106501
105800,Kamo East,Kamo East,1.4271822,1.4271822,8019.287415063849,1186.3,1.1863,117.5,Unichem Kamo Pharmacy,Northland,    105800 Kamo East,1690,32.9,420,140,130,150,620,130,100,110,150,130,440,90,90,90,90,80,210,60,60,40,30,10,0,105800
106000,Kamo Central,Kamo Central,1.09355039,1.09355039,5205.046427225878,431.6,0.43160000000000004,55.1,Unichem Kamo Pharmacy,Northland,    106000 Kamo Central,900,39.8,190,55,60,75,260,50,25,50,70,65,290,55,70,50,60,55,160,45,35,35,25,15,10,106000
138400,Mount Eden West,Mount Eden West,0.79137389,0.79137389,4823.6318626050015,829.2,0.8292,102.9,Pharmacy on Dominion,Central Auckland,    138400 Mount Eden West,1700,38.9,240,40,70,130,630,120,130,140,130,110,620,110,130,150,130,100,200,80,50,40,20,10,0,138400
106201,Tikipunga North,Tikipunga North,3.00796967,3.00796967,10980.269489056964,605.5,0.6055,110.5,Unichem Buchanans Pharmacy,Northland,    106201 Tikipunga North,2040,38,450,140,160,150,610,120,100,130,140,120,450,90,90,80,90,90,520,90,100,140,110,60,20,106201
131801,Freemans Bay,Freemans Bay,0.91649779,0.91649779,4091.22719378935,135.5,0.1355,22.2,Freemans Bay Pharmacy,Central Auckland,    131801 Freemans Bay,1800,40.6,140,40,50,50,740,80,90,180,220,180,610,110,110,120,130,130,310,100,100,60,30,10,10,131801
106301,Pukenui,Pukenui,16.12879184,16.12879184,28245.483912200314,3224.4,3.2244,212.1,Unichem Orrs Pharmacy Tui,Northland,    106301 Pukenui,770,48,150,40,45,65,180,50,20,30,35,45,290,40,40,70,60,80,150,55,45,30,15,10,5,106301
140400,Mount Roskill Central North,Mount Roskill Central North,0.90101871,0.90101871,4083.0722473815013,538.4,0.5384,56.5,Roskill Healthcare Pharmacy,Central Auckland,    140400 Mount Roskill Central North,1690,34.6,250,70,100,80,720,120,140,160,180,110,510,110,80,110,100,100,210,70,50,30,30,10,10,140400
106800,Mairtown,Mairtown,0.94344416,0.94344416,4981.221524124876,782.6,0.7826000000000001,103.1,Kensington Pharmacy Ltd,Northland,    106800 Mairtown,1400,49.9,210,70,50,90,350,60,60,80,90,70,410,60,80,90,90,100,430,90,90,90,70,50,40,106800
114201,Waimauku,Waimauku,1.44495248,1.44495248,6818.99013432721,343.0,0.343,37.1,Waimauku Pharmacy - Station Road,Waitematā DHB,    114201 Waimauku,660,41.7,140,45,50,45,170,35,45,20,30,45,250,60,50,60,40,40,100,35,20,20,15,5,5,114201
108800,RuakÄkÄ,Ruakaka,15.591946040000002,15.591946040000002,22737.07791199897,1080.4,1.0804,161.5,Unichem Orrs Pharmacy Ruakaka,Northland,    108800 Ruakaka,1450,45.5,260,60,90,110,380,60,60,60,100,90,430,80,70,80,90,110,370,110,110,80,50,20,10,108800
106901,Maunu,Maunu,5.653646449999999,5.653646449999999,14819.35280489926,601.0,0.601,49.7,Unichem Orrs Pharmacy Tui,Northland,    106901 Maunu,1410,46.8,260,70,90,100,330,70,50,60,70,80,430,80,70,90,90,100,390,80,80,80,80,30,30,106901
106902,Horahora,Horahora,1.71126142,1.71126142,8989.51720364158,843.0,0.843,90.3,Maunu Pharmacy Limited,Northland,    106902 Horahora,880,36.1,190,70,65,50,300,45,40,60,85,70,240,45,45,50,40,55,150,35,35,35,20,15,5,106902
107100,WhangÄrei Central,Whangarei Central,2.81179369,2.81179369,11163.527908988448,402.9,0.4029,60.8,Unichem Whangarei Pharmacy,Northland,    107100 Whangarei Central,490,47,60,20,20,25,140,30,25,30,30,25,180,25,35,35,30,50,110,40,20,20,15,10,5,107100
108200,Sherwood Rise,Sherwood Rise,1.30665087,1.30665087,5512.40534505801,1158.4,1.1584,149.8,Unichem Onerahi Pharmacy,Northland,    108200 Sherwood Rise,1340,39.5,270,80,100,90,410,70,70,80,100,100,400,80,80,80,80,80,260,80,60,50,40,10,10,108200
107200,Riverside,Riverside,3.506734170000001,3.506734170000001,13195.863378846589,2722.1,2.7220999999999997,285.5,Unichem Whangarei Pharmacy,Northland,    107200 Riverside,1170,43,180,60,60,60,360,70,50,80,90,70,390,60,60,90,90,90,240,70,70,50,20,10,10,107200
107300,Raumanga,Raumanga,3.45851817,3.45851817,8423.428041717938,1476.5,1.4765,197.5,Otaika Pharmacy,Northland,    107300 Raumanga,1810,31.9,460,150,150,160,660,140,120,130,160,120,510,110,90,110,100,100,190,50,50,40,30,10,0,107300
107501,Morningside (Whangarei District),Morningside (Whangarei District),1.70121352,1.70121352,7329.019375820184,1846.8,1.8468,231.5,Chemist Warehouse Okara Park,Northland,    107501 Morningside (Whangarei district),1340,35.1,300,120,100,90,470,70,80,110,110,100,400,70,80,80,90,80,170,60,40,30,20,10,10,107501
108300,Onerahi,Onerahi,2.293790739999999,2.293790739999999,7716.613205154326,1808.1,1.8080999999999998,184.6,Unichem Onerahi Pharmacy,Northland,    108300 Onerahi,1400,43,270,90,80,100,390,90,70,70,80,80,410,70,70,80,90,100,340,100,90,60,40,30,10,108300
107901,Port-Limeburners,Port-Limeburners,6.8140361,6.8140361,14510.456733920017,2369.4,2.3694,264.7,Chemist Warehouse Okara Park,Northland,    107901 Port-Limeburners,100,39.9,10,5,0,5,40,5,5,10,10,10,40,10,5,5,5,5,10,5,0,5,5,0,0,107901
108100,Onerahi Park,Onerahi Park,1.99901062,1.99901062,8571.329852832561,1197.2,1.1972,139.0,Unichem Onerahi Pharmacy,Northland,    108100 Onerahi Park,860,45.7,150,35,50,60,220,35,35,40,55,55,260,55,45,45,55,50,240,65,55,45,40,20,15,108100
132100,Grey Lynn West,Grey Lynn West,0.80089425,0.80089425,4942.692602212624,390.6,0.3906,37.3,Gopal's Pharmacy,Central Auckland,    132100 Grey Lynn West,1470,36.3,220,60,70,90,610,80,90,140,160,130,490,100,100,110,90,80,150,50,40,30,10,10,10,132100
108701,One Tree Point,One Tree Point,2.91449502,3.071680530000001,9609.051350111067,3107.8,3.1078,442.7,Marsden Cove Pharmacy,Northland,    108701 One Tree Point,1570,51.5,260,80,90,90,310,70,40,40,70,90,500,100,80,100,110,110,500,140,160,120,70,10,0,108701
111300,Warkworth East,Warkworth East,4.219459589999999,4.219459589999999,10996.814470323836,1397.5,1.3975,158.7,Unichem Warkworth Pharmacy,Waitematā DHB,    111300 Warkworth East,2070,40.6,390,140,120,130,620,120,100,130,130,140,580,140,120,110,90,120,470,100,120,110,80,40,30,111300
109003,WaipÅ«,Waipu,3.52717397,3.52717397,12069.141161833682,377.3,0.3773,67.9,Waipu Pharmacy,Northland,    109003 Waipu,700,57.9,100,30,35,35,130,15,15,25,35,35,190,30,25,35,45,50,280,60,65,65,45,30,10,109003
111400,Sandspit,Sandspit,22.252210690000002,22.252210690000002,36949.52000661923,4277.4,4.277399999999999,238.9,Life Pharmacy Franklin's,Waitematā DHB,    111400 Sandspit,500,54.8,70,20,20,30,100,20,20,20,15,20,170,20,25,35,45,45,160,45,50,35,25,10,5,111400
111500,Tawharanui Peninsula,Tawharanui Peninsula,46.70381445999999,46.70381445999999,77981.4238492225,6711.9,6.7119,413.3,Matakana Pharmacy,Waitematā DHB,    111500 Tawharanui Peninsula,1090,54.9,160,40,50,70,190,50,30,20,40,50,380,50,70,70,80,110,360,130,110,70,30,10,0,111500
154101,Dingwall,Dingwall,0.65098454,0.65098454,4541.708638834557,1319.2,1.3192000000000002,178.2,Chemist Warehouse Hunters Plaza,CM Health,    154101 Dingwall,1420,33.3,290,90,100,100,580,100,80,150,140,110,400,100,70,90,70,80,160,60,40,20,20,10,10,154101
115601,Dairy Flat South,Dairy Flat South,14.402712630000002,14.402712630000002,18831.274084724748,6023.7,6.0237,445.9,Library Lane Pharmacy,Waitematā DHB,    115601 Dairy Flat South,860,42.7,110,30,30,45,290,70,65,65,40,45,330,50,50,80,80,75,130,55,40,15,10,5,0,115601
109301,Dargaville,Dargaville,12.85790043,12.85790043,22435.40569906828,483.4,0.4834,44.8,Unichem Orrs Pharmacy Dargaville,Northland,    109301 Dargaville,2620,44.7,510,190,170,150,690,140,140,120,170,130,740,120,130,140,170,180,680,180,160,130,100,60,40,109301
109400,RÅ«Äwai-Matakohe,Ruawai-Matakohe,530.46721324,530.46721324,248653.19488664987,27624.4,27.6244,1958.2,Unichem Orrs Pharmacy Maungaturoto,Northland,    109400 Ruawai-Matakohe,1280,49.8,240,70,90,80,270,60,40,50,60,60,440,50,80,90,100,120,320,130,80,60,30,10,10,109400
109500,Otamatea (Kaipara District),Otamatea (Kaipara District),244.84990773,244.84990773,205613.01524901227,3983.0,3.983,288.9,Unichem Orrs Pharmacy Maungaturoto,Northland,    109500 Otamatea (Kaipara district),950,49.4,170,50,55,65,200,45,35,30,50,40,330,50,60,55,75,90,250,85,70,50,25,10,5,109500
109600,MaungatÅ«roto,Maungaturoto,21.601309030000003,21.601309030000003,29314.68868255707,1128.4,1.1284,122.3,Unichem Orrs Pharmacy Maungaturoto,Northland,    109600 Maungaturoto,720,40.3,160,55,50,50,200,40,45,30,40,40,220,35,35,45,50,50,150,40,35,20,25,15,10,109600
109700,Kaiwaka,Kaiwaka,259.02796729000005,259.02796729000005,204954.77805038443,19316.5,19.3165,1469.3,Wellsford Pharmacy,Waitematā DHB,    109700 Kaiwaka,1310,43.6,270,80,100,90,320,80,40,60,60,80,480,80,80,90,100,130,240,90,70,40,20,10,0,109700
109800,Mangawhai Rural,Mangawhai Rural,91.56214807000002,91.56214807000002,89533.12411646251,7545.2,7.5451999999999995,643.4,Mangawhai Pharmacy,Northland,    109800 Mangawhai Rural,1620,51.3,280,90,100,100,320,60,40,60,80,100,610,90,90,100,140,190,410,170,120,70,30,20,10,109800
109900,Mangawhai Heads,Mangawhai Heads,6.987531929999999,6.987531929999999,14756.642947554481,489.2,0.48919999999999997,58.3,Mangawhai Pharmacy,Northland,    109900 Mangawhai Heads,1390,54.2,220,60,90,60,270,30,30,50,80,80,420,70,80,60,80,110,490,150,160,100,50,20,10,109900
110100,Mangawhai,Mangawhai,1.88950133,1.88950133,9211.199420281988,3749.2,3.7491999999999996,285.0,Mangawhai Pharmacy,Northland,    110100 Mangawhai,710,53.7,120,40,55,30,130,15,15,30,35,35,210,40,40,30,40,55,250,70,65,70,30,10,5,110100
110501,Wellsford,Wellsford,4.720667669999999,4.720667669999999,12377.76653007681,637.9,0.6379,65.3,Wellsford Pharmacy,Waitematā DHB,    110501 Wellsford,1110,36.6,240,80,70,80,380,80,60,70,80,90,300,70,60,50,50,70,200,40,50,40,20,20,20,110501
111200,Puhoi Valley,Puhoi Valley,236.49144612,236.49144612,142447.21148932847,11469.0,11.469,676.6,HealthHub Pharmacy,Waitematā DHB,    111200 Puhoi Valley,2130,44.1,380,110,130,140,580,160,110,100,90,130,810,120,130,190,190,190,350,120,100,70,40,20,10,111200
111601,Kaukapakapa,Kaukapakapa,5.25956593,5.25956593,14114.86833332179,11065.3,11.065299999999999,654.4,Unichem Helensville Pharmacy,Waitematā DHB,    111601 Kaukapakapa,550,35.7,140,45,45,45,180,40,30,25,40,45,190,40,35,50,30,30,50,20,10,10,5,5,0,111601
112200,Parakai,Parakai,1.45487644,1.45487644,7121.779868634252,3341.4,3.3414,288.7,Unichem Helensville Pharmacy,Waitematā DHB,    112200 Parakai,590,37.8,120,35,40,45,200,40,20,35,45,55,170,50,30,35,30,35,90,25,20,20,20,5,10,112200
112401,Helensville,Helensville,4.05259391,4.05259391,17151.03137287267,1315.5,1.3155,198.9,Unichem Helensville Pharmacy,Waitematā DHB,    112401 Helensville,1680,37.7,390,120,140,130,500,90,60,100,120,130,510,110,100,110,100,100,270,70,60,50,30,30,30,112401
154201,Aorere South West,Aorere South West,0.6884986,0.6884986,4543.126517980968,1079.6,1.0796,111.8,Graeme Avenue Pharmacy,CM Health,    154201 Aorere South West,1490,31.6,360,100,120,130,600,110,100,130,140,120,410,110,80,80,70,70,120,50,30,20,10,10,0,154201
112500,Waitoki,Waitoki,40.74911993,40.74911993,32592.079367101473,8884.5,8.8845,511.5,Unichem Weiti Pharmacy,Waitematā DHB,    112500 Waitoki,880,41.7,140,35,50,60,280,75,65,50,40,45,350,55,55,90,80,70,110,40,35,20,10,5,0,112500
112600,Waikoukou Valley,Waikoukou Valley,52.86073483999999,52.86073483999999,42404.70783528066,8262.1,8.2621,496.1,Waimauku Pharmacy - Silver Fern,Waitematā DHB,    112600 Waikoukou Valley,950,44,160,40,45,70,270,75,45,60,40,50,390,60,80,85,90,80,130,50,35,20,10,10,5,112600
112702,Orewa West,Orewa West,1.5021676,1.5021676,5515.823313416639,3016.2,3.0162,354.8,Unichem Hickeys Pharmacy,Waitematā DHB,    112702 Orewa West,210,43.7,20,10,5,5,60,5,5,10,20,25,90,20,25,20,20,5,30,15,5,5,5,0,0,112702
132200,Mount Albert North,Mount Albert North,1.513868569999999,1.513868569999999,5256.487912331225,1366.5,1.3665,142.4,Mt Albert Village Pharmacy,Central Auckland,    132200 Mount Albert North,2070,36.1,400,120,150,130,760,130,130,180,170,160,690,170,150,150,130,90,230,80,50,40,30,10,10,132200
112901,Orewa South,Orewa South,1.3801309,1.3801309,6909.688061862298,1140.0,1.14,139.3,Life Pharmacy Orewa,Waitematā DHB,    112901 Orewa South,1710,61,190,60,60,70,300,60,40,40,80,80,450,70,90,100,90,110,770,130,140,190,140,100,70,112901
112902,Millwater North,Millwater North,0.93145223,0.93145223,5089.266891563677,1334.0,1.334,137.1,Millwater Parkway Pharmacy,Waitematā DHB,    112902 Millwater North,560,40.5,110,45,35,25,170,30,20,25,30,60,230,55,50,45,35,45,60,20,20,10,5,0,0,112902
113101,Millwater Central,Millwater Central,1.75242255,1.75242255,7906.726325374878,857.0,0.857,83.5,Millwater Parkway Pharmacy,Waitematā DHB,    113101 Millwater Central,2020,40.4,480,100,190,190,510,110,60,60,100,170,760,230,170,150,120,90,270,90,90,60,30,10,0,113101
123100,Glenfield West,Glenfield West,0.97074698,0.97074698,4601.908568843118,634.9,0.6349,71.8,Glenfield 7 Day Pharmacy Ltd,Waitematā DHB,    123100 Glenfield West,1650,35.9,260,90,90,80,690,70,110,170,180,160,460,110,90,90,110,70,250,50,40,60,60,30,20,123100
113401,Milldale,Milldale,5.215560410000001,5.215560410000001,11359.673776790325,4521.1,4.521100000000001,391.5,Unichem Weiti Pharmacy,Waitematā DHB,    113401 Milldale,660,33.7,190,95,60,40,250,25,20,40,70,90,180,55,40,35,20,25,40,20,15,5,5,0,0,113401
123400,Forrest Hill West,Forrest Hill West,1.23523144,1.23523144,5766.5803246220985,1094.9,1.0949,124.6,Forrest Hill Family Pharmacy,Waitematā DHB,    123400 Forrest Hill West,2030,40.4,320,90,120,110,690,100,120,150,170,150,670,150,150,130,130,110,370,100,60,60,60,50,40,123400
158102,Ormiston South,Ormiston South,0.99789452,0.99789452,4036.2722437226803,1071.5,1.0715,117.1,Flat Bush Medical Centre Pharmacy,CM Health,    158102 Ormiston South,1850,33,380,120,130,120,840,100,130,180,240,190,490,140,110,100,80,60,150,60,40,20,10,10,0,158102
113402,Dairy Flat North,Dairy Flat North,18.76096576,18.76096576,26559.373129121934,5252.8,5.252800000000001,321.2,Unichem Weiti Pharmacy,Waitematā DHB,    113402 Dairy Flat North,1110,37.1,210,70,70,70,390,80,70,70,90,80,370,80,60,80,70,80,150,60,30,20,10,10,10,113402
114901,WhangaparÄoa Central,Whangaparaoa Central,2.03346721,2.03346721,7671.338903777983,1043.8,1.0438,199.7,Unichem Whangaparāoa Family Pharmacy,Waitematā DHB,    114901 Whangaparaoa Central,1220,39,230,80,60,80,400,70,70,60,100,100,420,110,80,90,80,70,170,50,40,40,30,20,0,114901
113500,Dairy Flat West,Dairy Flat West,30.981917,30.981917,30838.780030306185,8685.3,8.6853,693.5,Unichem Weiti Pharmacy,Waitematā DHB,    113500 Dairy Flat West,780,42.5,120,35,45,40,250,50,45,55,50,50,300,45,55,75,55,70,110,45,30,25,10,5,5,113500
114400,Vipond,Vipond,1.38113817,1.38113817,6351.996898101541,2601.7,2.6016999999999997,248.9,Unichem Stanmore Bay,Waitematā DHB,    114400 Vipond,1570,43.4,280,100,100,80,440,90,70,70,100,110,480,110,100,100,90,90,370,60,70,80,70,60,40,114400
113800,Silverdale Central (Auckland),Silverdale Central (Auckland),3.36054517,3.36054517,12570.8924415063,814.1,0.8141,68.4,Unichem Weiti Pharmacy,Waitematā DHB,    113800 Silverdale Central (Auckland),250,35.2,40,20,10,15,100,15,10,20,30,20,70,20,15,15,15,10,30,10,10,5,5,0,0,113800
124200,RÄnui South West,Ranui South West,0.73738276,0.73738276,3672.9621844655485,1990.6,1.9906,198.3,Swanson Pharmacy,Waitematā DHB,    124200 Ranui South West,1500,32.3,350,100,140,110,610,100,120,120,140,130,420,100,80,90,80,70,120,50,40,20,10,10,0,124200
113900,Red Beach West,Red Beach West,1.84272664,1.84272664,9350.64063571052,1360.6,1.3605999999999998,175.3,Unichem Red Beach Pharmacy,Waitematā DHB,    113900 Red Beach West,1700,47.5,270,100,80,90,420,80,80,60,90,110,470,110,90,100,90,70,540,70,100,100,120,80,60,113900
118800,Westgate Central,Westgate Central,1.86366221,1.86366221,6191.629581446132,578.6,0.5786,101.3,Chemist Warehouse Westgate Lifestyle Centre,Waitematā DHB,    118800 Westgate Central,20,35.3,0,0,0,0,10,0,0,0,0,0,10,0,0,0,0,0,0,0,0,0,0,0,0,118800
114000,Red Beach East,Red Beach East,1.56359609,1.56359609,6850.699913096416,773.4,0.7734,78.4,Unichem Red Beach Pharmacy,Waitematā DHB,    114000 Red Beach East,2100,47.4,350,90,120,150,500,120,100,80,90,110,720,130,140,140,140,160,530,140,150,110,80,40,20,114000
114102,Stillwater,Stillwater,0.44307735,0.44307735,3877.70066130907,9051.6,9.0516,588.4,Unichem Weiti Pharmacy,Waitematā DHB,    114102 Stillwater,480,43.3,90,30,35,25,130,30,15,20,30,30,210,40,50,40,35,35,60,30,20,10,0,0,0,114102
132600,New Lynn North West,New Lynn North West,0.6895664,0.6895664,3482.449883371774,1686.9,1.6869,177.1,Pharmcare Pharmacy,Waitematā DHB,    132600 New Lynn North West,1750,36.7,310,100,110,100,660,80,100,120,200,160,540,140,110,100,100,100,230,80,50,40,30,20,10,132600
114500,Muriwai,Muriwai,3.01508521,3.01508521,11909.546018302997,11246.0,11.246,823.7,Waimauku Pharmacy - Station Road,Waitematā DHB,    114500 Muriwai,690,42.2,130,35,50,45,190,40,25,25,40,55,280,55,60,70,55,50,80,40,20,15,5,0,5,114500
114600,Stanmore Bay West,Stanmore Bay West,0.98684482,0.98684482,4684.725029252826,810.8,0.8108,89.2,Unichem Stanmore Bay,Waitematā DHB,    114600 Stanmore Bay West,1430,37.6,320,100,110,110,460,80,70,70,110,130,480,100,100,110,90,80,180,60,50,40,20,10,10,114600
119600,Westgate South,Westgate South,1.70943738,1.70943738,6899.460115717138,623.2,0.6232000000000001,73.4,Royal Road Pharmacy,Waitematā DHB,    119600 Westgate South,1510,34.7,280,120,90,80,610,70,90,150,170,130,410,110,70,80,80,70,200,50,40,40,30,30,20,119600
114902,Wade Heads-Arkles Bay,Wade Heads-Arkles Bay,1.65811062,1.65811062,7568.106504747829,2428.7,2.4286999999999996,344.6,Unichem Whangaparāoa Family Pharmacy,Waitematā DHB,    114902 Wade Heads-Arkles Bay,1010,45.2,160,50,50,50,280,80,60,40,50,60,410,60,80,100,90,70,170,60,40,30,20,10,10,114902
115200,Manly West,Manly West,1.03257903,1.03257903,6336.493166459914,1250.3,1.2503,140.8,Bargain Chemist Whangaparāoa,Waitematā DHB,    115200 Manly West,1250,47.9,190,60,70,70,310,70,60,40,50,80,450,70,80,100,90,100,300,80,70,60,40,30,20,115200
115300,Muriwai Valley-Bethells Beach,Muriwai Valley-Bethells Beach,35.35731483,35.35731483,45406.13592907036,10815.0,10.815,677.8,Waimauku Pharmacy - Station Road,Waitematā DHB,    115300 Muriwai Valley-Bethells Beach,620,42.6,120,40,35,50,160,35,20,30,30,40,240,55,45,45,45,50,100,40,25,20,5,5,5,115300
115001,KumeÅ«-Huapai North,Kumeu-Huapai North,4.271647949999998,4.271647949999998,15116.579939120265,1206.0,1.206,141.2,Unichem Huapai Pharmacy,Waitematā DHB,    115001 Kumeu-Huapai North,2380,36.9,530,160,220,150,840,90,100,130,230,290,730,210,150,140,110,130,280,90,60,60,40,30,10,115001
115002,KumeÅ«-Huapai South,Kumeu-Huapai South,2.56212027,2.56212027,8396.747205486869,2378.5,2.3785,299.8,Unichem Huapai Pharmacy,Waitematā DHB,    115002 Kumeu-Huapai South,1110,34.2,260,120,100,40,460,30,30,90,180,130,250,70,40,40,50,40,150,40,40,30,20,10,10,115002
115400,Tindalls-Matakatia,Tindalls-Matakatia,2.93347824,2.93347824,10452.526920023227,2254.5,2.2545,212.1,Unichem Manly Pharmacy,Waitematā DHB,    115400 Tindalls-Matakatia,1070,49.7,150,40,60,50,250,60,50,40,40,50,410,70,70,90,90,90,260,80,70,50,40,20,10,115400
119700,Windsor Park,Windsor Park,0.83550299,0.83550299,4399.307259680784,1747.0,1.747,186.3,North Harbour Pharmacy,Waitematā DHB,    119700 Windsor Park,940,49.8,130,35,40,60,250,45,40,45,50,70,220,60,30,55,35,45,340,60,40,50,60,75,50,119700
132700,Hobson Ridge North,Hobson Ridge North,0.1492268,0.1492268,2058.5528486142143,314.3,0.3143,55.0,Chemist Warehouse Auckland - Lower Queen St,Central Auckland,    132700 Hobson Ridge North,1250,31.9,50,30,10,10,860,60,170,250,260,130,250,70,50,50,40,50,80,30,20,20,0,0,0,132700
115501,Coatesville,Coatesville,21.59419555,21.59419555,23432.370723020427,7102.3,7.1023000000000005,564.2,Library Lane Pharmacy,Waitematā DHB,    115501 Coatesville,1110,43.3,180,40,60,80,330,90,70,60,50,60,430,60,90,110,110,70,160,70,50,20,10,10,0,115501
116500,Long Bay,Long Bay,2.85259429,2.85259429,10810.31372058688,636.1,0.6361,58.8,Unichem Long Bay Pharmacy,Waitematā DHB,    116500 Long Bay,1480,40,270,70,120,90,470,90,90,70,90,130,570,150,110,130,90,80,180,70,60,30,20,0,0,116500
120500,Mairangi Bay North,Mairangi Bay North,0.92451937,0.92451937,4958.272745616246,750.9,0.7509,94.1,Unichem Mairangi Bay Pharmacy,Waitematā DHB,    120500 Mairangi Bay North,1550,44.8,240,50,80,110,440,110,90,70,70,100,570,100,130,130,90,120,300,90,80,50,40,10,20,120500
118300,Browns Bay Central,Browns Bay Central,1.1827525,1.1827525,5826.0828999867435,302.6,0.30260000000000004,48.9,Bays Health Pharmacy,Waitematā DHB,    118300 Browns Bay Central,1580,45.8,210,60,80,80,440,70,70,80,110,110,510,120,90,100,100,100,410,80,80,80,80,50,50,118300
115800,Manly East,Manly East,1.57463151,1.57463151,6400.186919069525,303.2,0.30319999999999997,27.4,Unichem Manly Pharmacy,Waitematā DHB,    115800 Manly East,1890,45.9,340,100,120,130,470,100,80,70,100,120,620,110,120,130,140,120,470,110,100,100,70,50,30,115800
117003,Massey Red Hills,Massey Red Hills,3.43558985,3.43558985,9383.302285309677,1613.3,1.6133,207.1,Unichem Massey Pharmacy,Waitematā DHB,    117003 Massey Red Hills,140,32.7,20,10,5,10,70,5,10,20,15,15,40,5,10,10,5,5,10,0,0,5,0,0,0,117003
115901,Riverhead,Riverhead,2.15776718,2.15776718,9692.316670813014,4797.3,4.7973,402.1,Allen's Village Pharmacy,Waitematā DHB,    115901 Riverhead,1940,37.5,510,180,190,140,570,80,60,90,140,210,670,190,150,130,110,90,190,80,50,40,10,10,0,115901
117500,Glamorgan,Glamorgan,0.95918877,0.95918877,4929.30543980399,1528.7,1.5287,156.9,Unichem Torbay Pharmacy,Waitematā DHB,    117500 Glamorgan,1750,38.8,370,120,120,130,550,90,110,80,110,150,610,160,130,130,100,90,230,80,70,40,30,10,10,117500
116200,Gulf Harbour South,Gulf Harbour South,2.34493045,2.67530649,9605.546052793099,5087.2,5.0872,471.0,Unichem Manly Pharmacy,Waitematā DHB,    116200 Gulf Harbour South,1470,45.9,260,70,90,100,320,70,30,50,80,100,550,140,100,110,110,100,340,110,100,80,40,10,0,116200
117600,Oteha East,Oteha East,0.76253067,0.76253067,4514.116939761418,1311.0,1.311,147.4,Northcross Pharmacy,Waitematā DHB,    117600 Oteha East,1700,40.3,310,80,120,110,530,80,90,100,120,140,550,160,110,110,110,80,310,70,60,50,40,50,40,117600
116401,Taupaki,Taupaki,25.730185279999997,25.730185279999997,26989.72246464469,6755.3,6.7553,445.9,Unichem Massey Pharmacy,Waitematā DHB,    116401 Taupaki,860,42,140,40,45,55,270,65,55,55,45,55,310,55,55,65,65,65,140,45,40,30,20,5,5,116401
116701,Albany Heights,Albany Heights,3.91839853,3.91839853,10613.888509559423,2352.3,2.3523,262.6,Library Lane Pharmacy,Waitematā DHB,    116701 Albany Heights,2020,34.9,410,140,150,120,800,110,150,160,180,200,610,180,100,110,120,110,190,80,40,30,20,10,10,116701
116801,Awaruku,Awaruku,1.28913473,1.28913473,5325.072026491983,2302.6,2.3026,242.2,Northcross Pharmacy,Waitematā DHB,    116801 Awaruku,1810,41.2,300,80,100,120,570,120,110,100,120,130,680,140,140,160,130,120,260,100,70,50,30,10,10,116801
116900,Fairview Heights,Fairview Heights,1.6090451,1.6090451,5385.969085890903,1686.0,1.686,199.8,Northcross Pharmacy,Waitematā DHB,    116900 Fairview Heights,2210,38.3,360,100,120,130,830,110,140,170,210,200,620,200,110,100,100,110,400,110,70,60,60,50,50,116900
117202,Torbay East,Torbay East,0.87169217,0.87169217,5077.846223653507,361.3,0.3613,39.3,Unichem Torbay Pharmacy,Waitematā DHB,    117202 Torbay East,1290,45.2,190,50,60,80,350,90,70,60,60,80,480,100,90,90,100,90,270,80,70,40,30,30,10,117202
117700,Northcross,Northcross,1.07077622,1.07077622,5329.640174853039,570.6,0.5706,91.1,Northcross Pharmacy,Waitematā DHB,    117700 Northcross,1710,40.5,280,80,90,110,570,100,100,100,130,140,600,150,110,130,110,100,270,100,70,50,30,20,10,117700
117800,Oteha West,Oteha West,0.52951153,0.52951153,3480.7278204856334,1184.1,1.1841,144.5,Life Pharmacy Albany,Waitematā DHB,    117800 Oteha West,1100,36.4,210,40,80,90,420,60,60,100,100,120,340,120,60,60,50,50,120,60,30,10,10,10,0,117800
117400,Albany West,Albany West,2.05719229,2.05719229,9999.071560399036,1709.4,1.7094,212.3,Unichem Rosedale Pharmacy,Waitematā DHB,    117400 Albany West,1410,43.5,200,50,70,80,430,80,80,90,80,80,430,110,80,90,80,70,350,60,60,80,70,40,40,117400
118001,WaitÄkere,Waitakere,14.78962279,14.78962279,22427.17790829318,4975.4,4.9754,387.4,Swanson Pharmacy,Waitematā DHB,    118001 Waitakere,930,41.5,170,50,60,65,260,65,45,45,55,50,370,75,65,80,80,65,120,45,30,20,15,5,5,118001
118100,Albany South,Albany South,1.4839885,1.4839885,7464.793786493589,1119.0,1.119,127.2,Unichem Rosedale Pharmacy,Waitematā DHB,    118100 Albany South,1690,40.7,250,70,90,90,580,90,110,110,120,150,550,120,90,120,110,100,310,110,70,50,30,20,30,118100
118600,North Harbour,North Harbour,5.487257349999998,5.487257349999998,13710.291313957769,871.1,0.8711,128.1,Pharmacy Direct,Waitematā DHB,    118600 North Harbour,350,40.2,50,20,15,15,130,5,15,30,40,35,100,25,15,20,20,20,80,15,15,15,15,10,15,118600
121300,Sunnynook North,Sunnynook North,0.744465,0.744465,3924.546413009229,526.2,0.5262,57.0,North Harbour Pharmacy,Waitematā DHB,    121300 Sunnynook North,1510,38.3,280,70,110,110,520,100,90,90,120,120,550,150,120,120,90,70,170,60,50,30,20,10,0,121300
119000,Rothesay Bay,Rothesay Bay,0.86492686,0.86492686,5275.124755818615,1495.5,1.4955,195.9,Chemist Warehouse Browns Bay,Waitematā DHB,    119000 Rothesay Bay,1540,42.2,250,60,100,90,460,130,90,70,90,90,580,120,110,140,100,110,250,80,70,50,30,10,10,119000
145200,Oranga,Oranga,0.66891457,0.66891457,3769.250019254766,317.4,0.31739999999999996,34.1,Unichem Mt Smart Pharmacy,Central Auckland,    145200 Oranga,1640,32.7,330,110,100,110,680,120,130,150,150,130,460,100,100,100,90,70,170,50,40,30,20,10,10,145200
118400,Schnapper Rock,Schnapper Rock,2.213858759999999,2.213858759999999,8087.192008592904,2824.8,2.8248,346.3,Unichem Rosedale Pharmacy,Waitematā DHB,    118400 Schnapper Rock,2010,39.1,350,70,140,140,680,140,120,150,130,150,770,180,150,180,150,110,200,90,60,20,20,10,0,118400
118501,Pinehill North,Pinehill North,0.69739434,0.69739434,3536.457809355774,953.5,0.9535,116.0,Woolworths Pharmacy Greville Road,Waitematā DHB,    118501 Pinehill North,1030,39,170,50,60,60,370,40,70,80,80,90,340,90,50,70,60,70,150,70,30,20,10,10,0,118501
118502,Pinehill South,Pinehill South,0.93163403,0.93163403,4271.137063262531,405.7,0.4057,36.2,Woolworths Pharmacy Greville Road,Waitematā DHB,    118502 Pinehill South,1340,37.9,240,60,90,90,490,70,90,90,110,120,430,120,80,80,90,70,180,60,50,30,20,20,20,118502
119100,Greenhithe East,Greenhithe East,1.439986099999999,1.439986099999999,7919.633070516603,3096.8,3.0968,384.6,Pharmacy Direct,Waitematā DHB,    119100 Greenhithe East,1610,38.7,330,90,120,120,520,110,90,80,100,140,590,140,120,160,100,80,160,70,50,30,10,10,0,119100
125800,Hillcrest West (Auckland),Hillcrest West (Auckland),0.885679,0.885679,4453.160013653369,449.9,0.44989999999999997,48.0,Hillcrest Central Pharmacy,Waitematā DHB,    125800 Hillcrest West (Auckland),1780,36.5,280,90,100,100,710,80,120,180,170,160,540,140,110,100,90,100,250,90,60,40,40,20,10,125800
123500,Wairau Valley,Wairau Valley,2.563634180000001,2.563634180000001,11512.296156679178,386.6,0.3866,69.0,Chemist Warehouse Wairau Valley,Waitematā DHB,    123500 Wairau Valley,90,40.5,10,5,5,5,30,5,5,5,10,5,40,5,5,5,10,5,10,5,5,0,0,0,0,123500
119201,Hobsonville,Hobsonville,2.89986904,2.89986904,11973.40392311535,1361.3,1.3613,151.4,Woolworths Pharmacy Hobsonville,Waitematā DHB,    119201 Hobsonville,840,40,160,70,45,45,260,30,35,55,75,65,270,75,45,50,50,55,150,45,35,30,15,15,10,119201
121401,Bayview West (Auckland),Bayview West (Auckland),0.73396895,0.73396895,3779.411106126397,2788.9,2.7889,294.2,Glenfield 7 Day Pharmacy Ltd,Waitematā DHB,    121401 Bayview West (Auckland),1230,35.7,210,80,70,60,510,80,70,110,140,120,380,100,80,70,70,60,130,50,30,20,10,10,10,121401
119400,Greenhithe South,Greenhithe South,3.64438231,3.64438231,13084.24902058684,2598.7,2.5987,246.8,Unichem Greenhithe Pharmacy,Waitematā DHB,    119400 Greenhithe South,1050,39.7,200,60,70,70,330,60,60,60,80,80,370,90,70,80,70,60,140,60,40,20,10,10,0,119400
119500,Murrays Bay West,Murrays Bay West,0.95731875,0.95731875,4553.365398613887,1780.3,1.7803,221.4,Unichem Mairangi Bay Pharmacy,Waitematā DHB,    119500 Murrays Bay West,1350,41.5,220,30,80,110,410,90,70,70,80,90,500,110,100,100,90,100,210,80,60,40,20,10,10,119500
119800,West Harbour West,West Harbour West,1.92726583,1.92726583,6740.495541315764,1447.3,1.4473,159.7,Westgate Pharmacy,Waitematā DHB,    119800 West Harbour West,2290,32.7,540,180,180,180,930,150,150,180,240,210,640,170,130,120,100,120,180,80,50,30,10,10,0,119800
119901,Unsworth Heights West,Unsworth Heights West,0.82196665,0.82196665,5034.082570607043,2283.5,2.2835,293.3,Northcare 7 Day Pharmacy,Waitematā DHB,    119901 Unsworth Heights West,1320,41.8,200,70,60,70,420,60,70,80,100,110,460,100,70,90,100,100,240,80,50,50,30,20,20,119901
120000,Murrays Bay East,Murrays Bay East,0.69795595,0.69795595,4374.260360604217,1380.7,1.3807,158.3,Unichem Mairangi Bay Pharmacy,Waitematā DHB,    120000 Murrays Bay East,1110,44.7,190,40,60,80,290,70,60,40,50,70,410,80,70,90,70,100,220,80,50,50,20,10,0,120000
220901,Manaia,Manaia,2.54568858,2.54568858,7346.891661831985,13567.3,13.5673,696.9,Robertsons Hunter Street Pharmacy,Taranaki,    220901 Manaia,470,43.4,110,30,35,40,110,20,15,20,25,30,160,25,25,30,35,40,90,30,25,20,10,5,5,220901
120101,Birdwood West,Birdwood West,6.237354349999999,6.237354349999999,15762.636947183048,3343.9,3.3439,285.0,Unichem Massey Pharmacy,Waitematā DHB,    120101 Birdwood West,480,36.7,90,30,25,30,180,25,30,35,45,45,150,20,25,35,30,35,60,20,20,10,5,0,0,120101
123000,RÄnui North,Ranui North,1.02866951,1.02866951,5261.3101656307235,508.1,0.5081,65.4,Ranui Pharmacy,Waitematā DHB,    123000 Ranui North,2120,31.8,490,150,160,180,850,170,140,180,200,160,550,130,120,110,100,90,220,70,60,40,20,20,10,123000
220902,Kapuni,Kapuni,106.81769204000003,106.81769204000003,62513.02233470523,17773.6,17.7736,910.7,Robertsons Hunter Street Pharmacy,Taranaki,    220902 Kapuni,300,34.7,80,25,25,25,90,20,20,15,25,15,110,25,20,20,25,20,30,10,5,5,5,0,0,220902
120201,Hobsonville Point Catalina Bay,Hobsonville Point Catalina Bay,1.10356374,1.10356374,5603.855977815674,872.2,0.8722000000000001,129.3,Hobsonville Point Pharmacy,Waitematā DHB,    120201 Hobsonville Point Catalina Bay,1540,34.8,360,160,120,90,590,30,50,110,220,180,410,130,80,70,60,70,170,50,40,30,20,10,10,120201
120202,Hobsonville Point Park,Hobsonville Point Park,1.03384572,1.03384572,6576.909403355412,485.8,0.4858,82.0,Hobsonville Point Pharmacy,Waitematā DHB,    120202 Hobsonville Point Park,2160,35.5,480,220,150,110,830,60,100,150,270,260,520,190,110,80,70,70,330,60,50,70,80,40,30,120202
132800,Grey Lynn Central,Grey Lynn Central,0.7119255,0.7119255,4907.802606175476,667.0,0.667,69.1,Unichem Grey Lynn Pharmacy,Central Auckland,    132800 Grey Lynn Central,1770,35.9,210,70,70,80,820,80,110,200,230,190,590,120,130,140,100,100,150,60,50,20,10,10,0,132800
120203,Hobsonville Scott Point,Hobsonville Scott Point,1.38041946,1.38041946,6332.560538848171,1981.8,1.9818,251.7,Woolworths Pharmacy Hobsonville,Waitematā DHB,    120203 Hobsonville Scott Point,1830,31.5,530,200,210,120,800,70,90,160,240,240,360,160,70,50,40,40,140,50,30,30,20,10,0,120203
120301,West Harbour Clearwater Cove,West Harbour Clearwater Cove,1.10032162,1.42029716,7504.982037437589,2039.7,2.0397,234.8,Woolworths Pharmacy Hobsonville,Waitematā DHB,    120301 West Harbour Clearwater Cove,1800,44.8,310,90,120,100,470,90,80,90,90,120,620,120,100,130,140,140,390,120,90,90,40,30,20,120301
120701,West Harbour Luckens Point,West Harbour Luckens Point,1.24071248,1.24071248,5449.744532611652,3085.4,3.0854,341.3,Royal Heights Pharmacy,Waitematā DHB,    120701 West Harbour Luckens Point,1700,41.9,290,80,90,120,510,90,90,100,110,110,600,120,100,130,130,130,290,120,70,50,20,10,10,120701
120800,Mairangi Bay South,Mairangi Bay South,0.80107653,0.80107653,4812.288346257519,956.0,0.956,153.4,Unichem Mairangi Bay Pharmacy,Waitematā DHB,    120800 Mairangi Bay South,1490,43.3,230,50,80,100,440,120,100,70,70,90,530,110,120,120,80,90,290,90,70,60,40,20,10,120800
120900,Massey Royal Road West,Massey Royal Road West,0.89641574,0.89641574,4351.704554969767,583.1,0.5831000000000001,86.0,Royal Road Pharmacy,Waitematā DHB,    120900 Massey Royal Road West,1580,33.3,350,120,130,100,640,90,110,130,170,140,440,110,90,90,80,70,150,50,40,30,20,10,0,120900
121100,Swanson Rural,Swanson Rural,15.14615684,15.14615684,22552.423294519213,2677.4,2.6774,361.3,Swanson Pharmacy,Waitematā DHB,    121100 Swanson Rural,1170,43,190,60,60,70,350,70,60,70,80,70,440,70,80,80,100,100,180,70,50,30,20,0,10,121100
121600,Royal Heights North,Royal Heights North,1.49490895,1.49490895,6735.074182711921,1245.0,1.245,153.1,Royal Heights Pharmacy,Waitematā DHB,    121600 Royal Heights North,2020,34.3,420,170,130,120,790,110,120,160,220,170,570,120,110,120,110,110,240,70,50,40,30,30,10,121600
121701,Massey West,Massey West,1.40381382,1.40381382,8373.457099938903,2545.7,2.5456999999999996,258.5,Unichem Massey Pharmacy,Waitematā DHB,    121701 Massey West,1440,33.1,310,110,100,100,610,90,100,130,160,130,400,100,90,90,70,60,130,50,40,20,10,10,0,121701
159600,Hillpark North,Hillpark North,0.65970781,0.65970781,3836.3259401802356,573.2,0.5732,79.1,Unichem Hillpark Pharmacy,CM Health,    159600 Hillpark North,1350,34.7,270,80,100,90,520,80,80,110,130,110,390,100,80,70,70,80,160,50,40,30,20,10,10,159600
121800,Beach Haven West,Beach Haven West,1.20747163,1.20747163,6341.230230906268,216.5,0.2165,32.8,Unichem Rangatira Pharmacy,Waitematā DHB,    121800 Beach Haven West,1750,37.8,350,130,110,110,600,90,80,100,160,160,580,150,140,110,100,80,220,60,50,50,40,20,0,121800
121901,Totara Vale South,Totara Vale South,0.82482048,0.82482048,5187.03227115831,1427.0,1.427,182.3,Unichem Northern Clinic Pharmacy,Waitematā DHB,    121901 Totara Vale South,1930,34.5,320,130,100,90,840,90,150,170,260,180,560,170,100,110,90,80,200,70,50,40,30,10,10,121901
160000,Rowandale East,Rowandale East,0.83109933,0.83109933,3779.9589748857065,981.6,0.9816,99.4,Unichem Leabank Pharmacy,CM Health,    160000 Rowandale East,2250,29,600,170,210,220,910,200,170,190,190,150,580,130,130,120,120,80,170,60,40,30,20,10,0,160000
122001,Swanson,Swanson,2.09351046,2.09351046,11412.415187050248,618.2,0.6182000000000001,77.3,Swanson Pharmacy,Waitematā DHB,    122001 Swanson,1690,34.3,370,150,110,100,680,100,80,130,210,180,490,120,100,100,90,70,150,60,40,20,10,10,0,122001
122300,Royal Heights South,Royal Heights South,1.13131545,1.13131545,5549.875167401705,979.5,0.9795,115.3,Royal Heights Pharmacy,Waitematā DHB,    122300 Royal Heights South,2000,33.2,450,150,150,140,780,110,130,180,210,160,530,130,90,110,110,80,240,80,60,30,30,20,10,122300
122101,Bayview South (Auckland),Bayview South (Auckland),0.93362104,0.93362104,6040.261121374452,2346.0,2.346,232.3,Glenfield 7 Day Pharmacy Ltd,Waitematā DHB,    122101 Bayview South (Auckland),1590,34.9,300,110,90,100,660,60,90,160,190,160,450,120,90,80,70,90,180,80,40,30,20,10,0,122101
122200,Campbells Bay,Campbells Bay,1.7434153,1.7434153,5829.726249037486,2238.9,2.2389,288.8,Unichem Mairangi Bay Pharmacy,Waitematā DHB,    122200 Campbells Bay,1470,45.2,240,50,70,120,390,100,90,60,60,90,560,100,110,130,120,100,280,100,60,60,30,20,10,122200
142901,Hillsborough Central (Auckland),Hillsborough Central (Auckland),0.63088644,0.63088644,4401.122719466336,234.1,0.2341,48.5,Hillsborough Pharmacy,Central Auckland,    142901 Hillsborough Central (Auckland),1290,35.9,240,80,90,80,490,70,80,90,130,110,410,100,80,90,60,80,140,50,30,30,20,10,10,142901
122400,Beach Haven East,Beach Haven East,1.12103328,1.12103328,6664.357988553038,958.4,0.9584,97.2,Unichem Rangatira Pharmacy,Waitematā DHB,    122400 Beach Haven East,2140,33.5,470,170,160,140,850,150,130,170,210,190,620,150,130,120,110,100,200,70,40,30,30,10,10,122400
122501,Massey Keegan,Massey Keegan,1.14954206,1.14954206,5889.62842572366,2555.0,2.555,280.5,Lincoln Mall Pharmacy,Waitematā DHB,    122501 Massey Keegan,1980,31.5,460,170,150,150,820,140,160,170,180,160,530,140,120,100,90,80,170,60,50,30,20,10,0,122501
132900,Fruitvale,Fruitvale,0.85211714,0.85211714,4834.34524303641,781.0,0.781,70.7,New Lynn West Pharmacy,Waitematā DHB,    132900 Fruitvale,1580,37.2,300,120,110,80,560,80,80,110,150,140,490,120,90,90,100,80,220,60,50,40,20,20,20,132900
122801,Birkdale North,Birkdale North,0.75338887,0.75338887,4551.923987663205,833.6,0.8336,92.1,Birkdale Pharmacy 1998 Ltd,Waitematā DHB,    122801 Birkdale North,1310,34.3,280,110,70,110,510,60,90,110,120,130,380,110,80,70,80,40,130,50,30,20,30,0,0,122801
122901,Massey South,Massey South,1.17123781,1.17123781,7235.305398186442,2905.4,2.9054,321.7,Unichem Massey Pharmacy,Waitematā DHB,    122901 Massey South,1920,32.5,450,160,140,150,790,130,120,160,210,170,510,130,100,90,100,90,170,60,50,30,20,10,0,122901
214700,Pirimai East,Pirimai East,0.76239902,0.76239902,3907.1319814842263,1460.4,1.4604000000000001,156.4,Andrew Spence Pharmacy,Hawkes Bay,    214700 Pirimai East,1230,34.2,270,90,90,90,450,110,60,70,130,90,350,70,70,80,70,60,160,40,40,40,20,10,0,214700
123200,Te AtatÅ« Peninsula North West,Te Atatu Peninsula North West,1.11265303,1.11265303,6836.521991287971,1632.0,1.632,178.2,Unichem Peninsula Pharmacy,Waitematā DHB,    123200 Te Atatu Peninsula North West,1810,35.1,430,140,140,150,640,100,110,120,150,170,550,140,130,100,110,70,190,60,40,30,20,20,20,123200
123300,Glenfield South West,Glenfield South West,1.19022397,1.19022397,5359.209100347561,1940.1,1.9401,194.6,Glenfield 7 Day Pharmacy Ltd,Waitematā DHB,    123300 Glenfield South West,2100,35.6,350,120,110,120,860,100,140,200,230,190,640,180,130,130,100,100,240,100,60,50,20,10,0,123300
123701,Castor Bay North,Castor Bay North,0.88710704,0.88710704,4320.2708054099685,1735.9,1.7359,184.2,Coast Care Pharmacy,Waitematā DHB,    123701 Castor Bay North,1270,46.3,200,40,70,100,320,70,60,60,50,70,490,90,100,110,100,90,260,80,70,60,30,10,10,123701
123702,Castor Bay South,Castor Bay South,0.55675524,0.55675524,3431.9250809396094,834.0,0.834,90.4,Coast Care Pharmacy,Waitematā DHB,    123702 Castor Bay South,1050,45,160,40,60,70,290,70,50,60,50,60,410,80,90,90,80,70,200,70,60,40,20,10,10,123702
123800,RÄnui Domain,Ranui Domain,0.87072685,0.87072685,4715.005396289021,462.4,0.4624,58.4,Ranui Pharmacy,Waitematā DHB,    123800 Ranui Domain,1930,32.4,450,150,150,160,740,110,150,170,170,140,550,130,110,120,100,90,190,60,50,30,20,10,10,123800
124301,Henderson Larnoch,Henderson Larnoch,0.82051784,0.82051784,4513.083129209349,1565.6,1.5655999999999999,142.2,Ranui Pharmacy,Waitematā DHB,    124301 Henderson Larnoch,1900,33,430,130,160,140,750,140,130,150,160,160,520,140,110,110,80,80,200,70,50,30,30,10,10,124301
123900,Beach Haven South,Beach Haven South,1.34269138,1.34269138,7335.943573752467,1823.4,1.8234000000000001,186.9,Unichem Rangatira Pharmacy,Waitematā DHB,    123900 Beach Haven South,1610,40.6,290,90,100,110,500,80,80,100,110,130,570,140,120,120,100,90,250,80,70,60,30,10,0,123900
124000,Glenfield Central,Glenfield Central,1.12806195,1.12806195,4707.967736011887,944.8,0.9448,98.7,Glenfield 7 Day Pharmacy Ltd,Waitematā DHB,    124000 Glenfield Central,2230,36.1,350,120,120,110,910,90,160,220,250,200,630,170,120,120,110,120,340,100,70,60,60,20,30,124000
124100,Piha,Piha,5.23828424,5.23828424,18497.080956124602,19468.9,19.4689,1113.3,Henderson Valley Pharmacy,Waitematā DHB,    124100 Piha,520,47.5,70,20,25,25,140,25,10,25,35,40,220,35,50,55,45,35,100,35,30,20,10,0,0,124100
124401,Birkdale South,Birkdale South,1.15820847,1.15820847,6671.57074169583,1921.7,1.9217,182.7,Birkdale Pharmacy 1998 Ltd,Waitematā DHB,    124401 Birkdale South,1960,35,400,160,120,110,780,100,110,170,210,200,600,160,150,110,90,90,190,60,40,40,20,20,10,124401
124500,Te AtatÅ« Peninsula Central,Te Atatu Peninsula Central,1.11341773,1.11341773,5673.220446640134,1077.7,1.0777,125.6,Unichem Peninsula Pharmacy,Waitematā DHB,    124500 Te Atatu Peninsula Central,1880,36.5,430,140,150,140,630,110,90,120,140,170,600,170,140,100,100,90,220,60,50,40,30,20,10,124500
133600,Morningside (Auckland),Morningside (Auckland),1.09391525,1.09391525,5024.2748922629935,1093.5,1.0935,102.5,Kingsland Pharmacy,Central Auckland,    133600 Morningside (Auckland),1930,35.1,260,100,90,70,880,70,110,230,280,190,620,170,140,130,100,80,170,70,40,30,20,0,0,133600
125400,Milford West,Milford West,0.83398002,0.83398002,4396.544225659575,494.8,0.4948,62.4,Coast Care Pharmacy,Waitematā DHB,    125400 Milford West,1660,45.2,250,80,100,70,450,70,80,80,90,120,570,120,130,120,110,90,380,90,100,80,60,40,20,125400
124800,Te AtatÅ« Peninsula West,Te Atatu Peninsula West,1.42957316,1.42957316,8428.753790772107,1202.0,1.202,135.2,Unichem Peninsula Pharmacy,Waitematā DHB,    124800 Te Atatu Peninsula West,2070,35.2,480,150,170,170,720,130,100,150,180,170,660,180,140,130,120,100,210,70,50,40,20,20,10,124800
124900,Henderson Lincoln West,Henderson Lincoln West,0.89974357,0.89974357,7067.480267472511,430.0,0.43,68.8,Lincoln Mall Pharmacy,Waitematā DHB,    124900 Henderson Lincoln West,1800,33.8,400,130,140,130,690,110,120,150,170,150,510,130,110,110,70,90,200,60,50,30,30,20,10,124900
125100,Henderson Lincoln East,Henderson Lincoln East,1.94780034,1.94780034,9513.071659550815,360.6,0.36060000000000003,70.8,Woolworths Pharmacy Lincoln Road,Waitematā DHB,    125100 Henderson Lincoln East,90,66.8,10,5,0,5,20,0,0,10,10,5,20,0,0,5,5,5,50,5,10,15,15,0,0,125100
133700,Shortland Street,Shortland Street,0.12745542,0.12745542,2082.0336098415955,260.4,0.26039999999999996,51.5,Unichem 115 Queen St. Pharmacy,Central Auckland,    133700 Shortland Street,990,35.5,30,20,10,10,560,10,60,170,200,120,270,70,50,50,50,50,120,50,30,20,10,10,0,133700
125300,Te AtatÅ« Peninsula East,Te Atatu Peninsula East,1.80792875,1.80792875,9444.037395182988,925.5,0.9255,118.9,Unichem Peninsula Pharmacy,Waitematā DHB,    125300 Te Atatu Peninsula East,1530,40.7,270,90,90,100,480,90,100,80,110,100,500,100,100,100,110,100,280,90,70,50,40,20,10,125300
127200,Akoranga,Akoranga,1.16283191,1.16283191,5678.9897585499,253.3,0.2533,57.1,Te Puna Hauora Pharmacy,Waitematā DHB,    127200 Akoranga,780,48.5,80,40,20,20,270,70,65,60,50,25,110,25,15,20,20,30,320,25,25,40,70,65,90,127200
125701,Henderson Lincoln South,Henderson Lincoln South,1.5043154,1.5043154,6451.717700521644,948.6,0.9486,113.4,Unichem Medi-Centre Pharmacy,Waitematā DHB,    125701 Henderson Lincoln South,1740,35.9,340,110,120,110,640,130,110,130,130,130,520,120,100,100,110,100,240,60,70,50,30,20,20,125701
125900,Milford Central,Milford Central,0.70474274,0.74338243,4397.5893128888865,332.0,0.332,43.2,Milford Nutritional Pharmacy,Waitematā DHB,    125900 Milford Central,1000,56.6,100,25,30,50,200,40,35,40,40,40,340,50,65,55,85,85,360,80,85,85,50,35,20,125900
126100,Summerland North,Summerland North,0.8509171,0.8509171,4669.188610363094,1946.3,1.9463,166.9,Ranui Pharmacy,Waitematā DHB,    126100 Summerland North,1360,39.5,240,60,90,90,450,70,90,90,90,110,450,100,80,100,90,80,220,60,60,40,20,20,10,126100
126200,Hillcrest East (Auckland),Hillcrest East (Auckland),1.06390827,1.06390827,4280.961690178965,1170.4,1.1704,117.7,Hillcrest Central Pharmacy,Waitematā DHB,    126200 Hillcrest East (Auckland),2110,37,360,110,110,130,810,100,150,170,200,180,620,160,130,120,110,110,320,100,70,60,60,20,10,126200
127900,Henderson North East,Henderson North East,0.80147005,0.80147005,5214.353923754358,1075.9,1.0759,277.9,Henderson Medical Centre Pharmacy,Waitematā DHB,    127900 Henderson North East,1450,38,280,110,90,70,490,60,80,100,140,110,380,80,70,80,70,80,310,60,50,50,50,50,50,127900
126401,Te AtatÅ« South-Edmonton,Te Atatu South-Edmonton,0.9205441,0.9205441,5243.36818167663,1029.3,1.0292999999999999,175.9,Unichem All Seasons Pharmacy,Waitematā DHB,    126401 Te Atatu South-Edmonton,1700,35.1,320,100,100,120,680,120,100,130,170,150,510,120,100,100,110,80,200,70,50,30,30,20,10,126401
126500,Birkenhead North,Birkenhead North,1.01182516,1.01182516,5868.3194175180215,672.0,0.672,78.4,Chemist Warehouse Birkenhead,Waitematā DHB,    126500 Birkenhead North,1500,37,220,80,80,60,610,70,90,150,150,140,460,100,100,100,90,70,210,70,50,40,30,10,20,126500
134400,Kingsland,Kingsland,0.77206864,0.77206864,5084.643706864629,595.2,0.5952000000000001,59.2,Kingsland Pharmacy,Central Auckland,    134400 Kingsland,1720,33.7,220,90,70,70,860,60,120,240,270,170,530,160,100,100,90,80,110,40,30,20,10,10,0,134400
126300,Chatswood,Chatswood,3.066868109999999,3.066868109999999,9338.243356442279,2122.4,2.1224000000000003,276.8,Life Pharmacy Birkenhead,Waitematā DHB,    126300 Chatswood,1790,41.1,270,80,80,110,580,110,110,120,130,110,600,150,120,120,100,100,330,100,90,70,40,30,20,126300
133800,Hobson Ridge South,Hobson Ridge South,0.15651653,0.15651653,2284.728637071253,3102.9,3.1029,195.1,Chemist Warehouse Westfield Newmarket,Central Auckland,    133800 Hobson Ridge South,960,30.6,40,20,20,10,700,50,150,200,210,90,170,50,30,30,30,20,50,20,20,10,10,0,0,133800
126601,Takapuna West,Takapuna West,2.011222979999999,2.011222979999999,7973.423411051689,588.7,0.5887,81.7,Unichem Fred Thomas Pharmacy,Waitematā DHB,    126601 Takapuna West,1950,46,240,70,80,90,570,80,90,120,140,140,540,130,110,100,100,100,590,100,90,120,130,90,50,126601
126901,Western Heights (Auckland),Western Heights (Auckland),1.07360718,1.07360718,5584.769787649626,2071.0,2.071,212.5,Henderson Valley Pharmacy,Waitematā DHB,    126901 Western Heights (Auckland),1890,36.9,330,90,120,120,710,100,130,170,160,160,610,130,110,120,140,120,230,90,70,40,20,10,0,126901
134500,Anzac Avenue,Anzac Avenue,0.1023855,0.1023855,1500.0020226127697,573.8,0.5738,93.6,Unichem 115 Queen St. Pharmacy,Central Auckland,    134500 Anzac Avenue,1530,32.8,60,30,20,10,1010,20,210,310,290,180,340,100,70,70,50,60,120,50,30,20,10,0,0,134500
126801,Takapuna Central,Takapuna Central,1.13533378,2.201605909999999,8753.330831548617,752.6,0.7526,98.5,Life Pharmacy Takapuna,Waitematā DHB,    126801 Takapuna Central,1660,52.1,160,50,50,60,440,60,80,100,100,100,530,90,90,100,130,110,530,130,130,110,90,50,20,126801
144201,Ellerslie West,Ellerslie West,0.34679777,0.34679777,3773.783263917539,276.4,0.2764,59.3,Unichem One Tree Hill Pharmacy,Central Auckland,    144201 Ellerslie West,70,36.7,10,5,5,0,30,5,5,5,10,10,20,10,5,5,5,0,10,0,0,0,0,0,0,144201
127002,Te AtatÅ« South-Central,Te Atatu South-Central,0.9314278,0.9314278,7643.2813041194095,1263.1,1.2631,154.4,Unichem All Seasons Pharmacy,Waitematā DHB,    127002 Te Atatu South-Central,1840,35.7,380,130,130,110,670,90,100,140,170,160,570,140,110,120,110,90,220,60,50,50,30,10,20,127002
145101,Glendowie South West,Glendowie South West,0.97072229,0.97072229,4654.1611944006545,956.4,0.9564,96.4,Unichem Glendowie Pharmacy,Central Auckland,    145101 Glendowie South West,1700,43.1,290,60,90,140,490,150,100,60,60,110,670,130,160,160,140,80,250,70,60,50,40,20,20,145101
127300,Northcote South (Auckland),Northcote South (Auckland),1.13959762,1.13959762,5616.567063690981,1418.9,1.4189,147.8,Northcote Unichem Pharmacy,Waitematā DHB,    127300 Northcote South (Auckland),1410,35.7,210,80,50,80,590,60,100,160,160,120,420,100,80,80,70,80,190,60,40,40,20,20,0,127300
127400,Birkenhead South,Birkenhead South,1.361686970000001,1.361686970000001,6117.852597830003,691.1,0.6911,72.0,Birkenhead 7 Day Pharmacy,Waitematā DHB,    127400 Birkenhead South,1580,43,250,70,80,100,480,90,80,110,110,90,570,110,120,120,110,110,290,80,80,70,40,10,10,127400
129101,Sunnyvale East,Sunnyvale East,1.12399631,1.12399631,5184.1621239933565,2119.7,2.1197,213.8,Chemist Warehouse Henderson,Waitematā DHB,    129101 Sunnyvale East,1890,33.9,400,140,140,120,740,110,130,170,170,150,540,140,120,100,90,90,210,70,60,40,20,10,20,129101
127500,Henderson Central,Henderson Central,2.01588459,2.01588459,10088.258655362775,1170.0,1.17,100.6,Henderson Discount Pharmacy,Waitematā DHB,    127500 Henderson Central,790,51.9,90,40,30,20,240,30,40,65,65,50,140,30,25,30,25,25,320,25,45,55,65,80,50,127500
127701,Te AtatÅ« South-McLeod North,Te Atatu South-McLeod North,0.5822162,0.5822162,4410.589364231772,2043.6,2.0436,213.2,Henderson Medical Centre Pharmacy,Waitematā DHB,    127701 Te Atatu South-McLeod North,1130,34.4,210,90,60,70,480,80,80,90,120,110,320,80,60,60,60,60,120,40,30,20,10,10,10,127701
128200,Northcote Point (Auckland),Northcote Point (Auckland),1.18452559,1.18452559,6506.261669116357,1890.1,1.8901,184.0,Northcote Unichem Pharmacy,Waitematā DHB,    128200 Northcote Point (Auckland),1710,40,310,100,100,100,550,80,80,120,140,130,540,120,120,100,100,90,320,80,80,60,40,20,30,128200
128301,McLaren Memorial Park,McLaren Memorial Park,0.79303037,0.79303037,3902.7666887864484,661.0,0.661,64.8,McLaren Park Pharmacy,Waitematā DHB,    128301 McLaren Memorial Park,1840,33.3,430,150,160,120,720,120,110,160,160,170,520,130,100,100,100,90,170,60,60,20,10,10,0,128301
128401,Henderson East,Henderson East,1.1835778,1.1835778,4518.131384732072,753.5,0.7535,76.9,Unichem Glendene Pharmacy,Waitematā DHB,    128401 Henderson East,2340,36,460,140,170,150,870,140,150,180,210,190,670,160,130,130,130,130,350,110,80,60,40,30,30,128401
128501,Te AtatÅ« South-McLeod South,Te Atatu South-McLeod South,1.02289821,1.02289821,5584.934140338024,1227.6,1.2275999999999998,119.2,Unichem Glendene Pharmacy,Waitematā DHB,    128501 Te Atatu South-McLeod South,1910,34.8,420,130,150,140,700,120,110,160,150,150,570,140,100,130,110,100,220,70,60,40,30,20,0,128501
128601,Takapuna South,Takapuna South,0.71660382,0.71660382,5972.221093018626,436.4,0.43639999999999995,75.3,Medplus Pharmacy,Waitematā DHB,    128601 Takapuna South,1150,44.4,170,50,50,60,330,60,60,70,70,80,370,80,60,70,90,80,270,80,80,60,30,20,10,128601
128700,Rosebank Peninsula,Rosebank Peninsula,2.37007865,2.37007865,18626.39321976338,1978.0,1.978,201.6,Avondale Kiwi Chemist,Central Auckland,    128700 Rosebank Peninsula,10,53.2,0,0,0,0,0,0,0,0,0,0,0,0,0,0,0,0,0,0,0,0,0,0,0,128700
128800,Hauraki,Hauraki,1.09451696,1.09451696,5118.617636621016,407.1,0.4071,50.5,Medplus Pharmacy,Waitematā DHB,    128800 Hauraki,2170,41,390,100,150,150,650,150,90,120,130,160,780,200,180,150,130,120,350,130,90,60,40,20,20,128800
128901,Glendene North West,Glendene North West,0.6593642,0.6593642,3967.592140367051,1139.4,1.1394000000000002,117.2,Unichem Glendene Pharmacy,Waitematā DHB,    128901 Glendene North West,1290,37.8,250,70,80,100,450,70,80,100,100,100,390,90,70,70,80,80,210,70,50,30,30,10,10,128901
128902,Glendene North East,Glendene North East,0.74972584,0.74972584,4088.5647157768117,1717.8,1.7178,187.3,Unichem Glendene Pharmacy,Waitematā DHB,    128902 Glendene North East,1220,33.5,240,70,90,80,510,80,90,120,120,100,350,80,70,80,70,50,110,40,30,20,10,10,0,128902
129201,Point Chevalier West,Point Chevalier West,1.05428102,1.05428102,6105.325131347895,1125.3,1.1253,108.8,Unichem Point Chevalier Pharmacy,Central Auckland,    129201 Point Chevalier West,1570,48.8,240,70,70,90,380,70,60,90,80,80,490,100,90,120,90,80,460,50,50,70,100,80,90,129201
134200,Mount Albert Central,Mount Albert Central,1.31350804,1.31350804,5778.485044065746,909.1,0.9091,96.6,Mt Albert Village Pharmacy,Central Auckland,    134200 Mount Albert Central,1910,38.1,320,80,100,150,680,150,140,130,140,120,650,120,140,160,130,100,250,70,60,40,40,20,20,134200
133100,Avondale Central (Auckland),Avondale Central (Auckland),1.11626154,1.11626154,6547.175761981742,225.4,0.22540000000000002,29.8,Thorntons Pharmacy,Central Auckland,    133100 Avondale Central (Auckland),1670,36.1,270,100,90,90,680,70,150,130,180,150,440,110,90,90,80,70,280,70,50,60,40,40,30,133100
129300,Belmont (Auckland),Belmont (Auckland),1.15434825,1.15434825,5525.991850606149,365.1,0.36510000000000004,36.7,Belmont Pharmacy,Waitematā DHB,    129300 Belmont (Auckland),1570,40.5,270,80,90,100,510,130,80,90,100,110,530,100,130,120,100,80,270,70,70,50,40,20,20,129300
129700,Herne Bay,Herne Bay,0.87756532,0.87756532,5049.579883416989,455.3,0.45530000000000004,51.1,Herne Bay Pharmacy,Central Auckland,    129700 Herne Bay,1410,48.1,160,30,40,90,430,90,50,100,100,90,530,60,110,140,110,110,290,90,90,60,30,10,10,129700
129400,Bayswater,Bayswater,1.0969367,1.20489185,7881.168627016235,1308.7,1.3087,118.7,Belmont Pharmacy,Waitematā DHB,    129400 Bayswater,1440,41.9,230,70,70,90,450,110,80,110,80,60,520,100,110,110,110,90,240,80,50,40,40,20,10,129400
133000,Devonport,Devonport,1.07903066,1.07903066,5451.714087812119,451.6,0.4516,64.2,Devonport Health Centre Pharmacy,Waitematā DHB,    133000 Devonport,1670,50,190,40,70,90,430,130,100,70,60,70,630,90,120,150,150,130,410,120,110,80,40,40,20,133000
129501,Glendene South,Glendene South,1.10017139,1.10760119,6779.624161956286,2046.2,2.0462000000000002,207.5,Unichem Kelston Medical Pharmacy,Waitematā DHB,    129501 Glendene South,1440,37,270,90,80,100,530,90,80,110,130,120,450,90,90,90,90,90,190,80,50,30,20,10,10,129501
129800,Westmere North,Westmere North,0.64508193,0.64508193,4034.7420606285364,36.1,0.0361,8.8,Westmere Pharmacy,Central Auckland,    129800 Westmere North,1100,42.8,170,40,50,80,350,110,70,50,60,60,420,60,90,100,90,70,160,60,40,30,10,10,10,129800
129901,Point Chevalier North,Point Chevalier North,0.72293521,0.72293521,4877.500078196167,1796.2,1.7962,171.2,Unichem Point Chevalier Pharmacy,Central Auckland,    129901 Point Chevalier North,1220,44.7,220,60,70,80,310,90,50,50,50,70,480,80,90,110,100,90,210,60,70,40,20,20,10,129901
129902,Point Chevalier East,Point Chevalier East,0.97560374,0.97560374,5891.540984757707,785.3,0.7853,76.7,Unichem Point Chevalier Pharmacy,Central Auckland,    129902 Point Chevalier East,1670,38.6,330,100,110,120,540,100,90,110,120,120,590,110,160,130,110,80,210,70,50,40,30,10,10,129902
134302,Karangahape East,Karangahape East,0.11645601,0.11645601,1499.3153407337836,390.6,0.3906,70.3,Lambs Pharmacy & Natural Therapies Centre,Central Auckland,    134302 Karangahape East,600,33.6,30,15,10,5,370,10,55,120,115,70,160,45,40,30,30,25,40,15,15,10,0,0,0,134302
130300,Westmere South-Western Springs,Westmere South-Western Springs,2.02393904,2.02393904,9867.672161884051,1056.4,1.0564,108.6,Richmond Road Pharmacy,Central Auckland,    130300 Westmere South-Western Springs,1430,41.8,210,70,60,80,470,100,70,90,110,100,570,90,120,140,120,100,180,80,50,30,10,10,0,130300
130400,Ponsonby West,Ponsonby West,0.64762941,0.64762941,4126.937705658379,617.7,0.6177,93.4,Woolworths Pharmacy Grey Lynn,Central Auckland,    130400 Ponsonby West,1080,39.8,160,40,50,80,380,70,60,80,90,90,420,80,100,100,80,70,120,40,30,30,10,10,0,130400
214800,Onekawa East,Onekawa East,0.63617378,0.63617378,3537.356650403451,1018.1,1.0181,123.8,Andrew Spence Pharmacy,Hawkes Bay,    214800 Onekawa East,930,36.3,230,75,75,75,290,50,55,55,65,65,240,50,45,45,50,45,180,50,35,40,25,15,15,214800
130500,Kelston North,Kelston North,0.96688836,0.96688836,4616.0678023329565,1287.9,1.2879,119.4,Unichem Kelston Medical Pharmacy,Waitematā DHB,    130500 Kelston North,1490,34.4,310,110,100,100,560,110,110,110,120,110,460,100,90,90,100,80,170,50,40,30,20,10,10,130500
130601,Avondale Rosebank (Auckland),Avondale Rosebank (Auckland),0.94277779,0.94277779,5127.929806041598,552.7,0.5527000000000001,62.7,Bruce Amies Pharmacy,Central Auckland,    130601 Avondale Rosebank (Auckland),2010,35.8,380,120,130,140,760,140,120,160,180,160,630,150,120,130,130,100,250,70,50,60,40,10,0,130601
154202,Aorere South East,Aorere South East,0.60928714,0.60928714,4091.6330139911465,1538.8,1.5388,146.8,St George Pharmacy,CM Health,    154202 Aorere South East,1430,31.5,350,110,120,120,580,110,110,120,120,120,380,110,70,70,70,60,130,40,40,20,10,0,0,154202
130700,Narrow Neck,Narrow Neck,1.82262874,1.82262874,8060.344139713724,1497.8,1.4978,142.9,Belmont Pharmacy,Waitematā DHB,    130700 Narrow Neck,2180,46.2,360,80,110,170,550,140,100,90,100,120,800,130,200,170,160,150,480,130,100,100,70,40,30,130700
130801,Glen Eden North,Glen Eden North,1.87659508,1.87659508,6354.358121989385,884.8,0.8847999999999999,186.4,Glen Eden Pharmacy,Waitematā DHB,    130801 Glen Eden North,1340,34.2,290,100,110,80,540,80,80,100,150,130,370,80,70,80,70,60,140,60,30,20,10,10,10,130801
131000,Kelston South,Kelston South,0.83555751,0.83555751,4664.489348019537,363.2,0.36319999999999997,34.8,Unichem Kelston Medical Pharmacy,Waitematā DHB,    131000 Kelston South,1360,32.6,300,120,90,90,560,80,110,110,140,110,370,90,80,80,60,60,130,40,40,20,10,10,0,131000
131100,Waterview,Waterview,1.12192689,1.12192689,5496.228548778781,1633.0,1.633,189.5,Avondale Family Chemist,Central Auckland,    131100 Waterview,1890,34.7,380,150,130,100,730,70,120,180,210,150,570,150,110,110,100,100,210,70,60,40,20,20,10,131100
131200,Ponsonby East,Ponsonby East,0.70309335,0.70309335,3718.0376775732198,1053.7,1.0537,165.7,Unichem 218 Ponsonby Pharmacy,Central Auckland,    131200 Ponsonby East,1650,37.6,200,60,60,70,700,80,90,170,200,160,550,110,110,130,100,100,200,80,60,40,10,10,0,131200
131300,Wynyard-Viaduct,Wynyard-Viaduct,0.60050702,0.7171849,4422.813760660569,477.5,0.4775,75.6,Unichem Wynyard Pharmacy,Central Auckland,    131300 Wynyard-Viaduct,580,49.6,30,15,5,10,190,10,25,45,55,50,230,35,40,40,55,55,130,50,40,25,10,5,0,131300
131400,Stanley Point,Stanley Point,0.99163296,0.99163296,7918.978507728839,1593.8,1.5937999999999999,172.1,Devonport Health Centre Pharmacy,Waitematā DHB,    131400 Stanley Point,930,43.5,170,30,70,75,250,60,65,50,35,40,360,60,75,80,80,70,150,50,40,30,15,10,5,131400
131500,Glen Eden Central,Glen Eden Central,1.24759515,1.24759515,6730.794800828445,852.6,0.8526,139.5,Westview Pharmacy,Waitematā DHB,    131500 Glen Eden Central,2020,36.3,400,130,150,120,750,120,120,120,200,200,630,160,130,120,110,110,230,80,60,40,30,10,20,131500
131600,Grey Lynn North,Grey Lynn North,0.7250584,0.7250584,4170.559035702958,564.2,0.5642,74.9,Richmond Road Pharmacy,Central Auckland,    131600 Grey Lynn North,1430,37.5,190,50,60,80,580,70,80,150,150,130,520,110,100,130,100,70,140,60,40,20,10,0,0,131600
131900,Mount Albert West,Mount Albert West,1.39091615,1.39091615,6806.6464170205,1080.3,1.0803,132.2,Mt Albert Village Pharmacy,Central Auckland,    131900 Mount Albert West,1290,36.2,240,70,80,90,490,70,80,120,110,100,410,100,90,80,80,60,160,50,40,30,20,10,10,131900
132001,Avondale North West (Auckland),Avondale North West (Auckland),0.82317725,0.82317725,4975.327885747276,657.1,0.6571,160.9,Avondale Family Chemist,Central Auckland,    132001 Avondale North West (Auckland),1370,36.2,250,100,80,80,540,70,80,110,140,130,430,100,100,80,80,70,150,60,40,20,20,10,10,132001
132300,New Lynn North,New Lynn North,0.74127644,0.74127644,6441.229919748731,1404.0,1.404,136.4,Pharmcare Pharmacy,Waitematā DHB,    132300 New Lynn North,1790,36.2,340,120,110,110,690,90,90,130,190,190,530,120,100,110,90,100,230,80,50,50,20,20,10,132300
132400,Victoria Park,Victoria Park,0.44801712,0.44801712,3335.131499337095,511.9,0.5119,80.7,Hobson Street Pharmacy,Central Auckland,    132400 Victoria Park,1690,32.4,150,70,40,40,1100,40,160,310,360,230,360,130,70,70,40,40,80,30,20,20,10,0,0,132400
132501,Konini Road,Konini Road,1.26872116,1.26872116,7243.532436169,2260.2,2.2601999999999998,303.7,Titirangi Pharmacy,Waitematā DHB,    132501 Konini Road,1010,42.1,180,40,50,80,290,70,50,50,50,80,400,80,80,100,70,70,140,60,30,30,10,10,0,132501
133301,Quay Street-Customs Street,Quay Street-Customs Street,1.217132150000001,1.217132150000001,12243.004596613859,534.0,0.534,114.1,Woolworths Pharmacy Auckland City,Central Auckland,    133301 Quay Street-Customs Street,1040,34.6,100,30,30,30,580,40,90,130,180,140,260,70,50,50,50,40,110,50,30,10,10,0,0,133301
134800,Auckland-University,Auckland-University,0.36941266,0.36941266,2567.2005984457014,140.7,0.1407,55.1,Unichem Campus Pharmacy,Central Auckland,    134800 Auckland-University,60,34.2,0,0,0,0,40,0,10,10,20,5,10,5,5,0,0,0,0,0,0,0,0,0,0,134800
134900,New Lynn Seabrook,New Lynn Seabrook,0.72239779,0.72239779,3577.8962492106666,1113.7,1.1137000000000001,120.5,New Lynn West Pharmacy,Waitematā DHB,    134900 New Lynn Seabrook,1550,38.2,290,100,90,100,530,80,100,100,130,130,490,110,100,100,100,70,240,80,60,50,20,20,20,134900
135600,New Lynn Central South,New Lynn Central South,0.74033914,0.74033914,4814.6541151178,871.7,0.8717,158.0,Health New Lynn 7 Day Pharmacy Ltd,Waitematā DHB,    135600 New Lynn Central South,1530,35.6,300,130,90,80,580,60,90,130,170,130,450,120,90,80,90,60,200,50,50,30,40,20,10,135600
133900,New Lynn Central,New Lynn Central,1.1817277,1.1817277,8637.838324224538,46.6,0.0466,11.2,Chemist Warehouse LynnMall,Waitematā DHB,    133900 New Lynn Central,260,37.9,30,15,10,5,110,5,15,25,35,30,80,20,15,20,15,15,30,10,5,5,5,0,0,133900
134000,Cheltenham,Cheltenham,0.81543777,0.81543777,4483.022119551284,1733.6,1.7335999999999998,191.5,Devonport 1st Pharmacy (Formerly known as Devonport/Wigmores Pharmacy),Waitematā DHB,    134000 Cheltenham,990,50.6,150,30,55,65,210,65,40,30,35,40,370,45,75,80,90,75,260,70,60,60,35,20,5,134000
134600,Waima-Woodlands Park,Waima-Woodlands Park,3.48423582,3.48423582,9961.146847506987,2907.5,2.9075,266.4,Titirangi Pharmacy,Waitematā DHB,    134600 Waima-Woodlands Park,1390,40.3,300,50,110,140,390,120,60,40,70,100,550,120,130,130,90,90,150,60,40,30,20,0,0,134600
134700,Kaurilands,Kaurilands,1.46338291,1.46338291,6001.0138668384925,1311.4,1.3114000000000001,130.1,Titirangi Pharmacy,Waitematā DHB,    134700 Kaurilands,1590,41,280,80,80,120,490,130,100,80,90,100,620,130,120,140,120,100,210,80,50,40,20,10,10,134700
135401,Titirangi East,Titirangi East,1.22431833,1.22431833,6216.261389361459,397.7,0.3977,36.0,Unichem Golf Road Pharmacy,Waitematā DHB,    135401 Titirangi East,1640,40.6,300,90,110,100,500,100,80,90,100,140,600,130,130,130,110,100,240,90,50,40,30,20,10,135401
136100,Grafton,Grafton,0.6226916,0.6226916,5128.591847300693,211.4,0.2114,38.3,Auckland City Hospital Pharmacy,Central Auckland,    136100 Grafton,820,31.3,50,15,15,15,520,115,110,105,105,80,170,40,30,40,25,30,80,35,20,10,5,5,0,136100
135500,Åwairaka West,Owairaka West,0.91844166,0.91844166,5560.5197989923245,1420.0,1.42,133.1,Lockington's Original Pharmacy,Central Auckland,    135500 Owairaka West,1750,34.2,310,110,110,90,760,70,110,170,240,160,490,150,110,80,90,70,180,70,50,30,20,20,0,135500
135700,The Strand,The Strand,0.17003772,0.17003772,2692.012586185636,545.9,0.5458999999999999,117.6,Pharmacy at Quay Park,Central Auckland,    135700 The Strand,710,30.1,30,5,10,15,540,40,130,160,140,75,110,30,25,25,15,20,30,10,10,5,5,5,0,135700
135000,Avondale South (Auckland),Avondale South (Auckland),1.17621937,1.17621937,7147.07974656492,993.0,0.993,99.6,Thorntons Pharmacy,Central Auckland,    135000 Avondale South (Auckland),2340,35,410,150,120,140,980,120,150,210,270,220,670,160,130,120,130,130,270,90,70,50,40,10,10,135000
135100,Symonds Street North West,Symonds Street North West,0.08705742,0.08705742,1598.227122769355,516.5,0.5165,79.9,Unichem Campus Pharmacy,Central Auckland,    135100 Symonds Street North West,1710,26.3,40,20,20,10,1420,320,430,280,260,130,210,60,50,30,40,30,40,20,10,0,0,0,0,135100
135200,Mount Albert South,Mount Albert South,0.83111653,0.83111653,3707.005950074587,1089.1,1.0891,113.3,Mt Albert Village Pharmacy,Central Auckland,    135200 Mount Albert South,1170,39.6,160,40,50,70,430,70,100,110,90,60,380,50,70,100,90,80,200,50,40,40,40,20,10,135200
136001,Eden Terrace,Eden Terrace,0.59084637,0.59084637,3527.095680345481,964.1,0.9641000000000001,132.6,Lambs Pharmacy & Natural Therapies Centre,Central Auckland,    136001 Eden Terrace,1510,34,110,60,30,20,930,20,110,250,320,230,390,120,80,70,60,60,80,40,20,10,10,0,0,136001
135800,St Lukes,St Lukes,0.4616366,0.4616366,4242.362841885051,6.3,0.0063,0.5,St Lukes Medical Pharmacy,Central Auckland,    135800 St Lukes,1170,34.5,180,60,70,50,530,60,70,130,150,110,320,90,60,60,60,50,130,40,30,20,10,10,10,135800
135900,Symonds Street East,Symonds Street East,0.10342937,0.10342937,1576.7009755344077,720.0,0.72,122.3,Unichem Campus Pharmacy,Central Auckland,    135900 Symonds Street East,1210,24.9,40,30,10,0,1030,300,270,210,170,80,120,40,20,20,10,10,30,10,10,0,0,0,0,135900
136200,Eden Park,Eden Park,0.50617663,0.50617663,4108.720932410847,668.3,0.6683,75.8,Woolworths Pharmacy Mt Eden,Central Auckland,    136200 Eden Park,810,34.8,110,40,30,40,370,50,55,90,100,65,270,65,60,65,50,30,60,25,15,10,5,5,5,136200
136300,Sandringham North,Sandringham North,0.85700371,0.85700371,4392.812322616674,807.7,0.8077000000000001,88.1,Alberton Pharmacy,Central Auckland,    136300 Sandringham North,1960,35.1,330,90,120,110,810,120,120,200,210,160,660,160,130,150,110,100,170,50,50,40,20,10,10,136300
136400,Parnell West,Parnell West,1.6492471,1.6492471,6033.968424886714,1155.5,1.1555,169.8,Auckland City Hospital Pharmacy,Central Auckland,    136400 Parnell West,2120,36,160,70,50,50,1040,140,250,230,240,180,600,130,100,110,120,130,320,120,90,70,30,10,0,136400
136501,New Lynn South,New Lynn South,0.64410404,0.64410404,3422.0594237312225,1175.4,1.1754,114.4,Unichem Golf Road Pharmacy,Waitematā DHB,    136501 New Lynn South,1390,37.4,260,90,90,80,500,80,80,90,120,120,440,100,100,90,80,70,190,60,40,30,30,10,20,136501
136502,New Lynn South East,New Lynn South East,0.79225148,0.79225148,5579.337532359033,1708.2,1.7082,170.3,Green Bay Pharmacy,Waitematā DHB,    136502 New Lynn South East,1110,35.8,230,80,90,60,410,60,50,70,120,100,340,80,70,70,60,50,130,30,30,30,20,10,10,136502
362901,Kingswell,Kingswell,1.9519156,1.9519156,5863.296821257788,2115.9,2.1159,208.8,Baillie and Lewis Pharmacy,Southern,    362901 Kingswell,1210,38.5,220,70,80,70,400,70,70,90,90,100,360,60,70,80,60,90,220,80,60,40,30,10,10,362901
136601,New Windsor North,New Windsor North,0.87009815,0.87009815,5429.303246588243,1758.2,1.7582,180.4,Lockington's Original Pharmacy,Central Auckland,    136601 New Windsor North,1650,36,300,90,110,100,620,80,120,140,160,120,520,130,90,110,100,90,210,70,50,40,30,30,10,136601
136900,Eden Valley,Eden Valley,0.58402622,0.58402622,4862.545040850427,298.0,0.298,43.4,Dominion Road Pharmacy,Central Auckland,    136900 Eden Valley,1040,35.8,120,30,50,40,470,50,70,130,130,80,320,70,70,70,70,40,130,40,30,30,20,10,10,136900
137000,Sandringham Central,Sandringham Central,0.4728525,0.4728525,3852.636344643972,675.7,0.6757000000000001,73.0,Unichem Sandringham Pharmacy,Central Auckland,    137000 Sandringham Central,1240,35.6,220,60,70,90,490,50,80,110,140,100,360,100,90,70,60,50,170,50,40,30,30,10,10,137000
137100,Glenavon,Glenavon,0.6404958,0.6404958,4000.608112464326,440.9,0.44089999999999996,43.7,Glenavon Kiwi Chemist,Central Auckland,    137100 Glenavon,1510,33.2,340,130,110,110,590,100,110,120,150,110,430,110,90,80,80,70,150,60,40,30,20,10,0,137100
137201,Blockhouse Bay North,Blockhouse Bay North,0.59396955,0.59396955,3813.4902051337995,1164.6,1.1645999999999999,106.1,Blockhouse Bay Pharmacy,Central Auckland,    137201 Blockhouse Bay North,1340,37.9,230,70,80,80,490,80,80,100,110,110,410,100,90,80,70,80,220,60,60,40,20,20,20,137201
137202,Blockhouse Bay Central,Blockhouse Bay Central,0.96339681,0.96339681,4588.013715071551,377.8,0.3778,35.1,Blockhouse Bay Pharmacy,Central Auckland,    137202 Blockhouse Bay Central,1650,39.8,280,80,90,100,550,90,120,100,130,120,510,120,100,90,100,100,310,90,60,50,50,40,20,137202
137300,Green Bay North,Green Bay North,1.03540671,1.03540671,5243.142716167256,387.5,0.3875,39.1,Green Bay Pharmacy,Waitematā DHB,    137300 Green Bay North,970,43,180,55,55,70,260,45,45,40,60,75,290,65,70,60,50,45,240,35,35,50,40,45,35,137300
137901,Wesley West,Wesley West,0.68422277,0.68422277,4027.472803347854,781.8,0.7817999999999999,83.4,Lockington's Original Pharmacy,Central Auckland,    137901 Wesley West,1510,31.9,330,110,100,120,630,110,120,130,160,100,420,90,90,90,70,70,140,50,40,20,20,0,10,137901
165502,Pukekohe South West,Pukekohe South West,1.00687574,1.00687574,5021.325187521916,2248.1,2.2481,243.3,Unichem Pukekohe Pharmacy,CM Health,    165502 Pukekohe South West,1070,33.6,300,130,120,60,410,50,30,70,130,140,270,90,60,50,40,30,90,20,20,20,10,10,10,165502
137400,Parnell East,Parnell East,1.22679359,1.22679359,7339.9106795961925,524.8,0.5247999999999999,52.7,Gladstone Pharmacy (Parnell),Central Auckland,    137400 Parnell East,1640,46.1,180,50,60,70,530,90,90,110,130,110,560,90,90,120,120,130,370,110,110,80,40,20,10,137400
139100,Wesley East,Wesley East,0.6070395,0.6070395,3326.556038712325,843.0,0.843,94.4,Roskill Healthcare Pharmacy,Central Auckland,    139100 Wesley East,1080,35.4,210,60,70,90,400,80,60,90,100,80,310,70,50,60,60,60,160,50,40,30,20,10,10,139100
137600,Sandringham West,Sandringham West,0.4767622,0.4767622,3525.071031052541,877.7,0.8777,103.4,Unichem Sandringham Pharmacy,Central Auckland,    137600 Sandringham West,1160,35.4,210,60,70,80,470,50,90,120,120,100,370,90,80,80,60,60,120,40,30,20,10,10,10,137600
137701,Mount Eden North East,Mount Eden North East,0.40925947,0.40925947,2579.2397343496127,1326.9,1.3269000000000002,141.9,Grafton Pharmacy,Central Auckland,    137701 Mount Eden North East,580,33.8,50,20,15,15,330,15,40,95,120,65,160,50,35,30,25,20,40,15,15,5,0,0,0,137701
137800,Mount Eden North,Mount Eden North,0.87489816,0.87489816,4663.741563581491,815.7,0.8157000000000001,80.0,Mt Eden Pharmacy,Central Auckland,    137800 Mount Eden North,1730,37,180,60,70,60,770,80,120,210,200,160,530,110,110,110,110,90,250,60,50,50,40,20,30,137800
138000,Green Bay South,Green Bay South,1.2578664,1.2578664,7611.43025410232,618.3,0.6183,63.0,Green Bay Pharmacy,Waitematā DHB,    138000 Green Bay South,1550,49.9,210,60,70,80,380,90,60,60,80,90,470,100,90,100,100,80,490,60,70,110,100,90,60,138000
138100,Balmoral,Balmoral,0.78483756,0.78483756,4652.715660441948,393.2,0.3932,41.4,Balmoral Pharmacy,Central Auckland,    138100 Balmoral,1560,36.5,230,50,80,100,620,100,120,160,140,110,540,120,130,130,100,80,170,50,40,30,30,10,10,138100
138200,Sandringham East,Sandringham East,0.71514844,0.71514844,4466.554398910616,276.2,0.2762,29.4,Unichem Sandringham Pharmacy,Central Auckland,    138200 Sandringham East,1690,36.8,290,90,100,100,640,90,110,140,160,130,570,130,130,140,90,80,200,60,50,30,30,10,10,138200
138301,New Windsor South,New Windsor South,0.53965215,0.53965215,2968.0819498008204,685.0,0.685,64.0,New Windsor Pharmacy,Central Auckland,    138301 New Windsor South,1050,35.5,200,60,70,70,400,60,70,90,100,80,300,70,60,50,60,50,160,40,50,30,20,10,10,138301
138302,New Windsor East,New Windsor East,0.57554696,0.57554696,4089.4723676479484,809.6,0.8096,82.5,New Windsor Pharmacy,Central Auckland,    138302 New Windsor East,1260,33.6,250,80,80,90,520,80,100,110,130,100,360,100,70,70,60,50,140,50,40,20,20,10,0,138302
138501,Newmarket,Newmarket,0.85112733,0.85112733,4655.326996221706,131.9,0.13190000000000002,22.8,Chemist Plus,Central Auckland,    138501 Newmarket,1370,35.3,130,30,50,40,680,80,130,160,170,140,390,90,70,90,80,70,160,50,40,40,20,10,0,138501
138502,Newmarket Park,Newmarket Park,0.27780751,0.27780751,3131.1014324036246,650.6,0.6506000000000001,70.0,Life Pharmacy Newmarket,Central Auckland,    138502 Newmarket Park,690,56.2,40,15,15,10,210,25,35,45,50,50,190,30,25,35,45,50,260,55,50,55,50,40,10,138502
139802,Mount Roskill Nirvana,Mount Roskill Nirvana,0.48344797,0.48344797,3688.5114901269208,450.3,0.45030000000000003,42.5,White Swan Pharmacy,Central Auckland,    139802 Mount Roskill Nirvana,1150,34.9,190,70,60,60,480,70,70,100,140,90,350,70,70,70,70,70,140,50,30,20,10,10,10,139802
138600,Blockhouse Bay North East,Blockhouse Bay North East,0.52846547,0.52846547,3792.7806770990255,1371.9,1.3719000000000001,149.8,New Windsor Pharmacy,Central Auckland,    138600 Blockhouse Bay North East,1140,38,190,60,60,70,420,70,70,90,90,100,370,80,70,80,80,60,160,60,40,30,20,10,10,138600
138700,Epsom North,Epsom North,1.0772428,1.0772428,5712.724004404468,1112.6,1.1125999999999998,109.8,Mt Eden Pharmacy,Central Auckland,    138700 Epsom North,1680,38.3,180,40,60,80,690,140,140,180,140,100,540,80,100,130,140,90,270,80,70,50,40,20,10,138700
138800,Wesley South,Wesley South,0.68279868,0.68279868,5520.189744440694,1160.0,1.16,103.4,Lockington's Original Pharmacy,Central Auckland,    138800 Wesley South,30,43.7,0,0,0,0,10,0,0,0,0,0,10,5,5,0,0,0,0,0,0,0,0,0,0,138800
138901,Blockhouse Bay South,Blockhouse Bay South,1.26473048,1.26473048,5457.585746948749,708.8,0.7088,69.0,Blockhouse Bay Pharmacy,Central Auckland,    138901 Blockhouse Bay South,1520,41.1,240,70,80,90,500,90,80,100,110,110,490,110,100,90,90,110,290,70,60,50,40,30,40,138901
139000,Mount Eden East,Mount Eden East,0.76410516,0.76410516,4017.7777723338736,294.3,0.2943,33.3,Pharmacy 455,Central Auckland,    139000 Mount Eden East,1420,38.6,190,30,60,90,550,100,90,150,130,80,500,90,100,110,110,90,190,60,40,30,30,10,10,139000
139501,Blockhouse Bay East,Blockhouse Bay East,0.56142487,0.56142487,4031.039206469135,941.4,0.9414,89.8,Blockhouse Bay Pharmacy,Central Auckland,    139501 Blockhouse Bay East,1140,44.2,150,40,50,50,360,60,70,70,90,60,360,70,60,80,80,70,270,60,40,50,50,40,30,139501
142802,One Tree Hill Amaru,One Tree Hill Amaru,2.22084372,2.22084372,8174.06954857237,1497.9,1.4979,256.0,Epsom Pharmacy 2008 Ltd,Central Auckland,    142802 One Tree Hill Amaru,1290,37.7,210,80,70,60,490,60,70,100,140,130,410,90,80,90,80,70,180,70,40,30,20,10,10,142802
139201,Orakei West,Orakei West,1.3945544,1.45400874,9697.411521520758,2071.1,2.0711,219.4,Life Pharmacy Eastridge,Central Auckland,    139201 Orakei West,1470,43.9,190,50,70,70,470,80,70,90,110,110,490,80,80,100,110,120,320,110,80,60,40,20,10,139201
139300,Maungawhau,Maungawhau,0.73452194,0.73452194,3939.1282723823138,754.3,0.7543,126.1,Balmoral Pharmacy,Central Auckland,    139300 Maungawhau,1490,36,230,40,90,100,590,100,100,160,120,100,500,110,110,120,100,70,170,70,40,30,20,0,0,139300
139400,Remuera West,Remuera West,0.88055753,0.88055753,4523.650674109095,793.8,0.7938,86.3,Clinic Pharmacy,Central Auckland,    139400 Remuera West,1410,41.4,170,30,60,80,510,90,110,120,110,90,470,80,80,110,100,100,260,80,70,50,30,20,10,139400
155801,Ferguson,Ferguson,0.71900417,0.71900417,4246.787546959136,1011.3,1.0112999999999999,142.3,Unichem Ōtara Pharmacy,CM Health,    155801 Ferguson,1730,26.6,510,160,150,200,710,170,140,150,140,110,400,90,70,90,80,60,120,40,30,20,20,10,0,155801
139601,Mount Roskill West,Mount Roskill West,0.94066279,0.94066279,5549.604295581606,913.9,0.9138999999999999,140.6,Woolworths Pharmacy Lynfield,Central Auckland,    139601 Mount Roskill West,1910,38.5,320,90,110,120,680,110,100,140,180,150,550,120,100,120,100,110,360,80,70,90,70,30,10,139601
139700,Mount Roskill North,Mount Roskill North,0.95815632,0.95815632,3953.9428451591875,362.4,0.3624,39.8,SaveMart Pharmacy,Central Auckland,    139700 Mount Roskill North,1990,37.6,320,120,100,100,750,70,120,190,220,160,630,150,100,130,110,140,290,110,60,40,30,30,10,139700
139801,Mount Roskill White Swan,Mount Roskill White Swan,0.55917428,0.55917428,3349.085984155501,920.7,0.9207000000000001,104.8,Unichem Richardson Road Pharmacy,Central Auckland,    139801 Mount Roskill White Swan,1180,37.5,190,60,60,70,450,60,60,90,130,100,360,80,80,80,60,60,180,50,30,30,30,20,20,139801
139900,Mount Eden South,Mount Eden South,0.87283198,0.87283198,4646.8352583112965,1413.5,1.4135,187.9,Balmoral Pharmacy,Central Auckland,    139900 Mount Eden South,1940,37.7,270,70,80,120,760,100,130,220,180,130,620,130,120,130,140,110,290,110,70,50,30,20,10,139900
140300,Mount St John,Mount St John,1.24253076,1.24253076,5293.441137493025,1070.2,1.0702,124.1,Epsom Kiwi Chemist,Central Auckland,    140300 Mount St John,1750,38.6,220,60,60,90,690,140,150,160,130,100,560,110,100,120,130,100,280,70,70,50,40,20,30,140300
140000,Remuera Waitaramoa,Remuera Waitaramoa,1.69064692,1.69064692,7230.340736912674,1456.3,1.4563,161.2,Clinic Pharmacy,Central Auckland,    140000 Remuera Waitaramoa,2000,45.3,270,40,90,140,600,170,130,120,80,100,720,120,130,160,160,150,400,120,90,90,60,30,20,140000
141102,Mission Bay Eastridge,Mission Bay Eastridge,0.61996343,0.61996343,3957.0821417098878,165.6,0.1656,30.4,Life Pharmacy Eastridge,Central Auckland,    141102 Mission Bay Eastridge,910,40.6,120,35,35,50,330,35,65,75,85,65,310,70,65,60,55,55,160,55,45,30,20,10,5,141102
140100,Orakei East,Orakei East,1.70738496,1.70738496,7010.241420737771,1596.9,1.5969,194.8,Life Pharmacy Eastridge,Central Auckland,    140100 Orakei East,1580,40.3,240,70,90,80,540,90,100,130,110,120,510,100,100,100,100,100,290,70,70,50,40,30,30,140100
140200,Epsom Central-North,Epsom Central-North,1.10588807,1.10588807,4365.092169814708,1001.6,1.0016,127.4,Epsom Kiwi Chemist,Central Auckland,    140200 Epsom Central-North,2010,39.7,230,30,70,130,780,160,180,190,130,110,630,120,120,150,130,110,370,100,90,70,60,30,20,140200
141201,Three Kings North,Three Kings North,0.67427961,0.67427961,3721.4187089660627,994.4,0.9944,122.2,3 Kings Plaza Pharmacy,Central Auckland,    141201 Three Kings North,740,39,100,35,35,30,280,30,55,65,75,60,240,55,50,55,35,50,110,45,25,20,10,5,5,141201
141300,Mount Roskill South,Mount Roskill South,1.12965999,1.12965999,4688.567268417758,853.2,0.8532000000000001,83.6,Unichem Roskill Village Pharmacy,Central Auckland,    141300 Mount Roskill South,1640,43,220,80,70,80,530,80,100,120,140,100,510,120,90,110,100,100,370,80,80,70,60,50,40,141300
141500,Epsom East,Epsom East,1.26821011,1.26821011,5956.943895237282,1280.4,1.2804,169.5,Greenlane Clinical Centre Pharmacy,Central Auckland,    141500 Epsom East,1290,40.6,160,40,60,60,470,70,80,130,110,90,400,70,60,90,90,90,250,70,60,50,40,10,20,141500
140500,Remuera North,Remuera North,1.41270493,1.41270493,10002.786202013893,1601.4,1.6014000000000002,161.5,Cranwell's Pharmacy Of Remuera,Central Auckland,    140500 Remuera North,1840,42.9,280,60,90,120,560,140,130,90,90,110,670,120,120,160,150,120,330,110,90,50,40,20,10,140500
140800,Epsom Central-South,Epsom Central-South,0.98346489,0.98346489,4405.416455172266,1492.4,1.4924000000000002,153.6,Epsom Pharmacy 2008 Ltd,Central Auckland,    140800 Epsom Central-South,1970,38.7,270,80,90,100,740,160,160,180,140,110,670,110,110,170,160,120,290,100,60,60,40,20,20,140800
140901,Lynfield Central,Lynfield Central,0.72386009,0.72386009,3445.061395473938,647.5,0.6475,75.4,Woolworths Pharmacy Lynfield,Central Auckland,    140901 Lynfield Central,1490,38.4,280,80,100,90,500,90,60,100,140,120,490,120,90,90,100,90,220,70,40,40,30,20,10,140901
140902,Lynfield Harbour View,Lynfield Harbour View,0.85172303,0.85172303,7362.4518996350935,1091.0,1.091,117.2,Woolworths Pharmacy Lynfield,Central Auckland,    140902 Lynfield Harbour View,920,41.4,140,40,50,45,300,50,55,60,70,65,300,65,55,40,65,75,180,65,50,30,20,5,10,140902
141000,Remuera South,Remuera South,1.42943399,1.42943399,5844.669123965986,414.7,0.4147,42.6,Unichem Remuera,Central Auckland,    141000 Remuera South,2030,42.3,240,50,80,110,720,140,160,180,130,110,730,140,120,150,180,150,350,100,80,50,50,40,20,141000
141101,Mission Bay,Mission Bay,0.92322069,0.92322069,4529.616972245152,575.1,0.5751000000000001,64.5,Mission Bay Pharmacy,Central Auckland,    141101 Mission Bay,1490,48.6,180,60,50,70,400,70,70,90,80,100,520,100,90,100,110,110,400,110,100,80,50,40,20,141101
141600,Remuera Waiata,Remuera Waiata,0.94346341,0.94346341,4449.175580859433,1009.6,1.0096,102.6,Remuera Pharmacy,Central Auckland,    141600 Remuera Waiata,1430,48.5,170,40,50,80,410,110,90,90,70,60,510,80,80,120,120,110,340,80,80,70,60,30,20,141600
141700,Epsom South,Epsom South,0.59627524,0.59627524,3522.325317697958,1168.0,1.168,123.7,Epsom Pharmacy 2008 Ltd,Central Auckland,    141700 Epsom South,1180,41.6,150,40,60,50,410,60,80,90,100,80,400,80,70,80,80,90,220,70,50,50,30,10,0,141700
141801,Kohimarama Bay,Kohimarama Bay,0.74133154,0.74133154,4494.203520280192,1753.1,1.7530999999999999,180.3,Mission Bay Pharmacy,Central Auckland,    141801 Kohimarama Bay,1280,49.5,170,50,50,70,310,50,50,60,70,80,430,80,90,90,80,100,370,90,90,80,50,40,30,141801
141802,Kohimarama Stadium,Kohimarama Stadium,0.77416553,0.77416553,4841.551321384163,998.0,0.998,112.5,Life Pharmacy Eastridge,Central Auckland,    141802 Kohimarama Stadium,1010,43.4,180,45,55,80,260,55,40,55,60,55,390,80,90,80,80,65,170,60,45,30,25,5,10,141802
142202,Greenlane Central,Greenlane Central,0.61703225,0.61703225,3656.270187220216,367.9,0.3679,43.5,Unichem Greenlane Pharmacy,Central Auckland,    142202 Greenlane Central,1130,38.3,180,50,70,70,410,50,60,110,100,90,360,80,60,90,70,70,170,60,30,30,20,10,10,142202
142301,Mount Roskill South East,Mount Roskill South East,0.69804102,0.69804102,4741.809441308674,892.9,0.8929,99.2,Unichem Roskill Village Pharmacy,Central Auckland,    142301 Mount Roskill South East,1700,34.3,340,90,120,130,670,120,110,130,180,140,500,130,100,100,80,90,190,70,50,30,20,20,10,142301
141900,Meadowbank West,Meadowbank West,1.02450081,1.02450081,4653.240986641489,645.7,0.6457,70.7,Meadowbank Corner Chemist,Central Auckland,    141900 Meadowbank West,1510,42.5,310,80,100,130,390,80,60,70,80,100,510,130,120,110,90,60,310,50,60,70,70,30,20,141900
142001,Three Kings South,Three Kings South,0.71318264,0.71318264,4259.019778687211,1155.1,1.1551,114.6,Hillsborough Pharmacy,Central Auckland,    142001 Three Kings South,1370,38.3,190,60,60,70,530,70,100,130,140,90,390,80,70,80,80,80,260,50,40,60,60,30,20,142001
142002,Hillsborough North (Auckland),Hillsborough North (Auckland),0.72368872,0.72368872,4653.340832082983,924.8,0.9248,95.1,Hillsborough Pharmacy,Central Auckland,    142002 Hillsborough North (Auckland),880,47.9,110,40,40,30,250,35,35,55,70,50,240,60,40,55,40,45,280,30,45,55,65,45,40,142002
142201,Greenlane North,Greenlane North,0.52627661,0.52627661,3171.0346048832844,443.5,0.4435,54.1,Woolworths Pharmacy Greenlane,Central Auckland,    142201 Greenlane North,1100,37.5,120,20,40,60,450,80,110,130,80,60,370,70,60,90,80,60,150,50,40,30,20,10,0,142201
155601,Papatoetoe North East,Papatoetoe North East,0.60950108,0.60950108,3439.20575685227,572.9,0.5729,56.5,Hunters Corner Medical Centre Pharmacy,CM Health,    155601 Papatoetoe North East,1690,33,360,160,100,100,710,80,110,170,200,150,440,100,90,80,90,80,180,60,50,30,20,20,10,155601
142400,Remuera East,Remuera East,0.88582022,0.88582022,4827.188507275083,856.2,0.8562000000000001,79.8,Cranwell's Pharmacy Of Remuera,Central Auckland,    142400 Remuera East,1420,43.4,230,50,70,110,410,100,80,80,80,80,520,100,100,120,110,80,250,70,60,50,30,20,20,142400
142501,Waikowhai Bay,Waikowhai Bay,1.35691938,1.35691938,8675.330049061899,1565.4,1.5654000000000001,143.9,Unichem Roskill Village Pharmacy,Central Auckland,    142501 Waikowhai Bay,1080,38.2,160,50,50,50,410,60,70,90,110,90,350,80,60,70,60,80,160,60,40,30,10,10,10,142501
142600,Royal Oak West (Auckland),Royal Oak West (Auckland),0.81136015,0.81136015,5047.068648842689,741.4,0.7414,104.8,Unichem Walls and Roche Pharmacy,Central Auckland,    142600 Royal Oak West (Auckland),1440,40.6,210,70,80,60,490,50,70,130,130,110,440,100,70,90,80,90,300,90,70,50,60,20,10,142600
142700,Saint Heliers West,Saint Heliers West,1.1857409,1.1857409,6188.587654685395,1333.1,1.3331,139.7,Eastmed Pharmacy,Central Auckland,    142700 Saint Heliers West,1810,48.6,280,70,100,110,430,100,70,70,80,110,690,120,120,150,140,150,420,110,110,100,50,30,20,142700
143000,Saint Heliers North,Saint Heliers North,1.33825374,1.33825374,5235.090175344156,421.7,0.42169999999999996,47.2,St Heliers Unichem Pharmacy,Central Auckland,    143000 Saint Heliers North,2030,50.3,290,70,100,120,440,100,80,80,90,100,750,130,140,150,150,170,550,150,130,130,70,50,20,143000
143100,Remuera Abbotts Park,Remuera Abbotts Park,1.02201005,1.02201005,5388.446939798493,1282.6,1.2826,124.4,Cranwell's Pharmacy Of Remuera,Central Auckland,    143100 Remuera Abbotts Park,2040,38.3,310,90,100,120,750,130,110,190,180,140,640,160,140,130,110,110,330,90,70,50,50,30,40,143100
143200,Meadowbank East,Meadowbank East,0.65318841,0.65318841,4155.177807530712,1162.7,1.1627,114.0,Meadowbank Corner Chemist,Central Auckland,    143200 Meadowbank East,1390,40.6,250,70,70,100,430,80,60,90,100,110,500,120,120,100,90,80,210,60,50,50,20,20,10,143200
143301,Ellerslie Central,Ellerslie Central,1.54769132,1.54769132,6243.194954318336,841.7,0.8417,96.0,Unichem Ellerslie Pharmacy,Central Auckland,    143301 Ellerslie Central,1800,38.9,270,80,100,90,660,80,110,160,170,140,580,140,130,110,90,100,290,80,70,70,30,20,10,143301
143400,Royal Oak East (Auckland),Royal Oak East (Auckland),0.64096776,0.64096776,3919.825990158947,190.7,0.19069999999999998,74.3,Unichem Walls and Roche Pharmacy,Central Auckland,    143400 Royal Oak East (Auckland),1570,39.3,210,80,70,60,590,50,90,160,160,130,450,100,90,80,80,100,320,80,70,60,40,40,30,143400
143500,Saint Heliers South,Saint Heliers South,1.22213446,1.22213446,7199.397324271656,889.2,0.8892,90.0,Eastmed Pharmacy,Central Auckland,    143500 Saint Heliers South,2140,45.7,300,70,100,130,610,170,100,120,110,110,800,130,180,180,180,130,430,100,80,80,70,40,60,143500
144400,Ellerslie East,Ellerslie East,0.75257194,0.75257194,5002.191680018069,1579.2,1.5792,155.1,Unichem Harris Road Pharmacy,Central Auckland,    144400 Ellerslie East,1670,37.5,330,120,120,90,590,70,100,120,140,170,560,150,120,110,100,80,190,60,50,40,30,10,0,144400
143600,Hillsborough South (Auckland),Hillsborough South (Auckland),1.15992373,1.15992373,6100.831246226788,1171.1,1.1710999999999998,121.1,Hillsborough Pharmacy,Central Auckland,    143600 Hillsborough South (Auckland),1450,40.4,210,60,80,80,500,80,90,110,120,90,500,110,100,110,80,110,230,80,50,40,30,20,10,143600
143700,Saint Johns West,Saint Johns West,1.04170722,1.04170722,8540.001438484209,1229.5,1.2295,130.1,Meadowbank Corner Chemist,Central Auckland,    143700 Saint Johns West,1610,44.5,220,50,60,100,470,80,100,90,110,90,550,130,110,110,110,100,370,110,100,60,40,40,30,143700
143800,Greenlane South,Greenlane South,0.85264518,0.85264518,5195.182729340646,770.6,0.7706000000000001,99.8,Unichem One Tree Hill Pharmacy,Central Auckland,    143800 Greenlane South,1990,35.3,310,100,100,110,840,100,130,240,200,170,550,120,120,100,110,100,290,80,60,80,50,20,0,143800
143900,Remuera Waiatarua,Remuera Waiatarua,1.57029713,1.57029713,8613.410457802634,1187.6,1.1876,155.0,Unichem Lunn Ave Pharmacy,Central Auckland,    143900 Remuera Waiatarua,1260,40.5,190,50,70,70,430,50,70,110,90,110,420,120,100,80,60,60,230,70,60,50,30,10,10,143900
144001,Glendowie North,Glendowie North,1.70958577,1.70958577,6263.110169855864,1525.7,1.5257,165.3,St Heliers Unichem Pharmacy,Central Auckland,    144001 Glendowie North,1680,44.9,300,50,100,150,430,150,100,70,50,60,700,110,150,170,160,110,250,80,60,50,20,20,10,144001
144300,Onehunga North,Onehunga North,0.77255689,0.77255689,5129.954634052787,1106.0,1.106,118.8,Royal Oak Pharmacy,Central Auckland,    144300 Onehunga North,2070,36.7,370,130,110,120,780,90,130,170,210,180,660,160,140,130,120,110,260,90,60,50,30,10,10,144300
144500,Saint Johns East,Saint Johns East,0.60554284,0.60554284,3641.5904670293726,1003.9,1.0039,97.9,Woolworths Pharmacy St Johns ,Central Auckland,    144500 Saint Johns East,1530,37.5,260,70,90,100,580,70,80,120,160,150,500,140,140,90,70,60,190,60,60,30,20,10,0,144500
144700,Glen Innes West,Glen Innes West,1.36737889,1.36737889,6454.572451733055,755.4,0.7554,104.0,Chemist Warehouse Glen Innes,Central Auckland,    144700 Glen Innes West,2530,32.6,490,160,170,170,1080,200,230,220,240,190,710,170,140,150,140,110,250,90,60,40,30,10,20,144700
144900,Stonefields West,Stonefields West,0.54220765,0.54220765,3966.695192834988,1778.4,1.7784,176.1,Unichem Lunn Ave Pharmacy,Central Auckland,    144900 Stonefields West,1130,40.5,200,50,70,80,350,50,50,70,90,90,390,110,80,70,70,70,190,70,50,40,10,20,0,144900
145000,Onehunga Central,Onehunga Central,0.86447111,0.86447111,3941.593067025304,475.9,0.4759,78.5,Chemist Warehouse Onehunga,Central Auckland,    145000 Onehunga Central,1720,38.6,270,110,80,80,640,70,90,140,170,160,600,160,120,130,100,100,220,80,60,40,30,10,0,145000
145102,Glendowie South East,Glendowie South East,1.37426076,1.37426076,6720.8953262043115,2021.3,2.0213,190.4,Unichem Glendowie Pharmacy,Central Auckland,    145102 Glendowie South East,1120,49,160,40,40,80,290,90,70,40,50,40,360,50,80,90,90,60,310,50,30,50,70,50,50,145102
145300,Mount Wellington North West,Mount Wellington North West,0.92465349,0.92465349,5254.542909881993,534.7,0.5347000000000001,56.8,Unichem Harris Road Pharmacy,Central Auckland,    145300 Mount Wellington North West,1710,42.9,190,80,60,50,600,60,90,150,160,140,390,100,90,70,70,60,530,40,60,80,120,100,130,145300
145400,Panmure Glen Innes Industrial,Panmure Glen Innes Industrial,2.01353537,2.01353537,7615.531977360333,697.9,0.6979,95.0,Woolworths Pharmacy St Johns ,Central Auckland,    145400 Panmure Glen Innes Industrial,150,35.5,20,5,5,5,70,5,10,20,20,15,40,10,10,5,5,10,20,5,5,5,0,0,0,145400
145800,Glen Innes East-Wai O Taiki Bay,Glen Innes East-Wai O Taiki Bay,1.397311,1.397311,5459.323619612742,1303.1,1.3031,128.3,Unichem Glendowie Pharmacy,Central Auckland,    145800 Glen Innes East-Wai O Taiki Bay,2210,31.3,490,180,150,160,930,190,200,170,180,190,620,140,140,150,110,80,160,60,50,20,20,10,10,145800
154902,Papatoetoe Central East,Papatoetoe Central East,0.88725941,0.88725941,4455.715285436662,285.3,0.2853,49.7,Unichem Kolmar Pharmacy,CM Health,    154902 Papatoetoe Central East,1780,34.3,350,140,130,90,710,100,100,160,190,150,480,100,100,100,90,80,230,70,50,40,40,20,20,154902
145500,Onehunga-Te Papapa Industrial,Onehunga-Te Papapa Industrial,3.033529950000001,3.033529950000001,12361.331352359946,1260.3,1.2603,131.1,Onehunga Family Pharmacy,Central Auckland,    145500 Onehunga-Te Papapa Industrial,660,34,110,40,35,35,290,30,50,70,85,60,180,45,35,40,30,30,70,20,20,15,5,10,0,145500
145700,Stonefields East,Stonefields East,0.4456663,0.4456663,3488.7404158356985,1615.3,1.6153,157.6,Woolworths Pharmacy St Johns ,Central Auckland,    145700 Stonefields East,1090,41.3,180,60,50,70,330,40,50,70,90,90,390,100,90,80,60,60,190,60,50,40,20,10,0,145700
146000,Mount Wellington North East,Mount Wellington North East,0.72703078,0.72703078,5118.669991838956,1246.8,1.2468,148.0,Unichem Harris Road Pharmacy,Central Auckland,    146000 Mount Wellington North East,1060,35.4,180,70,60,50,430,40,60,100,130,100,310,80,80,60,50,40,130,40,40,20,10,10,10,146000
145900,Penrose,Penrose,6.421098289999999,6.421098289999999,16546.31470592512,1863.3,1.8633,166.3,Unichem Mt Smart Pharmacy,Central Auckland,    145900 Penrose,450,36.8,60,30,20,15,180,15,30,45,50,40,90,30,15,15,15,15,110,15,25,25,25,10,5,145900
146201,Mount Wellington Ferndale,Mount Wellington Ferndale,0.64733777,0.64733777,4384.925435533307,997.5,0.9975,115.4,Unichem Harris Road Pharmacy,Central Auckland,    146201 Mount Wellington Ferndale,1750,34.3,300,120,90,90,780,90,130,170,220,180,500,130,110,100,80,80,160,60,40,30,10,10,10,146201
146700,Panmure West,Panmure West,0.64353778,0.64353778,6058.301424966015,796.5,0.7965,121.2,Unichem Panmure Pharmacy,Central Auckland,    146700 Panmure West,150,34.1,20,10,5,0,70,10,10,15,25,10,30,5,5,5,5,5,30,5,10,10,5,0,0,146700
146301,Point England North,Point England North,0.93624631,0.93624631,5697.46026196802,1403.5,1.4035,187.4,Unichem Cox's 7 Day Pharmacy,Central Auckland,    146301 Point England North,1500,31.5,310,100,100,120,630,130,130,140,130,100,390,80,80,70,80,80,180,50,40,30,30,20,10,146301
146302,Point England South,Point England South,0.55520244,0.55520244,3498.1078846203363,1459.4,1.4594,180.6,Unichem Cox's 7 Day Pharmacy,Central Auckland,    146302 Point England South,1190,30.9,240,70,90,80,510,110,130,110,90,90,340,70,70,70,60,60,100,30,30,20,10,0,10,146302
165600,Cape Hill,Cape Hill,0.71654804,0.71654804,3573.976451042504,1067.8,1.0677999999999999,130.6,ibuy pharmacy,CM Health,    165600 Cape Hill,840,39,190,50,60,80,240,55,25,35,65,60,320,70,80,75,55,35,90,30,25,15,5,10,0,165600
155301,Dannemora South,Dannemora South,0.78145049,0.78145049,4124.747156601827,1358.4,1.3584,181.0,Chemist Warehouse Botany,CM Health,    155301 Dannemora South,1010,43.1,140,35,45,60,310,75,60,55,50,70,380,75,75,75,80,70,180,45,50,40,20,20,5,155301
146400,Bucklands Beach North,Bucklands Beach North,1.38358082,1.38358082,8204.389792207034,3686.5,3.6865,361.4,Unichem Marina Pharmacy,CM Health,    146400 Bucklands Beach North,1520,46.7,220,40,70,120,390,100,80,60,70,80,570,110,120,120,100,110,340,110,80,70,40,30,20,146400
146501,Mount Wellington East,Mount Wellington East,0.69461016,0.69461016,4477.268829978816,1089.5,1.0895,134.2,Bargain Chemist Mt Wellington,Central Auckland,    146501 Mount Wellington East,1750,33.5,300,120,100,70,810,110,140,190,200,180,470,140,90,90,90,70,170,50,50,20,20,10,10,146501
146600,Mount Wellington West,Mount Wellington West,0.7791014,0.7791014,3752.7490100715754,1363.5,1.3635,150.5,Bargain Chemist Mt Wellington,Central Auckland,    146600 Mount Wellington West,1600,33.3,270,100,90,80,730,110,130,180,170,160,450,120,100,90,80,70,140,60,40,30,10,0,10,146600
146800,MÄngere Bridge,Mangere Bridge,1.61002654,1.61002654,8273.42765016269,370.4,0.37039999999999995,35.4,Mangere Bridge Pharmacy,CM Health,    146800 Mangere Bridge,1760,38.7,350,110,100,130,570,120,90,110,120,120,550,120,110,120,100,90,300,80,70,60,50,30,10,146800
147001,Tamaki West,Tamaki West,0.6330662,0.6330662,3994.245089988129,714.1,0.7141000000000001,88.5,Pakuranga Pharmacy,CM Health,    147001 Tamaki West,1570,32,320,100,110,120,660,110,140,160,130,120,420,100,80,80,90,70,170,60,40,30,20,10,10,147001
165700,Rosa Birch Park,Rosa Birch Park,0.79202792,0.79202792,3692.9329873948654,1156.5,1.1565,149.5,Pukekohe Plaza Pharmacy,CM Health,    165700 Rosa Birch Park,1070,46,180,50,50,70,300,50,40,70,70,60,290,60,60,60,60,50,310,50,60,50,50,60,40,165700
147002,Tamaki East,Tamaki East,0.66248442,0.66248442,4069.5099391577264,1282.7,1.2827,130.2,Prohealth Panmure Pharmacy (previously known as Health Star Pharmacy Ltd),Central Auckland,    147002 Tamaki East,840,33.3,160,60,50,50,360,70,70,65,90,65,230,45,45,40,55,40,100,30,30,15,5,10,5,147002
147100,Panmure East,Panmure East,1.01544887,1.01544887,8187.312984047473,204.3,0.2043,24.0,Prohealth Panmure Pharmacy (previously known as Health Star Pharmacy Ltd),Central Auckland,    147100 Panmure East,1870,36.4,250,110,80,70,790,120,140,180,200,150,550,130,110,110,110,100,290,80,70,50,40,30,10,147100
148300,Bucklands Beach Central,Bucklands Beach Central,0.57858865,0.57858865,3238.1582356808112,1372.0,1.372,152.7,Unichem Marina Pharmacy,CM Health,    148300 Bucklands Beach Central,940,44.3,130,15,35,75,280,80,75,35,45,50,360,75,75,85,65,65,180,60,45,30,20,10,10,148300
150101,ÅtÄhuhu Central,Otahuhu Central,1.25461385,1.25461385,8081.811970523987,118.6,0.1186,30.5,Otahuhu 7 Day Chemist,Central Auckland,    150101 Otahuhu Central,800,35.5,120,45,40,40,330,50,65,65,80,70,260,50,50,55,55,50,80,35,20,10,5,5,0,150101
147201,Mount Wellington Central,Mount Wellington Central,0.75459494,0.75459494,6963.788300434432,979.6,0.9796,120.7,Bargain Chemist Mt Wellington,Central Auckland,    147201 Mount Wellington Central,1450,35.8,200,80,70,60,640,70,100,170,160,130,420,100,80,80,80,90,190,60,40,40,30,10,10,147201
147400,Sylvia Park,Sylvia Park,0.55710138,0.55710138,4547.930920056332,289.0,0.289,80.2,Chemist Warehouse Sylvia Park,Central Auckland,    147400 Sylvia Park,70,35.4,10,5,0,5,30,0,0,10,5,10,20,5,5,0,5,5,0,0,0,0,0,0,0,147400
147500,MÄngere Mountain View,Mangere Mountain View,1.70453308,1.70453308,6691.996434583244,1430.0,1.43,129.7,Mangere Bridge Pharmacy,CM Health,    147500 Mangere Mountain View,2230,34.4,490,150,160,170,820,160,160,160,170,170,700,150,150,150,120,130,230,70,60,40,30,10,10,147500
149100,Mount Wellington South West,Mount Wellington South West,0.69760627,0.69760627,4234.527423448346,408.1,0.4081,38.8,Unichem Family Healthcare Pharmacy,Central Auckland,    149100 Mount Wellington South West,1550,32.1,260,110,70,80,790,90,130,200,220,160,380,100,70,70,60,70,120,40,20,20,10,10,10,149100
147700,Mount Wellington Industrial,Mount Wellington Industrial,3.332355260000001,3.332355260000001,14297.249182011623,1051.4,1.0514000000000001,129.9,Unichem Family Healthcare Pharmacy,Central Auckland,    147700 Mount Wellington Industrial,10,62.7,0,0,0,0,0,0,0,0,0,0,0,0,0,0,0,0,0,5,0,0,0,0,0,147700
149300,Half Moon Bay South East,Half Moon Bay South East,0.83624663,0.83624663,3864.8821151247066,1313.9,1.3139,137.2,Woolworths Pharmacy Highland Park ,CM Health,    149300 Half Moon Bay South East,1630,39.3,310,70,110,130,520,100,100,100,110,110,560,140,140,120,100,70,230,80,60,50,30,10,10,149300
147800,Half Moon Bay West,Half Moon Bay West,1.13581587,1.28096703,6508.434902741922,1155.9,1.1559000000000001,129.3,Unichem Marina Pharmacy,CM Health,    147800 Half Moon Bay West,1410,45.5,220,50,70,100,360,80,70,70,70,80,500,110,110,100,100,90,320,100,90,70,30,20,10,147800
148000,Eastern Beach,Eastern Beach,1.18089047,1.18089047,5178.320552414941,2263.8,2.2638000000000003,230.4,Unichem Marina Pharmacy,CM Health,    148000 Eastern Beach,1080,47,120,20,30,60,310,110,60,50,40,50,410,80,90,80,80,80,240,80,50,50,30,10,10,148000
148101,Sunnyhills West,Sunnyhills West,0.86900086,0.86900086,5004.171904316121,2265.8,2.2658,227.0,Best Care Pharmacy,CM Health,    148101 Sunnyhills West,1120,44.4,170,30,50,90,320,70,80,60,60,60,420,80,90,100,80,70,210,60,50,50,30,10,10,148101
148102,Pakuranga North,Pakuranga North,1.35387577,1.35387577,9702.970419071458,1114.9,1.1149,114.9,Chemist Warehouse Pakuranga,CM Health,    148102 Pakuranga North,1560,39.6,270,80,110,80,520,70,80,120,130,120,490,110,100,100,90,90,280,80,70,60,40,30,10,148102
155901,Papatoetoe South West,Papatoetoe South West,0.70478401,0.70478401,4369.9355531592255,1365.0,1.365,118.2,St George Pharmacy,CM Health,    155901 Papatoetoe South West,1740,30.6,420,140,150,130,730,120,110,200,160,140,440,110,80,90,70,80,150,60,40,30,20,10,10,155901
148200,Favona North,Favona North,1.10918398,1.10918398,7024.0206588511255,2723.3,2.7233,277.0,Unichem Mangere Medical Pharmacy,CM Health,    148200 Favona North,1520,33.2,330,110,110,120,580,120,120,110,120,110,410,90,90,80,80,80,200,60,50,40,30,10,10,148200
156800,Rongomai West,Rongomai West,0.48507203,0.48507203,4752.627705678072,1434.1,1.4341,146.4,East Tāmaki Pharmacy,CM Health,    156800 Rongomai West,1340,27.5,360,100,130,130,550,140,110,110,100,90,320,60,60,80,70,50,110,40,30,20,10,10,0,156800
148401,Farm Cove,Farm Cove,0.83872784,0.83872784,5500.976800575182,2388.8,2.3888000000000003,237.0,Woolworths Pharmacy Highland Park ,CM Health,    148401 Farm Cove,1140,44.4,180,30,60,80,320,80,70,60,50,70,430,80,90,100,70,80,220,70,60,40,30,20,10,148401
148501,MÄngere North,Mangere North,0.92855719,0.92855719,4596.061643521025,1456.2,1.4562,181.7,Mangere Pharmacy,CM Health,    148501 Mangere North,1950,28,460,150,140,170,870,200,200,180,150,140,470,100,90,120,100,70,140,50,30,30,20,0,0,148501
148600,Favona West,Favona West,0.86055005,0.86055005,4100.9421115176365,2511.6,2.5116,226.9,Mangere Bridge Pharmacy,CM Health,    148600 Favona West,1950,27.9,500,150,180,170,810,180,200,160,160,120,500,110,90,110,100,90,140,50,40,30,10,0,10,148600
154500,Huntington Park,Huntington Park,0.43595086,0.43595086,3399.787769049598,826.4,0.8264,94.3,Woolworths Pharmacy Botany,CM Health,    154500 Huntington Park,1010,45.1,130,35,50,45,290,45,45,60,70,70,320,80,65,70,60,45,260,50,45,50,55,45,20,154500
149001,Pakuranga West,Pakuranga West,0.93812888,0.93812888,7873.286218830408,806.3,0.8062999999999999,90.6,Bargain Chemist Pakuranga,CM Health,    149001 Pakuranga West,1530,37.3,290,100,90,100,550,70,70,120,150,140,440,100,90,100,80,70,260,50,50,50,50,20,30,149001
154600,Botany Central,Botany Central,0.46963489,0.46963489,3579.0189060193916,264.2,0.2642,57.3,Chemist Warehouse Botany Town Centre ,CM Health,    154600 Botany Central,0,31.2,0,0,0,0,0,0,0,0,0,0,0,0,0,0,0,0,0,0,0,0,0,0,0,154600
149400,Favona East,Favona East,0.63563955,0.63563955,4096.038945951727,2803.8,2.8038000000000003,262.1,Turuki Pharmacy,CM Health,    149400 Favona East,2120,31.4,440,130,130,180,860,180,210,180,160,130,630,130,120,120,140,110,190,80,50,30,20,0,0,149400
149500,Mount Wellington South East,Mount Wellington South East,0.67399588,0.67399588,4520.114968237436,1841.2,1.8412,187.6,Unichem Family Healthcare Pharmacy,Central Auckland,    149500 Mount Wellington South East,1590,30.5,350,130,120,110,690,120,150,160,150,120,400,100,80,70,80,70,140,50,40,20,20,10,0,149500
150000,Harania North,Harania North,0.94433961,0.94433961,4992.844051721908,2007.7,2.0077000000000003,198.2,Turuki Pharmacy,CM Health,    150000 Harania North,2160,27,570,170,180,220,890,200,250,170,150,130,530,120,110,110,100,90,180,60,50,40,20,10,0,150000
149600,ÅtÄhuhu Industrial,Otahuhu Industrial,1.83360311,1.83360311,8675.550966600409,1638.7,1.6387,156.9,Otahuhu 7 Day Chemist,Central Auckland,    149600 Otahuhu Industrial,50,19.1,20,5,5,10,20,10,0,5,10,0,10,0,5,0,0,0,0,0,0,0,0,0,0,149600
149701,Bucklands Beach Murvale,Bucklands Beach Murvale,0.64213668,0.64213668,3276.3041770835457,1908.2,1.9082000000000001,209.3,Juliet Ave Pharmacy,CM Health,    149701 Bucklands Beach Murvale,1320,42.3,210,40,60,110,400,110,90,60,60,80,510,110,110,120,90,80,190,80,60,30,20,10,0,149701
149702,Bucklands Beach South,Bucklands Beach South,0.47780321,0.47780321,3370.355926626806,1174.0,1.174,130.8,Woolworths Pharmacy Highland Park ,CM Health,    149702 Bucklands Beach South,900,36.8,180,55,60,60,310,60,50,65,70,70,290,60,55,60,65,45,120,50,25,15,15,10,5,149702
149800,Pakuranga Central,Pakuranga Central,1.12638416,1.12638416,4881.193324161663,1450.8,1.4507999999999999,176.9,Bargain Chemist Pakuranga,CM Health,    149800 Pakuranga Central,1840,35.6,350,130,110,110,710,100,110,150,190,160,560,150,120,110,100,70,220,70,50,50,30,20,10,149800
150301,ÅtÄhuhu North West,Otahuhu North West,0.38215602,0.38215602,4272.039022651702,699.3,0.6992999999999999,89.0,Lifeline Pharmacy,Central Auckland,    150301 Otahuhu North West,1200,30.9,310,110,90,110,470,90,90,100,100,90,330,80,70,60,60,50,90,40,30,10,10,0,0,150301
150302,ÅtÄhuhu North East,Otahuhu North East,0.35951502,0.35951502,2683.2972778933854,976.2,0.9762000000000001,95.3,Otahuhu Community Pharmacy,Central Auckland,    150302 Otahuhu North East,1090,31.3,250,80,90,80,460,90,80,100,120,80,270,60,60,60,60,40,110,30,30,20,10,10,0,150302
150400,Howick West,Howick West,1.19356216,1.19356216,5527.310853739601,435.2,0.4352,61.7,Juliet Ave Pharmacy,CM Health,    150400 Howick West,2090,39.7,350,90,120,150,700,150,150,120,130,150,730,160,140,160,140,120,310,100,80,50,40,20,10,150400
153600,Aorere Central,Aorere Central,0.61987521,0.61987521,3874.2497842572034,976.0,0.976,105.4,Graeme Avenue Pharmacy,CM Health,    153600 Aorere Central,1140,32,260,80,90,90,440,90,90,90,90,70,330,70,60,70,60,60,120,40,30,30,20,10,0,153600
154901,Papatoetoe Central West,Papatoetoe Central West,0.82958374,0.82958374,4722.11977109166,341.2,0.3412,40.4,Unichem Papatoetoe Pharmacy,CM Health,    154901 Papatoetoe Central West,1890,34.7,380,150,130,100,730,80,130,160,220,160,500,110,90,100,110,90,280,90,60,50,40,20,10,154901
155401,Armoy,Armoy,0.55996762,0.55996762,3679.492178204916,1149.9,1.1499000000000001,117.7,Unichem Dannemora Pharmacy,CM Health,    155401 Armoy,1330,40.2,220,50,70,100,440,80,70,90,100,100,450,100,100,100,80,80,220,70,60,40,30,10,0,155401
150500,Pakuranga Heights North West,Pakuranga Heights North West,0.76226528,0.76226528,4095.3332186001776,1755.0,1.755,177.2,Best Care Pharmacy,CM Health,    150500 Pakuranga Heights North West,1460,36.7,310,90,120,100,510,80,80,100,130,130,450,130,90,90,90,60,200,70,50,40,20,10,10,150500
150600,Mellons Bay,Mellons Bay,1.67623789,1.67623789,7077.473535085674,848.6,0.8486,110.7,Crawford House Pharmacy,CM Health,    150600 Mellons Bay,2080,46,320,50,120,150,560,160,110,100,90,100,770,130,160,180,150,150,430,140,100,80,60,30,20,150600
154701,Dannemora North-Shamrock Park,Dannemora North-Shamrock Park,0.92492592,0.92492592,4042.7402679769293,1607.2,1.6072,169.6,Unichem Meadowlands Pharmacy,CM Health,    154701 Dannemora North-Shamrock Park,1280,50.4,160,40,50,70,300,90,60,50,40,60,410,100,70,90,80,80,400,80,70,80,70,70,40,154701
150700,Pakuranga Heights East,Pakuranga Heights East,1.79068288,1.79068288,7529.767515959837,2200.3,2.2003000000000004,209.7,Woolworths Pharmacy Highland Park ,CM Health,    150700 Pakuranga Heights East,1620,37,330,80,100,140,570,110,110,100,120,130,510,140,120,110,80,70,210,80,50,30,30,10,10,150700
153700,Northpark North,Northpark North,0.86121603,0.86121603,4160.0818167872585,735.4,0.7353999999999999,72.6,Millhouse Pharmacy,CM Health,    153700 Northpark North,1470,42.1,240,50,90,100,440,80,70,80,90,120,510,130,100,100,90,100,280,90,90,50,40,10,10,153700
150900,ÅtÄhuhu East,Otahuhu East,0.78714438,0.78714438,8482.727372955465,1904.1,1.9041,163.7,Otahuhu Community Pharmacy,Central Auckland,    150900 Otahuhu East,1310,32.5,270,90,90,90,560,90,110,120,140,110,350,80,70,80,70,60,130,50,40,20,10,0,10,150900
151100,Onetangi,Onetangi,5.96161904,5.96161904,14452.942597309891,3783.7,3.7836999999999996,333.9,Ostend Village Pharmacy,Central Auckland,    151100 Onetangi,660,50.4,80,20,25,30,160,40,15,20,40,45,260,45,45,50,60,55,170,55,50,35,20,5,5,151100
151200,Harania South,Harania South,0.77646172,0.77646172,4395.190258205549,1161.5,1.1615,122.2,Hunt's Pharmacy Mangere East,CM Health,    151200 Harania South,2000,28.9,490,160,160,180,830,180,190,170,160,130,480,100,90,110,110,70,190,60,60,40,20,10,0,151200
151301,Highland Park (Auckland),Highland Park (Auckland),1.16144809,1.16144809,6431.7669126229885,598.3,0.5982999999999999,58.4,Family Care Pharmacy,CM Health,    151301 Highland Park (Auckland),2120,41.8,330,110,120,100,660,110,100,130,160,160,640,150,120,140,120,120,480,110,100,80,80,60,50,151301
151400,ÅtÄhuhu South West,Otahuhu South West,1.24204129,1.24204129,6510.169512651042,576.2,0.5762,73.2,Health Plus Pharmacy,CM Health,    151400 Otahuhu South West,2030,32.1,460,140,160,160,820,150,170,160,170,160,560,120,110,110,110,110,190,80,50,30,20,10,0,151400
153800,Somerville,Somerville,1.556066010000001,1.556066010000001,5226.607499096422,616.2,0.6162000000000001,80.7,Unichem Meadowlands Pharmacy,CM Health,    153800 Somerville,2290,43.6,340,70,140,140,650,130,120,120,120,150,810,200,140,160,160,150,490,170,140,80,60,30,10,153800
151500,Pakuranga Heights South West,Pakuranga Heights South West,0.9734271,0.9734271,6139.516387679485,1846.0,1.846,169.2,Unichem Ti Rakau Drive Pharmacy,CM Health,    151500 Pakuranga Heights South West,1810,36.4,380,120,150,100,660,70,90,150,170,170,540,140,110,110,100,80,230,80,60,50,30,10,10,151500
151800,Massey Road West,Massey Road West,0.69351976,0.69351976,5038.224811096499,321.4,0.32139999999999996,50.0,Hunt's Pharmacy Mangere East,CM Health,    151800 Massey Road West,2120,30.2,560,180,190,190,810,170,160,160,170,160,530,130,100,110,110,90,210,80,50,30,30,10,10,151800
153900,Northpark South,Northpark South,0.70799682,0.70799682,3603.2147035386906,587.0,0.587,75.8,Millhouse Pharmacy,CM Health,    153900 Northpark South,1090,44.4,150,30,50,70,300,50,60,60,60,70,390,100,60,70,70,80,250,100,50,50,30,20,10,153900
151900,ÅtÄhuhu South,Otahuhu South,0.81747892,0.81747892,6510.696100349314,469.0,0.469,59.2,Unichem Otahuhu Health Centre Pharmacy,Central Auckland,    151900 Otahuhu South,2040,33,450,160,150,140,800,150,140,160,180,160,570,140,100,110,110,100,220,80,60,40,20,10,10,151900
152000,Howick Central,Howick Central,0.85680168,0.85680168,4232.240270845803,519.3,0.5193,59.2,Unichem John Savory Pharmacy,CM Health,    152000 Howick Central,1860,39.5,360,110,120,130,580,100,90,110,130,160,600,150,140,130,100,90,310,70,70,60,40,30,30,152000
152101,Massey Road North,Massey Road North,0.840281,0.840281,4782.442316095166,877.6,0.8776,91.1,Hunt's Pharmacy Mangere East,CM Health,    152101 Massey Road North,1850,31.8,430,140,150,150,750,130,160,140,180,150,500,100,100,110,100,80,160,60,50,30,10,0,0,152101
154801,Papatoetoe North West,Papatoetoe North West,0.77163886,0.77163886,4819.854122858945,990.6,0.9906,99.3,Graeme Avenue Pharmacy,CM Health,    154801 Papatoetoe North West,1720,30.4,440,140,150,150,730,130,120,160,170,140,430,110,90,90,70,70,130,50,40,20,10,0,0,154801
152500,Burswood,Burswood,0.52549253,0.52549253,5164.837706177767,1413.6,1.4136,134.4,Unichem Ti Rakau Drive Pharmacy,CM Health,    152500 Burswood,900,39.7,150,50,55,40,300,25,40,55,90,90,310,75,55,60,60,55,140,50,30,20,10,10,5,152500
152700,Middlemore,Middlemore,0.72022545,0.72022545,4145.507490989956,2047.3,2.0473,256.7,Chemist Warehouse Hunters Plaza,CM Health,    152700 Middlemore,10,51.3,0,0,0,0,0,0,0,0,0,0,0,0,0,0,0,0,0,0,0,0,0,0,0,152700
153000,Grange,Grange,1.43328856,1.43328856,10330.438858840185,1243.7,1.2437,126.5,Health Plus Pharmacy,CM Health,    153000 Grange,1370,28.9,360,110,110,140,550,110,110,130,110,90,360,80,70,80,70,60,100,40,20,20,20,10,0,153000
154802,Papatoetoe West,Papatoetoe West,0.7640577,0.7640577,4207.997629066194,820.3,0.8202999999999999,83.2,St George Pharmacy,CM Health,    154802 Papatoetoe West,2080,32.5,480,170,160,150,860,130,120,180,240,180,540,130,110,110,110,90,200,80,50,40,20,10,10,154802
153100,Golflands,Golflands,1.40725614,1.40725614,6297.494257088326,836.5,0.8365,93.4,Botany Superclinic Pharmacy Kiwi Chemist,CM Health,    153100 Golflands,1280,45.6,190,60,60,70,340,60,60,70,70,90,440,100,70,90,90,90,300,90,60,50,60,20,10,153100
153301,MÄngere East,Mangere East,0.64243756,0.64243756,4154.582861944541,535.9,0.5358999999999999,59.3,Graeme Avenue Pharmacy,CM Health,    153301 Mangere East,1450,31.6,330,100,130,110,590,110,100,140,130,110,390,100,60,90,80,60,130,50,30,20,10,10,0,153301
154001,Papatoetoe North,Papatoetoe North,0.73420828,0.73420828,5069.035066598876,1534.5,1.5345,152.1,St George Pharmacy,CM Health,    154001 Papatoetoe North,2130,32.2,460,160,150,150,920,120,160,210,250,180,550,130,100,110,110,100,200,70,50,30,20,10,10,154001
157500,Chapel Downs,Chapel Downs,0.76011648,0.76011648,4399.836590098009,1239.3,1.2392999999999998,155.5,Chapel Park Pharmacy,CM Health,    157500 Chapel Downs,1770,34.1,370,140,110,120,690,100,120,150,170,150,530,130,110,100,100,80,170,60,50,30,20,10,0,157500
153400,Cockle Bay,Cockle Bay,1.728324180000001,1.728324180000001,7465.22502300437,1786.8,1.7868,178.8,Howick House Pharmacy,CM Health,    153400 Cockle Bay,2090,45.5,330,70,110,140,570,130,130,100,90,120,770,130,170,170,160,150,420,120,110,90,40,30,20,153400
153500,Åtara West,Otara West,1.55487013,1.55487013,7532.6557319075955,1641.5,1.6415,235.9,South Seas Pharmacy,CM Health,    153500 Otara West,1750,27.1,490,130,170,190,730,180,140,160,140,110,410,80,70,110,90,70,120,40,30,20,10,10,0,153500
154300,Shelly Park,Shelly Park,1.23160323,1.23160323,6092.203573855328,2297.1,2.2971,214.9,Unichem John Savory Pharmacy,CM Health,    154300 Shelly Park,1470,41.9,250,60,90,90,440,110,100,70,70,90,550,100,110,120,110,110,230,80,60,40,30,20,10,154300
154400,Åtara Central,Otara Central,1.52091766,1.52091766,6509.7437219385665,1006.6,1.0066,166.1,South Seas Pharmacy,CM Health,    154400 Otara Central,1440,28.4,370,100,120,150,610,140,120,140,120,90,340,70,70,80,70,60,120,40,30,20,20,10,10,154400
155701,Åtara South West,Otara South West,0.46457062,0.46457062,3388.764321023639,802.6,0.8026,123.9,Unichem Ōtara Pharmacy,CM Health,    155701 Otara South West,1090,30.4,280,70,100,110,410,100,80,90,80,70,290,60,50,60,60,50,120,30,30,20,20,10,0,155701
155000,Sunkist Bay,Sunkist Bay,1.52794415,1.52794415,6538.473828095552,173.2,0.1732,21.8,Unichem Beachlands Pharmacy,CM Health,    155000 Sunkist Bay,1750,42.1,370,90,130,160,440,120,90,70,70,90,710,140,170,170,150,90,220,70,60,40,20,10,0,155000
155702,Åtara South,Otara South,0.60517427,0.60517427,3708.2059844338273,1524.3,1.5243,148.9,Dawson Road Pharmacy,CM Health,    155702 Otara South,1570,28.2,420,130,150,150,630,140,140,130,120,100,410,90,80,100,90,60,110,40,30,20,10,10,0,155702
155100,Åtara East,Otara East,0.86784542,0.86784542,4605.310411314406,1367.3,1.3673,153.9,East Tāmaki Pharmacy,CM Health,    155100 Otara East,2210,28,630,190,200,240,870,180,170,200,170,140,550,130,110,120,100,90,170,60,50,30,20,10,0,155100
155200,Redcastle,Redcastle,0.55553127,0.55553127,3605.1271205862954,565.9,0.5659,65.1,Unichem Dannemora Pharmacy,CM Health,    155200 Redcastle,1220,39.4,210,60,70,80,410,50,50,90,100,110,430,110,90,90,70,70,160,60,50,30,20,0,0,155200
155602,Papatoetoe East,Papatoetoe East,0.78062254,0.78062254,4658.306897137232,1290.9,1.2909000000000002,120.5,Your Health Centre Pharmacy Papatoetoe,CM Health,    155602 Papatoetoe East,1780,32.4,430,150,150,130,710,120,110,150,180,150,470,110,100,90,90,80,170,60,40,30,20,20,0,155602
156000,Botany Junction,Botany Junction,2.479251040000001,2.479251040000001,6861.471436989146,1225.0,1.225,166.9,Chemist Warehouse Flat Bush,CM Health,    156000 Botany Junction,80,36.8,10,5,5,5,30,0,5,5,15,5,30,5,5,5,5,10,10,5,0,0,0,0,0,156000
156101,Middlefield,Middlefield,0.73781025,0.73781025,4603.146292615781,1514.4,1.5144000000000002,145.9,Unichem Dannemora Pharmacy,CM Health,    156101 Middlefield,1510,40.5,230,50,70,110,510,100,130,100,80,110,540,120,100,120,100,100,220,80,60,30,30,10,10,156101
156201,Papatoetoe South,Papatoetoe South,0.65018076,0.65018076,3580.3098186387765,605.4,0.6053999999999999,64.4,Your Health Centre Pharmacy Papatoetoe,CM Health,    156201 Papatoetoe South,1880,34.3,370,150,100,110,770,90,110,170,230,170,530,120,100,100,110,100,210,70,50,40,30,10,10,156201
156301,Point View,Point View,1.23204159,1.23204159,4947.880456924073,2047.6,2.0476,250.0,Chemist Warehouse Botany Town Centre ,CM Health,    156301 Point View,1490,42.6,210,50,70,90,480,90,120,100,90,80,550,100,100,130,120,100,250,100,60,50,30,10,10,156301
156500,Puhinui North,Puhinui North,0.70361436,0.70361436,4168.117257364345,1110.8,1.1108,111.7,Unichem Papatoetoe Pharmacy,CM Health,    156500 Puhinui North,2230,33.1,470,170,150,150,920,140,120,220,250,200,610,150,120,130,120,100,230,70,50,50,20,20,10,156500
156601,Savonna,Savonna,0.63838855,0.63838855,3987.187158294151,1622.1,1.6220999999999999,140.1,Ormiston Hospital Pharmacy,CM Health,    156601 Savonna,1370,39.7,230,50,80,110,460,100,90,100,80,100,500,120,100,110,80,70,180,70,50,30,20,10,0,156601
156700,Puhinui South,Puhinui South,0.5261099,0.5261099,3755.0321927294817,944.6,0.9446,104.3,Cavendish Drive Pharmacy,CM Health,    156700 Puhinui South,1430,32.1,320,120,100,100,590,90,90,140,150,120,390,90,70,80,70,70,130,50,40,20,10,0,0,156700
156901,Baverstock,Baverstock,1.45923982,1.45923982,6739.798652262804,2991.6,2.9916,315.8,Ormiston Hospital Pharmacy,CM Health,    156901 Baverstock,2190,37.4,380,110,130,140,820,130,140,170,190,190,730,180,130,160,140,110,260,120,70,40,30,10,0,156901
157701,Clover Park North,Clover Park North,0.84255626,0.84255626,3692.7106294254168,1339.1,1.3391,130.5,Dawson Road Pharmacy,CM Health,    157701 Clover Park North,1580,29.6,430,120,160,160,610,130,110,130,130,110,390,100,80,80,70,60,150,60,50,30,10,0,0,157701
157702,Clover Park East,Clover Park East,0.52260495,0.52260495,3033.8892899880857,1106.3,1.1063,109.4,Dawson Road Pharmacy,CM Health,    157702 Clover Park East,1450,30,380,110,130,140,570,120,110,120,130,100,370,100,70,80,60,50,130,50,40,30,10,0,0,157702
157800,Mission Heights North,Mission Heights North,1.07264045,1.07264045,4900.667296356799,2330.9,2.3309,234.5,Flat Bush Medical Centre Pharmacy,CM Health,    157800 Mission Heights North,1850,39,350,90,130,140,610,120,90,110,140,150,630,180,150,120,90,80,260,100,70,50,20,10,0,157800
157901,Clover Park South,Clover Park South,0.74245346,0.74245346,3350.459153796314,1372.3,1.3722999999999999,150.7,Unichem Manukau Pharmacy,CM Health,    157901 Clover Park South,1790,32.4,430,130,150,150,670,120,120,150,150,130,510,130,110,100,90,80,190,80,50,30,20,10,0,157901
158001,Donegal Park West,Donegal Park West,0.47060779,0.47060779,3355.7854349180325,1446.6,1.4465999999999999,150.9,Dawson Road Pharmacy,CM Health,    158001 Donegal Park West,2030,34.4,430,160,160,110,800,100,120,170,230,190,510,140,100,110,100,70,290,50,60,60,60,40,20,158001
158002,Donegal Park East,Donegal Park East,0.43708891,0.43708891,3123.101738465898,1677.3,1.6773,188.9,Ormiston Kiwi Chemist,CM Health,    158002 Donegal Park East,540,45,20,15,5,0,190,0,0,30,40,110,260,65,60,55,50,30,80,30,30,15,5,0,0,158002
158101,Ormiston Central,Ormiston Central,1.33663558,1.33663558,5003.884262400373,485.8,0.4858,62.1,Ormiston Kiwi Chemist,CM Health,    158101 Ormiston Central,2470,34.6,520,140,180,200,1030,140,140,190,280,290,720,240,150,120,110,90,200,100,50,30,10,10,0,158101
158200,Mission Heights South,Mission Heights South,0.86965913,0.86965913,3919.6016580930773,1800.5,1.8005,173.7,Flat Bush Medical Centre Pharmacy,CM Health,    158200 Mission Heights South,1710,35.5,360,100,130,130,650,100,90,110,170,170,540,180,130,80,90,50,160,80,40,20,10,0,0,158200
158300,Hilltop (Auckland),Hilltop (Auckland),1.14347816,1.14347816,5536.929960583854,1981.5,1.9815,199.9,Dawson Road Pharmacy,CM Health,    158300 Hilltop (Auckland),2100,33.5,430,170,160,110,900,110,130,190,250,210,570,160,120,90,100,100,190,70,60,30,20,10,10,158300
158401,Wiri North,Wiri North,0.65771894,0.65771894,3420.039059947141,1375.5,1.3755,156.9,Wiri Health Pharmacy,CM Health,    158401 Wiri North,1570,29.5,400,140,120,140,660,130,100,160,160,110,340,80,70,70,70,50,160,40,30,30,30,10,10,158401
158402,Wiri East,Wiri East,0.71076004,0.71076004,4133.128128748987,390.7,0.3907,72.8,Wiri Health Pharmacy,CM Health,    158402 Wiri East,1220,30.3,310,110,100,90,540,100,80,110,140,100,300,70,60,70,50,50,70,30,20,10,10,0,0,158402
158501,Goodwood Heights West,Goodwood Heights West,0.53426682,0.53426682,3177.2634831619034,1403.2,1.4032,209.0,Manukau Medical Pharmacy,CM Health,    158501 Goodwood Heights West,980,34.3,210,65,70,75,360,45,65,75,100,75,300,65,65,60,60,45,100,40,30,15,10,5,0,158501
163801,PatumÄhoe,Patumahoe,1.8153768,1.8153768,7787.681761702582,9257.2,9.257200000000001,611.3,Unichem Pukekohe Pharmacy,CM Health,    163801 Patumahoe,660,40,160,50,55,55,170,35,25,30,35,50,230,50,45,55,45,40,100,30,30,20,10,5,5,163801
157400,Maraetai,Maraetai,6.87636613,6.87636613,15451.150532610367,4329.6,4.3296,379.4,Pohutukawa Coast Pharmacy,CM Health,    157400 Maraetai,1340,45.7,220,60,70,90,340,90,70,50,60,80,560,90,110,140,120,110,210,70,50,50,30,10,0,157400
158502,Goodwood Heights East,Goodwood Heights East,0.7473058,0.7473058,4177.484531691974,1995.1,1.9950999999999999,202.4,Manukau Medical Pharmacy,CM Health,    158502 Goodwood Heights East,1480,36.8,270,80,90,90,540,100,80,110,130,110,460,100,90,100,90,80,210,80,60,30,20,10,10,158502
158601,Ormiston East,Ormiston East,1.39648656,1.39648656,5900.845986370975,381.8,0.38180000000000003,40.3,Flat Bush Medical Centre Pharmacy,CM Health,    158601 Ormiston East,1300,34.7,300,110,100,90,500,50,50,100,140,150,370,130,80,70,50,40,120,40,40,20,10,0,0,158601
158602,Bremner Ridge,Bremner Ridge,1.45930494,1.45930494,6079.295656341025,1849.3,1.8493,189.5,Flat Bush Medical Centre Pharmacy,CM Health,    158602 Bremner Ridge,970,30.9,290,100,95,90,380,55,55,70,95,100,250,80,60,40,35,30,60,25,15,10,5,5,0,158602
158603,Ormiston South East,Ormiston South East,1.56432025,1.56432025,5450.997690523832,2463.2,2.4631999999999996,297.1,Flat Bush Medical Centre Pharmacy,CM Health,    158603 Ormiston South East,560,31.9,140,60,45,25,270,25,20,60,90,80,140,60,30,25,15,10,20,10,0,0,5,0,0,158603
159201,Homai West,Homai West,0.47901637,0.47901637,2870.705579000638,1127.0,1.127,140.7,Unichem Peter Boles Pharmacy,CM Health,    159201 Homai West,1560,28.3,420,140,130,150,650,150,120,140,140,100,390,100,70,90,70,60,100,30,30,10,10,10,0,159201
159202,Homai Central,Homai Central,0.54340925,0.54340925,3540.9385804553735,1756.7,1.7567000000000002,181.8,Unichem Leabank Pharmacy,CM Health,    159202 Homai Central,1820,29.4,480,150,160,170,770,140,140,170,180,150,450,120,90,90,90,60,110,50,30,10,10,10,10,159202
158700,Clendon Park North,Clendon Park North,0.74920256,0.74920256,4622.3814447871555,966.4,0.9663999999999999,148.0,Unichem Peter Boles Pharmacy,CM Health,    158700 Clendon Park North,1850,29.3,510,150,170,190,750,150,130,160,170,140,480,100,100,100,100,80,110,50,30,20,10,0,0,158700
159700,Clendon Park East,Clendon Park East,0.46255925,0.46255925,3370.8450975369246,765.7,0.7657,158.3,Clendon Pharmacy,CM Health,    159700 Clendon Park East,1270,27.7,380,120,130,130,510,110,90,100,110,100,310,80,60,80,50,40,70,30,20,10,10,10,0,159700
158900,Tuscany Heights,Tuscany Heights,6.62320785,6.62320785,21058.362384905016,2368.1,2.3681,244.4,Flat Bush Medical Centre Pharmacy,CM Health,    158900 Tuscany Heights,910,39.4,160,45,60,55,300,50,70,60,55,60,310,65,60,70,65,55,130,50,35,25,15,10,5,158900
159101,Homai East,Homai East,0.60088706,0.60088706,3481.6802205918125,1797.6,1.7975999999999999,255.7,Manurewa Medical Centre Pharmacy,CM Health,    159101 Homai East,1790,30.3,440,160,140,140,790,140,140,170,200,140,440,110,90,90,90,60,130,50,30,20,20,10,0,159101
159301,The Gardens (Auckland),The Gardens (Auckland),4.18950018,4.18950018,10079.45636682045,2790.4,2.7904,321.0,Unichem Hillpark Pharmacy,CM Health,    159301 The Gardens (Auckland),2210,38.9,390,110,130,140,750,160,140,140,160,150,760,140,150,160,160,150,320,100,90,60,40,20,10,159301
159900,Rowandale West,Rowandale West,0.68766989,0.68766989,3322.120258566055,708.2,0.7082,77.9,Healthcare Pharmacy,CM Health,    159900 Rowandale West,1900,28.4,530,150,200,180,770,150,160,170,160,130,480,120,90,110,90,60,120,50,40,20,10,0,0,159900
159401,Clarks Beach,Clarks Beach,2.41220747,2.41220747,8851.809875641344,24125.4,24.125400000000003,1381.7,Unichem Karaka Pharmacy,CM Health,    159401 Clarks Beach,760,47.1,120,40,40,45,200,30,40,35,45,50,260,35,55,60,55,55,180,65,45,35,25,10,0,159401
159500,Clendon Park West,Clendon Park West,0.59408604,0.59408604,3830.455719374803,1566.2,1.5662,290.0,Clendon Pharmacy,CM Health,    159500 Clendon Park West,1800,29.4,470,150,150,170,740,140,140,160,170,130,470,120,90,100,100,70,110,50,30,20,10,10,10,159500
160100,Manurewa Central,Manurewa Central,1.08109358,1.08109358,5721.3328138828065,494.2,0.4942,87.4,Manurewa Medical Centre Pharmacy,CM Health,    160100 Manurewa Central,2060,31.6,480,180,150,150,870,130,120,220,250,150,510,120,110,100,100,90,200,60,40,40,30,10,10,160100
160202,Weymouth Central,Weymouth Central,0.60575215,0.60575215,3788.6294724150425,743.7,0.7437,112.4,Weymouth Whanau Pharmacy,CM Health,    160202 Weymouth Central,1700,29,480,160,130,190,690,150,120,130,150,140,440,110,90,100,80,60,100,40,20,20,10,0,0,160202
160401,Alfriston,Alfriston,1.8518227,1.8518227,7314.860969808111,2998.4,2.9984,287.7,Unichem Hillpark Pharmacy,CM Health,    160401 Alfriston,2100,36.9,410,150,130,130,740,120,110,160,190,160,600,140,100,130,120,110,350,90,60,60,60,40,40,160401
160800,Manurewa East,Manurewa East,0.82830361,0.82830361,3942.262323363119,1101.9,1.1019,143.0,Southmall Pharmacy,CM Health,    160800 Manurewa East,1670,31.7,380,130,120,140,690,120,130,140,170,120,450,90,90,100,90,80,160,50,40,30,30,10,0,160800
160601,Leabank,Leabank,1.21659811,1.21659811,4817.290834536621,811.3,0.8112999999999999,112.3,Unichem Leabank Pharmacy,CM Health,    160601 Leabank,1640,30.3,410,120,140,150,660,140,120,130,150,120,420,80,80,90,80,80,150,40,40,30,20,20,10,160601
161600,Takanini North,Takanini North,5.2780998,5.2780998,10348.784008713024,3010.8,3.0108,302.3,Takanini Urgent Pharmacy,CM Health,    161600 Takanini North,1350,31.4,340,130,120,100,570,90,100,110,160,120,320,80,60,60,60,60,120,50,30,20,10,10,10,161600
160700,Weymouth South,Weymouth South,1.05806108,1.05806108,5309.440353648899,623.8,0.6237999999999999,99.5,Weymouth Whanau Pharmacy,CM Health,    160700 Weymouth South,2030,32.6,470,150,160,160,770,140,150,160,180,140,570,110,110,130,120,100,220,80,50,50,30,10,10,160700
160901,Manurewa West,Manurewa West,0.60508757,0.60508757,3450.550007152943,1109.0,1.109,165.4,Unichem Leabank Pharmacy,CM Health,    160901 Manurewa West,1560,30.1,380,140,130,110,700,120,110,160,190,120,370,90,70,80,70,60,110,40,30,20,10,10,0,160901
160902,Manurewa South,Manurewa South,0.88507223,0.88507223,4906.709868675006,1228.9,1.2289,148.8,Woolworths Pharmacy Waiata Shores,CM Health,    160902 Manurewa South,1590,30.4,410,130,140,140,670,130,100,140,160,130,400,90,90,90,70,70,110,40,30,20,10,10,0,160902
161201,Wattle Downs North,Wattle Downs North,0.79075307,0.79075307,6100.929024141975,551.1,0.5511,69.7,Mahia Road Pharmacy,CM Health,    161201 Wattle Downs North,1840,28.7,530,160,180,180,750,160,110,170,170,130,450,110,100,100,90,60,120,50,30,20,10,0,0,161201
161300,Randwick Park West,Randwick Park West,0.70415333,0.70415333,4706.118839085412,2721.0,2.721,280.5,Southmall Pharmacy,CM Health,    161300 Randwick Park West,2020,27.7,600,200,200,200,830,160,150,180,200,140,500,110,110,130,100,60,80,40,20,10,10,0,0,161300
165901,Cloverlea (Auckland),Cloverlea (Auckland),1.30562043,1.30562043,5114.472886049318,2370.1,2.3701,314.8,Pukekohe South Pharmacy,CM Health,    165901 Cloverlea (Auckland),1290,45.3,220,60,70,90,350,80,70,60,70,70,410,70,80,90,90,80,310,60,80,70,50,30,20,165901
161100,Wattle Downs West,Wattle Downs West,1.47723242,1.47723242,8936.876880708862,3231.3,3.2313,306.2,Mahia Road Pharmacy,CM Health,    161100 Wattle Downs West,2200,38.3,500,170,190,150,660,120,100,110,140,180,640,160,130,130,110,110,400,80,80,70,90,50,30,161100
161500,Wattle Downs East,Wattle Downs East,1.01653039,1.01653039,5607.298982179442,2070.1,2.0701,198.9,Mahia Road Pharmacy,CM Health,    161500 Wattle Downs East,1200,40.8,200,60,70,60,390,80,70,70,90,80,380,70,70,80,80,80,230,70,50,50,40,10,10,161500
161700,Takanini Industrial,Takanini Industrial,0.880698,0.880698,4519.875326595524,1081.4,1.0814000000000001,109.2,Unichem Gateway Pharmacy Takanini,CM Health,    161700 Takanini Industrial,10,38.8,0,0,0,0,0,0,0,0,0,0,0,0,0,0,0,0,0,0,0,0,0,0,0,161700
163200,Papakura Central,Papakura Central,1.56521595,1.56521595,6783.945673303102,126.1,0.1261,18.0,Unichem Papakura Pharmacy,CM Health,    163200 Papakura Central,1970,34.9,420,170,130,110,710,130,120,160,170,140,530,120,100,100,110,110,310,80,70,60,30,30,30,163200
163301,Papakura North East,Papakura North East,0.55609314,0.55609314,3254.8806773078118,863.6,0.8636,86.8,Unichem Clevedon Road Pharmacy,CM Health,    163301 Papakura North East,1060,31,260,100,90,70,450,70,90,90,100,100,250,60,50,50,60,40,100,40,20,20,10,10,0,163301
161800,Conifer Grove West,Conifer Grove West,1.5921146,1.5921146,7786.356883658142,1201.8,1.2018,146.4,Takanini Urgent Pharmacy,CM Health,    161800 Conifer Grove West,1500,39.2,270,110,80,80,500,80,80,100,120,120,480,80,80,90,110,120,250,90,70,40,20,10,10,161800
162101,Takanini South,Takanini South,0.69510916,0.69510916,4114.471055611315,608.5,0.6085,104.4,Unichem Takanini Village Pharmacy,CM Health,    162101 Takanini South,2470,31.9,550,240,190,110,1230,120,160,290,360,310,560,160,120,100,100,80,130,60,40,30,10,0,0,162101
162102,Takanini East,Takanini East,1.62435632,1.62435632,5807.7917037507905,2051.9,2.0519000000000003,284.2,Unichem Takanini Village Pharmacy,CM Health,    162102 Takanini East,1780,30.6,460,200,160,100,920,80,120,200,290,230,330,120,70,60,50,30,70,30,20,10,10,0,0,162102
163302,Twin Parks Rise,Twin Parks Rise,0.93198945,0.93198945,4479.515817814456,1908.7,1.9087,226.3,Unichem Clevedon Road Pharmacy,CM Health,    163302 Twin Parks Rise,1110,30.9,320,140,100,80,500,50,60,100,160,130,220,60,40,50,40,30,70,20,10,10,10,10,0,163302
162200,Takanini Central,Takanini Central,1.09166387,1.09166387,7741.495869898853,646.6,0.6466000000000001,99.3,Unichem Takanini Pharmacy,CM Health,    162200 Takanini Central,670,47.7,100,30,30,40,190,25,45,45,40,35,160,30,30,30,35,40,220,25,25,35,40,55,40,162200
162602,Takanini McLennan,Takanini McLennan,0.63895277,0.63895277,3433.436465096785,1661.3,1.6613,228.7,Unichem Takanini Village Pharmacy,CM Health,    162602 Takanini McLennan,1160,30.8,290,110,110,70,580,50,70,140,210,120,240,80,50,40,40,20,40,20,10,10,0,0,0,162602
163100,Pahurehure,Pahurehure,1.20904565,1.20904565,6484.005230677977,968.8,0.9688,113.0,Pahurehure Pharmacy,CM Health,    163100 Pahurehure,1730,38.8,300,80,100,120,590,110,110,130,120,120,560,110,100,120,100,120,280,80,70,60,40,20,10,163100
162901,Clevedon,Clevedon,48.674415950000004,48.674415950000004,39596.37104880501,2920.2,2.9202,274.6,Clevedon Village Pharmacy,CM Health,    162901 Clevedon,790,46.1,130,45,40,50,190,45,40,40,30,40,320,50,60,70,70,65,140,45,40,35,15,5,5,162901
165800,Rooseville Park,Rooseville Park,1.34683769,1.34683769,6009.830164744102,1098.3,1.0983,115.6,Seddon Pharmacy,CM Health,    165800 Rooseville Park,1390,37.8,310,100,110,110,420,100,60,60,100,100,450,100,90,110,80,80,200,60,50,40,30,10,10,165800
163803,PatumÄhoe Rural,Patumahoe Rural,35.000426,35.000426,34001.26674266198,10810.6,10.8106,664.4,Unichem Pukekohe Pharmacy,CM Health,    163803 Patumahoe Rural,670,42.2,130,35,40,50,190,35,35,30,45,40,240,35,45,55,50,55,110,40,35,20,10,10,0,163803
163901,Papakura East,Papakura East,0.63021687,0.63021687,3837.308190143214,2555.9,2.5559000000000003,276.8,Papakura Marae Pharmacy,CM Health,    163901 Papakura East,1600,30.6,430,140,150,140,640,120,110,130,150,140,420,110,70,100,80,70,110,50,30,10,10,10,0,163901
163902,Harbour View Heights,Harbour View Heights,2.49656522,2.49656522,7916.488537806718,4776.0,4.776,445.2,Unichem Clevedon Road Pharmacy,CM Health,    163902 Harbour View Heights,400,35.8,80,45,20,20,140,25,25,30,25,35,120,25,20,25,20,30,60,20,20,15,5,0,0,163902
164100,Papakura Industrial,Papakura Industrial,1.53813489,1.53813489,5864.35429849357,767.7,0.7677,109.9,Papakura Marae Pharmacy,CM Health,    164100 Papakura Industrial,150,33.1,30,15,15,5,60,15,10,15,10,10,40,10,10,10,10,5,20,5,5,5,0,0,0,164100
164201,Red Hill,Red Hill,0.99384735,0.99384735,5038.3543752705245,1798.6,1.7986,206.9,Papakura Marae Pharmacy,CM Health,    164201 Red Hill,1410,29.7,400,130,140,130,530,110,100,110,120,100,360,80,70,80,70,60,120,40,30,30,10,0,0,164201
164700,Waiuku Central,Waiuku Central,1.13149719,1.13149719,7478.254502298294,947.4,0.9474,124.1,Unichem Waiuku Pharmacy,CM Health,    164700 Waiuku Central,700,36.1,170,45,65,55,220,40,45,40,55,40,210,50,40,50,35,35,110,30,25,25,10,10,5,164700
164301,Drury West,Drury West,2.84941925,2.84941925,10787.076394986034,8732.7,8.732700000000001,536.4,Unichem Karaka Pharmacy,CM Health,    164301 Drury West,370,32.6,100,50,35,20,130,10,20,25,45,25,70,20,15,10,15,15,70,10,20,20,15,0,0,164301
170501,PÅkeno North,Pokeno North,5.081652449999999,5.081652449999999,11176.079766189376,1372.8,1.3728,131.3,Pokeno Pharmacy,Waikato,    170501 Pokeno North,1840,35,470,170,160,140,640,90,50,100,210,200,550,140,110,100,100,90,170,60,50,40,10,0,0,170501
164302,Drury East,Drury East,3.063518970000001,3.063518970000001,10647.629185891292,3358.1,3.3581,318.5,Unichem Papakura Pharmacy,CM Health,    164302 Drury East,430,34.7,80,20,35,30,170,40,25,30,35,40,120,20,20,30,30,25,50,20,15,10,5,5,0,164302
164900,Kendallvale,Kendallvale,2.14461759,2.14461759,8918.473089848867,1999.0,1.999,258.2,Unichem Waiuku Pharmacy,CM Health,    164900 Kendallvale,510,46.8,80,20,30,35,130,30,20,25,20,30,210,35,25,50,50,45,90,30,20,25,10,0,5,164900
164401,Tamakae,Tamakae,1.49995814,1.49995814,8683.736186933576,1275.6,1.2755999999999998,170.0,Unichem Waiuku Pharmacy,CM Health,    164401 Tamakae,1360,43.6,260,80,80,100,360,60,60,70,80,90,410,80,70,90,80,90,330,90,70,70,60,30,10,164401
175302,Flagstaff North East,Flagstaff North East,0.90113813,0.90113813,4317.662192023525,879.1,0.8791,94.4,Tui Pharmacy Borman Road ,Waikato,    175302 Flagstaff North East,1810,34.4,460,110,160,190,680,110,70,110,180,200,530,180,140,100,60,50,150,60,50,20,10,0,0,175302
164500,Hamilton Estate,Hamilton Estate,2.25936492,2.25936492,10157.11621056951,1275.7,1.2757,151.9,Unichem Waiuku Pharmacy,CM Health,    164500 Hamilton Estate,1330,38.3,280,90,100,90,410,80,70,80,100,90,420,100,80,90,80,70,220,50,50,50,40,10,20,164500
164601,Runciman,Runciman,12.511303900000001,12.511303900000001,21675.50280701943,7206.6,7.206600000000001,476.4,Unichem Karaka Pharmacy,CM Health,    164601 Runciman,390,47.6,60,15,25,20,110,20,20,20,20,25,140,20,20,25,35,30,90,30,25,15,15,0,0,164601
164602,Drury South Crossing,Drury South Crossing,8.03851195,8.03851195,15659.65236297693,9828.0,9.828,738.4,Unichem Karaka Pharmacy,CM Health,    164602 Drury South Crossing,290,32.6,60,20,20,20,130,20,15,35,40,20,70,15,15,20,10,15,40,10,10,5,5,0,0,164602
165301,Pukekohe North,Pukekohe North,3.90240262,3.90240262,12122.054950018359,1617.7,1.6177000000000001,162.3,ibuy pharmacy,CM Health,    165301 Pukekohe North,1000,37,200,70,60,60,340,70,60,60,90,60,290,60,60,80,50,40,180,50,40,40,30,10,10,165301
164603,Waihoehoe,Waihoehoe,22.903276720000004,22.903276720000004,24027.36770314031,7968.7,7.9687,664.2,Unichem Papakura Pharmacy,CM Health,    164603 Waihoehoe,1060,46.2,170,40,60,70,270,60,50,50,60,60,450,70,80,90,120,90,170,60,40,30,20,10,0,164603
188900,Mountview,Mountview,1.12523176,1.12523176,4772.369449372175,1586.8,1.5868,148.9,Unichem Medical Centre Pharmacy Taupo,Lakes,    188900 Mountview,1470,36.5,310,110,100,90,510,100,70,100,120,110,430,90,90,90,80,80,230,70,60,50,30,10,10,188900
165001,Puni,Puni,39.22223403999999,39.22223403999999,36364.642496543165,6847.0,6.847,559.7,Unichem Pukekohe Pharmacy,CM Health,    165001 Puni,900,39.3,180,60,65,60,270,50,60,55,55,50,290,50,50,65,65,65,150,50,40,30,20,10,5,165001
165302,Pukekohe North West,Pukekohe North West,0.88049399,0.88049399,6243.022629101031,872.7,0.8727,119.8,ibuy pharmacy,CM Health,    165302 Pukekohe North West,1570,31.6,410,140,140,130,560,110,120,100,120,110,390,90,80,80,60,70,210,50,50,40,40,20,10,165302
176600,Queenwood (Hamilton City),Queenwood (Hamilton City),1.48944942,1.48944942,5620.050900179639,1668.8,1.6688,199.6,Chemist Warehouse Chartwell,Waikato,    176600 Queenwood (Hamilton city),1310,41.2,230,70,80,80,400,90,80,80,80,80,440,80,90,100,90,80,240,70,60,50,30,20,10,176600
165101,Ramarama,Ramarama,39.69294546,39.69294546,33889.17957135938,8192.2,8.192200000000001,765.8,Newsham Park Pharmacy,CM Health,    165101 Ramarama,1280,41.6,240,80,80,80,380,70,50,80,90,80,460,70,80,100,110,100,210,80,60,30,20,10,0,165101
165400,Anselmi Ridge,Anselmi Ridge,7.53505468,7.53505468,15410.450093069398,656.0,0.656,100.0,Newsham Park Pharmacy,CM Health,    165400 Anselmi Ridge,1400,46.8,270,80,80,100,300,70,40,50,70,70,430,100,100,90,70,70,400,40,60,90,110,60,40,165400
166000,Pukekohe Central,Pukekohe Central,3.1047314,3.1047314,9968.819612715813,560.0,0.56,53.2,Bargain Chemist Pukekohe,CM Health,    166000 Pukekohe Central,190,40.7,30,10,10,10,60,10,15,15,15,10,70,10,5,20,20,10,30,5,10,5,5,0,0,166000
166200,Buckland,Buckland,8.45747417,8.45747417,22988.759857404515,1384.7,1.3847,229.4,Pukekohe South Pharmacy,CM Health,    166200 Buckland,600,41.3,110,35,35,45,180,45,30,35,30,35,200,40,40,55,40,35,110,20,30,25,10,15,5,166200
175401,Burbush-Baverstock,Burbush-Baverstock,7.100909470000001,7.100909470000001,17037.346324670267,4979.6,4.9796000000000005,390.6,Nawton Pharmacy,Waikato,    175401 Burbush-Baverstock,510,36.9,100,30,45,25,180,25,25,40,50,45,160,40,25,30,35,30,70,20,20,15,5,5,5,175401
166301,Bombay Hills,Bombay Hills,30.159221879999993,30.159221879999993,33034.7676720903,10161.0,10.161,800.6,Newsham Park Pharmacy,CM Health,    166301 Bombay Hills,1070,46.5,180,60,70,60,270,70,50,40,50,60,410,60,80,100,90,80,210,70,60,40,30,10,0,166301
175902,Rototuna East,Rototuna East,0.75156296,0.75156296,4694.590802884053,791.6,0.7916,97.2,Unichem Rototuna Pharmacy,Waikato,    175902 Rototuna East,1370,35.1,330,80,110,140,470,120,70,80,90,110,420,120,100,80,70,40,160,50,50,20,20,10,0,175902
215000,Marewa East,Marewa East,1.40396146,1.40396146,5110.525085339368,1088.6,1.0886,108.6,Marewa Pharmacy,Hawkes Bay,    215000 Marewa East,1940,35.6,440,150,140,150,650,110,110,140,150,140,580,120,110,110,110,130,270,90,60,60,30,20,10,215000
167000,Whitianga North,Whitianga North,12.51339049,12.51339049,25978.47956781337,2827.1,2.8270999999999997,267.9,Mercury Bay Pharmacy,Waikato,    167000 Whitianga North,930,55.3,130,40,40,50,170,45,10,30,40,45,330,45,55,65,70,95,300,95,105,55,30,10,10,167000
206000,Elgin,Elgin,1.04468444,1.04468444,5069.503754025668,2109.8,2.1098000000000003,216.2,Sean Shivnan Pharmacy,Tairawhiti,    206000 Elgin,1370,35.2,300,80,110,110,460,90,90,110,100,80,400,80,70,90,90,90,210,70,50,40,20,20,10,206000
167101,Whitianga South,Whitianga South,2.620305379999999,2.668657889999999,9704.046003708341,717.5,0.7175,105.1,Mercury Bay Pharmacy,Waikato,    167101 Whitianga South,1820,55,240,80,80,70,390,80,40,60,110,90,580,80,90,100,130,170,610,170,180,130,70,30,30,167101
167102,Whitianga Waterways,Whitianga Waterways,2.06337121,2.20656684,7319.809259515668,1845.6,1.8456,210.2,Stephensons Unichem Pharmacy,Waikato,    167102 Whitianga Waterways,490,59.6,60,20,15,25,80,20,10,15,20,15,160,20,25,30,30,50,190,50,65,50,20,5,5,167102
167200,Thames Coast,Thames Coast,116.11342910000003,116.11342910000003,71418.35038695532,25133.5,25.1335,1866.7,Unichem Thames,Waikato,    167200 Thames Coast,940,61.1,100,20,30,45,130,35,15,25,25,30,340,35,45,60,70,130,370,130,105,80,45,10,5,167200
167300,Cooks Beach-Ferry Landing,Cooks Beach-Ferry Landing,2.694627560000001,2.694627560000001,15206.92768817775,26600.4,26.6004,1567.5,Tairua-Pauanui Pharmacy,Waikato,    167300 Cooks Beach-Ferry Landing,310,59,40,10,15,10,50,10,5,10,10,15,100,15,15,15,25,35,110,35,35,25,15,5,0,167300
167400,Mercury Bay South,Mercury Bay South,359.39564303000003,359.39564303000003,136337.39714238726,23083.5,23.0835,1531.5,Stephensons Unichem Pharmacy,Waikato,    167400 Mercury Bay South,720,50.8,110,25,40,40,170,40,15,30,40,45,250,35,40,55,50,70,190,75,65,30,15,5,5,167400
167501,Kauaeranga,Kauaeranga,179.00622926,179.00622926,75708.00495264173,12728.9,12.7289,877.0,Pollen Street Pharmacy,Waikato,    167501 Kauaeranga,310,51,60,20,15,20,60,10,10,15,10,15,120,20,15,25,25,30,80,25,25,15,5,5,5,167501
167600,Thames North,Thames North,2.63450273,2.63450273,13879.010176983553,2207.2,2.2072,228.6,Unichem Thames,Waikato,    167600 Thames North,1080,61.6,130,30,45,50,160,40,20,25,35,45,320,35,60,60,60,105,470,110,100,95,70,50,45,167600
167700,Thames Central,Thames Central,1.22679714,1.25509948,8168.859303921944,279.8,0.2798,35.8,Unichem Thames,Waikato,    167700 Thames Central,590,61,60,20,15,25,120,20,15,20,35,25,160,25,20,30,35,45,260,35,45,65,45,45,25,167700
167900,Hikuai,Hikuai,284.14967005000005,284.14967005000005,140247.8165820792,15302.9,15.3029,754.8,Tairua-Pauanui Pharmacy,Waikato,    167900 Hikuai,160,45.3,30,10,10,10,40,10,5,5,10,10,60,10,10,10,15,15,30,10,15,5,5,0,0,167900
168001,Totora-Kopu,Totora-Kopu,9.8502075,9.8502075,21534.710271038966,3770.1,3.7701,261.3,Pollen Street Pharmacy,Waikato,    168001 Totora-Kopu,490,51.7,70,25,20,25,120,35,25,10,20,25,160,25,25,35,30,45,150,35,35,40,30,5,5,168001
176000,Pukete East,Pukete East,1.09134429,1.09134429,4909.458492077898,1305.3,1.3053,131.9,Northcare Pukete Pharmacy,Waikato,    176000 Pukete East,1250,37.4,230,80,70,80,440,80,80,80,100,100,390,70,90,80,70,80,180,60,50,40,20,10,0,176000
235200,Levin Central,Levin Central,1.04758852,1.04758852,6005.242414459067,113.6,0.11359999999999999,10.2,Unichem Levin Pharmacy,MidCentral,    235200 Levin Central,600,54.2,90,30,30,35,130,20,20,35,35,25,160,25,20,35,40,40,210,35,40,40,40,35,20,235200
168502,WhangamatÄ East,Whangamata East,6.18387092,6.23118492,14171.809470573118,1439.2,1.4392,139.9,Whangamata Pharmacy,Waikato,    168502 Whangamata East,1700,61.2,180,40,70,70,310,50,30,50,80,90,500,80,70,90,90,170,720,200,210,150,80,40,30,168502
168600,Miranda-PÅ«korokoro,Miranda-Pukorokoro,81.33770737,81.33770737,59704.44037190176,33756.9,33.7569,2906.1,Pokeno Pharmacy,Waikato,    168600 Miranda-Pukorokoro,460,56,70,35,20,20,80,20,10,10,15,20,160,15,30,30,40,45,160,55,40,40,15,5,0,168600
168701,Hauraki Plains North,Hauraki Plains North,180.43445486000002,180.43445486000002,82726.80960020529,10991.4,10.9914,539.2,Ngatea Pharmacy Ltd,Waikato,    168701 Hauraki Plains North,650,42.2,130,40,40,50,190,45,25,30,40,40,220,30,45,40,50,50,120,40,30,25,15,10,5,168701
168800,Hauraki Plains East,Hauraki Plains East,90.65144961999998,90.65144961999998,47521.27119997922,9953.9,9.953899999999999,893.3,Ngatea Pharmacy Ltd,Waikato,    168800 Hauraki Plains East,760,42.6,160,40,65,50,200,40,30,30,60,45,260,35,45,55,70,60,140,55,35,35,10,5,5,168800
168901,Ngatea,Ngatea,1.74850884,1.74850884,9061.636262472079,487.8,0.4878,60.4,Ngatea Pharmacy Ltd,Waikato,    168901 Ngatea,840,47.8,170,55,50,65,190,45,25,30,45,40,250,40,45,55,50,60,230,50,50,55,40,25,10,168901
169200,Paeroa,Paeroa,6.869589090000001,6.869589090000001,13511.479491880938,1308.2,1.3082,123.3,Unichem Paeroa Pharmacy,Waikato,    169200 Paeroa,2400,51.5,400,120,140,140,550,110,90,90,140,120,660,100,110,140,160,160,780,220,180,180,120,50,20,169200
169500,WaihÄ« East,Waihi East,4.078040850000001,4.078040850000001,15986.034879046265,1996.6,1.9966,184.9,Barron's Pharmacy,Waikato,    169500 Waihi East,750,51.6,120,40,40,40,170,30,25,30,45,40,240,30,40,55,50,70,210,65,60,45,25,10,5,169500
169600,WaihÄ« South,Waihi South,2.688537430000001,2.688537430000001,9212.270734120319,967.4,0.9673999999999999,98.0,Clark's Pharmacy Limited,Waikato,    169600 Waihi South,1250,53.2,190,60,80,50,270,50,40,40,70,60,380,40,80,80,80,110,420,120,110,100,50,30,10,169600
170502,PÅkeno South,Pokeno South,4.178847469999999,4.178847469999999,9280.948971164635,1152.5,1.1525,127.9,Pokeno Pharmacy,Waikato,    170502 Pokeno South,1340,32,360,170,110,80,580,40,60,130,210,140,300,100,60,60,50,40,90,40,30,10,0,0,0,170502
170700,Maramarua,Maramarua,267.6397769000001,267.6397769000001,105784.4540543792,24818.6,24.8186,1231.0,Pokeno Pharmacy,Waikato,    170700 Maramarua,970,36.9,240,80,80,90,280,60,30,60,60,70,310,50,60,60,70,70,130,40,30,30,10,10,0,170700
176101,Te Manatu,Te Manatu,1.40794464,1.40794464,4907.384694981601,1371.8,1.3718,157.6,NorthCare Thomas Road Pharmacy,Waikato,    176101 Te Manatu,2260,33.8,540,160,190,200,850,150,130,150,210,210,650,190,150,120,110,90,220,70,60,40,30,10,10,176101
170001,Tuakau North,Tuakau North,5.39485736,5.39485736,15639.775648145447,856.6,0.8566,132.5,Family Health Pharmacy (Tuakau),Waikato,    170001 Tuakau North,1870,33.8,480,150,170,150,640,120,100,110,160,140,510,130,100,100,100,80,250,80,60,50,30,20,10,170001
170300,Tuakau South,Tuakau South,2.912163029999999,2.912163029999999,11535.028963732499,1949.0,1.949,196.8,Unichem Tuakau Pharmacy,Waikato,    170300 Tuakau South,1120,32.5,280,90,100,90,400,90,60,80,90,70,310,60,70,70,60,50,130,40,30,20,20,10,10,170300
206100,Te Hapara South,Te Hapara South,0.86443537,0.86443537,5521.846658272619,881.4,0.8814,108.8,Sean Shivnan Pharmacy,Tairawhiti,    206100 Te Hapara South,1280,35.5,280,100,90,90,440,100,80,80,100,90,360,80,60,60,80,70,210,60,50,30,30,20,10,206100
170802,Te Kauwhata West,Te Kauwhata West,5.81797337,5.81797337,14958.773255184413,1141.1,1.1411,144.7,Te Kauwhata Pharmacy,Waikato,    170802 Te Kauwhata West,560,39.8,120,45,35,40,160,15,20,40,55,30,180,35,35,40,40,40,90,30,25,25,10,0,5,170802
170803,Whangamarino,Whangamarino,130.50817562,165.66044215,111085.43008514955,2699.9,2.6999,313.2,Te Kauwhata Pharmacy,Waikato,    170803 Whangamarino,620,44.8,100,35,30,35,170,30,60,25,15,40,240,40,35,70,50,45,110,30,30,20,25,5,5,170803
170901,Te Äkau,Te Akau,624.4246010399999,636.3066111099998,231960.99905229508,31464.5,31.4645,1677.7,Ngaruawahia Pharmacy,Waikato,    170901 Te Akau,850,44.4,150,50,50,50,230,55,25,35,50,55,340,55,50,85,85,65,130,55,35,25,15,0,5,170901
171400,Huntly West,Huntly West,5.753258949999999,5.753258949999999,16523.395214164768,1315.2,1.3152000000000001,132.9,Huntly West Pharmacy,Waikato,    171400 Huntly West,1700,31.9,440,140,170,130,590,150,110,100,140,110,480,100,100,100,100,80,180,60,60,30,20,10,0,171400
209201,Flaxmere South,Flaxmere South,1.04509728,1.04509728,4795.381772217386,1071.8,1.0717999999999999,113.0,Flaxmere Pharmacy,Hawkes Bay,    209201 Flaxmere South,1620,30.2,440,130,160,150,570,130,130,100,120,90,420,90,90,100,60,70,190,50,50,50,30,10,0,209201
171501,Huntly East,Huntly East,6.787785560000001,6.787785560000001,15116.714914332097,3607.6,3.6075999999999997,361.4,Huntly Pharmacy Ltd,Waikato,    171501 Huntly East,1830,34.9,420,150,130,140,600,150,120,100,130,100,530,100,100,110,100,100,290,90,70,50,30,20,20,171501
171502,Huntly South,Huntly South,4.033043360000001,4.033043360000001,12143.689628409476,1374.0,1.374,186.2,Huntly Pharmacy Ltd,Waikato,    171502 Huntly South,860,42.1,160,50,45,60,250,50,40,40,60,60,280,50,50,65,50,55,180,50,50,35,15,15,15,171502
172001,NgÄruawÄhia North,Ngaruawahia North,2.92012041,2.92012041,8408.340854436032,1273.1,1.2731,135.5,Ngaruawahia Pharmacy,Waikato,    172001 Ngaruawahia North,1220,33.1,310,100,110,100,430,80,80,70,120,90,360,80,80,70,70,60,120,50,30,20,10,0,0,172001
171901,Taupiri-Lake Kainui,Taupiri-Lake Kainui,47.97197250000001,47.97197250000001,46363.585776052365,6596.7,6.5967,575.0,Ngaruawahia Pharmacy,Waikato,    171901 Taupiri-Lake Kainui,1120,38.5,220,70,60,90,360,100,80,50,70,70,380,70,70,90,80,70,160,60,40,20,10,10,0,171901
327902,Linwood Central,Linwood Central,0.6531878,0.6531878,3665.2920970755686,570.5,0.5705,64.0,Linwood Village Pharmacy,Canterbury,    327902 Linwood Central,1590,34.7,260,110,80,70,680,70,110,160,210,130,450,120,80,90,90,80,200,60,40,30,30,20,10,327902
172100,NgÄruawÄhia Central,Ngaruawahia Central,3.847787339999999,3.847787339999999,13176.397667973884,636.5,0.6365,66.3,Roberts Ngaruawahia Pharmacy,Waikato,    172100 Ngaruawahia Central,1780,32.9,440,160,160,110,650,140,100,110,160,130,510,110,80,90,120,100,190,70,40,40,20,10,10,172100
172201,NgÄruawÄhia South,Ngaruawahia South,5.096786659999998,5.096786659999998,12983.499958687622,3929.9,3.9299,359.9,Ngaruawahia Pharmacy,Waikato,    172201 Ngaruawahia South,1110,32.3,270,90,90,90,420,100,70,70,100,80,310,60,70,70,60,60,110,40,30,20,10,0,0,172201
176201,Rototuna South West,Rototuna South West,1.09371248,1.09371248,5060.310601253734,2561.9,2.5619,270.6,NorthCare Thomas Road Pharmacy,Waikato,    176201 Rototuna South West,1200,42.8,200,50,70,80,350,90,80,60,60,70,410,80,100,70,80,80,230,50,60,50,40,20,10,176201
328700,Sydenham West,Sydenham West,0.4879434,0.4879434,3276.715709471524,947.4,0.9474,99.0,Christchurch South Pharmacy (Hardings Pharmacy),Canterbury,    328700 Sydenham West,700,39.7,80,40,20,15,270,25,40,70,80,50,190,40,30,40,35,40,160,35,25,35,30,15,15,328700
172401,Te KÅwhai,Te Kowhai,43.31542995,43.31542995,33503.1133331668,4998.2,4.9982,320.7,Horotiu Hauora Pharmacy ,Waikato,    172401 Te Kowhai,1120,43.3,230,50,80,100,280,60,50,50,50,70,400,60,80,100,90,70,200,70,50,30,30,10,10,172401
172601,Horotiu,Horotiu,4.18757746,4.18757746,11992.816126384212,1336.5,1.3365,141.6,Horotiu Hauora Pharmacy ,Waikato,    172601 Horotiu,370,35.7,90,30,35,25,120,20,20,25,25,35,120,25,25,25,25,20,40,15,10,5,0,5,0,172601
172500,Whatawhata West,Whatawhata West,50.70019789,50.70019789,47017.91074095285,18242.4,18.2424,1017.2,Unichem Dinsdale Pharmacy,Waikato,    172500 Whatawhata West,270,42.3,60,20,25,20,60,15,10,10,10,15,110,25,25,15,20,25,40,15,10,5,5,0,0,172500
172700,Horsham Downs,Horsham Downs,15.792083370000004,15.792083370000004,24979.030074357743,2827.9,2.8279,215.5,Woolworths Pharmacy Rototuna,Waikato,    172700 Horsham Downs,410,42,80,20,20,35,120,40,25,15,15,15,160,30,30,35,35,30,60,25,15,10,5,0,0,172700
173100,Eureka-Tauwhare,Eureka-Tauwhare,135.56941417000002,135.56941417000002,65989.86604927876,13721.1,13.7211,696.0,Unichem Morrinsville Pharmacy,Waikato,    173100 Eureka-Tauwhare,1150,39,260,60,80,120,340,90,60,40,60,80,410,80,90,100,90,60,150,60,40,20,10,0,0,173100
172800,Whatawhata East,Whatawhata East,47.442257670000004,47.442257670000004,43835.36753837039,8486.2,8.4862,482.8,Unichem Dinsdale Pharmacy,Waikato,    172800 Whatawhata East,1600,41,320,80,130,110,460,130,90,60,70,110,580,110,110,120,110,120,240,100,70,30,20,10,0,172800
175001,Matamata West,Matamata West,4.08954425,4.08954425,9191.600205325445,1838.8,1.8388,252.4,Life Pharmacy Matamata,Waikato,    175001 Matamata West,1710,46,270,90,80,100,470,80,70,100,120,90,480,90,80,100,100,110,490,100,110,100,90,50,40,175001
173000,Hamilton Park,Hamilton Park,46.318430989999996,46.318430989999996,36516.78361636967,6653.4,6.6533999999999995,591.9,Campus Pharmacy Waikato,Waikato,    173000 Hamilton Park,850,39.9,160,30,55,75,260,80,45,40,55,50,310,65,55,65,65,55,110,50,30,15,10,5,5,173000
175002,Matamata East,Matamata East,2.46603206,2.46603206,7034.977464191614,1643.3,1.6433,185.2,Unichem Matamata Pharmacy,Waikato,    175002 Matamata East,1180,55,170,60,50,70,260,50,40,60,60,50,330,50,50,60,70,100,420,90,110,100,60,40,20,175002
173201,Tamahere North,Tamahere North,12.984151800000001,12.984151800000001,17626.631380570656,4310.8,4.3108,313.9,Hillcrest Healthcare Pharmacy,Waikato,    173201 Tamahere North,1420,49.3,210,30,70,110,350,100,80,50,50,60,520,80,90,120,120,100,350,90,70,50,50,40,40,173201
173202,Tamahere West,Tamahere West,5.689810120000001,5.689810120000001,12230.386686785738,1876.7,1.8767,178.9,Unichem Tamahere Pharmacy,Waikato,    173202 Tamahere West,950,42.3,210,35,80,95,230,95,35,25,35,40,380,70,95,90,70,50,130,45,40,20,5,15,5,173202
175201,Te Rapa North,Te Rapa North,8.380652739999999,8.380652739999999,16300.223432208255,2308.8,2.3088,170.5,Woolworths Pharmacy Te Rapa,Waikato,    175201 Te Rapa North,80,44.8,10,5,5,5,20,5,5,5,5,5,20,5,5,5,5,5,20,5,10,5,0,0,0,175201
173300,Pukemoremore,Pukemoremore,43.27703002,43.27703002,42309.48793500182,9436.1,9.4361,737.9,Unichem Tamahere Pharmacy,Waikato,    173300 Pukemoremore,1320,42,250,70,80,110,370,100,70,50,70,80,510,100,100,120,100,100,180,80,50,20,20,10,10,173300
173400,Tamahere South,Tamahere South,38.83651171,38.83651171,28204.276355027865,4618.4,4.618399999999999,308.1,Unichem Tamahere Pharmacy,Waikato,    173400 Tamahere South,1150,46.4,210,50,70,90,290,90,70,40,50,60,410,60,80,100,90,80,240,60,70,60,30,10,0,173400
174001,Morrinsville West,Morrinsville West,5.194238840000001,5.194238840000001,11198.96033493852,1140.9,1.1409,149.7,Unichem Morrinsville Pharmacy,Waikato,    174001 Morrinsville West,1700,38.7,340,130,110,100,540,80,100,120,120,120,480,100,90,100,90,90,340,90,70,60,50,40,30,174001
215101,Onekawa South,Onekawa South,1.22571292,1.22571292,4680.393568070262,1430.4,1.4304000000000001,167.9,Andrew Spence Pharmacy,Hawkes Bay,    215101 Onekawa South,1750,33.3,410,120,150,140,640,120,120,120,150,130,500,110,100,100,90,100,200,50,50,40,30,20,10,215101
174100,Te Aroha East,Te Aroha East,4.679651550000001,4.679651550000001,16470.239323977334,1445.2,1.4452,158.3,Te Aroha Pharmacy,Waikato,    174100 Te Aroha East,1310,51.9,200,80,60,60,310,50,60,60,70,60,400,50,60,70,90,120,400,110,90,80,60,40,30,174100
174200,Te Aroha West,Te Aroha West,6.28406797,6.28406797,16868.936334954233,1455.7,1.4557,146.0,Te Aroha Pharmacy,Waikato,    174200 Te Aroha West,1000,53.8,140,40,60,50,210,40,30,40,50,60,320,60,50,70,70,80,330,90,70,70,50,30,20,174200
174300,Waihou-Manawaru,Waihou-Manawaru,140.78509254999997,140.78509254999997,67324.95222624947,8113.1,8.113100000000001,475.9,Te Aroha Pharmacy,Waikato,    174300 Waihou-Manawaru,630,42.1,110,40,35,40,190,40,25,35,50,35,220,40,35,40,50,50,110,40,25,20,15,5,5,174300
174400,Waitoa-Ngarua,Waitoa-Ngarua,108.0773522,108.0773522,68091.86388896323,16205.1,16.2051,1430.3,Te Aroha Pharmacy,Waikato,    174400 Waitoa-Ngarua,570,39.4,120,45,40,35,170,25,30,40,40,40,200,40,35,35,40,45,80,30,20,15,5,5,5,174400
174500,Richmond Downs-Wardville,Richmond Downs-Wardville,206.72773431999997,206.72773431999997,115731.95941026015,9978.9,9.9789,812.2,Life Pharmacy Matamata,Waikato,    174500 Richmond Downs-Wardville,640,38.1,140,45,50,50,200,30,35,35,50,55,210,35,35,40,45,55,100,30,30,20,10,5,0,174500
174601,Waharoa-Peria,Waharoa-Peria,72.09516475999999,72.09516475999999,58521.94748716698,4708.9,4.7089,441.0,Life Pharmacy Matamata,Waikato,    174601 Waharoa-Peria,740,35.9,160,65,45,50,240,50,55,45,50,40,240,40,45,40,60,55,100,40,20,15,15,5,5,174601
174701,Okauia,Okauia,119.49517392999999,119.49517392999999,60522.75236259084,9279.2,9.279200000000001,1058.7,Unichem Matamata Pharmacy,Waikato,    174701 Okauia,550,39.3,110,30,35,45,170,30,40,30,40,30,190,35,40,45,40,35,80,30,25,15,10,5,0,174701
175501,Flagstaff South,Flagstaff South,1.54738272,1.54738272,6440.699067087915,1318.3,1.3183,133.4,Tui Pharmacy Borman Road ,Waikato,    175501 Flagstaff South,1860,39.5,390,100,140,150,550,150,90,70,110,130,600,160,150,140,70,80,320,80,80,90,60,10,0,175501
175601,Rototuna North,Rototuna North,2.43623158,2.43623158,6420.360040802197,1085.7,1.0857,192.6,Woolworths Pharmacy Rototuna,Waikato,    175601 Rototuna North,1280,34.8,310,80,110,130,440,90,50,70,130,100,260,100,70,40,20,30,270,40,60,80,60,20,10,175601
175700,Pukete West,Pukete West,0.83971923,0.83971923,4599.371210453936,1677.9,1.6779000000000002,198.7,Northcare Pukete Pharmacy,Waikato,    175700 Pukete West,1240,34,290,80,110,110,440,100,70,80,100,90,380,90,80,80,70,70,130,50,40,30,10,10,0,175700
175801,Flagstaff East,Flagstaff East,1.82047801,1.82047801,5777.377697534472,1027.4,1.0274,124.1,Unichem Flagstaff Pharmacy,Waikato,    175801 Flagstaff East,2140,43.1,380,100,130,150,590,150,100,100,110,140,610,150,120,120,110,120,550,120,100,120,90,60,60,175801
175901,Rototuna West,Rototuna West,0.83809014,0.83809014,4727.508766103232,1263.0,1.263,151.4,Woolworths Pharmacy Rototuna,Waikato,    175901 Rototuna West,1530,37.1,340,80,110,150,490,140,90,70,80,110,520,140,120,110,90,70,180,70,60,30,10,10,0,175901
176202,Rototuna South East,Rototuna South East,0.88396015,0.88396015,4553.518862143094,701.9,0.7019,67.2,NorthCare Thomas Road Pharmacy,Waikato,    176202 Rototuna South East,1240,42,240,60,70,110,350,100,70,40,60,70,440,100,80,100,70,80,220,50,50,40,40,30,10,176202
176301,Te Rapa South,Te Rapa South,4.77884659,4.77884659,14931.900898699503,925.6,0.9256,103.4,Tui Pharmacy Te Rapa,Waikato,    176301 Te Rapa South,160,35.2,20,5,10,5,70,10,10,15,25,10,20,5,5,5,5,5,50,5,10,20,15,0,0,176301
176400,Saint Andrews West,Saint Andrews West,1.00595244,1.00595244,6574.630903909017,908.9,0.9088999999999999,97.1,Tui Pharmacy Te Rapa,Waikato,    176400 Saint Andrews West,1530,34.1,340,110,120,110,600,90,90,130,150,140,420,90,80,90,80,70,180,50,50,40,20,10,10,176400
176500,Saint Andrews East,Saint Andrews East,1.59418381,1.59418381,5880.473065554392,1462.9,1.4629,167.4,Tui Pharmacy Te Rapa,Waikato,    176500 Saint Andrews East,1390,42.8,230,80,70,70,420,70,70,80,100,90,420,80,70,90,80,100,320,80,80,40,60,30,30,176500
176700,St James,St James,0.73392693,0.73392693,4835.562391737473,1877.9,1.8779000000000001,214.1,NorthCare Thomas Road Pharmacy,Waikato,    176700 St James,1090,36.9,220,50,70,100,370,90,70,60,70,80,360,80,70,90,60,60,130,50,40,20,20,10,0,176700
176900,Huntington,Huntington,1.26341779,1.26341779,5907.696244882662,1246.5,1.2465,113.9,Tui Pharmacy Parkwood ,Waikato,    176900 Huntington,1370,44,220,60,70,90,400,110,80,60,70,80,500,80,110,120,90,100,250,80,70,40,30,20,10,176900
177000,Western Heights (Hamilton City),Western Heights (Hamilton City),1.07152117,1.07152117,7444.923552387947,1277.6,1.2775999999999998,134.4,West Hamilton Pharmacy,Waikato,    177000 Western Heights (Hamilton city),1690,41,290,80,100,120,530,100,120,90,100,120,570,110,110,120,110,120,300,110,80,60,30,10,10,177000
352000,North East Valley Knox,North East Valley Knox,0.66826179,0.66826179,3459.34981724774,438.0,0.438,43.7,Antidote Gardens,Southern,    352000 North East Valley Knox,1440,22.7,70,20,20,20,1080,360,390,160,100,60,190,40,40,30,30,40,100,30,30,20,10,0,10,352000
177100,Nawton West,Nawton West,1.09006111,1.09006111,6293.877397609543,912.2,0.9122,93.7,Nawton Pharmacy,Waikato,    177100 Nawton West,2020,33.9,440,150,140,140,760,160,130,140,170,150,530,130,120,100,90,100,290,100,70,60,30,20,10,177100
177200,Nawton East,Nawton East,1.31850934,1.31850934,5233.8620199818215,331.9,0.3319,42.8,Nawton Pharmacy,Waikato,    177200 Nawton East,2390,32.4,550,210,160,170,960,180,160,190,240,190,590,150,120,130,90,100,290,90,70,60,30,20,20,177200
177300,Chartwell,Chartwell,0.89678233,0.89678233,4161.060365916002,983.2,0.9832000000000001,156.6,Chemist Warehouse Chartwell,Waikato,    177300 Chartwell,1400,34.4,280,80,100,100,550,100,100,120,110,120,360,80,80,70,70,70,210,60,50,40,30,20,10,177300
177500,Chedworth,Chedworth,0.87655657,0.87655657,4895.944789998679,1268.3,1.2683,164.6,Chemist Warehouse Chartwell,Waikato,    177500 Chedworth,1040,39.2,210,55,75,75,320,60,70,50,65,70,320,70,60,75,55,60,190,50,45,40,30,10,10,177500
182700,Cambridge West,Cambridge West,2.233198750000001,2.233198750000001,7777.6704434912035,623.7,0.6237,85.3,Unichem Family Health Pharmacy - Cambridge,Waikato,    182700 Cambridge West,1410,48.8,200,70,60,70,370,90,70,60,70,80,460,80,90,110,100,90,370,70,70,80,60,50,40,182700
177600,Beerescourt,Beerescourt,1.02012445,1.02012445,5313.574811089784,409.6,0.4096,51.1,Vercoe Road Pharmacy,Waikato,    177600 Beerescourt,1200,39,200,70,70,70,410,70,70,80,100,90,350,70,70,80,70,70,240,70,50,40,30,20,20,177600
177700,Miropiko,Miropiko,2.07883686,2.07883686,8331.414187557239,1668.7,1.6687,183.3,Fairfield Pharmacy,Waikato,    177700 Miropiko,1750,39.4,280,90,90,100,610,130,110,130,120,110,560,100,100,120,120,120,300,100,70,60,40,20,10,177700
177800,Porritt,Porritt,1.23389541,1.23389541,5522.771566915374,621.8,0.6217999999999999,69.6,Unichem Davies Corner Pharmacy,Waikato,    177800 Porritt,1490,32.3,330,110,110,110,570,110,110,120,130,100,370,90,70,80,70,60,210,60,50,50,20,20,10,177800
177901,Dinsdale North,Dinsdale North,1.28602904,1.28602904,5230.631782923042,1286.9,1.2869000000000002,161.2,Unichem Dinsdale Pharmacy,Waikato,    177901 Dinsdale North,2040,34.8,420,140,150,130,770,130,130,160,190,150,590,140,120,120,110,110,270,90,60,60,40,20,10,177901
178000,Maeroa,Maeroa,1.27988267,1.27988267,6511.601525310015,1443.9,1.4439000000000002,163.2,Unichem Beerescourt Pharmacy,Waikato,    178000 Maeroa,2120,33.1,460,180,140,140,850,130,130,200,230,170,580,140,120,110,110,100,220,80,60,40,20,10,10,178000
178100,Dinsdale South,Dinsdale South,1.56104002,1.56104002,6385.537767295628,932.2,0.9322,109.2,Westend Pharmacy,Waikato,    178100 Dinsdale South,2140,36.3,410,130,140,140,780,130,130,170,190,170,610,130,120,130,120,110,340,110,90,60,40,20,20,178100
178201,Fairfield North (Hamilton City),Fairfield North (Hamilton City),0.73856153,0.73856153,3775.792976634281,698.8,0.6988,75.5,Fairfield Pharmacy,Waikato,    178201 Fairfield North (Hamilton city),1260,29.5,340,110,110,110,490,90,100,120,110,80,320,80,70,60,50,50,110,40,30,20,10,0,0,178201
178202,Fairfield South (Hamilton City),Fairfield South (Hamilton City),0.66056354,0.66056354,4097.87353743852,293.0,0.293,37.2,Fairfield Pharmacy,Waikato,    178202 Fairfield South (Hamilton city),1230,32.8,250,90,80,80,500,90,100,110,110,80,340,80,70,80,60,50,150,50,30,20,20,10,10,178202
182800,Cambridge East,Cambridge East,1.58485862,1.58485862,5624.150568901229,1944.6,1.9445999999999999,205.6,Woolworths Pharmacy Cambridge,Waikato,    182800 Cambridge East,1560,42.7,260,80,70,110,470,120,80,70,110,100,490,100,90,120,100,100,330,80,90,70,50,30,20,182800
178301,Whitiora,Whitiora,0.76755294,0.76755294,4210.17053546086,717.9,0.7179,71.6,Tui Pharmacy Central,Waikato,    178301 Whitiora,1350,32,210,90,60,50,720,50,110,210,220,130,310,80,60,70,50,50,120,40,30,30,10,0,10,178301
178500,Fairview Downs,Fairview Downs,1.12269705,1.12269705,6699.818395021976,2070.7,2.0707,206.8,Five Cross Roads Pharmacy,Waikato,    178500 Fairview Downs,1810,32.7,410,130,140,130,740,110,140,160,180,150,480,90,120,100,80,90,190,60,50,40,20,10,10,178500
178600,Temple View,Temple View,4.37306756,4.37306756,11327.388417701719,3634.1,3.6341,304.5,Westend Pharmacy,Waikato,    178600 Temple View,640,32.3,160,50,55,60,220,40,45,50,40,45,170,35,35,35,35,30,90,25,20,20,10,5,5,178600
178701,Swarbrick,Swarbrick,0.73008096,0.73008096,5069.38639444581,689.9,0.6899,75.8,Unichem Dinsdale Pharmacy,Waikato,    178701 Swarbrick,1750,33.1,340,150,120,70,790,60,130,200,230,170,400,100,70,80,70,80,210,60,60,50,30,10,0,178701
178800,Kahikatea,Kahikatea,0.97755455,0.97755455,7454.230612928836,1592.2,1.5922,184.8,Unichem Dinsdale Pharmacy,Waikato,    178800 Kahikatea,1930,31.5,450,170,140,150,820,110,120,210,220,160,490,130,90,100,90,80,170,70,40,20,20,10,10,178800
178901,Frankton Junction,Frankton Junction,3.51651441,3.51651441,15697.71888166386,1559.8,1.5597999999999999,176.9,Unichem Dinsdale Pharmacy,Waikato,    178901 Frankton Junction,390,32.6,70,30,20,15,180,25,30,45,50,30,110,30,20,20,25,15,30,15,5,5,0,0,0,178901
179001,Kirikiriroa,Kirikiriroa,0.55573211,0.55573211,2822.412409836363,238.2,0.2382,34.7,Tui Pharmacy Central,Waikato,    179001 Kirikiriroa,560,31.5,90,45,25,20,280,30,60,75,75,45,140,30,35,25,25,25,50,15,15,20,5,0,0,179001
179100,Enderley South,Enderley South,0.76575463,0.76575463,4925.700175603289,591.7,0.5917,77.0,Five Cross Roads Pharmacy,Waikato,    179100 Enderley South,1580,32.8,350,120,120,120,610,100,120,130,150,110,410,100,80,100,70,60,200,60,50,40,20,20,20,179100
179201,Greenhill Park,Greenhill Park,2.04395156,2.04395156,7741.268189757474,1711.1,1.7110999999999998,144.0,Tui Pharmacy Parkwood ,Waikato,    179201 Greenhill Park,740,30.2,140,80,35,30,380,50,100,70,105,60,160,50,40,35,20,20,50,20,5,15,10,0,0,179201
210000,Cornwall Park,Cornwall Park,1.083438,1.083438,4817.627784860834,1034.3,1.0343,107.4,Care Pharmacy at Totara,Hawkes Bay,    210000 Cornwall Park,1700,41,300,90,100,110,530,90,100,110,130,100,510,100,100,100,100,100,370,110,80,70,50,30,20,210000
179202,Ruakura,Ruakura,6.980675290000001,6.980675290000001,15691.724659082787,3483.6,3.4836,362.8,Campus Pharmacy Waikato,Waikato,    179202 Ruakura,600,22.9,60,20,20,25,390,170,85,50,50,40,100,25,15,25,20,20,40,15,15,5,5,0,0,179202
179401,Hamilton Central,Hamilton Central,1.02284806,1.02284806,5005.695652252454,414.8,0.4148,65.4,Pharmacy 547,Waikato,    179401 Hamilton Central,340,34.6,20,10,5,5,180,20,45,40,50,30,100,20,15,20,20,20,40,15,10,5,5,5,0,179401
210100,Tomoana,Tomoana,3.25777665,3.25777665,11034.858110624158,2099.7,2.0997,297.6,Mahora Pharmacy,Hawkes Bay,    210100 Tomoana,180,36.7,40,10,15,20,60,15,10,10,15,15,50,10,10,10,10,15,30,15,10,0,0,0,0,210100
179501,Hamilton Lake North,Hamilton Lake North,0.97736926,1.54096831,6214.895760160432,1711.9,1.7119000000000002,220.2,Unichem Hamilton Pharmacy,Waikato,    179501 Hamilton Lake North,1330,32.5,190,90,50,50,660,90,150,150,160,100,340,70,60,70,60,70,140,50,40,30,20,0,10,179501
179502,Hamilton Lake South,Hamilton Lake South,1.46724421,1.46724421,7808.6164776872365,935.8,0.9358,104.4,South City Health Pharmacy,Waikato,    179502 Hamilton Lake South,1090,36.6,190,60,60,70,420,50,60,100,110,100,310,60,70,60,50,70,170,50,50,30,20,10,10,179502
179600,Peachgrove,Peachgrove,1.43571286,1.43571286,7618.244209163783,429.9,0.4299,67.8,Woolworths Pharmacy Claudelands,Waikato,    179600 Peachgrove,1870,35.4,300,90,100,110,750,120,170,170,150,130,480,110,90,100,100,80,340,70,50,50,50,50,70,179600
210700,Akina Park,Akina Park,1.03128521,1.03128521,4685.585513420799,1228.8,1.2288,115.2,Unichem Russell Street Pharmacy,Hawkes Bay,    210700 Akina Park,1320,37.7,240,90,80,80,460,70,70,100,120,100,390,80,80,80,70,80,220,60,60,50,30,20,10,210700
179700,Hamilton East Village,Hamilton East Village,1.32122464,1.32122464,6164.649941294867,232.3,0.2323,43.0,Unichem Hamilton East Pharmacy,Waikato,    179700 Hamilton East Village,1830,31.5,260,100,80,90,940,150,220,220,210,140,450,100,100,80,80,90,170,60,30,30,20,10,10,179700
179801,Hamilton West,Hamilton West,0.39945882,0.39945882,3211.8293419734537,772.5,0.7725,71.6,Pharmacy 547,Waikato,    179801 Hamilton West,720,34,100,25,35,40,340,20,50,90,120,60,180,40,30,30,30,40,100,30,25,10,10,5,15,179801
180100,Melville North,Melville North,0.68833492,0.68833492,5261.7247513247385,895.1,0.8951,143.1,Pharmacy on Meade,Waikato,    180100 Melville North,1710,32.3,350,140,120,90,840,80,130,180,250,210,390,100,80,80,70,70,120,40,30,20,20,10,10,180100
180200,Hamilton East,Hamilton East,2.22122213,2.22122213,6511.9974681020785,1264.0,1.264,136.3,Unichem Grey Street Pharmacy,Waikato,    180200 Hamilton East,2180,35.8,410,140,140,130,820,130,140,180,200,170,640,140,140,130,110,110,310,100,80,70,40,10,10,180200
180300,Melville South,Melville South,0.98998375,0.98998375,6521.0452859288935,1294.0,1.294,137.4,Unichem Glenview Medical Pharmacy,Waikato,    180300 Melville South,1400,31.6,340,120,110,110,580,90,90,130,140,120,320,80,70,60,70,50,160,50,40,30,20,10,10,180300
180500,Bader,Bader,1.0960052,1.0960052,4852.967133600726,1372.3,1.3722999999999999,176.5,Unichem Glenview Medical Pharmacy,Waikato,    180500 Bader,1460,30.1,360,130,130,100,630,120,100,140,150,120,340,80,60,70,70,60,130,50,20,30,10,10,0,180500
186600,Strathmore (South Waikato District),Strathmore (South Waikato District),1.24910104,1.24910104,4816.079720595766,1183.7,1.1837,173.2,Unichem Health Centre Pharmacy - Tokoroa,Waikato,    186600 Strathmore (South Waikato district),1260,35.5,290,100,80,110,410,100,70,70,90,70,370,60,70,80,70,80,200,60,50,40,30,10,10,186600
180800,Silverdale (Hamilton City),Silverdale (Hamilton City),0.80222183,0.80222183,5029.045211624034,1658.6,1.6585999999999999,170.2,Hillcrest Healthcare Pharmacy,Waikato,    180800 Silverdale (Hamilton city),1240,30.1,210,70,70,80,580,90,190,130,100,80,290,70,70,70,40,50,160,40,40,40,20,20,10,180800
180900,Glenview,Glenview,0.89460263,0.89460263,4969.621760225089,1378.5,1.3785,148.9,Unichem Glenview Medical Pharmacy,Waikato,    180900 Glenview,1310,32.7,300,110,100,80,540,80,80,130,120,130,310,70,70,70,40,60,160,40,40,40,20,10,0,180900
318100,Templeton,Templeton,0.89855714,0.89855714,4502.6756604504035,452.0,0.452,48.0,Unichem Templeton Pharmacy,Canterbury,    318100 Templeton,890,41.5,140,50,45,50,290,50,45,55,70,70,310,55,50,60,70,70,160,55,35,35,15,10,5,318100
181200,Riverlea,Riverlea,1.73946538,1.73946538,7221.596672981865,1327.3,1.3273,135.6,Hillcrest Healthcare Pharmacy,Waikato,    181200 Riverlea,1490,40.2,250,60,90,110,490,130,110,80,80,90,490,100,100,100,100,90,260,80,70,50,30,20,10,181200
182900,Cambridge Park-River Garden,Cambridge Park-River Garden,3.01454135,3.01454135,7670.332684846613,3077.2,3.0772,301.7,Unichem Leamington Pharmacy,Waikato,    182900 Cambridge Park-River Garden,800,43.9,140,35,45,60,220,45,30,40,45,60,280,60,60,65,55,45,160,45,45,45,15,10,5,182900
181600,Lake Cameron,Lake Cameron,51.515189529999994,51.515189529999994,46182.44956207977,5870.6,5.8706000000000005,408.0,Unichem Glenview Medical Pharmacy,Waikato,    181600 Lake Cameron,840,37.2,150,45,50,55,310,60,65,50,70,60,270,50,50,65,55,50,120,40,30,25,15,10,0,181600
183000,Oaklands-St Kilda,Oaklands-St Kilda,1.68238876,1.68238876,6732.192167703382,4017.5,4.0175,404.8,Woolworths Pharmacy Cambridge,Waikato,    183000 Oaklands-St Kilda,990,46.8,190,40,65,90,200,55,20,30,40,50,340,70,95,70,45,60,260,45,50,55,50,35,20,183000
181900,Pirongia,Pirongia,3.26991139,3.26991139,9420.519604538724,12167.7,12.1677,736.7,Bargain Chemist Te Awamutu,Waikato,    181900 Pirongia,670,45,120,30,45,50,170,40,35,20,25,50,230,40,40,50,60,45,140,55,35,30,15,5,5,181900
183200,Cambridge Central,Cambridge Central,2.81676187,2.81676187,10118.957995776342,1060.3,1.0603,126.9,Woolworths Pharmacy Cambridge,Waikato,    183200 Cambridge Central,490,59.9,60,15,20,20,90,15,10,20,25,25,130,20,20,30,30,30,210,25,35,45,35,40,30,183200
188501,Nukuhau,Nukuhau,0.80918894,0.83489157,4953.448284048083,1552.6,1.5526,150.1,Unichem MainStreet Taupo Pharmacy,Lakes,    188501 Nukuhau,800,42.2,130,40,45,45,250,40,35,45,60,65,250,45,55,50,45,55,170,55,40,35,25,15,10,188501
182201,Te Rahu,Te Rahu,54.04491008,54.04491008,41447.58406009539,10236.1,10.2361,547.2,Bargain Chemist Te Awamutu,Waikato,    182201 Te Rahu,450,42.1,80,25,25,30,140,25,20,25,30,40,150,25,25,30,35,30,80,30,25,15,10,5,0,182201
182300,Fencourt,Fencourt,25.196439650000002,25.196439650000002,28547.208033639894,7255.0,7.255,565.1,Woolworths Pharmacy Cambridge,Waikato,    182300 Fencourt,410,44,60,15,20,25,130,35,40,20,15,20,150,20,30,35,30,30,70,20,20,20,10,0,0,182300
182500,Karapiro,Karapiro,190.81709178000003,190.81709178000003,78609.24542218605,10672.9,10.6729,973.2,Woolworths Pharmacy Cambridge,Waikato,    182500 Karapiro,1350,41.8,250,80,80,90,390,100,70,50,80,80,510,90,80,130,110,100,200,70,50,40,30,10,0,182500
183300,Te Awamutu North,Te Awamutu North,2.81794673,2.81794673,13996.04704426852,1604.7,1.6047,161.6,Bargain Chemist Te Awamutu,Waikato,    183300 Te Awamutu North,630,42,100,30,40,35,200,40,30,40,45,40,190,40,45,30,35,40,140,35,35,30,20,10,10,183300
183401,Te Awamutu West,Te Awamutu West,1.18280241,1.18280241,4927.38996537107,1922.3,1.9223,224.3,Bargain Chemist Te Awamutu,Waikato,    183401 Te Awamutu West,750,38.4,140,55,55,35,250,40,40,50,55,60,220,40,45,45,50,40,140,40,35,20,15,10,15,183401
183500,Leamington West,Leamington West,1.25638057,1.25638057,6109.655135942117,871.7,0.8717,136.8,Unichem Leamington Pharmacy,Waikato,    183500 Leamington West,880,49.1,140,55,40,40,230,35,40,45,50,60,220,40,45,45,45,50,290,45,45,75,65,45,20,183500
191101,Åmokoroa South,Omokoroa South,1.41783599,1.41783599,5963.134435451502,2120.7,2.1207,235.5,Omokoroa Pharmacy,Bay of Plenty,    191101 Omokoroa South,370,38.1,100,50,30,20,100,15,10,20,25,35,120,20,20,30,20,25,50,15,20,10,5,0,0,191101
183600,Goodfellow Park,Goodfellow Park,0.94961807,0.94961807,5577.20288847041,526.4,0.5264,66.2,Bargain Chemist Te Awamutu,Waikato,    183600 Goodfellow Park,1030,39.8,190,70,65,55,330,60,50,70,90,65,280,60,50,55,65,55,230,50,40,50,40,30,20,183600
183701,Leamington South,Leamington South,2.91232379,2.91232379,9976.016826678042,1393.6,1.3936,151.3,Unichem Leamington Pharmacy,Waikato,    183701 Leamington South,970,42.8,170,50,65,60,280,60,45,55,60,60,330,60,55,75,75,60,190,60,50,40,30,10,5,183701
183800,Leamington Central,Leamington Central,1.19303205,1.19303205,5985.023377376089,888.3,0.8883,125.9,Unichem Leamington Pharmacy,Waikato,    183800 Leamington Central,1350,35.3,280,100,90,90,490,70,80,100,150,100,360,70,80,80,70,70,220,70,40,50,20,20,10,183800
183900,Leamington East,Leamington East,1.41411396,1.41411396,5703.3334774656805,1185.9,1.1859000000000002,143.9,Unichem Leamington Pharmacy,Waikato,    183900 Leamington East,1150,42.7,200,60,70,70,340,70,60,50,90,80,340,60,60,90,70,60,270,60,60,70,40,20,20,183900
184000,Te Awamutu Stadium,Te Awamutu Stadium,1.16584443,1.16584443,4830.202305971193,1037.2,1.0372000000000001,114.1,Unichem Marshalls Pharmacy Te Awamutu,Waikato,    184000 Te Awamutu Stadium,1010,43.5,180,55,65,65,290,50,55,55,80,55,300,55,55,65,60,65,240,65,50,45,40,25,15,184000
184100,Te Awamutu Central,Te Awamutu Central,0.71240724,0.71240724,5001.775846885418,552.0,0.552,80.0,Unichem Marshalls Medical Pharmacy,Waikato,    184100 Te Awamutu Central,220,47.3,30,15,10,10,60,10,15,15,15,5,60,10,15,10,10,15,60,10,10,15,10,10,5,184100
192300,MaketÅ«,Maketu,5.154551229999999,5.154551229999999,13610.223745996751,14488.0,14.488,1129.8,Life Pharmacy Te Puke,Bay of Plenty,    192300 Maketu,730,43.4,130,45,45,35,200,35,40,50,45,35,240,40,40,45,50,65,160,55,45,30,15,5,5,192300
184201,Pekerau,Pekerau,4.00839586,4.00839586,14280.97994583271,1065.1,1.0651,156.8,Sanders Pharmacy,Waikato,    184201 Pekerau,1690,40.1,330,120,110,90,520,110,80,90,130,100,480,90,80,110,110,90,370,90,100,70,60,40,20,184201
184300,Fraser Street,Fraser Street,1.13512076,1.13512076,5888.93206467942,1349.3,1.3493,139.3,Unichem Marshalls Medical Pharmacy,Waikato,    184300 Fraser Street,790,48.3,130,45,50,35,200,40,35,35,45,50,240,40,45,40,60,50,230,50,45,40,40,25,25,184300
197000,Palm Beach North,Palm Beach North,1.09454161,1.09454161,5522.835848433779,2980.9,2.9809,331.7,My Pharmacy Pāpāmoa Plaza,Bay of Plenty,    197000 Palm Beach North,1800,35.5,390,130,120,140,640,110,120,110,160,140,560,150,120,110,100,90,210,70,60,40,30,10,0,197000
184501,St Leger,St Leger,6.56016973,6.56016973,15513.669381631831,3876.8,3.8768000000000002,447.2,Unichem Marshalls Medical Pharmacy,Waikato,    184501 St Leger,290,44.8,50,20,15,15,80,25,15,10,10,15,100,15,15,20,20,20,60,15,15,15,10,0,0,184501
329600,Charleston (Christchurch City),Charleston (Christchurch City),0.36094017,0.36094017,2753.8467887735237,475.9,0.4759,72.6,The Pharmacy @ Phillipstown,Canterbury,    329600 Charleston (Christchurch city),730,33.7,100,40,30,30,360,25,60,110,105,65,200,45,45,40,35,40,70,25,25,10,10,0,0,329600
184900,Maungatautari,Maungatautari,113.00375514999999,113.00375514999999,58926.675863078046,14887.2,14.8872,955.1,Unichem Leamington Pharmacy,Waikato,    184900 Maungatautari,470,42.9,100,30,25,40,120,20,20,20,35,30,170,30,20,35,45,40,80,35,20,10,5,5,5,184900
185000,Rotongata,Rotongata,211.55378481999998,211.55378481999998,90148.61727683741,26587.7,26.5877,1698.6,Unichem Marshalls Medical Pharmacy,Waikato,    185000 Rotongata,440,37,110,35,35,40,130,30,20,20,35,35,140,35,25,25,30,25,50,20,10,10,0,5,0,185000
185500,Åtorohanga,Otorohanga,5.074022240000001,5.074022240000001,13245.609215425933,836.6,0.8366,101.7,Unichem Otorohanga Pharmacy,Waikato,    185500 Otorohanga,1670,36.5,340,130,90,130,570,140,90,110,120,110,410,90,70,80,100,80,350,90,80,60,50,40,30,185500
186300,Parkdale,Parkdale,2.53785034,2.53785034,7986.151757748779,1223.3,1.2233,103.2,Unichem Tokoroa Pharmacy,Waikato,    186300 Parkdale,430,41.1,90,30,35,30,120,15,20,35,35,20,140,15,25,30,35,35,80,30,20,10,10,5,5,186300
186000,PutÄruru,Putaruru,6.813975250000001,6.813975250000001,21651.45944284127,838.6,0.8386,91.4,Unichem Putaruru Pharmacy,Waikato,    186000 Putaruru,2410,42.9,500,160,160,190,640,150,120,110,140,120,670,100,110,150,150,160,600,150,130,120,90,60,50,186000
186500,Stanley Park,Stanley Park,1.15485789,1.15485789,5054.391387597818,1069.1,1.0691,120.4,Unichem Tokoroa Pharmacy,Waikato,    186500 Stanley Park,1220,37,290,90,90,100,360,90,60,70,80,60,360,60,70,80,70,90,220,70,50,40,30,20,10,186500
329700,Sydenham South,Sydenham South,0.55424994,0.55424994,3096.465671361592,559.2,0.5592,68.1,Christchurch South Pharmacy (Hardings Pharmacy),Canterbury,    329700 Sydenham South,1460,35.4,220,90,60,60,640,50,90,160,200,140,370,80,80,70,80,60,240,50,40,40,40,40,30,329700
186700,Tokoroa Central,Tokoroa Central,4.70189641,4.70189641,14464.655913598033,1919.3,1.9193,246.3,Unichem Tokoroa Pharmacy,Waikato,    186700 Tokoroa Central,570,43.8,130,40,40,45,140,35,25,25,30,25,200,25,35,55,35,55,100,30,25,25,10,10,5,186700
186800,Moananui,Moananui,1.67889865,1.67889865,6737.489794637315,1981.1,1.9810999999999999,262.2,Unichem Health Centre Pharmacy - Tokoroa,Waikato,    186800 Moananui,1610,35,390,120,120,150,500,110,90,90,130,90,470,80,100,110,90,90,250,70,70,50,30,20,10,186800
187200,Aria,Aria,531.75793862,531.75793862,145682.6431218209,32627.6,32.6276,2110.5,Unichem Te Kuiti Pharmacy,Waikato,    187200 Aria,610,39.7,140,50,45,45,170,30,30,30,45,25,200,45,30,35,45,45,100,30,35,15,10,5,5,187200
329800,Bexley,Bexley,0.8988086,0.8988086,4036.3813202887136,435.4,0.43539999999999995,46.9,Eastern Pharmacy Aranui,Canterbury,    329800 Bexley,1310,36.8,240,80,80,80,460,80,110,90,110,90,410,70,90,100,70,80,190,50,60,30,20,20,10,329800
187300,Te KÅ«iti West,Te Kuiti West,2.591583690000001,2.591583690000001,12106.556796382896,811.9,0.8119,120.5,Unichem Te Kuiti Pharmacy,Waikato,    187300 Te Kuiti West,1290,41,270,90,100,90,360,70,70,80,80,60,380,70,60,70,90,90,270,60,70,50,40,30,20,187300
187400,Te KÅ«iti East,Te Kuiti East,5.82015669,5.82015669,15207.0270323402,1242.5,1.2425,189.4,Unichem Te Kuiti Pharmacy,Waikato,    187400 Te Kuiti East,980,37.7,240,80,90,70,280,40,50,70,60,50,310,50,50,50,80,80,160,50,40,30,20,10,10,187400
187500,Waipa Valley,Waipa Valley,817.6497254,817.6497254,203629.76059523664,20735.7,20.7357,1190.8,Unichem Te Kuiti Pharmacy,Waikato,    187500 Waipa Valley,590,42.2,130,30,45,50,150,35,35,35,30,25,220,40,40,45,45,45,90,35,20,20,5,10,5,187500
187600,Tiroa,Tiroa,182.31571301,182.31571301,68477.4840391982,53966.0,53.966,3310.5,Unichem Te Kuiti Pharmacy,Waikato,    187600 Tiroa,20,32.3,0,0,0,0,10,0,0,5,0,0,10,0,0,0,0,0,0,0,0,0,0,0,0,187600
187701,Marotiri,Marotiri,740.9813109300003,740.9813109300003,147886.51855236967,37060.5,37.0605,1837.6,Unichem MainStreet Taupo Pharmacy,Lakes,    187701 Marotiri,840,35.2,200,55,60,80,280,55,40,55,70,60,280,65,50,55,55,50,80,35,25,15,10,0,0,187701
187702,Mangakino,Mangakino,3.209695299999999,3.209695299999999,8845.994968215697,36308.1,36.308099999999996,1840.9,Unichem Health Centre Pharmacy - Tokoroa,Waikato,    187702 Mangakino,440,50,70,20,20,25,110,25,25,20,25,20,140,20,20,25,40,35,120,40,40,15,10,10,5,187702
188002,Kinloch,Kinloch,4.64276796,4.658054750000001,14914.613146217525,20970.3,20.970299999999998,1203.4,Unichem MainStreet Taupo Pharmacy,Lakes,    188002 Kinloch,580,53.4,80,20,20,35,100,25,5,15,20,35,240,30,40,60,50,60,160,60,55,30,10,5,0,188002
188502,Rangatira Park,Rangatira Park,2.03596243,2.03596243,7810.12844124681,2647.2,2.6471999999999998,246.1,Unichem MainStreet Taupo Pharmacy,Lakes,    188502 Rangatira Park,630,54.8,70,20,25,25,140,25,25,20,25,40,210,25,35,50,50,50,220,45,50,55,35,25,10,188502
206200,Mangapapa East,Mangapapa East,1.65718797,1.65718797,6564.825892108325,1117.3,1.1173,143.8,Gordon's Pharmacy,Tairawhiti,    206200 Mangapapa East,700,39.7,140,50,45,45,210,45,40,35,45,50,240,45,45,45,45,60,100,30,35,20,10,5,5,206200
188300,Acacia Bay,Acacia Bay,7.148411350000001,7.148411350000001,17552.205383559154,7393.4,7.3934,604.6,Unichem MainStreet Taupo Pharmacy,Lakes,    188300 Acacia Bay,910,53.5,120,25,40,55,160,45,20,25,35,35,370,65,60,75,80,85,260,75,95,55,30,5,5,188300
188400,Brentwood (Taupo District),Brentwood (Taupo District),3.55819529,3.55819529,9197.475583424603,3360.5,3.3605,321.1,Unichem MainStreet Taupo Pharmacy,Lakes,    188400 Brentwood (Taupo district),1150,52.7,180,40,70,70,230,40,30,40,60,60,360,70,60,70,80,80,380,90,100,90,60,30,10,188400
335201,Rolleston TauwharekÄkaho,Rolleston Tauwharekakaho,1.3834302,1.3834302,5464.14851073668,41.5,0.0415,14.0,Unichem Rolleston Central Pharmacy,Canterbury,    335201 Rolleston Tauwharekakaho,1470,38.6,310,90,90,120,460,130,70,60,90,120,550,130,140,130,80,70,150,60,50,30,10,10,0,335201
188600,TaupÅ Central West,Taupo Central West,1.35510943,1.36818295,6468.569515618172,356.0,0.356,34.2,Chemist Warehouse Taupō,Lakes,    188600 Taupo Central West,210,39.5,20,10,10,5,80,10,10,20,35,10,60,10,15,10,10,15,40,15,10,5,5,5,5,188600
188701,Tauhara,Tauhara,1.84628171,1.84628171,7165.218168099921,3298.7,3.2986999999999997,312.6,Unichem Medical Centre Pharmacy Taupo,Lakes,    188701 Tauhara,940,32.3,230,75,70,80,360,55,65,80,90,70,250,55,50,50,50,40,100,35,35,15,10,10,0,188701
188702,Centennial,Centennial,9.86321433,9.86321433,16897.478573332406,5477.8,5.4778,408.9,Unichem Medical Centre Pharmacy Taupo,Lakes,    188702 Centennial,40,44.6,10,0,0,0,20,0,5,0,5,0,20,5,0,5,5,5,10,0,0,0,0,0,0,188702
188800,TaupÅ Central East,Taupo Central East,1.0945717,1.0945717,5716.552506108536,748.5,0.7485,72.7,Chemist Warehouse Taupō,Lakes,    188800 Taupo Central East,1340,38,250,100,70,80,450,70,90,90,110,100,380,70,70,80,70,80,260,70,60,50,30,30,20,188800
189000,Bird Area,Bird Area,1.18044186,1.18044186,4980.4645550436835,1105.3,1.1053,106.5,Unichem Medical Centre Pharmacy Taupo,Lakes,    189000 Bird Area,1230,46.8,210,70,70,70,290,70,30,60,60,80,430,80,90,80,80,90,300,80,90,60,50,20,10,189000
189102,Invergarry,Invergarry,0.89499518,0.89499518,4454.130815311711,3547.8,3.5478,336.1,Unichem Medical Centre Pharmacy Taupo,Lakes,    189102 Invergarry,440,40.4,80,30,25,30,130,30,25,25,25,30,140,35,25,25,30,30,80,25,25,15,10,5,5,189102
189200,Waipahihi,Waipahihi,2.465092099999999,2.465092099999999,7210.898176690563,3551.2,3.5511999999999997,325.8,Unichem Medical Centre Pharmacy Taupo,Lakes,    189200 Waipahihi,1180,46.8,200,60,70,60,280,60,40,40,70,80,370,80,70,70,70,80,330,90,90,70,40,20,10,189200
193100,Bellevue,Bellevue,1.71527159,1.71527159,6788.453200819007,1657.8,1.6578,187.9,Unichem Brookfield Pharmacy,Bay of Plenty,    193100 Bellevue,2190,35.9,470,140,140,190,760,170,130,120,170,160,710,150,150,150,140,110,250,90,60,50,40,10,10,193100
335202,Rolleston North East,Rolleston North East,1.59264006,1.59264006,5361.523925195911,1872.2,1.8722,220.3,Unichem Rolleston Central Pharmacy,Canterbury,    335202 Rolleston North East,1390,36.3,290,90,110,90,520,80,60,80,150,150,440,130,100,80,70,60,150,50,50,20,10,10,0,335202
189300,Richmond Heights,Richmond Heights,1.36517655,1.36517655,7010.383955010092,4019.2,4.0192,374.8,Unichem Medical Centre Pharmacy Taupo,Lakes,    189300 Richmond Heights,1300,39.1,270,90,100,80,400,70,70,60,90,110,400,90,70,80,70,80,230,70,60,50,30,10,10,189300
189400,Wharewaka,Wharewaka,5.70188884,5.70188884,15837.010291921482,7229.3,7.2293,540.1,Unichem Medical Centre Pharmacy Taupo,Lakes,    189400 Wharewaka,850,55.4,120,40,55,25,180,25,25,30,45,55,230,35,45,45,45,60,330,70,75,75,50,30,25,189400
189600,Waitahanui,Waitahanui,120.64320579,120.64320579,61694.71571333466,14370.8,14.3708,1708.2,Unichem Medical Centre Pharmacy Taupo,Lakes,    189600 Waitahanui,440,44,80,35,25,25,120,25,20,25,25,25,140,25,25,25,30,35,90,30,30,20,10,5,0,189600
193201,OtÅ«moetai North,Otumoetai North,0.94975502,0.94975502,4785.575253719078,743.8,0.7437999999999999,93.9,Unichem Otumoetai Pharmacy,Bay of Plenty,    193201 Otumoetai North,1230,51,190,60,60,70,270,50,30,40,70,70,390,80,60,80,80,90,380,90,90,70,70,40,30,193201
335301,Rolleston South West,Rolleston South West,1.86233553,1.86233553,6584.348000806937,4655.4,4.655399999999999,486.0,Unichem Rolleston Village Pharmacy,Canterbury,    335301 Rolleston South West,820,36.4,200,70,60,70,260,70,40,30,55,70,260,60,55,75,40,35,100,35,25,20,15,5,5,335301
190400,Athenree,Athenree,1.26347201,1.26347201,7397.797194465178,6890.3,6.8903,545.2,Waihi Beach Chemist,Bay of Plenty,    190400 Athenree,460,56.5,60,20,20,20,90,20,15,15,20,25,150,25,25,30,30,50,160,50,45,30,20,5,5,190400
193700,Mount Maunganui South,Mount Maunganui South,0.94187361,0.94187361,4596.207963782213,1095.3,1.0953,112.9,Maunganui Road Pharmacy,Bay of Plenty,    193700 Mount Maunganui South,1610,40.2,260,90,90,90,540,60,70,130,160,130,560,120,110,120,100,110,250,100,60,50,30,10,10,193700
198500,Selwyn Heights,Selwyn Heights,0.89464645,0.89464645,4827.631791676493,1084.0,1.084,112.0,Fairy Springs Pharmacy,Lakes,    198500 Selwyn Heights,600,33.3,130,50,40,40,240,50,50,40,50,50,160,35,30,30,30,30,70,20,25,10,10,0,5,198500
190602,Katikati South,Katikati South,4.60933865,4.60933865,13019.832631581323,2097.8,2.0978000000000003,215.5,Unichem Katikati Health Pharmacy,Bay of Plenty,    190602 Katikati South,1460,50.4,240,80,80,80,340,60,40,70,100,70,390,70,70,70,80,90,490,100,110,120,100,40,20,190602
198600,Pleasant Heights,Pleasant Heights,1.34841787,1.34841787,7119.785718395743,1548.1,1.5480999999999998,156.7,Western Heights Pharmacy,Lakes,    198600 Pleasant Heights,1160,31.9,320,110,100,110,390,80,70,70,90,70,320,70,60,70,70,60,130,50,30,30,10,0,0,198600
191001,Åmokoroa North,Omokoroa North,3.82608811,3.82608811,13889.810040372222,669.4,0.6694,103.4,Omokoroa Pharmacy,Bay of Plenty,    191001 Omokoroa North,2100,58.3,320,90,100,130,310,70,30,50,70,100,610,100,110,130,120,150,860,200,210,190,140,70,40,191001
191502,Keenan Road,Keenan Road,2.59326402,2.59326402,8810.998580506963,4960.4,4.9604,413.6,Pyes Pa Pharmacy,Bay of Plenty,    191502 Keenan Road,130,44.7,20,5,10,10,30,10,10,5,5,5,50,5,5,15,10,10,20,5,5,5,0,0,0,191502
192101,Te Puke East,Te Puke East,2.17661664,2.17661664,7508.9431394091725,294.6,0.29460000000000003,43.2,My Pharmacy Te Puke,Bay of Plenty,    192101 Te Puke East,1510,36.3,280,80,90,100,550,80,90,110,160,110,380,70,80,80,70,80,310,80,60,50,40,50,30,192101
192102,Te Puke South,Te Puke South,1.844466730000001,1.844466730000001,7866.916009176076,1548.2,1.5482,194.4,Life Pharmacy Te Puke,Bay of Plenty,    192102 Te Puke South,1460,45.3,240,80,70,90,400,70,50,70,120,90,420,80,70,80,90,100,390,100,80,80,60,50,20,192102
192400,Pukehina Beach,Pukehina Beach,1.56627159,1.56627159,15008.809876089623,24738.7,24.7387,1781.8,Life Pharmacy Te Puke,Bay of Plenty,    192400 Pukehina Beach,430,52.4,60,15,30,20,80,10,15,10,15,25,190,35,30,30,45,50,100,45,25,15,10,5,0,192400
192600,Matua North,Matua North,1.24178264,1.24178264,5215.940385395635,2025.0,2.025,209.7,Unichem Otumoetai Pharmacy,Bay of Plenty,    192600 Matua North,1560,48.7,280,70,90,120,310,70,30,50,60,100,560,110,110,120,100,120,410,120,110,80,50,30,20,192600
198700,Rotoiti-Rotoehu,Rotoiti-Rotoehu,404.0237003700001,467.95612854000007,121217.45869924524,20121.0,20.121,1289.4,Tiaho Pharmacy,Lakes,    198700 Rotoiti-Rotoehu,1040,45.4,190,70,60,70,270,50,60,50,50,60,370,60,70,90,80,90,210,80,60,40,20,10,0,198700
192800,Mount Maunganui North,Mount Maunganui North,2.029019579999999,2.029019579999999,11089.281657572299,969.3,0.9692999999999999,124.5,Pharmacy 257,Bay of Plenty,    192800 Mount Maunganui North,1970,44.3,170,60,50,60,720,70,120,200,200,130,600,100,100,110,140,160,470,140,120,100,70,30,20,192800
194100,Te Reti,Te Reti,1.72312505,1.72312505,7083.303795829012,2233.0,2.233,245.4,Unichem Brookfield Pharmacy,Bay of Plenty,    194100 Te Reti,1060,37.8,220,60,70,90,340,70,60,60,80,80,340,80,70,80,50,60,160,50,40,30,20,10,10,194100
192900,Matua South,Matua South,1.20280848,1.20280848,8300.007318625729,1286.4,1.2864,133.8,Unichem Otumoetai Pharmacy,Bay of Plenty,    192900 Matua South,1320,48.1,200,60,80,70,330,60,60,60,80,80,420,80,60,90,90,90,360,90,80,80,50,30,30,192900
193000,Bethlehem North,Bethlehem North,5.12055101,5.12055101,10435.15208348856,653.3,0.6533,111.7,Chemist Warehouse Bethlehem,Bay of Plenty,    193000 Bethlehem North,1890,63.7,200,40,60,100,320,100,50,50,60,60,460,70,80,110,90,110,910,110,160,210,210,140,90,193000
193202,OtÅ«moetai East,Otumoetai East,1.418194070000001,1.418194070000001,5354.024828424628,337.8,0.3378,53.9,Bureta Pharmacy,Bay of Plenty,    193202 Otumoetai East,2020,44.4,340,90,130,120,540,90,60,100,140,140,690,150,120,150,140,140,450,100,120,90,70,40,20,193202
193400,Brookfield West,Brookfield West,1.05889334,1.05889334,4831.034717481026,575.5,0.5755,80.0,Unichem Brookfield Pharmacy,Bay of Plenty,    193400 Brookfield West,1720,36.6,350,120,120,110,600,90,100,120,160,130,480,100,100,110,80,90,300,80,60,70,50,30,10,193400
193500,Bethlehem Central,Bethlehem Central,4.267651310000001,4.267651310000001,11235.840190321594,1402.1,1.4021,131.0,Bethlehem Pharmacy,Bay of Plenty,    193500 Bethlehem Central,2350,52.6,330,70,110,160,490,140,70,80,90,120,780,110,150,170,170,180,750,180,200,190,110,50,20,193500
335302,Rolleston South Central,Rolleston South Central,1.5642791,1.5642791,5852.131877947221,2700.3,2.7003000000000004,281.2,Unichem Rolleston Village Pharmacy,Canterbury,    335302 Rolleston South Central,1280,39.6,290,60,100,120,360,110,50,50,70,90,500,120,120,110,80,70,130,50,40,20,10,0,0,335302
193800,Tauranga Central,Tauranga Central,3.461622230000001,3.698779040000001,19474.05214446029,981.6,0.9816,164.2,Life Pharmacy Tauranga,Bay of Plenty,    193800 Tauranga Central,1540,51.1,160,60,50,50,460,50,60,130,140,80,410,60,70,80,80,120,520,120,110,100,80,60,50,193800
193900,Mount Maunganui Central,Mount Maunganui Central,6.912766689999999,6.912766689999999,14465.281820530588,2561.4,2.5614,217.5,Central Parade & Dee Street Pharmacy Ltd,Bay of Plenty,    193900 Mount Maunganui Central,170,45.4,20,10,5,5,60,5,10,15,15,15,60,5,10,10,15,15,30,10,10,5,5,0,0,193900
194000,Judea,Judea,0.88360422,0.88360422,5424.189271771041,1162.3,1.1622999999999999,138.3,Unichem Brookfield Pharmacy,Bay of Plenty,    194000 Judea,1630,40.4,280,80,100,90,530,90,80,100,140,120,490,100,90,110,100,100,330,80,60,60,70,30,40,194000
335501,Faringdon,Faringdon,3.566075500000001,3.566075500000001,9064.072283765307,3393.2,3.3931999999999998,341.4,Unichem Rolleston Village Pharmacy,Canterbury,    335501 Faringdon,3040,33.4,780,280,300,200,1230,150,120,220,380,360,820,250,190,150,120,100,210,90,60,40,20,0,0,335501
194200,Bethlehem South,Bethlehem South,4.47289292,4.47289292,11183.058835577214,3716.5,3.7165,299.7,The Crossing Pharmacy,Bay of Plenty,    194200 Bethlehem South,580,47.8,90,15,25,45,140,40,35,25,15,25,250,40,40,60,55,50,100,35,25,20,10,5,5,194200
194300,Omanu Beach,Omanu Beach,1.02424816,1.02424816,5006.578813258261,828.4,0.8284,81.8,Central Parade & Dee Street Pharmacy Ltd,Bay of Plenty,    194300 Omanu Beach,1700,40.8,330,90,120,120,500,80,50,90,120,150,550,130,120,110,100,90,330,100,70,60,40,30,30,194300
194400,Tauranga Hospital,Tauranga Hospital,1.94102242,1.94102242,7207.342227719295,4849.0,4.849,329.4,MyPharmacy The Avenues,Bay of Plenty,    194400 Tauranga Hospital,1180,38.2,210,70,70,70,400,60,60,90,90,100,320,60,70,60,60,70,240,50,50,50,20,30,40,194400
195101,Pyes Pa North West,Pyes Pa North West,1.76217726,1.76217726,7145.367349060367,1331.8,1.3317999999999999,164.8,The Crossing Pharmacy,Bay of Plenty,    195101 Pyes Pa North West,1710,36.8,400,120,150,130,540,70,60,100,160,150,470,110,90,100,90,70,290,80,70,70,40,20,0,195101
194500,Tauriko,Tauriko,8.390637409999998,8.390637409999998,15138.690907679158,3791.6,3.7916,257.1,The Crossing Pharmacy,Bay of Plenty,    194500 Tauriko,190,37.4,40,15,10,15,60,15,10,10,10,15,60,10,5,20,10,15,30,15,5,5,5,0,0,194500
194601,Gate Pa,Gate Pa,1.76301415,1.76301415,6958.267302786169,1685.3,1.6853,250.6,Unichem Greerton Pharmacy,Bay of Plenty,    194601 Gate Pa,2130,33.7,440,170,130,140,850,120,150,170,240,170,550,120,110,110,110,110,280,80,60,50,40,30,20,194601
206300,Mangapapa South,Mangapapa South,0.84497871,0.84497871,4195.350352596255,738.7,0.7387,91.4,Gordon's Pharmacy,Tairawhiti,    206300 Mangapapa South,1070,34.9,250,70,80,90,370,80,60,60,90,80,300,70,60,60,60,60,150,50,30,30,20,10,10,206300
194700,Greerton South,Greerton South,2.80794408,2.80794408,12451.632039214057,949.6,0.9496,193.8,Unichem Greerton Pharmacy,Bay of Plenty,    194700 Greerton South,370,44,50,15,10,25,120,15,25,25,30,20,120,25,20,25,25,20,90,25,20,20,15,5,5,194700
194801,Tauranga South,Tauranga South,1.6792603,1.6792603,7029.770439948399,413.6,0.4136,59.1,MyPharmacy The Avenues,Bay of Plenty,    194801 Tauranga South,2190,46.7,320,110,110,100,640,110,100,120,160,140,690,100,130,160,150,140,550,170,110,90,80,40,50,194801
336901,Methven,Methven,4.765224849999998,4.765224849999998,12463.805327408862,32403.5,32.4035,1616.1,Searles Allenton Pharmacy (Ash) Ltd,Canterbury,    336901 Methven,990,40.2,160,50,60,50,330,60,40,70,90,80,320,70,70,70,60,50,180,60,40,30,30,10,10,336901
337100,Eiffelton,Eiffelton,433.58157663000003,434.67932679,104236.97692748037,9394.2,9.394200000000001,665.5,Woolworths Pharmacy Ashburton South,Canterbury,    337100 Eiffelton,1290,39.4,260,80,80,100,400,90,50,80,100,90,440,90,90,80,90,100,190,80,60,30,20,0,0,337100
195000,Matapihi,Matapihi,3.93998684,3.93998684,14066.174362721069,4453.9,4.4539,464.2,Life Pharmacy Bayfair,Bay of Plenty,    195000 Matapihi,430,37,90,30,35,30,140,35,20,30,20,30,140,30,25,30,25,30,60,25,15,10,5,0,0,195000
337200,Chertsey,Chertsey,572.51534916,572.51534916,117555.35540887756,23021.6,23.0216,1575.9,Wises Pharmacy,Canterbury,    337200 Chertsey,860,35.9,180,50,60,65,310,60,55,60,65,70,270,55,55,65,55,45,100,40,30,20,10,5,0,337200
337301,Winchmore-Wakanui,Winchmore-Wakanui,310.37000109999997,310.37000109999997,116745.37497676675,6061.9,6.0619,554.1,Netherby Pharmacy,Canterbury,    337301 Winchmore-Wakanui,750,40,150,35,60,55,230,45,30,45,55,55,240,45,40,50,50,55,140,45,40,30,10,5,0,337301
195102,Pyes Pa West,Pyes Pa West,2.87199261,2.87199261,9042.788680203581,3746.8,3.7468000000000004,295.2,The Crossing Pharmacy,Bay of Plenty,    195102 Pyes Pa West,1990,34.8,540,200,210,140,660,80,70,110,200,200,550,160,120,100,90,80,240,100,60,50,20,10,0,195102
195200,Greerton North,Greerton North,1.39541082,1.39541082,7833.647881685068,299.6,0.29960000000000003,36.0,Unichem Chadwick Pharmacy,Bay of Plenty,    195200 Greerton North,2030,39.3,380,140,120,110,660,90,100,150,170,150,520,110,100,110,90,120,480,100,100,100,70,70,40,195200
195300,Yatton Park,Yatton Park,0.90353931,0.90353931,4203.698417749821,1130.5,1.1305,149.4,Gate Pa Village Pharmacy,Bay of Plenty,    195300 Yatton Park,1470,32.4,350,120,110,120,560,110,100,110,130,110,380,90,70,70,70,80,170,60,50,30,20,10,10,195300
195401,Pyes Pa North,Pyes Pa North,1.46048964,1.46048964,7403.042405488287,1075.3,1.0753,105.6,Pyes Pa Pharmacy,Bay of Plenty,    195401 Pyes Pa North,2060,45,390,100,140,160,500,100,50,90,130,130,560,130,110,120,100,100,600,100,110,130,110,90,60,195401
195500,Arataki South,Arataki South,0.98724548,0.98724548,5059.8504307804005,468.7,0.4687,55.8,Your Pharmacy Mount Maunganui,Bay of Plenty,    195500 Arataki South,1770,35.8,350,120,110,120,660,100,80,130,190,150,500,130,110,100,80,90,260,60,70,50,40,20,20,195500
195601,Pyes Pa South,Pyes Pa South,2.34307448,2.34307448,8151.907530020519,907.3,0.9073,91.9,Pyes Pa Pharmacy,Bay of Plenty,    195601 Pyes Pa South,1460,48.4,190,40,70,80,380,120,80,60,50,70,550,90,100,150,120,90,330,70,80,80,70,30,10,195601
203800,Kawerau Industrial,Kawerau Industrial,5.82324334,5.82324334,13368.796764527377,2709.7,2.7096999999999998,215.9,Kawerau Pharmacy,Bay of Plenty,    203800 Kawerau Industrial,10,54.9,0,0,0,0,0,0,0,0,0,0,10,0,0,0,0,0,0,0,0,0,0,0,0,203800
195700,Poike,Poike,1.29175419,1.29175419,7101.240727354633,3505.6,3.5056,265.2,Unichem Chadwick Pharmacy,Bay of Plenty,    195700 Poike,500,30.3,120,45,35,35,220,45,40,45,45,40,130,25,25,25,20,25,40,15,15,10,0,0,0,195700
196100,Pyes Pa East,Pyes Pa East,2.43010398,2.43010398,9314.828325126336,2741.9,2.7419000000000002,215.0,Unichem Chadwick Pharmacy,Bay of Plenty,    196100 Pyes Pa East,370,44.1,60,10,15,35,90,35,15,20,10,15,140,30,25,30,30,25,70,25,25,10,5,0,0,196100
195900,Maungatapu,Maungatapu,1.68278998,1.68278998,9582.119400424146,668.6,0.6686,76.8,Maungatapu Pharmacy,Bay of Plenty,    195900 Maungatapu,1590,44.7,260,90,90,80,460,80,70,110,110,100,510,80,90,120,100,120,360,100,100,70,50,30,10,195900
196202,Pacific Lakes,Pacific Lakes,1.3366555,1.3366555,4944.8537500596785,459.9,0.4599,88.3,James Village Pharmacy (previously Girven Road Pharmacy),Bay of Plenty,    196202 Pacific Lakes,1640,53,240,70,90,80,310,70,40,50,70,80,490,100,110,110,80,100,600,110,140,170,110,40,10,196202
203901,Kawerau Central,Kawerau Central,1.75147365,1.75147365,6788.392605837659,541.8,0.5418,67.5,K-Town Pharmacy,Bay of Plenty,    203901 Kawerau Central,1290,37.1,290,90,100,100,410,90,70,70,90,90,380,70,70,80,60,100,220,70,70,50,20,10,10,203901
196000,Hairini,Hairini,1.84714377,1.84714377,8776.097643650804,2541.0,2.541,264.1,Maungatapu Pharmacy,Bay of Plenty,    196000 Hairini,1810,42.1,310,110,110,100,550,110,80,110,130,120,500,110,70,120,100,100,450,90,80,80,90,50,50,196000
196600,Welcome Bay West,Welcome Bay West,1.10930149,1.10930149,4566.432345111165,1533.9,1.5339,210.3,Welcome Bay Pharmacy,Bay of Plenty,    196600 Welcome Bay West,1610,34.6,370,130,120,110,580,110,90,120,130,130,480,90,100,100,100,80,180,70,50,30,20,10,0,196600
205700,Riverdale,Riverdale,1.24303439,1.24303439,5532.601900066039,2347.1,2.3470999999999997,209.8,Sean Shivnan Pharmacy,Tairawhiti,    205700 Riverdale,760,45,150,50,50,50,190,35,35,35,45,35,220,40,40,40,50,55,190,45,40,40,35,20,10,205700
196301,Kaitemako,Kaitemako,3.743297,3.743297,10964.83450408093,3144.1,3.1441,297.8,Welcome Bay Pharmacy,Bay of Plenty,    196301 Kaitemako,820,41.4,160,45,50,65,230,45,25,50,60,50,280,55,45,70,50,55,160,60,40,30,15,10,0,196301
196900,Welcome Bay South,Welcome Bay South,3.108467510000001,3.108467510000001,8962.13005760822,2498.9,2.4989,272.0,Welcome Bay Pharmacy,Bay of Plenty,    196900 Welcome Bay South,2110,38.1,450,120,170,170,670,150,100,100,150,160,700,150,150,150,130,130,290,100,90,60,30,10,0,196900
196500,Baypark-Kairua,Baypark-Kairua,12.932859449999999,12.932859449999999,25548.432738010226,5365.7,5.3656999999999995,535.0,James Village Pharmacy (previously Girven Road Pharmacy),Bay of Plenty,    196500 Baypark-Kairua,470,34.5,110,40,30,40,160,30,30,40,30,30,130,25,25,30,25,25,70,25,15,10,5,0,5,196500
197200,Papamoa Beach North,Papamoa Beach North,1.39820071,1.39820071,5850.833299295383,1386.1,1.3860999999999999,168.7,My Pharmacy Pāpāmoa Plaza,Bay of Plenty,    197200 Papamoa Beach North,1550,37.6,330,120,110,100,510,90,70,90,120,130,500,110,100,110,100,90,210,70,60,30,30,10,10,197200
197300,Doncaster,Doncaster,2.89134179,2.89134179,9301.737716590455,1960.4,1.9604000000000001,274.7,Tara Road Pharmacy,Bay of Plenty,    197300 Doncaster,1860,40.4,400,120,130,150,510,110,50,80,130,130,620,160,120,130,110,100,320,80,90,80,50,10,10,197300
197400,Papamoa Beach South,Papamoa Beach South,1.37883001,1.37883001,7434.661494643222,1432.3,1.4323,136.7,Tara Road Pharmacy,Bay of Plenty,    197400 Papamoa Beach South,1590,40.5,300,90,100,110,480,100,80,70,110,110,510,100,120,100,90,100,290,90,80,60,30,10,10,197400
206400,Te Hapara East,Te Hapara East,0.94824062,0.94824062,4969.1933519286495,1095.4,1.0954000000000002,103.2,Sean Shivnan Pharmacy,Tairawhiti,    206400 Te Hapara East,1080,41.1,200,50,70,80,320,60,50,60,80,70,340,70,70,60,80,70,220,60,50,40,30,20,10,206400
197500,Motiti,Motiti,1.24756749,1.24756749,5963.788717446723,591.3,0.5912999999999999,88.1,Unichem Excelsa Pharmacy,Bay of Plenty,    197500 Motiti,1930,41.8,440,110,170,160,460,110,50,60,90,140,700,160,150,160,120,110,330,110,90,70,30,10,10,197500
197602,Wairakei Central,Wairakei Central,1.37198887,1.37198887,5242.756970237225,1298.9,1.2989000000000002,126.6,My Pharmacy Whitiora Health Centre,Bay of Plenty,    197602 Wairakei Central,790,42.8,170,50,65,55,190,40,20,30,45,55,270,65,60,50,50,50,160,60,50,30,10,5,5,197602
198800,Kawaha,Kawaha,1.03152641,1.03152641,4709.14205984065,2075.6,2.0756,236.3,Fairy Springs Pharmacy,Lakes,    198800 Kawaha,990,41.4,180,60,60,60,300,50,50,60,65,70,340,70,60,70,65,80,170,50,55,40,25,5,5,198800
198900,Fairy Springs,Fairy Springs,0.73663897,0.73663897,5388.338063980977,681.8,0.6818,117.7,Fairy Springs Pharmacy,Lakes,    198900 Fairy Springs,990,36,220,70,70,85,320,65,50,70,75,70,310,75,65,60,55,50,130,35,35,35,15,10,0,198900
199000,Western Heights (Rotorua District),Western Heights (Rotorua District),1.02806477,1.02806477,4971.380751159577,1009.3,1.0092999999999999,112.4,Western Heights Pharmacy,Lakes,    199000 Western Heights (Rotorua district),1300,30.6,370,120,110,130,460,90,90,90,100,90,360,90,80,70,60,60,110,40,30,20,10,10,0,199000
197603,Wairakei East-Te Tumu,Wairakei East-Te Tumu,9.944619100000004,9.944619100000004,19283.808835094824,8683.9,8.6839,1206.7,Tara Road Pharmacy,Bay of Plenty,    197603 Wairakei East-Te Tumu,2250,36.2,510,180,180,150,760,100,90,130,230,210,520,170,120,90,60,80,460,120,150,120,50,20,10,197603
199200,Pukehangi South,Pukehangi South,1.11182854,1.11182854,5432.239089415294,4045.2,4.0451999999999995,385.5,Western Heights Pharmacy,Lakes,    199200 Pukehangi South,1380,41.7,260,80,80,100,400,80,60,80,90,90,440,80,90,90,90,90,270,80,60,50,40,30,20,199200
198000,Hamurana,Hamurana,8.353725760000001,8.353725760000001,17868.273552887353,8871.2,8.8712,591.1,Ngongotaha Pharmacy,Lakes,    198000 Hamurana,570,50.8,80,30,20,35,110,30,20,20,20,25,250,35,45,50,55,70,120,40,35,20,15,10,5,198000
200500,Glenholme North,Glenholme North,0.84327423,0.84327423,4178.705756878007,742.2,0.7422000000000001,72.2,Ranolf Pharmacy,Lakes,    200500 Glenholme North,1540,37.6,290,100,90,90,530,80,80,120,160,90,430,90,80,90,90,90,300,80,70,60,40,30,20,200500
198100,NgongotahÄ East,Ngongotaha East,2.87177755,2.87177755,11606.071310049045,2657.7,2.6576999999999997,347.5,Ngongotaha Pharmacy,Lakes,    198100 Ngongotaha East,1000,41.9,180,50,60,70,300,60,60,50,70,50,340,60,60,70,80,70,190,60,50,40,30,10,10,198100
200600,Springfield South,Springfield South,1.18667943,1.18667943,5434.653288557645,2826.2,2.8261999999999996,273.6,Pharmacy Westend Ltd,Lakes,    200600 Springfield South,1040,46.1,200,60,70,70,240,40,40,40,50,60,390,60,80,80,80,90,210,60,50,50,40,10,10,200600
198200,NgongotahÄ West,Ngongotaha West,1.44456738,1.44456738,7445.089070741339,892.7,0.8927,149.1,Ngongotaha Pharmacy,Lakes,    198200 Ngongotaha West,880,39.5,190,65,65,60,250,50,35,50,55,65,270,55,50,65,40,60,160,55,35,35,25,15,5,198200
200700,Springfield North,Springfield North,1.30137561,1.30137561,6586.897004531877,1994.0,1.994,195.4,Pharmacy Westend Ltd,Lakes,    200700 Springfield North,890,44.9,140,45,45,55,240,50,25,40,65,65,300,65,55,55,55,70,210,50,55,30,35,15,20,200700
198400,NgongotahÄ South,Ngongotaha South,8.59007565,8.59007565,16755.28463185011,3268.2,3.2681999999999998,613.9,Fairy Springs Pharmacy,Lakes,    198400 Ngongotaha South,770,44.4,130,50,45,35,220,55,25,40,45,50,250,40,50,55,45,60,170,45,45,40,20,10,10,198400
199300,Mangakakahi Central,Mangakakahi Central,1.79159183,1.79159183,8031.732080932738,1703.7,1.7037,142.1,Fairy Springs Pharmacy,Lakes,    199300 Mangakakahi Central,60,49.9,10,0,0,5,20,5,5,5,5,5,30,5,5,5,10,5,10,5,5,5,0,0,0,199300
199400,Koutu,Koutu,0.962155,0.962155,4860.708683381293,2238.6,2.2386,221.1,Unichem Central Pharmacy Rotorua,Lakes,    199400 Koutu,1130,33.6,270,90,90,90,410,70,70,80,100,80,300,60,60,80,50,60,150,50,40,30,10,10,0,199400
199600,Sunnybrook,Sunnybrook,2.08582528,2.08582528,7297.687578358138,3555.8,3.5558,325.6,Pharmacy Westend Ltd,Lakes,    199600 Sunnybrook,1160,37.2,250,80,60,100,370,70,60,70,90,80,370,60,80,90,90,50,170,50,40,40,20,10,10,199600
199700,Fordlands,Fordlands,0.9880121,0.9880121,6205.745296771796,2972.3,2.9723,278.0,Hinemoa Pharmacy,Lakes,    199700 Fordlands,1450,31.4,360,110,120,130,540,120,110,90,110,110,400,90,80,80,60,80,140,60,40,20,20,10,0,199700
199800,Kuirau,Kuirau,1.21317958,1.21317958,6092.233959163397,1619.3,1.6193,209.6,Hinemoa Pharmacy,Lakes,    199800 Kuirau,640,35.1,130,50,35,50,230,40,45,45,60,40,180,35,30,40,40,40,100,40,25,15,15,5,0,199800
200000,Pomare,Pomare,1.36824281,1.36824281,8248.432568768518,3113.0,3.113,301.5,Pharmacy Westend Ltd,Lakes,    200000 Pomare,940,43.2,150,30,55,70,270,55,50,40,60,65,310,65,60,70,60,55,200,65,55,35,25,15,10,200000
202800,Trident,Trident,1.81128192,1.81128192,6922.589728779779,1228.1,1.2281,131.5,Unichem Kope Pharmacy,Bay of Plenty,    202800 Trident,1830,42.1,360,120,130,110,510,120,90,100,100,110,530,90,100,120,110,110,420,90,90,80,70,60,40,202800
200100,Rotorua Central,Rotorua Central,1.77381636,1.77381636,8316.28927870096,680.4,0.6804,109.2,Lakes Care Day Night Pharmacy,Lakes,    200100 Rotorua Central,300,38.9,20,5,5,5,140,10,20,30,45,35,100,15,15,25,20,20,50,15,10,5,5,5,5,200100
200200,Hillcrest (Rotorua District),Hillcrest (Rotorua District),0.81457984,0.81457984,4579.568368105058,924.1,0.9241,88.1,Pharmacy Westend Ltd,Lakes,    200200 Hillcrest (Rotorua district),1040,34.4,220,60,70,80,390,80,70,70,100,70,310,60,70,60,60,50,120,50,30,20,10,10,0,200200
200300,Victoria,Victoria,0.51768215,0.51768215,3789.421653617988,424.8,0.4248,43.6,Ranolf Pharmacy,Lakes,    200300 Victoria,1270,34.7,220,90,70,70,540,50,60,140,190,110,320,60,50,80,70,50,190,60,40,30,30,10,10,200300
200900,Åwhata West,Owhata West,3.32829464,3.32829464,8928.16357982059,1203.5,1.2035,144.4,Owhata Medical Centre Pharmacy,Lakes,    200900 Owhata West,1720,35.6,420,130,140,150,560,110,90,90,130,140,480,110,100,110,80,90,260,80,70,50,30,20,10,200900
201001,Holdens Bay-Rotokawa,Holdens Bay-Rotokawa,5.49576745,5.49576745,13217.623960226423,2470.9,2.4709,208.8,Tiaho Pharmacy,Lakes,    201001 Holdens Bay-Rotokawa,640,39.2,120,35,35,50,210,35,30,40,50,50,220,40,35,50,50,40,100,40,25,20,10,5,0,201001
201100,Ngapuna,Ngapuna,3.49022753,3.49022753,10359.900522262085,951.2,0.9512,155.3,Te Ngae Pharmacy,Lakes,    201100 Ngapuna,170,38.3,40,10,10,15,50,5,10,10,15,10,60,15,10,15,10,10,30,15,10,5,0,0,0,201100
201200,Fenton Park,Fenton Park,1.01087266,1.01087266,4995.226831556079,1371.8,1.3718,137.5,Woolworths Pharmacy Rotorua,Lakes,    201200 Fenton Park,1010,38.3,170,65,55,50,360,35,55,80,110,70,240,55,50,45,45,45,250,45,45,50,35,40,35,201200
201300,Tihiotonga-Whakarewarewa,Tihiotonga-Whakarewarewa,3.28398814,3.28398814,10070.15856530756,2621.2,2.6212,233.6,Woolworths Pharmacy Rotorua,Lakes,    201300 Tihiotonga-Whakarewarewa,440,41.7,80,25,25,25,130,25,20,25,35,30,150,35,20,20,30,40,80,25,20,15,10,5,5,201300
201501,Lynmore,Lynmore,2.19842501,2.19842501,8075.871592009853,1615.6,1.6156,213.8,Te Ngae Pharmacy,Lakes,    201501 Lynmore,1760,44.6,310,90,90,130,450,120,80,60,90,110,660,130,140,140,120,140,330,90,90,70,50,30,10,201501
201600,Ngakuru,Ngakuru,446.44364124000003,446.44364124000003,116991.61487547643,25581.1,25.5811,1458.8,Pharmacy Westend Ltd,Lakes,    201600 Ngakuru,970,37.2,210,60,75,70,300,65,60,50,70,60,330,55,60,85,70,65,120,50,30,25,10,0,5,201600
201700,Kaingaroa-Whakarewarewa,Kaingaroa-Whakarewarewa,465.81883267999996,530.6554627700001,122378.19264198298,41364.9,41.3649,3033.2,Pharmacy Westend Ltd,Lakes,    201700 Kaingaroa-Whakarewarewa,940,43.5,190,50,70,70,250,55,40,50,55,50,360,50,70,80,70,95,150,60,45,20,15,5,0,201700
201800,Golden Springs,Golden Springs,498.91605260999995,498.91605260999995,120511.15406732152,41144.3,41.1443,2006.0,Pharmacy Westend Ltd,Lakes,    201800 Golden Springs,910,34.4,220,80,65,75,330,75,60,50,65,80,280,60,70,45,45,60,90,45,20,10,10,5,0,201800
201900,Manawahe,Manawahe,267.00333474999996,267.00333474999996,75248.25527598009,20010.2,20.0102,2224.0,Edgecumbe Pharmacy,Bay of Plenty,    201900 Manawahe,580,50.1,110,45,35,25,120,20,15,20,30,35,220,30,30,40,60,65,120,55,30,25,10,0,0,201900
202000,MatatÄ-Otakiri,Matata-Otakiri,87.44270897999999,87.44270897999999,50687.95256534501,6046.9,6.0469,779.5,Edgecumbe Pharmacy,Bay of Plenty,    202000 Matata-Otakiri,910,43.4,180,50,65,65,240,55,40,40,60,50,300,50,45,65,75,70,190,70,55,35,15,5,5,202000
202100,Onepu Spring,Onepu Spring,98.95001113999999,98.95001113999999,77909.0015925729,6839.3,6.839300000000001,1051.6,Kawerau Pharmacy,Bay of Plenty,    202100 Onepu Spring,690,42.9,150,45,55,50,180,35,30,35,35,45,240,35,40,60,55,55,120,50,35,25,10,5,0,202100
202200,Edgecumbe,Edgecumbe,2.00774067,2.00774067,9490.886923650927,129.1,0.1291,11.7,Edgecumbe Pharmacy,Bay of Plenty,    202200 Edgecumbe,890,35.7,220,70,80,80,270,50,45,55,60,65,240,40,55,55,45,45,150,50,40,30,20,5,0,202200
202300,Thornton-Awakeri,Thornton-Awakeri,151.84211418,151.84211418,62051.96087491084,8611.3,8.6113,495.7,Edgecumbe Pharmacy,Bay of Plenty,    202300 Thornton-Awakeri,1260,43,260,80,90,90,340,80,60,50,70,70,440,60,80,110,80,110,230,90,60,30,30,10,10,202300
202400,Te Teko Lakes,Te Teko Lakes,71.09889471999998,71.09889471999998,46968.29192342656,10533.5,10.5335,582.2,Edgecumbe Pharmacy,Bay of Plenty,    202400 Te Teko Lakes,970,34.5,230,80,70,80,320,65,75,60,65,55,290,50,55,70,55,60,140,55,35,25,15,5,0,202400
202900,Allandale,Allandale,1.5256279,1.5256279,7386.559979213867,1053.9,1.0539,118.5,Unichem Kope Pharmacy,Bay of Plenty,    202900 Allandale,1430,45.1,270,90,90,100,370,70,50,70,90,80,430,80,80,90,90,90,370,90,80,80,70,40,10,202900
202500,Coastlands,Coastlands,15.284018749999994,15.666466999999994,20190.627048125916,4763.4,4.7634,534.0,Unichem Adamson's Pharmacy,Bay of Plenty,    202500 Coastlands,1110,41.2,240,70,80,90,300,70,60,50,60,70,390,50,80,80,80,100,180,70,50,30,20,0,0,202500
202600,WhakatÄne West,Whakatane West,1.83230422,1.83230422,5847.971045394105,1651.3,1.6513,166.5,Unichem Adamson's Pharmacy,Bay of Plenty,    202600 Whakatane West,1890,34.6,490,150,180,170,590,140,90,110,120,130,530,110,110,120,100,90,280,100,70,60,40,20,10,202600
202700,WhakatÄne Central,Whakatane Central,2.594857289999999,2.594857289999999,12000.474439290192,212.4,0.2124,43.5,Phoenix Pharmacy 2001,Bay of Plenty,    202700 Whakatane Central,1790,48,300,90,100,110,450,90,90,80,100,100,530,80,100,110,110,130,510,120,100,110,100,40,40,202700
203000,Mokorua Bush,Mokorua Bush,1.35707502,1.35707502,6774.161675294211,2839.9,2.8399,246.9,Unichem Kope Pharmacy,Bay of Plenty,    203000 Mokorua Bush,740,52.4,110,25,35,45,140,40,20,20,25,40,270,40,45,65,60,55,220,70,75,45,20,10,5,203000
203600,Murupara,Murupara,6.25994106,6.25994106,12364.43462660753,61858.2,61.8582,3391.2,Pharmacy Westend Ltd,Lakes,    203600 Murupara,1020,33,270,90,90,90,320,70,60,70,60,60,310,50,50,70,80,70,120,40,30,30,10,10,0,203600
203700,Monika Reserve,Monika Reserve,14.180425479999998,14.180425479999998,17638.274106433913,3204.1,3.2041,365.1,Tarawera Pharmacy,Bay of Plenty,    203700 Monika Reserve,1740,45.5,310,100,110,100,450,100,70,80,90,100,530,100,100,80,100,150,450,140,120,120,50,20,10,203700
203902,Tarawera Park,Tarawera Park,1.80693234,1.80693234,8080.108673391024,1600.3,1.6003,181.5,Tarawera Pharmacy,Bay of Plenty,    203902 Tarawera Park,790,44.5,170,55,65,45,200,35,35,35,50,45,210,30,40,50,40,55,210,45,45,45,35,20,25,203902
204301,Woodlands,Woodlands,2.84925083,2.84925083,9266.568679026153,3046.5,3.0465,334.9,Opotiki Pharmacy,Bay of Plenty,    204301 Woodlands,560,48.9,100,35,35,25,120,25,20,20,30,30,190,35,30,35,35,55,150,40,45,30,15,10,5,204301
205800,Te Hapara North,Te Hapara North,1.20051794,1.20051794,5643.344831847415,1388.9,1.3889,141.9,Sean Shivnan Pharmacy,Tairawhiti,    205800 Te Hapara North,1100,40.5,230,70,80,80,310,60,60,60,60,60,350,70,60,80,70,80,210,50,50,30,40,20,10,205800
205900,Mangapapa North,Mangapapa North,0.61987717,0.61987717,4578.101716283541,1969.6,1.9696,200.5,Gordon's Pharmacy,Tairawhiti,    205900 Mangapapa North,740,35.9,170,50,55,70,240,40,45,40,60,55,210,40,40,40,45,45,120,40,30,20,10,10,5,205900
204400,ÅpÅtiki,Opotiki,5.74447511,5.74447511,12795.329619872671,1082.5,1.0825,102.1,Opotiki Pharmacy,Bay of Plenty,    204400 Opotiki,2200,34.9,530,170,190,180,710,130,120,160,150,140,660,120,110,140,140,150,310,110,80,60,30,20,10,204400
205500,Lytton,Lytton,0.85659072,0.85659072,5417.550497385199,2418.2,2.4181999999999997,247.5,Gordon's Pharmacy,Tairawhiti,    205500 Lytton,730,64.3,80,20,25,30,110,20,15,25,30,25,180,25,30,50,40,40,360,35,60,65,90,60,50,205500
205601,Makaraka-Awapuni,Makaraka-Awapuni,8.69272179,8.69272179,18265.163380466758,3219.5,3.2195,317.9,Sean Shivnan Pharmacy,Tairawhiti,    205601 Makaraka-Awapuni,500,45.2,80,20,25,30,140,20,25,30,25,40,180,30,25,40,35,45,100,30,30,20,10,10,0,205601
206500,Centennial Crescent,Centennial Crescent,0.81888684,0.81888684,6061.552229330077,1285.2,1.2852000000000001,148.0,Sean Shivnan Pharmacy,Tairawhiti,    206500 Centennial Crescent,870,35.5,190,60,60,75,300,60,50,50,75,60,240,50,45,55,45,45,150,40,35,30,20,15,5,206500
206601,Whataupoko East,Whataupoko East,2.688103779999999,2.688103779999999,11027.830819257262,1305.7,1.3057,202.1,Pharmacy 53 Ltd,Tairawhiti,    206601 Whataupoko East,1010,45.9,180,50,60,80,250,60,30,40,60,70,350,60,70,70,70,80,220,70,60,40,20,20,10,206601
206700,Whataupoko West,Whataupoko West,1.0973622,1.0973622,4871.170179941006,1071.4,1.0714000000000001,113.9,Pharmacy 53 Ltd,Tairawhiti,    206700 Whataupoko West,1170,46.1,210,70,60,80,310,60,50,60,70,70,380,50,80,80,90,90,280,70,80,60,40,20,10,206700
210900,Mayfair,Mayfair,1.06861699,1.06861699,5684.305028072648,1568.7,1.5687,162.1,Parkvale Pharmacy,Hawkes Bay,    210900 Mayfair,1650,34,370,120,110,140,580,120,130,100,140,100,470,100,90,110,80,90,230,70,60,50,30,20,10,210900
211000,Parkhaven,Parkhaven,1.01585611,1.01585611,4533.459635407734,1359.8,1.3598,142.4,Parkvale Pharmacy,Hawkes Bay,    211000 Parkhaven,1680,35.3,390,120,110,150,570,110,80,110,140,120,500,120,110,90,90,90,230,70,60,40,30,30,10,211000
206801,Gisborne Central,Gisborne Central,1.34663825,1.37017103,13359.724733662608,472.4,0.4724,70.9,Unichem Bramwells Pharmacy,Tairawhiti,    206801 Gisborne Central,150,47,10,5,0,5,50,5,10,10,10,10,50,10,10,10,10,15,40,10,10,5,5,5,0,206801
206900,Kaiti North,Kaiti North,1.32789124,1.32789124,6971.465846211411,1294.8,1.2948,134.4,Horouta Pharmacy,Tairawhiti,    206900 Kaiti North,1180,43.8,210,50,70,90,330,80,50,60,70,80,370,70,70,70,80,80,270,80,60,50,40,20,20,206900
207000,Kaiti South,Kaiti South,3.41373211,3.41373211,8405.788011493078,1688.8,1.6887999999999999,204.5,Horouta Pharmacy,Tairawhiti,    207000 Kaiti South,1720,34.2,400,130,140,140,600,130,110,110,140,120,500,90,100,110,100,100,210,70,50,40,20,20,10,207000
207100,Outer Kaiti,Outer Kaiti,1.45392797,1.45392797,5789.678602171603,981.0,0.981,132.8,Rauru Pharmacy,Tairawhiti,    207100 Outer Kaiti,1490,29,450,150,140,150,530,110,110,90,120,90,380,80,70,90,80,60,130,40,40,30,20,0,0,207100
207200,Tamarau,Tamarau,1.11407528,1.11407528,6251.380961778967,1221.2,1.2212,133.9,Rauru Pharmacy,Tairawhiti,    207200 Tamarau,1380,32.3,370,110,140,120,490,100,90,90,110,100,370,90,70,80,60,70,160,60,40,30,20,10,0,207200
207600,Frasertown-Ruakituri,Frasertown-Ruakituri,1333.7084375399997,1333.7084375399997,262550.4966569123,52945.2,52.9452,4518.6,Wairoa Pharmacy,Hawkes Bay,    207600 Frasertown-Ruakituri,450,37.5,100,30,40,35,130,35,20,20,30,25,130,20,25,25,30,30,80,30,25,20,5,0,0,207600
207700,Whakaki,Whakaki,183.47079580000002,183.47079580000002,96398.60545891173,15463.3,15.463299999999998,1398.2,Wairoa Pharmacy,Hawkes Bay,    207700 Whakaki,350,46.8,70,20,15,35,80,15,15,15,15,20,130,20,20,30,30,30,70,30,20,15,5,5,0,207700
208500,Bridge Pa,Bridge Pa,23.24245277,23.24245277,27928.815085473794,2703.8,2.7038,431.1,Flaxmere Pharmacy,Hawkes Bay,    208500 Bridge Pa,530,39.8,90,25,30,40,170,40,45,30,20,40,170,30,30,30,30,45,100,40,25,20,10,0,0,208500
207800,Wairoa,Wairoa,7.56771463,7.56771463,12642.4929699825,702.3,0.7022999999999999,66.5,Wairoa Pharmacy,Hawkes Bay,    207800 Wairoa,2530,37.2,570,170,200,200,760,190,150,110,160,140,760,140,140,170,150,160,440,140,110,90,50,40,10,207800
207900,Mahia,Mahia,471.96934881,471.96934881,172837.97457169343,38883.9,38.883900000000004,3061.9,Wairoa Pharmacy,Hawkes Bay,    207900 Mahia,610,50.1,100,25,30,45,140,30,15,25,35,30,210,35,35,40,40,60,170,75,40,25,10,5,5,207900
208001,Puketitiri-Tutira,Puketitiri-Tutira,2415.3422902199995,2415.3422902199995,344037.7555647611,40764.3,40.764300000000006,2395.5,Bay View Village Pharmacy,Hawkes Bay,    208001 Puketitiri-Tutira,950,40,190,50,65,75,280,70,50,40,65,65,340,50,70,85,70,65,130,55,40,20,10,5,0,208001
208100,Sherenden-Crownthorpe,Sherenden-Crownthorpe,765.7948956100001,765.7948956100001,198075.46308279427,37388.9,37.3889,2460.4,Flaxmere Pharmacy,Hawkes Bay,    208100 Sherenden-Crownthorpe,740,43.6,140,35,40,65,200,50,25,25,45,50,290,45,60,60,65,60,110,55,30,15,5,5,0,208100
208200,Maraekakaho,Maraekakaho,820.55073512,820.55073512,192629.74207856104,44191.5,44.1915,2341.6,Waipawa Pharmacy,Hawkes Bay,    208200 Maraekakaho,740,43.9,150,45,40,65,180,50,20,30,35,45,310,60,65,65,60,60,110,40,35,25,5,0,5,208200
208301,Puketapu-Eskdale,Puketapu-Eskdale,259.59574319,259.59574319,115306.82224220646,7825.5,7.8255,453.5,Bay View Village Pharmacy,Hawkes Bay,    208301 Puketapu-Eskdale,1540,47,260,70,80,110,390,100,70,60,80,90,610,80,110,130,140,140,280,110,80,50,20,0,0,208301
208401,Omahu-Pakowhai,Omahu-Pakowhai,57.132896439999996,57.132896439999996,64539.63698222548,7139.8,7.1398,442.1,Mahora Pharmacy,Hawkes Bay,    208401 Omahu-Pakowhai,940,42.4,150,40,40,70,290,60,50,60,70,50,330,50,60,70,80,70,170,60,50,40,10,10,0,208401
209000,Lochain Park,Lochain Park,0.93644866,0.93644866,5472.382067894199,1541.7,1.5417,161.7,Flaxmere Pharmacy,Hawkes Bay,    209000 Lochain Park,1670,29.8,440,150,140,150,660,140,130,130,130,120,420,90,100,90,80,70,150,60,40,20,20,10,0,209000
209100,Flaxmere Park,Flaxmere Park,1.35059445,1.35059445,5644.411542845206,41.2,0.0412,7.2,Flaxmere Pharmacy,Hawkes Bay,    209100 Flaxmere Park,1410,32.2,360,110,120,130,490,90,100,100,110,90,380,80,70,100,70,60,170,50,50,40,20,10,0,209100
208601,Twyford,Twyford,24.574657369999997,24.574657369999997,28140.587572236687,4426.2,4.4262,290.9,Flaxmere Pharmacy,Hawkes Bay,    208601 Twyford,380,41.4,70,15,20,30,120,25,15,25,30,20,120,20,15,30,25,30,80,20,20,15,10,5,5,208601
208901,Omahu Strip,Omahu Strip,2.92872705,2.92872705,15266.880173836926,1848.3,1.8483,162.3,Flaxmere Pharmacy,Hawkes Bay,    208901 Omahu Strip,150,38.7,30,10,10,10,50,10,5,10,15,15,50,5,5,10,15,10,30,10,5,5,5,0,0,208901
211100,Parkvale,Parkvale,1.29521262,1.29521262,5238.203249281825,993.4,0.9934,102.8,Parkvale Pharmacy,Hawkes Bay,    211100 Parkvale,1230,47.3,200,60,70,70,320,50,50,60,80,70,350,60,70,80,70,70,360,60,60,90,70,50,30,211100
209301,Irongate,Irongate,7.95995424,7.95995424,17641.59199290319,4323.5,4.3235,428.3,Unichem Stortford Lodge Pharmacy,Hawkes Bay,    209301 Irongate,180,40.7,30,5,10,15,60,10,15,10,15,10,60,5,10,10,15,15,30,15,10,5,0,0,0,209301
209401,Frimley,Frimley,2.47789957,2.47789957,7725.469603671918,1715.8,1.7158,163.8,Unichem Stortford Lodge Pharmacy,Hawkes Bay,    209401 Frimley,1830,43.6,320,100,100,110,520,90,60,90,170,120,540,110,110,120,110,100,450,100,100,90,90,40,40,209401
209500,Camberley,Camberley,0.93084612,0.93084612,6008.053273491036,1138.2,1.1382,143.5,Taiwhenua Pharmacy,Hawkes Bay,    209500 Camberley,1260,31.9,310,110,90,120,460,100,90,80,110,80,340,60,60,70,70,70,150,40,40,30,20,10,0,209500
209601,Clive,Clive,3.34961251,3.34961251,14222.759478123618,784.7,0.7847000000000001,79.3,Clive Pharmacy,Hawkes Bay,    209601 Clive,1020,46.9,160,50,30,80,260,50,40,50,60,60,380,70,70,80,70,90,220,70,60,50,20,20,10,209601
210201,Longlands-Pukahu,Longlands-Pukahu,30.887443339999994,30.887443339999994,30436.13135154509,4521.1,4.521100000000001,364.7,Parkvale Pharmacy,Hawkes Bay,    210201 Longlands-Pukahu,1020,49.5,150,40,50,70,250,70,40,50,50,40,350,50,70,80,70,80,260,80,60,50,40,20,10,210201
211301,Haumoana,Haumoana,1.82698036,1.82698036,6570.422658421243,5600.5,5.6005,380.4,Clive Pharmacy,Hawkes Bay,    211301 Haumoana,560,43.4,120,35,30,50,130,20,10,20,35,40,210,45,35,40,45,45,100,45,30,10,15,5,0,211301
211302,Te Awanga,Te Awanga,1.33015885,1.33015885,6331.389625006365,9324.3,9.3243,608.5,Clive Pharmacy,Hawkes Bay,    211302 Te Awanga,380,48.3,50,10,20,20,90,20,15,15,20,20,140,30,25,30,30,35,90,35,30,20,5,5,5,211302
210400,Karamu,Karamu,13.201413339999998,13.201413339999998,24997.608869515156,3231.9,3.2319,281.2,Mahora Pharmacy,Hawkes Bay,    210400 Karamu,700,40.8,120,30,30,55,220,45,40,45,50,40,240,45,45,55,45,60,110,40,30,25,10,5,0,210400
210500,Hastings Central,Hastings Central,1.41744821,1.41744821,7377.983854871231,282.4,0.2824,34.0,Bay Plaza Pharmacy,Hawkes Bay,    210500 Hastings Central,240,36.3,30,10,10,10,110,10,15,30,25,20,70,15,15,15,15,10,40,15,10,5,5,0,0,210500
211201,Mangateretere,Mangateretere,39.94318466999999,39.94318466999999,36695.44730712856,7265.1,7.2651,513.6,Clive Pharmacy,Hawkes Bay,    211201 Mangateretere,720,48,110,30,35,45,180,35,35,30,35,40,260,45,45,50,55,65,170,65,50,30,20,5,5,211201
211401,Lucknow,Lucknow,0.90243175,0.90243175,4228.166635338681,878.8,0.8787999999999999,98.4,Gilmours Pharmacy,Hawkes Bay,    211401 Lucknow,850,33.7,200,70,60,65,300,65,50,55,65,60,220,50,55,45,35,35,130,25,25,40,25,10,0,211401
211500,Karanema-St Hill,Karanema-St Hill,0.94975589,0.94975589,6834.53844496824,921.9,0.9218999999999999,106.8,Peak Pharmacy,Hawkes Bay,    211500 Karanema-St Hill,1070,58.3,130,45,45,40,210,45,35,40,45,50,280,50,55,65,45,65,460,60,60,80,100,75,75,211500
211701,Brookvale,Brookvale,2.01334993,2.01334993,8945.267696723795,3339.5,3.3395,357.6,Peak Pharmacy,Hawkes Bay,    211701 Brookvale,1360,52.8,210,40,70,100,210,70,30,20,30,50,490,90,110,100,100,100,440,90,100,110,70,50,20,211701
211800,Iona,Iona,1.466329440000001,1.466329440000001,6369.199373974751,1373.4,1.3734000000000002,184.1,Gilmours Pharmacy,Hawkes Bay,    211800 Iona,1410,46.5,290,60,100,130,280,90,20,40,60,80,490,100,100,100,100,100,350,90,80,90,50,20,10,211800
229600,Takaro North,Takaro North,1.11968719,1.11968719,5321.911159960553,618.9,0.6189,66.5,Central Drive-In Pharmacy,MidCentral,    229600 Takaro North,1800,33.5,320,120,100,100,750,120,180,160,150,130,490,120,90,100,90,90,240,80,60,40,30,20,20,229600
211900,Hereworth,Hereworth,1.6155099,1.6155099,7556.419139983983,1927.7,1.9277,194.9,Peak Pharmacy,Hawkes Bay,    211900 Hereworth,1550,49.9,280,60,100,120,300,80,40,40,50,80,550,100,100,130,120,100,420,110,110,90,60,30,30,211900
212000,Te Mata Hills,Te Mata Hills,12.714041129999998,12.714041129999998,28038.63381758709,3159.8,3.1598,322.6,Gilmours Pharmacy,Hawkes Bay,    212000 Te Mata Hills,540,51.6,90,20,20,45,90,35,15,15,10,20,230,20,45,55,55,55,130,40,45,30,10,5,0,212000
213100,Greenmeadows West,Greenmeadows West,1.10408223,1.10408223,5689.82372032258,1790.0,1.79,197.4,Tamatea Pharmacy,Hawkes Bay,    213100 Greenmeadows West,1060,61.2,110,25,35,50,170,45,20,25,35,45,310,30,55,70,65,90,470,100,105,85,70,65,40,213100
212100,Havelock Hills,Havelock Hills,2.985925880000001,2.985925880000001,9311.864488922996,2463.9,2.4639,371.9,Gilmours Pharmacy,Hawkes Bay,    212100 Havelock Hills,830,51.5,120,25,35,60,170,50,20,30,30,35,310,50,55,70,60,80,230,70,70,45,30,10,5,212100
212400,Poraiti Hills,Poraiti Hills,10.57869491,10.57869491,17895.39587505297,4182.9,4.1829,365.4,Greenmeadows Pharmacy,Hawkes Bay,    212400 Poraiti Hills,400,49.7,60,15,20,25,90,30,20,10,15,20,150,30,25,30,35,35,100,35,30,15,5,5,0,212400
212500,Poraiti Flat,Poraiti Flat,7.08071604,7.08071604,16049.063207509498,2387.9,2.3879,210.4,Tamatea Pharmacy,Hawkes Bay,    212500 Poraiti Flat,760,55,90,25,25,35,140,45,15,20,30,30,280,35,50,65,65,65,250,65,70,65,30,10,0,212500
213200,Taradale South,Taradale South,5.123889449999998,5.123889449999998,10219.786069548516,3176.5,3.1765,382.8,Unichem Taradale Pharmacy,Hawkes Bay,    213200 Taradale South,1400,50.5,210,60,80,80,300,60,30,60,80,80,450,90,80,90,90,100,430,90,100,90,60,40,50,213200
212600,Westshore,Westshore,0.93239877,0.93239877,10624.959488010842,407.2,0.4072,49.4,Westshore Pharmacy,Hawkes Bay,    212600 Westshore,660,53.6,90,40,20,35,150,25,20,40,35,35,210,30,30,40,50,65,200,55,60,40,20,15,10,212600
213700,Taradale Central,Taradale Central,1.17678754,1.17678754,5259.0538126457,1114.4,1.1144,102.9,Unichem Taradale Pharmacy,Hawkes Bay,    213700 Taradale Central,1380,54.8,180,40,60,80,280,80,30,40,70,70,420,70,80,80,90,90,500,90,110,130,90,50,30,213700
213800,Tamatea East,Tamatea East,0.6320191,0.6320191,3184.4179818271164,891.3,0.8913,112.3,Tamatea Pharmacy,Hawkes Bay,    213800 Tamatea East,960,37,200,70,65,60,330,60,65,65,65,70,260,45,55,60,60,40,180,45,55,40,20,10,5,213800
213900,Marewa West,Marewa West,0.79226181,0.79226181,3870.307773645413,891.4,0.8914,112.1,Marewa Pharmacy,Hawkes Bay,    213900 Marewa West,950,46.1,150,45,50,55,270,45,50,45,70,55,310,50,60,55,75,75,230,65,55,45,30,20,10,213900
214900,Tareha Reserve,Tareha Reserve,1.76118378,1.76118378,6356.0485690803725,1438.7,1.4387,149.6,Unichem Taradale Pharmacy,Hawkes Bay,    214900 Tareha Reserve,1810,44.7,290,90,90,120,520,110,100,90,100,110,570,100,110,130,130,100,430,80,110,90,80,50,30,214900
212800,Onekawa West,Onekawa West,3.114561559999999,3.114561559999999,11767.902357758896,2363.8,2.3638000000000003,244.9,Andrew Spence Pharmacy,Hawkes Bay,    212800 Onekawa West,120,54.5,10,5,5,0,30,5,5,5,10,5,50,5,10,10,10,15,30,10,10,10,5,0,0,212800
212900,Ahuriri,Ahuriri,0.97708119,1.1428274,5271.700587404185,565.0,0.565,83.2,Ahuriri Pharmacy,Hawkes Bay,    212900 Ahuriri,600,61.1,60,20,20,15,120,15,20,30,30,20,170,15,35,35,30,50,260,40,60,50,50,25,30,212900
213000,Taradale West,Taradale West,1.68649975,1.68649975,6223.904789039613,1922.8,1.9228,223.0,Gees Pharmacy,Hawkes Bay,    213000 Taradale West,1020,48.7,170,40,50,80,240,75,45,35,40,50,370,45,80,95,75,80,240,70,55,55,20,20,10,213000
213300,Bluff Hill,Bluff Hill,1.89032878,1.89032878,9732.029401095377,1681.8,1.6818,196.0,Life Pharmacy Napier City,Hawkes Bay,    213300 Bluff Hill,1390,50.3,160,40,40,80,360,80,50,80,80,80,550,70,90,120,130,140,320,100,110,60,20,20,10,213300
213400,Hospital Hill,Hospital Hill,1.49578822,1.49578822,5763.029744222561,1482.7,1.4827000000000001,144.5,Marewa Pharmacy,Hawkes Bay,    213400 Hospital Hill,1600,47.6,220,60,70,90,430,90,70,80,90,90,590,100,110,110,130,140,360,120,100,80,40,20,10,213400
213500,Tamatea West,Tamatea West,0.63229512,0.63229512,3520.582408573814,887.1,0.8871,111.2,Tamatea Pharmacy,Hawkes Bay,    213500 Tamatea West,1080,39.5,220,60,80,90,320,70,60,50,80,70,300,50,70,60,60,60,240,60,70,40,40,20,10,213500
213600,Tamatea North,Tamatea North,0.66388375,0.66388375,3579.687921682143,472.9,0.4729,58.9,Tamatea Pharmacy,Hawkes Bay,    213600 Tamatea North,950,36.1,220,70,70,75,310,60,45,65,75,60,290,80,60,50,55,45,150,45,45,35,10,5,5,213600
214000,Greenmeadows Central,Greenmeadows Central,0.95278691,0.95278691,4704.01619971192,473.5,0.4735,49.7,Greenmeadows Pharmacy,Hawkes Bay,    214000 Greenmeadows Central,830,51.3,110,30,40,40,200,40,45,35,40,40,270,40,55,60,60,60,250,55,65,55,45,25,15,214000
214100,Onekawa Central,Onekawa Central,0.67702069,0.67702069,3555.493534218173,395.3,0.3953,94.8,Andrew Spence Pharmacy,Hawkes Bay,    214100 Onekawa Central,880,40.5,170,50,50,65,270,60,45,45,60,60,270,55,60,40,70,45,180,45,45,35,25,25,15,214100
214200,Pirimai West,Pirimai West,0.61624116,0.61624116,3685.821065093011,1598.6,1.5985999999999998,176.1,Andrew Spence Pharmacy,Hawkes Bay,    214200 Pirimai West,910,36.7,200,80,55,70,300,35,40,60,85,75,260,45,55,50,50,55,160,40,45,30,25,10,10,214200
214300,Napier Central,Napier Central,0.83763341,0.83763341,5097.2660013249415,256.7,0.2567,34.1,Unichem Munroe St. Pharmacy,Hawkes Bay,    214300 Napier Central,250,34.2,40,15,10,15,120,20,20,25,30,25,70,10,20,10,15,15,30,10,5,5,0,0,0,214300
214400,Greenmeadows South,Greenmeadows South,0.8512568,0.8512568,4499.18072445171,961.4,0.9614,101.0,Unichem Greenmeadows Pharmacy,Hawkes Bay,    214400 Greenmeadows South,1130,42,200,60,70,70,330,60,50,60,90,80,340,80,50,60,70,80,260,70,60,50,40,20,20,214400
214500,Nelson Park,Nelson Park,0.78100893,0.78100893,3562.047532660662,743.0,0.743,89.5,Marewa Pharmacy,Hawkes Bay,    214500 Nelson Park,1210,43.2,200,60,70,70,350,80,70,70,60,70,420,70,100,90,80,80,230,70,60,50,20,20,10,214500
214600,Bledisloe Park,Bledisloe Park,0.8833971,0.8833971,3927.1028176861278,1078.2,1.0782,116.5,Unichem Taradale Pharmacy,Hawkes Bay,    214600 Bledisloe Park,1350,42.9,270,70,90,100,350,70,60,70,80,90,430,90,90,90,80,80,300,70,80,70,40,30,20,214600
215200,McLean Park,McLean Park,1.34170035,1.34170035,6929.648812978892,1698.6,1.6985999999999999,191.6,Napier Balmoral Pharmacy,Hawkes Bay,    215200 McLean Park,1390,42.7,220,70,70,80,430,90,80,80,100,80,480,90,90,90,90,120,260,80,70,50,30,20,10,215200
215300,Maraenui,Maraenui,1.05241904,1.05241904,4486.664611536744,1962.0,1.962,218.7,Andrew Spence Pharmacy,Hawkes Bay,    215300 Maraenui,1980,30.1,550,180,180,180,720,140,150,150,160,120,520,110,100,120,100,90,190,70,60,20,20,20,0,215300
216500,Åakura,Oakura,1.68365235,1.68365235,8351.025760183002,862.1,0.8621,84.2,Oakura Pharmacy,Taranaki,    216500 Oakura,880,43.1,210,50,80,80,190,50,15,20,35,70,330,75,70,65,60,60,160,55,45,25,15,10,5,216500
216700,Kaitake,Kaitake,170.28669121999997,170.28669121999997,79827.86789025844,13099.8,13.0998,839.2,Oakura Pharmacy,Taranaki,    216700 Kaitake,1160,39.8,270,80,110,80,310,60,30,50,70,100,410,80,90,90,80,80,170,70,50,30,10,10,0,216700
215401,Meeanee-Awatoto,Meeanee-Awatoto,24.171106750000003,24.171106750000003,21159.692854310724,4077.8,4.0778,349.3,Unichem Taradale Pharmacy,Hawkes Bay,    215401 Meeanee-Awatoto,1640,49,260,80,90,90,380,70,60,60,110,80,560,90,120,120,130,110,440,100,130,110,50,20,20,215401
215700,WaipÄwa,Waipawa,6.801751610000003,6.801751610000003,14672.014874453616,870.6,0.8706,78.5,Waipawa Pharmacy,Hawkes Bay,    215700 Waipawa,1230,43.7,270,80,90,100,300,50,40,60,80,70,390,70,70,70,80,90,270,80,70,50,40,20,10,215700
216300,Spotswood,Spotswood,3.456150579999999,3.456150579999999,12235.484300998129,1148.6,1.1485999999999998,110.5,Woolworths Pharmacy Spotswood,Taranaki,    216300 Spotswood,1960,39.9,370,110,120,130,610,120,100,110,140,140,620,150,130,130,100,120,360,110,80,70,60,30,10,216300
225300,Gonville North,Gonville North,1.34068065,1.34068065,5921.0552075979185,692.0,0.692,67.7,Gonville Pharmacy,Whanganui,    225300 Gonville North,1450,38.1,290,90,80,120,470,90,80,100,110,90,420,80,80,90,70,90,270,70,70,60,40,20,10,225300
216800,Blagdon-Lynmouth,Blagdon-Lynmouth,1.1580502,1.1580502,6893.164316341243,902.4,0.9024,108.5,Moturoa Pharmacy,Taranaki,    216800 Blagdon-Lynmouth,1400,36.8,290,80,100,100,480,90,80,90,120,110,420,90,90,80,90,70,210,60,60,40,30,10,10,216800
216900,Kawaroa,Kawaroa,1.13287219,1.13287219,6652.280681038205,356.9,0.3569,42.9,Devon West Pharmacy,Taranaki,    216900 Kawaroa,1370,44.5,200,70,80,50,410,60,50,80,110,100,410,80,80,70,90,90,340,100,80,70,40,40,20,216900
217000,New Plymouth Central,New Plymouth Central,1.25967205,1.25967205,6652.976529395202,915.3,0.9153,127.2,Bargain Chemist New Plymouth Central,Taranaki,    217000 New Plymouth Central,620,46.1,80,30,25,20,200,25,30,40,55,45,190,30,30,35,40,55,160,45,35,40,20,10,5,217000
217100,Marfell,Marfell,0.73334211,0.73334211,4205.037118507729,1747.9,1.7479,206.9,Pharmacy @ Carefirst,Taranaki,    217100 Marfell,990,33.2,260,75,95,80,360,70,45,65,90,85,280,65,60,55,45,55,100,20,30,25,15,5,0,217100
217201,Whalers Gate,Whalers Gate,3.118841480000001,3.118841480000001,9758.967740440141,1121.0,1.121,117.5,Woolworths Pharmacy Spotswood,Taranaki,    217201 Whalers Gate,1340,49.5,220,60,80,80,290,60,30,50,60,80,420,90,80,80,90,80,410,70,80,90,70,60,40,217201
217300,Strandon,Strandon,1.76473226,1.76473226,8905.211953185328,509.8,0.5098,68.4,Robertsons Strandon Pharmacy,Taranaki,    217300 Strandon,1380,46.6,210,60,60,90,380,80,70,70,80,80,460,80,90,100,90,100,340,110,70,50,40,30,30,217300
217400,Westown,Westown,2.373849479999999,2.373849479999999,8268.721728606268,99.4,0.0994,16.4,Pharmacy @ Carefirst,Taranaki,    217400 Westown,2390,40.3,440,140,150,140,750,120,90,150,200,200,670,150,130,120,130,140,530,140,120,100,80,60,50,217400
217501,Bell Block West,Bell Block West,3.88689288,3.88689288,8304.399511157602,1188.0,1.188,149.4,Pharmacy @ Bell Block,Taranaki,    217501 Bell Block West,1830,39.9,310,110,110,100,600,110,140,100,130,110,500,110,100,90,90,100,410,110,100,90,60,30,30,217501
225400,Cornmarket,Cornmarket,0.6288843,0.6288843,3354.5873684743374,494.7,0.4947,57.6,Wicksteed Pharmacy,Whanganui,    225400 Cornmarket,820,51.8,100,35,25,40,220,30,40,60,55,30,240,35,40,50,50,65,260,70,45,50,35,30,25,225400
217502,Bell Block Central,Bell Block Central,1.10509756,1.10509756,5344.070774171654,191.1,0.1911,22.0,Pharmacy @ Bell Block,Taranaki,    217502 Bell Block Central,1550,38.6,330,100,130,110,470,70,60,90,130,130,440,90,90,80,80,100,300,90,80,60,40,20,20,217502
217601,Bell Block East-Puketapu,Bell Block East-Puketapu,6.93496822,6.93496822,13890.329518082684,4040.9,4.0409,310.0,Pharmacy @ Bell Block,Taranaki,    217601 Bell Block East-Puketapu,800,40.5,170,55,60,55,220,45,20,35,60,65,260,70,50,50,35,50,150,50,45,35,15,5,0,217601
217701,Waiwhakaiho-Bell Block South,Waiwhakaiho-Bell Block South,7.468558409999997,7.468558409999997,20718.854378297896,1892.2,1.8922,178.8,Pharmacy @ Bell Block,Taranaki,    217701 Waiwhakaiho-Bell Block South,120,32.6,30,10,10,5,40,5,15,5,10,5,30,10,5,5,5,10,10,10,0,5,0,0,0,217701
218500,Waitara West,Waitara West,3.388437380000001,3.388437380000001,8585.39379421429,1376.0,1.376,143.2,Waitara Pharmacy,Taranaki,    218500 Waitara West,2210,39.9,420,140,130,150,680,160,120,130,150,130,650,120,140,130,130,140,460,120,100,100,60,40,40,218500
217800,Lower Vogeltown,Lower Vogeltown,1.50058645,1.50058645,7066.354759355853,890.6,0.8906000000000001,85.6,Vogeltown Pharmacy,Taranaki,    217800 Lower Vogeltown,1620,42.5,270,90,100,80,490,100,70,90,110,130,520,110,110,100,100,100,340,100,70,70,30,30,30,217800
217901,Hurdon,Hurdon,5.19754357,5.19754357,14039.327428733332,3588.0,3.588,337.6,Pharmacy @ Carefirst,Taranaki,    217901 Hurdon,1290,43.3,230,50,100,90,360,80,40,70,90,90,430,80,80,90,80,90,270,80,60,50,40,30,20,217901
226701,Marton North,Marton North,6.134841569999999,6.134841569999999,14924.488161117513,622.4,0.6224,75.0,Marton Pharmacy,Whanganui,    226701 Marton North,1670,49.4,280,100,90,90,440,110,80,80,90,80,480,60,70,90,130,130,470,110,110,100,90,40,30,226701
218100,Merrilands,Merrilands,1.72868924,1.72868924,6872.938589563083,269.9,0.2699,29.2,Merrilands Pharmacy,Taranaki,    218100 Merrilands,1620,43.4,290,100,80,110,460,80,80,90,110,100,490,90,90,110,100,100,380,100,80,80,70,30,20,218100
218201,Ferndale,Ferndale,3.03770105,3.03770105,13877.313853551223,4050.8,4.050800000000001,394.1,Pharmacy @ Carefirst,Taranaki,    218201 Ferndale,510,41.6,120,30,50,35,130,25,15,25,30,30,190,40,35,35,35,40,80,30,20,20,5,5,0,218201
218301,Welbourn,Welbourn,6.866080009999998,6.866080009999998,20067.08482565984,2743.0,2.743,203.0,Vogeltown Pharmacy,Taranaki,    218301 Welbourn,1740,43.3,300,90,100,110,510,120,90,80,110,100,560,90,120,120,120,110,380,80,90,70,50,40,40,218301
218402,Glen Avon,Glen Avon,8.71322288,8.71322288,18954.4158879473,3874.1,3.8741,431.1,Chemist Warehouse The Valley,Taranaki,    218402 Glen Avon,680,44,120,35,40,40,190,40,40,35,40,40,240,45,50,45,50,50,130,35,40,30,20,5,5,218402
226900,Marton South,Marton South,4.856238220000001,4.856238220000001,14311.760616955373,2146.3,2.1463,189.2,Marton Pharmacy,Whanganui,    226900 Marton South,1200,37.4,270,80,90,90,370,80,80,70,70,70,350,60,60,70,80,90,210,70,50,50,30,20,0,226900
218600,Upper Vogeltown,Upper Vogeltown,2.462775960000001,2.462775960000001,11907.212082336608,1790.9,1.7909000000000002,207.5,Vogeltown Pharmacy,Taranaki,    218600 Upper Vogeltown,1540,43,290,90,100,110,410,90,60,70,90,100,470,110,100,90,90,80,360,80,70,80,50,50,30,218600
218901,Waitara East,Waitara East,2.705338729999999,2.705338729999999,9847.478943312783,1186.2,1.1862000000000001,116.0,Waitara Pharmacy,Taranaki,    218901 Waitara East,1690,41.3,320,110,110,100,500,110,100,90,110,90,480,80,100,100,90,120,380,120,90,80,40,10,30,218901
219000,Lepperton-Brixton,Lepperton-Brixton,46.522637040000006,46.522637040000006,40143.57747578787,6391.3,6.3913,393.0,Waitara Pharmacy,Taranaki,    219000 Lepperton-Brixton,950,42.9,200,60,75,60,230,55,30,35,45,65,360,70,60,70,70,80,170,65,50,30,15,5,0,219000
219100,Mangorei,Mangorei,188.56173513000002,188.56173513000002,87650.54018884401,15183.1,15.1831,1418.1,Vogeltown Pharmacy,Taranaki,    219100 Mangorei,1070,45.6,210,60,70,80,240,60,30,30,50,70,480,80,100,100,100,100,150,60,40,20,10,0,0,219100
219200,Mount Messenger,Mount Messenger,934.2788024099999,934.2788024099999,226251.95057303662,47414.4,47.4144,3501.1,Waitara Pharmacy,Taranaki,    219200 Mount Messenger,460,42.1,100,25,35,35,120,35,15,20,25,25,160,20,25,35,40,40,80,30,25,15,5,5,0,219200
219301,Mangaoraka,Mangaoraka,85.45254769,85.45254769,58921.043495976955,6448.4,6.4483999999999995,599.3,Unichem Inglewood Pharmacy,Taranaki,    219301 Mangaoraka,1000,41.7,210,50,70,90,270,70,40,40,50,70,380,70,70,80,70,80,150,60,40,30,10,0,0,219301
219401,Tikorangi,Tikorangi,167.27418182999997,167.27418182999997,82069.7510450769,17169.4,17.169400000000003,1299.0,Waitara Pharmacy,Taranaki,    219401 Tikorangi,960,47.3,160,60,50,60,240,50,20,40,50,70,350,60,60,60,80,90,220,80,50,40,30,10,0,219401
219501,Everett Park,Everett Park,236.3246223,236.3246223,106683.00093512812,4859.8,4.8598,413.8,Unichem Inglewood Pharmacy,Taranaki,    219501 Everett Park,1180,40.3,250,70,80,100,340,80,60,40,70,90,430,80,90,80,100,90,160,60,40,30,20,10,0,219501
218700,Highlands Park (New Plymouth District),Highlands Park (New Plymouth District),2.91888042,2.91888042,9987.78279950701,2400.0,2.4,229.1,Merrilands Pharmacy,Taranaki,    218700 Highlands Park (New Plymouth district),1670,51,250,50,90,120,330,90,50,50,60,80,610,100,120,120,130,140,480,130,120,80,70,40,40,218700
220501,Parihaka,Parihaka,434.1645605100002,434.1645605100002,100259.63785219108,23700.0,23.7,1301.3,Opunake Pharmacy,Taranaki,    220501 Parihaka,1080,35.4,270,80,90,100,340,80,60,50,70,80,350,70,60,80,80,70,120,50,20,20,20,0,0,220501
220600,Taungatara,Taungatara,313.0258281100001,313.0258281100001,101726.57683290933,13458.7,13.4587,650.6,Opunake Pharmacy,Taranaki,    220600 Taungatara,680,35.9,160,55,50,60,220,40,35,35,50,55,230,45,40,45,55,40,70,30,20,10,5,0,5,220600
223100,Åhakune,Ohakune,6.440691119999999,6.440691119999999,14881.186299446408,56605.1,56.6051,2705.6,Taihape Pharmacy,Whanganui,    223100 Ohakune,730,37.5,140,50,45,45,260,30,30,60,75,60,220,40,40,50,50,50,110,35,25,25,15,5,0,223100
218801,Paraite,Paraite,15.938662950000001,15.938662950000001,22160.35953826545,4143.5,4.1435,485.5,Pharmacy @ Bell Block,Taranaki,    218801 Paraite,510,45.1,90,20,30,35,140,35,35,20,25,30,180,25,35,40,40,40,100,35,35,15,5,5,5,218801
219601,Inglewood,Inglewood,3.182394879999999,3.182394879999999,9372.533928624469,848.2,0.8482000000000001,90.4,Unichem Inglewood Pharmacy,Taranaki,    219601 Inglewood,2000,40.5,380,120,140,130,600,130,90,110,140,130,590,120,130,120,90,130,420,110,100,90,60,30,20,219601
219700,Tarata,Tarata,258.96198682,258.96198682,131555.37274608732,25745.2,25.7452,1742.4,Unichem Inglewood Pharmacy,Taranaki,    219700 Tarata,300,39.1,60,15,20,25,100,25,15,10,20,25,110,20,25,20,20,20,30,15,10,5,5,0,0,219700
219800,Pembroke,Pembroke,226.40974752999992,226.40974752999992,78708.84122514009,11321.6,11.3216,1100.3,Unichem Mackays Pharmacy,Taranaki,    219800 Pembroke,860,37.3,180,75,45,70,270,60,50,45,70,45,290,45,50,60,70,65,110,35,35,15,10,10,5,219800
220200,Whangamomona,Whangamomona,689.60091042,689.60091042,209188.5291129483,80948.1,80.94810000000001,4511.7,Stratford Pharmacy,Taranaki,    220200 Whangamomona,60,46.5,10,0,5,5,10,5,0,0,5,5,20,5,5,0,5,10,10,5,5,0,0,0,5,220200
220301,Stratford Central,Stratford Central,2.76503177,2.76503177,8278.561525570589,762.9,0.7629,79.4,Stratford Pharmacy,Taranaki,    220301 Stratford Central,1150,45.7,200,60,60,80,310,60,50,50,70,80,330,50,60,60,80,70,300,70,70,50,40,40,20,220301
220400,Stratford South,Stratford South,2.71640829,2.71640829,8992.471340511496,1043.4,1.0434,110.7,Unichem Mackays Pharmacy,Taranaki,    220400 Stratford South,960,38.2,210,75,65,65,300,55,55,50,75,65,250,45,55,55,50,55,210,40,50,45,30,20,15,220400
220700,Åpunake,Opunake,3.77983249,3.77983249,12814.13864089299,357.6,0.35760000000000003,34.4,Opunake Pharmacy,Taranaki,    220700 Opunake,700,47.5,130,45,45,40,160,35,20,25,40,35,250,35,50,55,55,55,160,50,35,30,20,10,10,220700
221001,Eltham,Eltham,3.42983902,3.42983902,11814.291104513612,10461.2,10.461200000000002,583.8,Unichem Mackays Pharmacy,Taranaki,    221001 Eltham,1010,41.4,200,70,50,80,290,50,50,60,70,70,330,50,60,70,70,80,190,60,50,40,20,20,0,221001
221100,Okaiawa,Okaiawa,102.13817651,102.13817651,51057.138417307055,12026.5,12.0265,946.1,Robertsons Hunter Street Pharmacy,Taranaki,    221100 Okaiawa,630,41.7,140,40,50,45,160,35,30,20,35,40,230,50,40,50,45,50,100,45,25,15,5,0,0,221100
221201,Te Roti-Moeroa,Te Roti-Moeroa,361.93260882000004,361.93260882000004,158836.39060360027,32205.2,32.2052,3551.7,Unichem Mackays Pharmacy,Taranaki,    221201 Te Roti-Moeroa,380,40.8,90,25,30,30,100,20,10,15,25,25,150,30,30,25,35,20,50,15,10,10,5,5,0,221201
221301,HÄwera West,Hawera West,4.383580670000001,4.383580670000001,10973.388558406054,2141.9,2.1419,258.4,Robertsons Hunter Street Pharmacy,Taranaki,    221301 Hawera West,970,43.4,180,65,60,50,270,55,45,50,65,55,300,55,45,65,70,60,220,60,50,55,35,10,10,221301
221401,Normanby (South Taranaki District),Normanby (South Taranaki District),1.06466308,1.06466308,4581.216491596935,5618.5,5.6185,427.9,Robertsons Hunter Street Pharmacy,Taranaki,    221401 Normanby (South Taranaki district),500,36.2,120,50,25,40,160,30,30,25,35,40,160,35,25,35,20,35,70,30,20,10,5,5,0,221401
223200,WaiÅuru,Waiouru,5.01060584,5.01060584,11981.89059390883,30003.2,30.0032,1514.6,Taihape Pharmacy,Whanganui,    223200 Waiouru,370,33.2,100,35,35,25,140,20,20,30,40,30,110,25,20,25,20,20,30,15,10,5,0,0,0,223200
221600,Turuturu,Turuturu,4.327839490000001,4.327839490000001,14319.181699371436,2589.4,2.5894,298.3,Mountainview Pharmacy,Taranaki,    221600 Turuturu,990,40.7,180,60,60,60,310,50,60,60,70,70,320,50,60,80,70,70,170,60,50,40,20,10,0,221600
223400,Mowhanau,Mowhanau,170.19304989999998,170.19304989999998,67016.661742379,17382.2,17.3822,1076.5,Woolworths Pharmacy Victoria Avenue (Whanganui),Whanganui,    223400 Mowhanau,680,47.8,120,35,40,45,150,35,20,25,35,35,270,40,50,55,60,65,140,55,45,25,10,5,0,223400
223501,Brunswick-Papaiti,Brunswick-Papaiti,50.830194070000005,50.830194070000005,50554.746749341364,4221.0,4.221,608.0,Aramoho Pharmacy,Whanganui,    223501 Brunswick-Papaiti,740,51.1,110,15,35,60,160,50,35,25,20,30,310,35,50,90,65,70,160,55,40,25,20,10,0,223501
221800,Ramanui,Ramanui,13.605322320000003,13.605322320000003,17551.803755248915,2614.5,2.6145,301.4,Robertsons Pharmacy Hawera,Taranaki,    221800 Ramanui,1060,41,220,60,80,80,300,50,40,60,70,80,330,60,60,60,80,70,210,70,50,30,30,10,10,221800
221900,HÄwera Central,Hawera Central,1.78428964,1.78428964,6584.3910511689155,178.8,0.17880000000000001,23.0,Robertsons Pharmacy Hawera,Taranaki,    221900 Hawera Central,1360,45.6,250,70,90,80,360,70,60,70,90,80,410,70,90,90,80,80,350,80,70,70,70,50,20,221900
222201,PÄtea,Patea,6.30804183,6.30804183,13767.476222175646,477.1,0.4771,53.7,Patea  Pharmacy,Taranaki,    222201 Patea,630,49.6,120,40,35,40,140,25,30,25,25,25,220,25,40,50,50,55,150,50,50,25,15,5,10,222201
223600,Castlecliff West,Castlecliff West,3.02348229,3.02348229,7687.526447234128,5190.2,5.1902,502.9,Gonville Health Pharmacy,Whanganui,    223600 Castlecliff West,940,40.8,180,55,70,60,280,55,45,50,65,60,280,50,50,60,55,70,200,75,50,35,20,10,5,223600
222500,Taumarunui North,Taumarunui North,3.599081669999999,3.599081669999999,11851.711517199807,2850.9,2.8509,281.3,Unichem Taumarunui Pharmacy,Waikato,    222500 Taumarunui North,820,43.4,160,65,50,50,220,45,35,40,50,50,220,35,35,45,45,65,210,60,65,35,25,15,10,222500
222600,Taumarunui Central,Taumarunui Central,5.53738135,5.53738135,14058.675378091211,738.3,0.7383,102.8,Unichem Taumarunui Pharmacy,Waikato,    222600 Taumarunui Central,810,50.5,140,45,45,50,190,35,30,40,45,35,260,25,40,50,60,80,220,70,60,40,25,10,10,222600
222700,Taumarunui East,Taumarunui East,4.51812733,4.51812733,14308.041587313095,4704.8,4.7048000000000005,266.2,Unichem Taumarunui Pharmacy,Waikato,    222700 Taumarunui East,810,38.6,160,55,40,65,260,65,55,45,50,45,230,40,45,45,50,50,160,45,60,35,15,10,0,222700
223000,Raetihi,Raetihi,3.85952555,3.85952555,11630.059824925269,67686.2,67.6862,3482.6,Taihape Pharmacy,Whanganui,    223000 Raetihi,520,36.4,130,35,40,55,160,40,20,30,30,35,160,30,35,35,30,35,80,30,20,10,10,5,0,223000
230500,Papaioea North,Papaioea North,0.80387099,0.80387099,4816.357994679089,430.7,0.43069999999999997,45.9,City Health Pharmacy Ltd,MidCentral,    230500 Papaioea North,1470,39.6,210,60,90,60,530,70,160,110,120,80,370,70,70,80,70,90,350,70,70,70,70,40,30,230500
223701,Otamatea (Whanganui District),Otamatea (Whanganui District),2.695552490000001,2.695552490000001,10046.76741426375,3159.1,3.1591,278.0,Woolworths Pharmacy Victoria Avenue (Whanganui),Whanganui,    223701 Otamatea (Whanganui district),910,57.3,120,35,35,45,150,35,25,25,30,35,300,45,50,65,60,70,350,75,80,85,60,30,25,223701
223800,Castlecliff East,Castlecliff East,2.80650056,2.80650056,8110.045222489665,3463.7,3.4637,380.4,Gonville Health Pharmacy,Whanganui,    223800 Castlecliff East,1070,36,230,70,80,80,350,70,70,70,70,60,320,60,50,70,70,70,170,60,50,30,20,10,0,223800
223901,Springvale North,Springvale North,1.27938329,1.27938329,6234.1431354942,2439.8,2.4398,249.4,Unichem Whanganui Pharmacy,Whanganui,    223901 Springvale North,230,55.2,40,10,15,15,40,15,5,5,5,10,80,10,15,10,20,25,70,10,15,20,15,5,5,223901
224600,Upper Aramoho,Upper Aramoho,1.56215121,1.56215121,6995.859703828566,2593.8,2.5938000000000003,235.7,Aramoho Pharmacy,Whanganui,    224600 Upper Aramoho,1210,41.3,250,80,90,70,330,50,50,70,80,80,350,60,70,70,80,80,270,80,80,60,30,20,10,224600
224000,Lower Aramoho,Lower Aramoho,2.08386441,2.08386441,7402.571280260949,773.8,0.7737999999999999,127.0,Aramoho Pharmacy,Whanganui,    224000 Lower Aramoho,1090,38.7,220,70,60,90,340,60,70,60,80,70,340,60,60,70,70,70,190,60,50,40,30,10,10,224000
224100,St Johns Hill East,St Johns Hill East,1.12367659,1.12367659,5159.035874880076,1625.8,1.6258,188.1,Woolworths Pharmacy Victoria Avenue (Whanganui),Whanganui,    224100 St Johns Hill East,610,59.9,80,20,30,30,110,20,15,20,25,25,170,30,35,25,35,45,260,45,45,45,45,35,40,224100
224301,Titoki,Titoki,1.63582642,1.63582642,6359.431141971813,1524.6,1.5246,190.9,Gonville Health Pharmacy,Whanganui,    224301 Titoki,1610,38.7,330,110,110,120,500,90,80,120,110,100,460,80,90,100,90,100,320,90,90,60,40,20,20,224301
224500,Springvale East,Springvale East,0.63070446,0.63070446,3298.572623503611,1293.2,1.2932000000000001,126.3,Unichem Whanganui Pharmacy,Whanganui,    224500 Springvale East,910,46.4,160,45,55,55,230,45,50,45,50,40,270,60,50,55,45,60,250,60,65,55,35,35,5,224500
225200,Gonville West,Gonville West,0.73841665,0.73841665,4176.092952741206,396.2,0.3962,58.2,Gonville Health Pharmacy,Whanganui,    225200 Gonville West,950,39.4,200,60,55,85,280,55,55,65,55,55,300,60,60,60,60,60,170,55,45,35,20,5,5,225200
224700,Balgownie,Balgownie,2.8184768,2.8184768,8821.103064388193,1847.0,1.847,171.2,Gonville Health Pharmacy,Whanganui,    224700 Balgownie,90,27.6,30,10,10,5,30,10,5,5,5,5,20,5,5,5,5,0,10,5,5,0,0,0,0,224700
224800,Laird Park,Laird Park,1.1135117,1.1135117,4683.075288402535,970.7,0.9707,104.7,Woolworths Pharmacy Victoria Avenue (Whanganui),Whanganui,    224800 Laird Park,1210,40.8,220,70,80,80,370,60,70,90,90,70,360,60,60,80,70,80,250,70,60,50,40,10,20,224800
224900,Wembley Park,Wembley Park,1.53582214,1.53582214,9182.370273696964,1364.0,1.364,139.5,Pharmacy Over East,Whanganui,    224900 Wembley Park,940,40.3,170,50,65,60,290,65,50,55,65,55,300,50,55,50,55,85,170,60,45,35,20,5,5,224900
225000,College Estate,College Estate,1.35037152,1.35037152,6031.42565227327,1017.3,1.0172999999999999,98.2,Woolworths Pharmacy Victoria Avenue (Whanganui),Whanganui,    225000 College Estate,730,39.5,140,35,50,55,230,65,40,40,40,40,200,35,40,40,40,40,160,40,40,30,25,15,10,225000
225100,Whanganui East-Williams Domain,Whanganui East-Williams Domain,1.37721183,1.37721183,7983.521292707434,624.7,0.6247,65.0,Pharmacy Over East,Whanganui,    225100 Whanganui East-Williams Domain,1280,45,220,50,60,110,350,70,60,70,80,70,350,70,70,80,70,70,350,70,80,60,70,50,30,225100
225500,Whanganui East-Riverlands,Whanganui East-Riverlands,1.49508465,1.49508465,7603.2395603012155,633.7,0.6337,62.1,Pharmacy Over East,Whanganui,    225500 Whanganui East-Riverlands,1240,44.4,210,60,70,80,360,70,60,60,90,70,370,60,70,70,80,90,300,80,80,60,40,40,10,225500
225600,Kaitoke-Fordell,Kaitoke-Fordell,261.31181852,261.31181852,104260.53328329086,9828.1,9.828100000000001,800.9,Pharmacy Over East,Whanganui,    225600 Kaitoke-Fordell,960,44.2,160,35,55,65,280,50,45,50,65,60,360,55,60,70,85,80,170,75,45,30,20,5,5,225600
225700,Whanganui Central,Whanganui Central,2.43775712,2.43775712,8763.066133622484,499.3,0.4993,50.8,Pharmacy 145 on Victoria,Whanganui,    225700 Whanganui Central,380,42,60,20,25,15,120,15,20,30,30,25,110,20,25,20,20,30,90,35,25,15,5,5,5,225700
225900,Bastia-Durie Hill,Bastia-Durie Hill,2.57041851,2.57041851,7624.1973138945905,1212.8,1.2127999999999999,117.0,Chemist Warehouse Whanganui,Whanganui,    225900 Bastia-Durie Hill,1150,50,180,40,60,80,260,40,40,50,60,70,390,60,70,90,80,90,320,110,90,60,40,10,10,225900
231101,Royal Oak (Palmerston North City),Royal Oak (Palmerston North City),1.77498049,1.77498049,8198.027127078116,3604.5,3.6045,341.1,Vogel Street Pharmacy,MidCentral,    231101 Royal Oak (Palmerston North city),1390,42.6,290,80,100,110,360,90,40,40,70,110,460,90,110,90,70,80,280,70,80,60,50,20,10,231101
226000,Putiki,Putiki,3.35288036,3.35288036,11138.281399848132,2104.0,2.104,211.3,Chemist Warehouse Whanganui,Whanganui,    226000 Putiki,370,51.3,50,15,10,20,90,20,20,15,15,20,140,15,20,30,30,45,90,30,25,20,10,5,0,226000
226100,Mokai Patea,Mokai Patea,2474.8888005500007,2474.8888005500007,452648.1050434423,14320.9,14.3209,1727.8,Taihape Pharmacy,Whanganui,    226100 Mokai Patea,880,40.5,190,65,65,60,240,55,40,45,55,50,300,55,50,65,70,65,140,55,35,30,15,5,5,226100
226200,Ngamatea,Ngamatea,611.5667999,611.5667999,202250.24764119586,65949.4,65.9494,6161.4,Taihape Pharmacy,Whanganui,    226200 Ngamatea,10,32.2,0,0,0,0,0,0,0,0,0,0,0,0,0,0,0,0,0,0,0,0,0,0,0,226200
226300,Turakina,Turakina,276.61986827,276.61986827,139711.09135758883,16317.9,16.317899999999998,1253.8,Marton Pharmacy,Whanganui,    226300 Turakina,690,40.7,150,50,45,55,190,40,35,40,40,35,240,30,35,55,70,55,110,45,25,20,10,10,5,226300
226400,Otairi,Otairi,636.7622133699999,636.7622133699999,182681.49047282359,33195.5,33.1955,1956.7,Marton Pharmacy,Whanganui,    226400 Otairi,630,45.2,100,25,35,45,180,40,30,40,35,35,210,30,25,45,60,50,130,45,40,25,15,5,5,226400
227000,Bulls,Bulls,6.828771439999999,6.828771439999999,14428.383019379473,1112.3,1.1122999999999998,132.8,Platt's Pharmacy Ltd,Whanganui,    227000 Bulls,1120,33.4,240,60,90,80,430,70,70,100,110,70,300,50,50,60,60,60,150,40,30,30,20,10,10,227000
231200,West End,West End,1.1613232,1.1613232,4824.725765838869,400.4,0.4004,41.7,Cook Street Pharmacy,MidCentral,    231200 West End,1640,31.5,260,100,100,70,760,130,220,150,140,110,410,80,80,90,80,70,200,60,50,30,30,20,10,231200
226500,Taihape,Taihape,4.93440266,4.93440266,16309.023434565584,479.3,0.4793,56.4,Taihape Pharmacy,Whanganui,    226500 Taihape,900,43.2,170,70,55,50,260,55,30,55,60,55,280,35,45,55,75,70,200,45,50,50,25,15,10,226500
226601,Marton Rural,Marton Rural,194.35427299000006,194.35427299000006,100720.18531300567,712.8,0.7128,90.3,Marton Pharmacy,Whanganui,    226601 Marton Rural,550,44,110,40,35,40,140,35,20,20,30,35,180,30,30,35,45,40,110,35,35,25,15,5,5,226601
227300,Åhakea-Sanson,Ohakea-Sanson,82.45352996,82.45352996,47558.75654319606,6074.5,6.0745,441.0,Platt's Pharmacy Ltd,Whanganui,    227300 Ohakea-Sanson,730,36.9,130,50,40,35,270,35,45,65,80,50,240,55,40,50,55,45,90,35,35,15,5,5,0,227300
228300,Kimbolton West,Kimbolton West,1.16034697,1.16034697,4956.253941957819,417.8,0.4178,41.6,Feilding Health Pharmacy,MidCentral,    228300 Kimbolton West,1390,41.9,250,70,90,90,420,70,70,90,110,90,390,80,70,70,80,90,340,70,80,60,50,40,30,228300
229700,Pioneer West,Pioneer West,2.36407077,2.36407077,9002.078091621932,4416.7,4.4167,463.0,Botanical Road Pharmacy,MidCentral,    229700 Pioneer West,140,43.1,20,5,10,10,50,10,5,15,5,10,50,10,5,10,10,10,30,10,10,5,0,0,0,229700
227400,Oroua Downs,Oroua Downs,124.61864892000004,124.61864892000004,55452.35769254826,18168.6,18.168599999999998,1195.2,Gimbletts Pharmacy,MidCentral,    227400 Oroua Downs,730,49.6,110,35,25,40,190,35,30,30,50,40,280,35,35,60,70,80,150,45,45,35,15,5,0,227400
227600,Pohangina-Apiti,Pohangina-Apiti,681.6044891899996,681.6044891899996,167030.49752857094,46813.9,46.813900000000004,4071.3,Unichem Terrace End Pharmacy,MidCentral,    227600 Pohangina-Apiti,690,44.4,150,35,55,55,160,45,10,20,35,50,260,45,35,55,65,60,120,50,40,20,10,5,0,227600
228000,Sandon,Sandon,4.48609783,4.48609783,12638.280160322423,2154.2,2.1542,191.6,Central Feilding Pharmacy,MidCentral,    228000 Sandon,1240,47.9,200,60,60,90,310,60,50,60,70,70,390,70,70,80,90,80,330,70,100,70,50,30,20,228000
228100,Kimbolton North,Kimbolton North,4.21263134,4.21263134,9827.29220391933,2089.2,2.0892,210.8,Feilding Health Pharmacy,MidCentral,    228100 Kimbolton North,1920,43.5,350,130,110,110,530,100,80,110,120,130,520,110,80,100,120,110,520,100,130,100,80,50,40,228100
228400,Feilding Central,Feilding Central,6.65992139,6.65992139,15682.873987160247,1703.3,1.7033,200.1,Central Feilding Pharmacy,MidCentral,    228400 Feilding Central,530,42.1,90,30,35,30,160,25,15,35,45,35,150,25,30,30,30,40,120,35,30,25,15,5,10,228400
228500,Kimbolton South,Kimbolton South,1.35446207,1.35446207,5826.09413256677,1514.6,1.5146,146.4,Feilding Health Pharmacy,MidCentral,    228500 Kimbolton South,1180,40.2,230,80,80,80,350,60,50,70,90,80,350,80,70,60,80,70,240,70,50,40,30,30,20,228500
229201,Tremaine,Tremaine,4.253510690000001,4.253510690000001,22755.889001003143,704.3,0.7042999999999999,96.2,Te Rau Rongoā ki Ruahine - Pharmacy on Ruahine (Palmerston North Hospital Pharmacy),MidCentral,    229201 Tremaine,220,29.8,40,10,15,15,100,25,30,15,20,15,50,10,15,10,10,5,20,10,5,5,0,0,0,229201
228800,Newbury,Newbury,34.67449075,34.67449075,50541.3467378438,2970.8,2.9708,211.5,Botanical Road Pharmacy,MidCentral,    228800 Newbury,1020,40.1,190,60,60,70,320,90,60,50,60,60,330,50,70,70,60,80,180,70,50,30,20,10,0,228800
228901,Palmerston North Airport,Palmerston North Airport,7.47137709,7.47137709,15342.26895824018,3799.2,3.7992,328.5,Milson Pharmacy,MidCentral,    228901 Palmerston North Airport,70,42.1,10,5,0,5,30,10,5,5,5,0,30,5,5,5,5,5,10,5,0,5,0,0,0,228901
229001,Milson North,Milson North,1.03091714,1.03091714,5482.045511389259,1361.9,1.3619,177.5,Milson Pharmacy,MidCentral,    229001 Milson North,1400,43.9,240,70,80,80,410,80,70,80,90,90,390,70,80,70,70,100,360,80,90,60,70,30,30,229001
229400,Whakarongo,Whakarongo,51.23433718,51.23433718,50652.619478437766,6453.7,6.4536999999999995,421.9,Vogel Street Pharmacy,MidCentral,    229400 Whakarongo,870,45.8,140,35,40,65,230,65,45,40,40,45,330,50,65,70,65,80,160,60,50,25,15,5,5,229400
229500,Westbrook,Westbrook,1.12917274,1.12917274,5651.464668810431,1264.7,1.2647,127.0,Botanical Road Pharmacy,MidCentral,    229500 Westbrook,1640,32.9,370,110,130,130,630,120,120,130,130,120,440,110,60,100,90,80,200,50,60,40,20,10,10,229500
229900,Highbury East,Highbury East,1.16070788,1.16070788,4802.722913610634,935.4,0.9354,98.1,Botanical Road Pharmacy,MidCentral,    229900 Highbury East,1590,32,380,130,130,120,610,120,130,130,130,120,410,90,90,90,80,70,190,50,40,40,20,20,10,229900
230000,Park West,Park West,0.92842032,0.92842032,4149.40387806917,2363.3,2.3633,231.0,Botanical Road Pharmacy,MidCentral,    230000 Park West,1080,48.5,160,60,60,50,310,55,55,75,65,60,270,45,40,50,65,65,340,70,65,65,55,40,35,230000
230100,Takaro South,Takaro South,0.87652757,0.87652757,4595.229504135391,440.2,0.4402,48.7,Botanical Road Pharmacy,MidCentral,    230100 Takaro South,1290,33,250,90,80,80,550,90,110,130,120,100,330,80,70,60,60,60,160,60,30,30,20,10,10,230100
230200,Roslyn (Palmerston North City),Roslyn (Palmerston North City),1.15069266,1.15069266,4958.5328015791465,590.5,0.5905,109.7,Unichem Kauri Healthcare Pharmacy,MidCentral,    230200 Roslyn (Palmerston North city),1300,33.5,250,90,80,80,530,80,100,130,120,90,340,70,70,80,60,60,190,50,40,30,30,10,10,230200
230300,Kelvin Grove West,Kelvin Grove West,0.78190041,0.78190041,3615.7579415161204,1765.4,1.7654,174.2,Vogel Street Pharmacy,MidCentral,    230300 Kelvin Grove West,1390,32.5,310,110,110,90,560,100,100,110,130,110,370,90,80,90,50,70,150,50,40,30,20,0,0,230300
230400,Kelvin Grove North,Kelvin Grove North,2.14178111,2.14178111,6764.709908886236,3908.1,3.9081,400.3,Vogel Street Pharmacy,MidCentral,    230400 Kelvin Grove North,1200,40,230,60,70,100,370,90,70,50,80,90,410,80,100,80,60,80,200,60,50,30,30,10,0,230400
230600,Palmerston North Central,Palmerston North Central,1.843798679999999,1.843798679999999,9873.335636773736,628.1,0.6281,93.6,Life Pharmacy The Plaza,MidCentral,    230600 Palmerston North Central,610,28.4,60,25,20,15,350,60,140,55,60,35,150,30,30,35,30,25,50,20,10,10,5,5,0,230600
230700,Awapuni North,Awapuni North,1.23350318,1.23350318,4765.680055115633,1050.6,1.0506,118.5,Unichem Awapuni Pharmacy,MidCentral,    230700 Awapuni North,1980,32.2,400,140,140,130,820,140,180,190,170,140,510,130,110,100,90,90,250,70,50,50,30,20,10,230700
230800,Terrace End,Terrace End,1.2027971,1.2027971,4597.025181917935,632.4,0.6324,76.5,Unichem Kauri Healthcare Pharmacy,MidCentral,    230800 Terrace End,1940,34.8,380,140,110,130,750,130,140,170,160,150,530,110,110,110,100,100,280,80,70,60,40,20,20,230800
230900,Maraetarata,Maraetarata,2.4420837,2.4420837,7787.827690080469,2391.6,2.3916,275.9,Unichem Awapuni Pharmacy,MidCentral,    230900 Maraetarata,790,41.2,130,50,45,35,250,35,50,50,50,55,240,40,45,45,40,65,170,50,55,35,15,5,5,230900
231000,Papaioea South,Papaioea South,0.60050728,0.60050728,4016.338621880315,412.2,0.4122,59.5,Roses Unichem Pharmacy,MidCentral,    231000 Papaioea South,1120,33.2,110,40,30,30,550,70,190,120,110,60,270,50,50,60,60,60,190,50,50,40,30,20,10,231000
231300,Awapuni South,Awapuni South,1.67138378,1.67138378,5327.316499979575,1140.2,1.1402,123.2,Unichem Awapuni Pharmacy,MidCentral,    231300 Awapuni South,1850,39,340,90,130,120,610,140,120,110,120,120,560,120,130,130,80,110,340,90,70,70,60,20,20,231300
231400,Milverton,Milverton,0.56450876,0.56450876,4194.74292154976,448.3,0.44830000000000003,51.4,Unichem The Palms Pharmacy,MidCentral,    231400 Milverton,1170,26.1,150,50,50,50,660,120,280,130,80,50,240,50,40,50,40,50,110,40,30,30,10,10,0,231400
231500,Ruamahanga,Ruamahanga,1.53131831,1.53131831,5362.839745879261,1928.1,1.9281,196.9,Unichem Terrace End Pharmacy,MidCentral,    231500 Ruamahanga,1490,35.7,300,100,110,100,530,100,110,110,100,110,430,100,90,80,80,80,230,70,50,50,30,10,10,231500
231700,Hokowhitu Central,Hokowhitu Central,0.91032182,0.91032182,4790.850101447954,1053.3,1.0533,111.6,Hokowhitu Pharmacy,MidCentral,    231700 Hokowhitu Central,1290,46.5,180,50,50,70,380,90,90,70,70,60,440,70,80,110,90,100,290,90,70,60,40,20,10,231700
231800,Hokowhitu East,Hokowhitu East,1.24310273,1.24310273,5048.3839786530925,925.1,0.9251,95.8,Hokowhitu Pharmacy,MidCentral,    231800 Hokowhitu East,1690,39.9,290,80,100,100,560,110,120,120,110,110,540,120,100,110,110,100,300,80,80,50,40,30,20,231800
237800,Paraparaumu Central,Paraparaumu Central,4.46420657,4.46420657,10099.622513325885,1458.8,1.4587999999999999,183.2,Life Pharmacy Kapiti Coast,Wellington,    237800 Paraparaumu Central,2310,47,310,110,100,110,670,130,100,130,180,140,640,130,100,120,150,130,690,110,140,160,130,100,50,237800
231900,Turitea,Turitea,9.72038203,9.72038203,16556.160079104407,5024.2,5.0241999999999996,408.1,Hokowhitu Pharmacy,MidCentral,    231900 Turitea,320,19.3,10,5,5,0,290,200,45,20,15,10,20,5,5,5,5,0,0,0,0,0,0,0,0,231900
232101,Linton Camp,Linton Camp,4.969988549999999,4.969988549999999,13224.92106505111,7714.2,7.7142,506.7,Vautier Pharmacy Summerhill Village,MidCentral,    232101 Linton Camp,620,25.5,140,75,50,15,410,25,130,140,85,35,60,25,10,10,5,5,10,5,5,0,0,0,0,232101
232200,Ashhurst,Ashhurst,4.207113460000001,4.207113460000001,11930.59724184178,13392.4,13.3924,817.4,Unichem Terrace End Pharmacy,MidCentral,    232200 Ashhurst,1740,37,400,110,150,140,540,130,90,80,120,130,550,130,110,110,90,110,240,70,70,50,40,10,10,232200
232300,Hokowhitu South,Hokowhitu South,0.89526631,0.89526631,4088.7438647199942,841.8,0.8418,88.5,Hokowhitu Pharmacy,MidCentral,    232300 Hokowhitu South,1080,35.2,210,60,70,70,400,70,90,90,80,70,290,60,70,60,50,50,170,40,50,30,30,10,10,232300
232701,Poutoa,Poutoa,2.71602209,2.71602209,8770.7514990664,810.8,0.8108,85.7,Vautier Pharmacy Summerhill Village,MidCentral,    232701 Poutoa,1300,45,180,40,60,70,400,100,110,80,60,50,450,70,90,100,90,100,280,60,60,50,50,30,20,232701
233100,Woodville,Woodville,4.039404820000001,4.039404820000001,8636.255708154902,15298.9,15.2989,795.0,Pahiatua Pharmacy,MidCentral,    233100 Woodville,840,46.7,150,55,55,40,200,45,20,40,55,40,290,50,50,60,70,60,200,55,65,40,20,10,10,233100
232501,Pihauatua,Pihauatua,141.86847085,141.86847085,68383.3317485532,14749.4,14.7494,1599.9,Vautier Pharmacy Summerhill Village,MidCentral,    232501 Pihauatua,530,40.8,110,30,35,45,150,35,25,30,30,30,190,35,30,50,35,45,80,30,25,15,10,5,0,232501
233300,Dannevirke East,Dannevirke East,4.741845010000001,4.741845010000001,16678.632226589787,575.4,0.5754,84.9,Dannevirke Wellness Pharmacy ,MidCentral,    233300 Dannevirke East,1800,42.6,350,100,120,130,510,100,90,110,120,90,500,90,80,90,120,120,440,110,120,80,60,40,40,233300
234700,Donnelly Park,Donnelly Park,1.90363244,1.90363244,6508.598962033847,1748.6,1.7486,212.3,Steeds Pharmacy,MidCentral,    234700 Donnelly Park,670,44.9,120,40,40,45,180,40,30,35,40,35,210,30,35,35,55,50,160,40,40,40,25,10,5,234700
233600,Pahiatua,Pahiatua,3.87704991,3.87704991,10582.195908666634,770.5,0.7705,95.7,Pahiatua Pharmacy,MidCentral,    233600 Pahiatua,1520,40.3,340,120,100,120,420,90,50,80,120,80,440,90,80,100,90,90,330,90,80,60,40,30,30,233600
234100,Foxton Beach,Foxton Beach,2.641776929999999,2.641776929999999,9637.358264497983,5537.3,5.5373,547.6,Gimbletts Pharmacy,MidCentral,    234100 Foxton Beach,1090,59.2,140,40,40,60,160,40,20,20,40,50,370,50,60,60,90,110,420,130,130,90,40,20,10,234100
234201,Foxton North,Foxton North,6.53907706,6.53907706,15912.221209665568,1749.6,1.7495999999999998,151.7,Gimbletts Pharmacy,MidCentral,    234201 Foxton North,770,43.7,140,45,40,55,220,40,40,45,45,40,240,40,40,55,55,60,170,50,40,40,20,15,10,234201
235000,Makomako,Makomako,0.85654902,0.85654902,4376.258899872372,1239.3,1.2392999999999998,169.8,Levin Mall Pharmacy,MidCentral,    235000 Makomako,820,42.9,150,55,40,55,230,50,45,45,50,40,250,45,40,55,55,50,190,50,50,30,35,15,10,235000
235100,Kawiu North,Kawiu North,1.75773119,1.75773119,6870.043681633781,1828.5,1.8285,186.3,Steeds Pharmacy,MidCentral,    235100 Kawiu North,970,49,170,45,50,70,230,45,50,40,50,45,310,45,55,70,65,75,270,65,80,55,35,25,10,235100
234400,Waitarere,Waitarere,94.70267454,94.70267454,46469.11769189369,7930.6,7.9306,472.3,Steeds Pharmacy,MidCentral,    234400 Waitarere,1210,54.6,170,50,60,60,220,50,20,40,50,50,470,60,70,100,120,130,350,120,100,70,30,10,10,234400
234600,Miranui,Miranui,296.87956565,296.87956565,109860.40922274234,25675.9,25.675900000000002,2036.9,Gimbletts Pharmacy,MidCentral,    234600 Miranui,1030,37.6,240,80,90,70,320,70,40,50,80,70,340,50,70,80,70,60,130,50,40,30,10,0,0,234600
234801,Åhau-Manakau,Ohau-Manakau,41.747018370000006,41.747018370000006,46477.76472223502,8388.3,8.3883,622.4,Berrys Health Centre Pharmacy,MidCentral,    234801 Ohau-Manakau,1240,55.2,170,40,60,70,250,50,40,50,60,60,410,60,60,70,110,110,410,120,120,90,50,20,10,234801
234900,Kawiu South,Kawiu South,1.02386946,1.02386946,4454.906844033495,1135.3,1.1353,119.6,Steeds Pharmacy,MidCentral,    234900 Kawiu South,1440,44.4,270,80,80,110,390,90,60,80,80,80,410,70,60,80,100,100,370,100,80,70,50,50,30,234900
235301,Tararua,Tararua,11.229285519999998,11.229285519999998,25744.967419542874,1491.2,1.4912,202.1,Berrys Health Centre Pharmacy,MidCentral,    235301 Tararua,990,56,150,50,45,60,200,30,40,45,50,30,260,35,45,60,45,75,380,90,95,115,60,20,5,235301
235400,Shannon,Shannon,2.94401163,2.94401163,8266.52933180273,15490.8,15.4908,802.1,Berrys Tararua Pharmacy,MidCentral,    235400 Shannon,830,37.6,200,65,65,75,230,45,45,50,55,40,260,50,50,45,60,60,130,50,30,25,15,5,0,235400
235500,Queenwood (Horowhenua District),Queenwood (Horowhenua District),0.82605756,0.82605756,3851.98546081542,756.0,0.756,98.1,Berrys Tararua Pharmacy,MidCentral,    235500 Queenwood (Horowhenua district),1140,48.9,180,60,60,60,290,60,50,60,80,50,310,50,60,60,60,90,360,70,80,80,60,50,30,235500
235600,Playford Park,Playford Park,0.85176029,0.85176029,3818.8291406956555,584.4,0.5844,80.3,Berrys Health Centre Pharmacy,MidCentral,    235600 Playford Park,1040,42.2,210,70,70,65,280,55,50,60,70,50,280,50,45,60,60,70,260,55,65,55,40,25,25,235600
235800,Taitoko,Taitoko,0.92013668,0.92013668,4696.681187327545,1100.9,1.1009,161.7,Berrys Health Centre Pharmacy,MidCentral,    235800 Taitoko,1000,34.8,240,75,90,80,310,50,65,70,75,50,250,40,50,55,55,50,190,45,50,35,30,15,15,235800
236000,Makahika,Makahika,170.32284536,170.32284536,77410.1606190451,15106.8,15.1068,2133.1,Berrys Tararua Pharmacy,MidCentral,    236000 Makahika,520,52.7,80,20,30,35,100,25,15,15,20,25,210,30,25,45,55,55,130,50,40,20,10,5,0,236000
236100,Kimberley,Kimberley,129.36669275,129.36669275,63098.94996347327,12228.1,12.2281,1965.6,Berrys Health Centre Pharmacy,MidCentral,    236100 Kimberley,260,46.9,50,10,15,20,60,15,5,10,15,15,90,15,20,20,15,20,60,20,20,10,5,0,5,236100
236200,Kapiti Island,Kapiti Island,19.258515210000002,19.258515210000002,28519.57083010493,1416.0,1.416,145.4,Paraparaumu Beach Pharmacy,Wellington,    236200 Kapiti Island,0,..,0,0,0,0,0,0,0,0,0,0,0,0,0,0,0,0,0,0,0,0,0,0,0,236200
242000,Trentham North,Trentham North,1.0238656,1.0238656,5164.107516969221,2299.0,2.299,234.3,Lagans Pharmacy,Hutt,    242000 Trentham North,1720,39.3,290,110,80,90,580,100,100,110,160,120,520,100,90,110,110,110,330,80,70,60,60,30,20,242000
236300,Åtaki Beach,Otaki Beach,3.36054516,3.36054516,11427.792693831861,2466.5,2.4665,186.8,Hamish Barham Pharmacy,MidCentral,    236300 Otaki Beach,1130,48.1,180,60,60,60,290,50,40,60,80,70,360,60,60,70,70,100,300,80,90,60,50,20,10,236300
236401,Forest Lakes (Kapiti Coast District),Forest Lakes (Kapiti Coast District),34.633679050000005,34.633679050000005,38288.11539480624,5251.5,5.2515,374.6,Hamish Barham Pharmacy,MidCentral,    236401 Forest Lakes (Kapiti Coast district),320,52.4,50,15,10,20,70,25,15,10,10,10,120,10,20,30,25,35,80,30,25,15,5,0,0,236401
236800,Waikanae Beach,Waikanae Beach,4.36515809,4.36515809,13122.113981708575,4127.8,4.127800000000001,392.1,Westbury Pharmacy,Wellington,    236800 Waikanae Beach,1800,53.7,220,60,80,80,380,90,60,50,90,80,650,100,90,140,160,160,540,140,150,140,70,30,10,236800
236500,Åtaki,Otaki,8.459020610000001,8.459020610000001,16441.23625830266,251.0,0.251,54.7,Hamish Barham Pharmacy,MidCentral,    236500 Otaki,2130,44.2,390,130,110,150,580,140,90,100,140,110,620,110,100,130,130,150,530,130,120,120,90,50,20,236500
242200,Trentham South,Trentham South,8.124783660000002,8.124783660000002,14046.189607842363,3445.3,3.4453,397.0,Silverstream Pharmacy,Hutt,    242200 Trentham South,1480,41.5,280,110,110,60,410,40,30,60,140,150,390,140,70,70,50,60,390,60,60,100,90,60,30,242200
236600,Te Horo,Te Horo,31.862767159999997,31.862767159999997,25268.66279554625,8068.1,8.068100000000001,588.4,Hamish Barham Pharmacy,MidCentral,    236600 Te Horo,790,52.6,130,40,45,45,140,30,25,25,25,35,330,40,50,75,80,90,190,65,50,45,15,5,5,236600
236701,Waitohu,Waitohu,4.16017574,4.16017574,9744.76776169773,3161.0,3.161,379.3,Hamish Barham Pharmacy,MidCentral,    236701 Waitohu,680,47.9,110,40,40,35,170,30,30,40,40,30,210,40,35,45,40,45,190,50,55,45,20,15,5,236701
318200,Islington,Islington,1.77906254,1.77906254,6309.017471550665,1179.1,1.1790999999999998,113.2,Hei Hei Pharmacy (2019) Ltd,Canterbury,    318200 Islington,490,41,70,25,25,25,170,25,40,35,30,35,160,35,35,25,35,30,100,30,20,15,15,5,5,318200
236900,Peka Peka,Peka Peka,10.02003919,10.02003919,15620.382524523366,5935.6,5.9356,371.2,Unichem Waikanae Health Pharmacy,Wellington,    236900 Peka Peka,360,54.9,40,10,10,20,70,25,10,5,15,10,140,20,25,30,30,35,120,40,35,30,10,5,5,236900
237001,Paraparaumu Beach North,Paraparaumu Beach North,2.458331519999999,2.458331519999999,7086.734038951705,2182.2,2.1822,251.3,Mazengarb Pharmacy,Wellington,    237001 Paraparaumu Beach North,2250,45.5,350,110,110,130,620,160,110,90,130,130,790,140,150,170,160,170,490,140,120,100,80,30,20,237001
237100,Paraparaumu Beach West,Paraparaumu Beach West,1.59436234,1.59436234,6943.754145514966,431.6,0.43160000000000004,81.3,Paraparaumu Beach Pharmacy,Wellington,    237100 Paraparaumu Beach West,1330,54.4,160,60,50,60,280,60,40,60,60,60,460,70,80,90,110,120,430,110,110,90,50,40,30,237100
303400,Fairose,Fairose,1.4211355,1.4211355,6671.590477137408,2061.5,2.0615,236.4,Unichem Richmond Mall Pharmacy,Nelson Marlborough,    303400 Fairose,950,59.1,100,20,40,40,170,45,25,25,30,40,300,35,50,60,85,70,380,85,100,100,65,25,10,303400
237200,Waikanae Park,Waikanae Park,7.359810380000001,7.359810380000001,14546.699845763555,2940.6,2.9406,326.0,Unichem Waikanae Health Pharmacy,Wellington,    237200 Waikanae Park,1270,56.8,160,50,50,60,240,60,30,30,70,50,360,60,70,70,70,80,510,90,100,120,100,60,50,237200
237300,Paraparaumu Beach East,Paraparaumu Beach East,1.06717984,1.06717984,4543.136070953988,1312.0,1.312,140.5,Paraparaumu Beach Pharmacy,Wellington,    237300 Paraparaumu Beach East,1510,52.3,230,70,70,90,320,80,50,50,70,70,450,80,80,100,100,80,510,80,120,120,80,80,30,237300
237401,Otaihanga,Otaihanga,4.159788,4.159788,12415.30481169589,4723.8,4.7238,312.7,Life Pharmacy Kapiti Coast,Wellington,    237401 Otaihanga,460,47.8,60,20,20,25,120,35,20,20,20,20,190,25,35,45,45,45,80,35,20,15,10,0,0,237401
237500,Paraparaumu North,Paraparaumu North,3.533676670000001,3.533676670000001,10671.739114836122,519.9,0.5199,96.6,Mazengarb Pharmacy,Wellington,    237500 Paraparaumu North,2010,51.6,290,90,110,100,450,110,80,80,90,90,640,120,110,130,140,140,630,140,140,160,110,60,40,237500
237600,Waikanae West,Waikanae West,4.681432669999999,4.681432669999999,11080.552839746959,1483.3,1.4833,203.4,Unichem Waikanae Health Pharmacy,Wellington,    237600 Waikanae West,2590,60.2,320,100,110,120,450,90,50,70,120,110,670,120,120,140,140,150,1160,180,210,300,240,150,80,237600
237700,Åtaki Forks,Otaki Forks,87.31788455,87.31788455,40669.35098473262,15116.4,15.1164,1630.4,Hamish Barham Pharmacy,MidCentral,    237700 Otaki Forks,440,51.6,60,15,20,30,100,30,25,15,15,15,170,20,25,50,35,40,110,40,35,25,10,5,0,237700
238000,Raumati Beach West,Raumati Beach West,1.75001199,1.75001199,7314.462795960341,417.9,0.4179,60.0,Raumati Road Pharmacy Ltd,Wellington,    238000 Raumati Beach West,1590,49.2,260,80,80,100,360,100,40,50,70,90,590,100,100,140,130,110,390,90,110,90,50,30,10,238000
238100,Waikanae East,Waikanae East,3.18744767,3.18744767,11431.161796422417,2574.7,2.5747,346.4,Westbury Pharmacy,Wellington,    238100 Waikanae East,1330,53,210,60,80,80,250,60,30,30,60,60,450,70,80,100,100,100,430,100,100,110,70,30,20,238100
238300,Raumati Beach East,Raumati Beach East,1.42429296,1.42429296,5350.138622030996,1377.3,1.3773,155.6,Raumati Road Pharmacy Ltd,Wellington,    238300 Raumati Beach East,1300,49.1,190,50,50,90,320,90,60,50,70,50,410,80,70,90,90,80,380,70,60,80,70,70,40,238300
238400,Paraparaumu East,Paraparaumu East,2.51185174,2.51185174,7672.16402972443,1101.3,1.1013,153.0,Life Pharmacy Kapiti Coast,Wellington,    238400 Paraparaumu East,1260,42.3,200,60,60,70,380,70,70,60,90,80,430,90,70,100,90,80,250,70,60,50,30,20,10,238400
303800,Marybank,Marybank,1.00901614,1.00901614,5073.792518617923,7151.1,7.1511000000000005,476.8,Life Pharmacy Nelson City,Nelson Marlborough,    303800 Marybank,560,53.9,80,15,35,30,90,25,10,10,25,20,210,40,30,45,40,50,180,60,45,45,20,5,5,303800
238500,Raumati South,Raumati South,5.41901416,5.41901416,11935.790661895768,3407.4,3.4074,363.6,Raumati Road Pharmacy Ltd,Wellington,    238500 Raumati South,2060,47.1,370,90,120,160,460,120,70,60,100,110,850,150,150,180,200,170,390,150,110,60,40,20,10,238500
240201,Postgate,Postgate,1.58853313,1.58853313,8481.488384678492,1961.7,1.9617,207.5,Waitangirua Pharmacy,Wellington,    240201 Postgate,1550,36.2,310,110,100,100,570,100,90,90,160,140,480,120,100,90,90,70,180,70,40,30,30,10,0,240201
242400,Ebdentown,Ebdentown,0.91108117,0.91108117,4750.792806511716,679.7,0.6797000000000001,79.2,Unichem Upper Hutt Health Pharmacy,Hutt,    242400 Ebdentown,1310,42.9,230,80,80,80,370,60,60,70,90,100,400,80,70,90,70,90,300,70,80,50,40,40,20,242400
238600,PaekÄkÄriki,Paekakariki,6.150735,6.150735,16945.95539184639,12141.6,12.1416,780.4,Life Pharmacy Kapiti Coast,Wellington,    238600 Paekakariki,960,49.5,130,30,45,60,220,65,25,30,40,55,410,50,90,100,85,85,200,70,65,35,15,10,10,238600
240300,Ascot Park,Ascot Park,1.11960262,1.11960262,5231.59204551505,2034.6,2.0345999999999997,212.7,Waitangirua Pharmacy,Wellington,    240300 Ascot Park,1530,34.8,320,90,110,110,570,120,100,100,130,120,470,90,110,110,90,70,170,60,40,40,20,10,0,240300
242500,Wallaceville,Wallaceville,0.70170605,0.70170605,3737.8607563076494,936.2,0.9362,113.0,Lagans Pharmacy,Hutt,    242500 Wallaceville,1300,39,230,80,80,60,440,60,80,90,110,100,410,90,70,90,80,90,220,60,50,40,30,20,10,242500
238800,Pukerua Bay,Pukerua Bay,8.171734349999998,8.171734349999998,14736.41909062203,7800.7,7.8007,516.6,Mana Pharmacy,Wellington,    238800 Pukerua Bay,1050,41,210,60,70,80,300,60,60,40,60,80,380,80,90,80,70,70,160,50,40,30,20,10,0,238800
240700,Cannons Creek North,Cannons Creek North,1.05701331,1.05701331,6103.866746015311,770.6,0.7706000000000001,96.5,Cannons Creek Pharmacy,Wellington,    240700 Cannons Creek North,1820,29.6,480,150,160,160,740,150,130,160,170,130,440,100,90,100,80,70,160,60,40,20,10,10,10,240700
239000,Plimmerton,Plimmerton,5.155856229999999,5.155856229999999,13013.660683750306,3552.0,3.552,402.5,Mana Pharmacy,Wellington,    239000 Plimmerton,1080,46.2,160,40,60,60,290,80,50,50,60,50,400,70,80,90,90,70,240,80,60,50,20,10,20,239000
240802,Waitangirua Corinna,Waitangirua Corinna,0.7095867,0.7095867,3863.2799015818528,399.1,0.3991,57.2,Waitangirua Pharmacy,Wellington,    240802 Waitangirua Corinna,1540,29,400,120,140,150,610,140,130,120,120,100,390,100,90,80,70,60,140,40,40,30,20,10,0,240802
242800,Pinehaven,Pinehaven,5.59087187,5.59087187,11445.246540511967,2397.4,2.3974,226.1,Silverstream Pharmacy,Hutt,    242800 Pinehaven,1020,41.2,210,60,70,80,280,80,40,40,50,70,380,80,90,80,60,70,150,60,30,30,20,10,10,242800
239100,Titahi Bay North,Titahi Bay North,2.009353710000001,2.009353710000001,7663.555343655505,1786.9,1.7869000000000002,226.8,Titahi Bay Pharmacy,Wellington,    239100 Titahi Bay North,1460,36.7,320,110,100,110,490,100,70,100,120,110,440,90,110,90,70,80,210,80,50,30,30,10,10,239100
240900,RÄnui Heights,Ranui Heights,2.35415722,2.35415722,8288.640878319347,2281.7,2.2817,214.9,Kenepuru Pharmacy,Wellington,    240900 Ranui Heights,690,39.5,130,50,45,35,220,30,40,45,60,45,230,50,50,45,45,40,110,35,25,25,10,15,0,240900
239200,Titahi Bay South,Titahi Bay South,3.533331509999999,3.533331509999999,10721.397545357793,1688.7,1.6887,217.8,Titahi Bay Pharmacy,Wellington,    239200 Titahi Bay South,2030,36.5,400,130,130,140,720,160,100,130,170,160,600,130,110,150,110,100,300,100,70,50,40,20,30,239200
241000,Cannons Creek East,Cannons Creek East,1.45607258,1.45607258,5444.401987144964,934.7,0.9347000000000001,92.3,Cannons Creek Pharmacy,Wellington,    241000 Cannons Creek East,1990,30.2,490,150,170,170,780,160,180,160,160,120,540,100,120,130,110,80,180,60,50,40,20,10,0,241000
319700,Avonhead South,Avonhead South,1.02540388,1.02540388,4308.143089761986,1423.0,1.423,149.7,Avonhead Pharmacy,Canterbury,    319700 Avonhead South,1650,39.5,280,80,100,110,550,80,120,120,130,110,490,120,100,100,90,90,320,100,70,70,40,20,20,319700
239300,Elsdon-Takapuwahia,Elsdon-Takapuwahia,10.294851669999998,10.294851669999998,17906.678596092937,1473.9,1.4739,162.1,Chemist Warehouse Porirua,Wellington,    239300 Elsdon-Takapuwahia,1260,33.9,280,90,90,100,460,80,90,100,100,90,360,70,80,80,70,60,160,50,40,30,20,10,10,239300
241100,Cannons Creek South,Cannons Creek South,1.4079365,1.4079365,7494.884624401711,1099.9,1.0999,114.9,Cannons Creek Pharmacy,Wellington,    241100 Cannons Creek South,840,30.9,210,70,55,80,330,70,70,65,70,60,230,45,45,55,50,30,80,30,20,15,10,5,0,241100
239500,Onepoto,Onepoto,2.24148185,2.24148185,7541.264457047349,2169.3,2.1693000000000002,287.5,Titahi Bay Pharmacy,Wellington,    239500 Onepoto,1000,36.9,200,80,60,70,340,70,50,70,80,70,320,70,60,80,60,50,130,40,40,20,20,10,0,239500
239600,Camborne,Camborne,0.8376535,0.8376535,4541.780496604471,1383.1,1.3831,183.0,Mana Pharmacy,Wellington,    239600 Camborne,1040,42.7,200,50,70,80,280,70,30,50,60,70,400,70,80,100,70,70,160,60,40,40,20,10,10,239600
247700,Linden,Linden,1.11886482,1.11886482,5408.309405120168,2040.8,2.0408,225.4,Kenepuru Pharmacy,Wellington,    247700 Linden,1740,35,350,120,130,100,650,110,130,130,150,130,530,120,120,110,100,80,210,60,50,30,30,30,10,247700
239801,Paremata,Paremata,1.613218650000001,1.67807423,10562.115229222316,2140.8,2.1408,213.6,Mana Pharmacy,Wellington,    239801 Paremata,1330,47.5,190,60,60,60,360,80,60,70,70,80,480,80,80,110,110,100,300,100,70,60,30,20,20,239801
241300,Riverstone Terraces,Riverstone Terraces,2.23627391,2.23627391,7945.1800167502315,6042.1,6.0421000000000005,406.5,Lagans Pharmacy,Hutt,    241300 Riverstone Terraces,950,38.9,190,60,70,65,300,60,55,35,70,75,360,70,75,90,70,55,100,50,35,15,5,0,0,241300
239900,Porirua Central,Porirua Central,6.725248650000001,6.725248650000001,15375.918165785348,1283.0,1.283,169.4,Kenepuru Pharmacy,Wellington,    239900 Porirua Central,440,42,50,20,15,10,160,15,20,30,50,45,100,30,25,20,20,10,130,15,25,45,30,5,5,239900
240100,Aotea,Aotea,2.67903312,2.67903312,7828.883702227901,3108.9,3.1089,288.8,Woolworths Pharmacy Porirua,Wellington,    240100 Aotea,2170,40.9,470,140,160,180,570,110,70,90,110,190,770,200,180,170,120,90,360,90,70,60,60,30,40,240100
319800,Riccarton Racecourse,Riccarton Racecourse,1.69491528,1.69491528,5538.648728341002,2980.5,2.9805,417.3,Unichem Riccarton Clinic Pharmacy,Canterbury,    319800 Riccarton Racecourse,930,34.3,160,75,50,35,380,50,80,85,105,65,220,50,40,35,45,50,170,40,45,35,25,15,5,319800
240401,Whitby,Whitby,1.73895907,1.73895907,9299.580281214585,972.0,0.972,96.8,Whitby Pharmacy Ltd,Wellington,    240401 Whitby,1500,43.9,280,80,90,100,390,100,90,60,70,80,520,100,110,120,100,80,310,70,60,60,60,40,20,240401
240500,Porirua East,Porirua East,1.20976456,1.20976456,6495.4399029452225,526.6,0.5266000000000001,76.8,Porirua Pharmacy,Wellington,    240500 Porirua East,1210,32.9,260,80,100,70,490,90,90,100,120,90,330,70,70,80,60,50,140,50,50,20,10,10,0,240500
241400,Heretaunga,Heretaunga,3.260945790000001,3.260945790000001,8396.453430104202,2271.2,2.2712,224.4,Silverstream Pharmacy,Hutt,    241400 Heretaunga,1290,41.1,270,100,90,80,360,70,70,70,80,80,400,80,70,80,90,70,260,60,50,50,50,20,20,241400
240601,Endeavour West,Endeavour West,1.43391653,1.43391653,8526.649766842216,676.9,0.6769,65.1,Whitby Pharmacy Ltd,Wellington,    240601 Endeavour West,1330,39,300,110,110,90,390,60,50,50,90,120,490,150,90,90,90,70,150,50,40,30,20,0,10,240601
240602,Endeavour East,Endeavour East,1.90406007,1.90406007,6793.190958523392,2349.7,2.3497,245.3,Whitby Pharmacy Ltd,Wellington,    240602 Endeavour East,1620,42.5,300,90,90,120,450,130,80,60,80,90,650,130,140,140,130,110,220,80,60,40,20,10,10,240602
241900,Elderslea,Elderslea,1.395287749999999,1.395287749999999,4698.8599129432,1250.4,1.2504000000000002,124.7,Lagans Pharmacy,Hutt,    241900 Elderslea,1700,40.9,300,110,90,100,530,100,90,100,120,120,500,100,100,90,90,130,370,90,70,60,60,40,40,241900
241500,Birchville-Brown Owl,Birchville-Brown Owl,8.98518311,8.98518311,17847.058074168388,7614.8,7.6148,702.6,Unichem Upper Hutt Health Pharmacy,Hutt,    241500 Birchville-Brown Owl,1930,38.5,400,120,120,150,610,110,110,110,140,140,650,120,130,150,110,140,270,100,70,60,30,10,10,241500
241700,Brentwood (Upper Hutt City),Brentwood (Upper Hutt City),0.98266305,0.98266305,4086.940413980269,2964.6,2.9646,301.0,Lagans Pharmacy,Hutt,    241700 Brentwood (Upper Hutt city),1270,36.7,250,90,80,80,450,90,90,70,100,110,380,80,80,80,60,70,170,50,40,40,20,10,10,241700
241800,Silverstream (Upper Hutt City),Silverstream (Upper Hutt City),2.64412631,2.64412631,8144.750826433325,605.1,0.6051,60.2,Silverstream Pharmacy,Hutt,    241800 Silverstream (Upper Hutt city),1760,43.3,320,80,110,120,490,100,90,90,90,130,610,110,120,130,120,130,340,100,80,70,50,30,20,241800
242600,Maoribank,Maoribank,3.48570624,3.48570624,10701.9941829199,4758.4,4.7584,394.1,Unichem Upper Hutt Health Pharmacy,Hutt,    242600 Maoribank,1780,35.7,400,130,120,140,600,100,100,110,150,140,590,110,110,130,120,120,190,60,50,50,20,10,0,242600
242700,Te Marua,Te Marua,5.463375300000001,5.463375300000001,17059.379519663187,8026.2,8.0262,525.9,Unichem Upper Hutt Health Pharmacy,Hutt,    242700 Te Marua,500,41.2,90,30,30,30,150,30,35,30,35,30,180,30,40,45,40,35,70,30,10,15,10,5,5,242700
323500,Middleton,Middleton,1.90127118,1.90127118,6749.782452586334,1752.4,1.7524000000000002,216.7,Woolworths Pharmacy Church Corner,Canterbury,    323500 Middleton,70,29.2,10,5,5,0,40,0,15,10,5,5,20,5,0,0,5,5,0,0,0,0,0,0,0,323500
242900,Clouston Park,Clouston Park,1.15104865,1.15104865,4617.759261359846,1544.5,1.5445,162.0,Queen Street Pharmacy (Upper Hutt),Hutt,    242900 Clouston Park,1200,38.4,230,80,70,90,390,70,70,80,100,70,350,70,80,70,70,70,230,50,40,50,40,30,20,242900
243000,Upper Hutt Central,Upper Hutt Central,2.2368061,2.2368061,9388.201779162382,1453.8,1.4538,207.8,Lagans Pharmacy,Hutt,    243000 Upper Hutt Central,350,40.7,60,20,15,25,110,20,20,20,25,25,130,25,25,35,20,25,50,20,15,5,5,5,0,243000
243200,Maungaraki,Maungaraki,2.12288966,2.12288966,8022.6157676992325,197.4,0.1974,35.4,Maungaraki Pharmacy,Hutt,    243200 Maungaraki,2100,40.2,370,110,120,140,670,130,90,120,160,180,740,170,170,180,130,100,310,90,80,60,60,10,10,243200
243300,Korokoro,Korokoro,1.84546091,1.84546091,7485.802719935377,2573.8,2.5738000000000003,270.9,Woolworths Pharmacy Petone,Hutt,    243300 Korokoro,800,40.2,170,45,65,65,220,35,20,35,60,75,300,75,65,60,50,55,100,40,30,15,10,5,5,243300
243400,Kelson,Kelson,5.358511010000001,5.358511010000001,11641.200273706267,4546.4,4.546399999999999,420.7,Avalon Medical Centre Pharmacy,Hutt,    243400 Kelson,1570,37,340,130,110,100,530,80,80,80,140,150,520,130,120,110,80,80,180,80,50,30,20,10,0,243400
243500,Normandale,Normandale,1.44659238,1.44659238,6145.335344770805,2468.8,2.4688000000000003,259.9,Unichem High Street Pharmacy,Hutt,    243500 Normandale,1060,40.1,200,50,60,80,330,70,50,50,70,90,400,90,80,90,60,70,140,50,40,20,10,0,0,243500
243600,Belmont (Lower Hutt City),Belmont (Lower Hutt City),2.36188885,2.36188885,12191.477256854001,2682.5,2.6825,231.7,Avalon Medical Centre Pharmacy,Hutt,    243600 Belmont (Lower Hutt city),1480,40.1,240,80,90,80,490,90,70,80,120,130,510,120,90,100,90,110,230,90,70,40,20,10,10,243600
244000,Alicetown-Melling,Alicetown-Melling,1.25541215,1.25541215,7211.58589193833,912.6,0.9126000000000001,105.4,Unichem High Street Pharmacy,Hutt,    244000 Alicetown-Melling,1460,37.7,270,90,80,100,510,70,70,110,150,120,510,110,110,110,90,90,170,50,40,30,20,10,10,244000
320100,Papanui West,Papanui West,1.00167651,1.00167651,4674.216066758858,989.5,0.9895,155.0,Chemist Warehouse Papanui,Canterbury,    320100 Papanui West,1590,43.1,240,60,90,90,490,90,100,110,100,100,520,100,110,110,100,90,340,80,70,70,60,30,30,320100
243700,Petone Central,Petone Central,1.3017313,1.3017313,9618.886924828099,70.4,0.0704,24.1,Woolworths Pharmacy Petone,Hutt,    243700 Petone Central,550,35.3,90,30,25,35,240,20,25,60,75,55,170,40,40,30,30,30,60,25,15,10,10,0,0,243700
243900,Manor Park,Manor Park,1.59236388,1.59236388,8743.980822137159,4989.8,4.9898,378.0,Silverstream Pharmacy,Hutt,    243900 Manor Park,220,40.8,30,15,10,10,80,5,10,20,25,15,70,10,15,15,15,15,50,10,15,10,5,5,0,243900
320501,Northcote (Christchurch City),Northcote (Christchurch City),1.8021434,1.8021434,6169.324141748074,865.4,0.8654,109.0,Shields Pharmacy,Canterbury,    320501 Northcote (Christchurch city),1390,42.3,210,70,70,80,440,60,70,110,90,100,450,100,90,100,80,80,300,80,70,60,50,30,20,320501
244100,Taita North,Taita North,1.14503935,1.14503935,5984.931441293867,1126.6,1.1265999999999998,113.2,Taita Pharmacy,Hutt,    244100 Taita North,1690,33.6,360,120,120,120,680,100,120,140,170,150,450,110,110,80,80,80,200,60,50,40,30,10,10,244100
244300,Hutt Central North,Hutt Central North,1.07097115,1.07097115,6011.538653746691,544.6,0.5446,83.8,Life Pharmacy Queensgate,Hutt,    244300 Hutt Central North,540,38.3,80,30,20,30,210,20,40,55,50,45,180,45,30,35,35,35,70,25,15,10,10,5,5,244300
244400,Avalon West,Avalon West,1.21143925,1.21143925,4739.364826116563,1316.2,1.3162,125.9,Avalon Medical Centre Pharmacy,Hutt,    244400 Avalon West,1500,48.3,230,60,70,90,380,60,80,80,90,80,450,100,80,90,80,100,440,70,80,90,100,50,50,244400
244500,Stokes Valley Central,Stokes Valley Central,1.48947253,1.48947253,5303.833417196383,1842.5,1.8425,189.1,Unichem Stokes Valley Pharmacy,Hutt,    244500 Stokes Valley Central,1140,34.9,230,80,70,80,440,60,80,90,110,100,340,80,60,70,60,60,130,40,40,30,10,0,0,244500
247000,Glendale,Glendale,3.20912732,3.20912732,11185.114282485763,2672.9,2.6729000000000003,254.0,Woolworths Pharmacy Wainuiomata,Hutt,    247000 Glendale,2240,34,520,170,190,160,840,140,140,170,200,200,660,170,130,130,120,120,220,80,50,30,30,20,10,247000
244600,Taita South,Taita South,3.399557700000001,3.399557700000001,9197.50626147789,2253.4,2.2534,224.3,Naenae Pharmacy Ltd,Hutt,    244600 Taita South,1710,33.9,360,120,120,120,660,110,120,150,140,130,500,110,100,110,90,90,190,60,50,40,20,10,10,244600
244700,Petone East,Petone East,1.62863007,1.62863007,5846.585944376204,1459.0,1.459,147.0,Unichem Petone Pharmacy,Hutt,    244700 Petone East,2090,40.5,300,120,90,90,730,70,90,180,210,180,610,150,110,110,110,120,450,80,80,80,110,50,40,244700
244800,Hutt Central South,Hutt Central South,1.29481786,1.29481786,7038.107759508902,754.2,0.7542000000000001,93.0,Life Pharmacy Queensgate,Hutt,    244800 Hutt Central South,1660,47.4,220,50,80,90,470,120,110,80,80,80,540,100,90,110,120,120,430,110,80,90,80,40,30,244800
244900,Stokes Valley North,Stokes Valley North,4.795919209999999,4.795919209999999,11254.614206485458,4073.9,4.0739,444.0,Silverstream Pharmacy,Hutt,    244900 Stokes Valley North,1840,36.7,350,120,120,100,680,110,120,120,170,160,560,140,100,120,90,110,260,90,60,50,30,20,10,244900
245000,Petone Esplanade,Petone Esplanade,0.97435723,0.97435723,6152.384844483357,1229.6,1.2295999999999998,120.0,Unichem Petone Pharmacy,Hutt,    245000 Petone Esplanade,1440,37.1,240,80,70,90,550,60,80,130,150,120,460,100,90,100,80,80,200,70,50,30,30,20,10,245000
245100,Epuni West,Epuni West,0.98681157,0.98681157,5480.1672787531315,168.2,0.1682,38.2,Wellworks Pharmacy Boulcott,Hutt,    245100 Epuni West,1840,39.1,330,110,110,110,610,90,90,120,160,160,570,110,100,100,110,140,330,100,80,70,50,20,20,245100
245200,Avalon East,Avalon East,0.81383924,0.81383924,4675.878291666216,1045.3,1.0453,113.1,Avalon Medical Centre Pharmacy,Hutt,    245200 Avalon East,1380,36.8,270,100,80,90,480,70,70,110,130,100,400,90,90,80,70,70,230,60,60,40,30,20,10,245200
245300,Woburn,Woburn,0.61853196,0.61853196,4126.186041683937,621.4,0.6214,66.2,Woburn Pharmacy,Hutt,    245300 Woburn,940,43.7,140,35,55,50,270,40,60,50,55,65,330,70,45,65,70,75,200,65,40,40,30,10,10,245300
245400,Naenae Central,Naenae Central,1.3852275,1.3852275,5943.939168867173,183.1,0.18309999999999998,29.0,Owles Unichem Pharmacy - Naenae,Hutt,    245400 Naenae Central,1920,36,380,110,130,140,710,100,130,150,160,170,580,130,110,100,130,120,240,90,60,40,30,20,10,245400
245600,Epuni East,Epuni East,1.00381877,1.00381877,5264.529544736963,1519.2,1.5192,148.2,Waterloo Pharmacy,Hutt,    245600 Epuni East,1620,38,290,100,100,100,570,90,100,120,140,120,510,110,100,100,90,100,250,80,60,40,40,20,10,245600
245700,Gracefield,Gracefield,3.74657298,3.87484193,14995.024746345563,1946.2,1.9462000000000002,212.3,Moera Pharmacy,Hutt,    245700 Gracefield,120,44.7,20,5,0,15,40,0,5,10,5,10,50,5,5,5,15,15,20,15,5,0,0,0,0,245700
245800,Moera,Moera,0.62971545,0.62971545,4121.523579269957,417.5,0.4175,56.5,Moera Pharmacy,Hutt,    245800 Moera,930,36.2,190,80,55,50,330,45,55,70,85,75,290,70,60,55,45,60,120,45,25,15,15,15,5,245800
245900,Delaney,Delaney,2.068442689999999,2.068442689999999,8166.476545767238,1960.9,1.9609,190.6,Unichem Stokes Valley Pharmacy,Hutt,    245900 Delaney,1380,33.2,320,110,110,110,540,100,90,90,140,110,400,70,80,90,80,80,130,40,30,20,20,10,10,245900
247100,Wainuiomata Central,Wainuiomata Central,1.2628877,1.2628877,5815.978072980617,401.9,0.4019,54.5,Wainuiomata Pharmacy & Lotto,Hutt,    247100 Wainuiomata Central,1030,39,180,40,60,80,350,70,60,70,80,80,300,70,60,60,50,60,190,50,40,30,30,20,10,247100
246002,Waiwhetu South,Waiwhetu South,1.03819263,1.03819263,5830.581854604695,957.0,0.957,98.4,Woburn Pharmacy,Hutt,    246002 Waiwhetu South,1610,38,300,100,90,100,550,80,80,130,140,120,510,120,120,100,90,70,250,70,60,50,40,20,10,246002
246100,Waterloo East,Waterloo East,1.0814609,1.0814609,5283.759065661306,859.2,0.8592000000000001,89.5,Waterloo Pharmacy,Hutt,    246100 Waterloo East,1700,42.5,270,70,90,120,520,100,90,110,100,110,610,120,130,140,120,110,300,90,70,70,40,20,10,246100
246200,Naenae North,Naenae North,2.6081445,2.6081445,8850.223788965903,1766.0,1.766,218.3,Owles Unichem Pharmacy - Naenae,Hutt,    246200 Naenae North,1460,34.4,300,90,100,100,560,90,110,110,140,110,410,100,80,80,70,80,190,70,50,30,20,10,10,246200
246300,Manuka,Manuka,1.3143085,1.3143085,6000.866143481949,1610.6,1.6105999999999998,160.6,Unichem Stokes Valley Pharmacy,Hutt,    246300 Manuka,960,40.1,160,55,40,60,320,75,60,60,70,60,320,65,65,60,65,65,160,50,40,35,15,5,10,246300
246400,Naenae South,Naenae South,1.18224139,1.18224139,7738.266213640958,1808.6,1.8086,197.3,Owles Unichem Pharmacy - Naenae,Hutt,    246400 Naenae South,1450,33.6,320,90,110,110,580,90,100,120,140,130,410,100,90,70,70,80,140,60,30,20,20,10,10,246400
246500,Towai,Towai,5.00726363,5.00726363,16148.525741781214,1422.3,1.4223,152.2,Woburn Pharmacy,Hutt,    246500 Towai,0,..,0,0,0,0,0,0,0,0,0,0,0,0,0,0,0,0,0,0,0,0,0,0,0,246500
246600,Arakura,Arakura,1.96177017,1.96177017,9533.349173712788,2675.6,2.6755999999999998,245.8,Woolworths Pharmacy Wainuiomata,Hutt,    246600 Arakura,1630,33.4,350,120,110,110,640,110,110,130,160,120,480,120,100,100,80,80,170,60,50,30,20,10,10,246600
247400,Homedale West,Homedale West,1.31102991,1.31102991,8093.886757075051,2636.0,2.636,263.3,Clive's Chemist,Hutt,    247400 Homedale West,1470,35,310,120,90,100,530,90,80,130,120,110,440,100,80,100,80,80,190,60,40,30,30,20,0,247400
246700,Eastern Bays,Eastern Bays,1.92616916,1.92616916,18023.27353325155,3605.4,3.6054,290.0,Eastbourne Pharmacy,Hutt,    246700 Eastern Bays,1100,51.5,140,30,40,70,230,60,50,40,40,40,440,70,80,100,110,90,290,100,70,60,40,10,10,246700
247200,Eastbourne,Eastbourne,1.92754129,1.92754129,11217.259912109224,1241.1,1.2410999999999999,114.4,Eastbourne Pharmacy,Hutt,    247200 Eastbourne,1380,49.5,220,50,70,100,280,60,50,50,50,70,540,100,110,110,110,120,340,90,80,60,50,30,20,247200
247300,Homedale East,Homedale East,2.92910432,2.92910432,11406.860812684556,2304.0,2.304,246.3,Clive's Chemist,Hutt,    247300 Homedale East,1650,35.6,340,130,110,110,600,100,90,130,140,140,500,110,90,100,110,100,200,60,50,40,30,10,10,247300
247600,Tawa North,Tawa North,1.44407523,1.44407523,5947.1567980230575,1090.6,1.0906,120.2,Unichem Simon's Pharmacy,Wellington,    247600 Tawa North,1720,36,340,110,110,120,630,120,140,110,120,150,530,110,110,110,110,90,210,70,60,30,20,20,10,247600
247800,Tawa South,Tawa South,2.54809131,2.54809131,9150.983848224865,1764.0,1.764,199.0,Unichem Simon's Pharmacy,Wellington,    247800 Tawa South,1760,40.1,300,90,100,120,570,100,130,110,110,120,600,130,110,130,130,100,270,90,60,50,30,30,20,247800
247900,Tawa Central,Tawa Central,1.53174675,1.53174675,6963.791201832125,1123.4,1.1234000000000002,136.2,Unichem Simon's Pharmacy,Wellington,    247900 Tawa Central,1410,39.3,240,80,80,90,480,90,90,90,100,110,430,100,80,90,90,70,260,70,50,50,30,40,20,247900
248000,Grenada North,Grenada North,5.789086659999999,5.789086659999999,15417.211317519887,3513.1,3.5131,367.6,Unichem Simon's Pharmacy,Wellington,    248000 Grenada North,1210,38,230,70,70,90,410,90,100,80,70,80,420,90,90,90,90,80,150,60,40,30,20,0,0,248000
248101,Churton Park North,Churton Park North,2.30585306,2.30585306,8310.19589256986,1414.5,1.4145,144.5,Village Pharmacy Churton Park,Wellington,    248101 Churton Park North,2000,39.3,390,80,150,160,630,140,150,90,100,150,720,170,140,150,150,110,250,90,60,40,30,20,10,248101
248102,Glenside-Churton Park East,Glenside-Churton Park East,2.48377597,2.48377597,7727.6451100123195,2419.1,2.4191,271.3,Village Pharmacy Churton Park,Wellington,    248102 Glenside-Churton Park East,260,37.2,50,10,20,20,90,20,15,20,20,25,90,20,25,20,15,15,20,10,5,5,0,5,0,248102
248400,Johnsonville West,Johnsonville West,1.17693046,1.17693046,6515.491993816271,1423.5,1.4235,163.1,Life Pharmacy Johnsonville,Wellington,    248400 Johnsonville West,1720,38.4,310,70,100,140,580,110,110,120,110,130,590,140,130,140,100,90,230,70,60,40,30,20,10,248400
248200,Takapu-Horokiwi,Takapu-Horokiwi,19.10182288,19.10182288,30153.514226589083,8416.6,8.4166,1108.5,Woolworths Pharmacy Petone,Hutt,    248200 Takapu-Horokiwi,130,46.5,20,5,5,10,40,10,10,5,5,10,60,5,5,15,15,15,20,5,5,5,0,0,0,248200
248301,Churton Park South,Churton Park South,1.26594404,1.26594404,6423.780652512487,1558.1,1.5580999999999998,155.9,Village Pharmacy Churton Park,Wellington,    248301 Churton Park South,1790,39.3,340,110,110,120,570,110,110,90,110,160,640,140,130,140,120,110,240,80,70,40,30,10,10,248301
249402,Karori West,Karori West,1.06282679,1.06282679,4199.000486774494,2079.7,2.0797,225.0,Unichem Karori Mall Pharmacy,Wellington,    249402 Karori West,1490,37.3,260,70,90,100,550,90,130,110,100,120,490,110,120,110,90,60,190,60,40,40,20,10,10,249402
248500,Grenada Village,Grenada Village,1.45200701,1.45200701,6571.511054369112,2911.2,2.9112,285.3,Newlands Pharmacy,Wellington,    248500 Grenada Village,930,37.6,190,70,65,55,320,65,50,55,65,80,330,90,75,70,50,45,90,45,20,15,5,5,0,248500
248600,Johnsonville North,Johnsonville North,0.894729,0.894729,5832.3234716069155,1044.6,1.0446,110.5,Johnsonville Medical Centre Pharmacy,Wellington,    248600 Johnsonville North,1720,36.2,340,90,110,130,640,100,130,130,130,160,550,130,130,110,100,70,190,50,50,40,30,20,0,248600
248701,Paparangi,Paparangi,1.25917134,1.25917134,5349.920994985016,1066.0,1.066,124.9,Newlands Pharmacy,Wellington,    248701 Paparangi,1370,37.6,250,90,80,80,490,90,90,80,120,120,460,110,90,110,80,70,170,50,40,30,20,20,10,248701
250000,Khandallah North,Khandallah North,1.01474055,1.01474055,4913.795204604491,796.3,0.7963,90.4,Village Pharmacy Khandallah,Wellington,    250000 Khandallah North,1430,42.4,250,60,70,120,420,110,80,70,70,90,520,100,110,120,100,90,240,80,60,50,30,20,10,250000
248800,Ngaio North,Ngaio North,0.82388533,0.82388533,6628.535118173182,895.6,0.8956000000000001,103.6,Village Pharmacy Ngaio,Wellington,    248800 Ngaio North,1330,40.1,240,70,80,90,420,100,80,80,70,90,510,100,130,110,100,70,160,50,40,30,20,10,0,248800
248900,Johnsonville Central,Johnsonville Central,0.95171371,0.95171371,5350.472804903765,95.4,0.09540000000000001,22.9,Unichem Johnsonville Pharmacy,Wellington,    248900 Johnsonville Central,1580,35.4,290,110,90,90,640,70,120,150,150,150,470,110,90,100,90,80,180,50,40,30,20,20,10,248900
249000,Broadmeadows,Broadmeadows,0.64213679,0.64213679,3753.041366974836,2581.9,2.5819,267.7,Village Pharmacy Khandallah,Wellington,    249000 Broadmeadows,850,38.3,140,45,35,60,310,50,55,70,60,70,290,70,60,70,45,45,110,30,30,30,10,5,5,249000
251100,Kelburn,Kelburn,0.49478579,0.49478579,3970.0702104062484,907.4,0.9074,119.2,Kelburn Pharmacy,Wellington,    251100 Kelburn,1210,27.7,80,20,20,40,740,140,280,180,90,50,260,40,50,60,60,50,140,50,40,30,20,10,0,251100
249101,Crofton Downs,Crofton Downs,1.57145384,1.57145384,7112.863374015292,1465.1,1.4650999999999998,159.7,Crofton Downs Pharmacy,Wellington,    249101 Crofton Downs,930,40.8,150,40,55,55,300,60,60,55,55,70,330,70,70,70,60,55,150,40,40,25,20,10,10,249101
249200,Johnsonville South,Johnsonville South,0.71079713,0.71079713,5336.943660694816,1158.3,1.1582999999999999,150.2,Unichem Johnsonville Pharmacy,Wellington,    249200 Johnsonville South,990,37.9,160,45,55,65,370,45,60,90,90,85,260,75,65,50,35,40,190,30,25,35,45,30,30,249200
249300,Khandallah Reserve,Khandallah Reserve,1.16610054,1.16610054,7039.0790174698195,832.8,0.8328,108.6,Village Pharmacy Khandallah,Wellington,    249300 Khandallah Reserve,1080,43.3,160,30,50,90,330,110,80,60,40,40,410,70,70,110,90,80,170,60,30,40,20,10,0,249300
249501,Newlands North,Newlands North,0.88983545,0.88983545,6313.983889452446,390.0,0.39,69.4,Newlands Pharmacy,Wellington,    249501 Newlands North,1620,35.7,320,110,100,120,610,100,100,120,140,140,500,140,110,90,90,70,180,60,60,30,20,10,10,249501
249600,Ngaio South,Ngaio South,1.3662877,1.3662877,6425.253939056368,984.7,0.9847,131.5,Village Pharmacy Ngaio,Wellington,    249600 Ngaio South,1590,42,260,60,70,130,490,130,110,90,80,90,640,110,140,160,120,110,190,60,40,50,20,10,10,249600
252400,Mount Cook East,Mount Cook East,0.43571666,0.43571666,2898.2206474760956,210.2,0.2102,29.4,After Hours Pharmacy,Wellington,    252400 Mount Cook East,1680,24.7,70,40,20,20,1350,230,560,310,170,90,200,60,50,40,30,30,50,20,10,10,0,0,0,252400
249701,Newlands South,Newlands South,3.99565853,3.99565853,11445.113917211804,3949.9,3.9499,344.2,Unichem Johnsonville Pharmacy,Wellington,    249701 Newlands South,1220,34.7,240,90,80,70,500,50,90,100,130,130,360,110,70,70,70,40,110,40,20,20,10,10,0,249701
249702,Newlands East,Newlands East,1.98651423,1.98651423,8827.328870132525,1324.8,1.3248,157.6,Newlands Pharmacy,Wellington,    249702 Newlands East,1500,37,280,80,100,100,560,100,110,120,110,120,500,120,110,100,100,70,170,60,40,40,20,10,0,249702
249800,Woodridge,Woodridge,0.98998099,0.98998099,4540.85945085272,1612.7,1.6127,197.9,Newlands Pharmacy,Wellington,    249800 Woodridge,960,37.9,200,60,65,75,320,65,45,45,80,80,370,105,95,70,60,40,70,25,20,15,5,10,0,249800
249900,Karori North,Karori North,1.61904485,1.61904485,6259.726552937696,968.3,0.9682999999999999,106.2,Unichem Marsden Village Pharmacy,Wellington,    249900 Karori North,1320,42.6,210,40,70,100,420,90,100,100,60,60,480,80,90,120,110,80,210,50,60,40,30,20,20,249900
250100,Wilton,Wilton,1.26031016,1.26031016,7447.659970898336,2301.8,2.3018,232.6,Crofton Downs Pharmacy,Wellington,    250100 Wilton,1140,39.3,160,40,50,70,410,70,80,90,90,80,400,70,90,90,90,60,160,40,40,40,20,10,10,250100
250200,Khandallah South,Khandallah South,0.72738937,0.72738937,4502.424523227512,963.4,0.9633999999999999,115.4,Village Pharmacy Khandallah,Wellington,    250200 Khandallah South,1060,43.3,170,50,50,70,310,90,60,60,50,60,390,70,90,90,70,70,180,60,50,40,20,10,10,250200
252501,Mount Victoria North,Mount Victoria North,0.56832016,0.56832016,3546.1692264914154,1210.3,1.2103,172.7,Wellworks Pharmacy Taranaki Street,Wellington,    252501 Mount Victoria North,1660,32.9,90,40,30,30,960,60,260,290,220,140,440,100,80,100,80,80,160,60,40,30,10,10,0,252501
250300,Wadestown,Wadestown,1.44133089,1.44133089,6398.755212505641,2089.9,2.0899,216.5,Unichem Molesworth Pharmacy,Wellington,    250300 Wadestown,1980,38.3,250,60,80,110,770,160,170,180,140,120,700,110,130,180,140,130,250,90,70,50,30,10,10,250300
250401,Karori South,Karori South,1.20914563,1.20914563,5841.153853265243,1260.2,1.2602,154.4,Unichem Karori Mall Pharmacy,Wellington,    250401 Karori South,1900,38.4,270,60,90,120,720,160,210,130,110,110,670,120,160,160,140,100,240,70,60,50,30,20,10,250401
250500,Onslow,Onslow,0.76816723,0.76816723,4741.891673299828,1595.8,1.5957999999999999,160.8,Village Pharmacy Khandallah,Wellington,    250500 Onslow,950,39.9,140,35,45,60,340,65,70,65,65,75,340,75,80,70,65,55,130,45,30,35,15,5,0,250500
250700,Pipitea-Kaiwharawhara,Pipitea-Kaiwharawhara,2.21504197,2.21504197,17681.29353139618,2152.3,2.1523000000000003,242.7,Lambton Square Pharmacy,Wellington,    250700 Pipitea-Kaiwharawhara,600,32.1,40,5,15,15,330,40,115,80,50,40,170,35,30,35,35,35,60,25,15,15,5,5,0,250700
252502,Mount Victoria South,Mount Victoria South,0.5105027,0.5105027,3151.1777633840247,810.3,0.8102999999999999,84.7,After Hours Pharmacy,Wellington,    252502 Mount Victoria South,980,28.9,60,20,25,20,650,35,250,175,130,60,200,45,35,40,40,35,70,20,20,15,10,10,0,252502
250800,Northland (Wellington City),Northland (Wellington City),1.26113511,1.26113511,6274.856626852765,1885.4,1.8854000000000002,188.8,Unichem Marsden Village Pharmacy,Wellington,    250800 Northland (Wellington city),1930,32.3,220,60,70,90,960,120,320,220,170,130,570,110,130,120,110,100,180,60,50,30,10,10,0,250800
250901,Thorndon North,Thorndon North,1.02488869,1.02488869,5318.39212481164,984.8,0.9848,112.9,Unichem Molesworth Pharmacy,Wellington,    250901 Thorndon North,1360,32.5,80,20,30,30,770,60,210,230,170,90,360,80,70,70,70,70,160,40,40,30,30,10,10,250901
250902,Thorndon South,Thorndon South,0.46075954,0.46075954,4145.700828659846,523.3,0.5233,69.0,Unichem Molesworth Pharmacy,Wellington,    250902 Thorndon South,970,34.1,70,15,25,30,510,40,95,165,135,70,260,55,55,50,55,45,130,35,30,25,25,10,10,250902
251000,Wellington Botanic Gardens,Wellington Botanic Gardens,0.52323857,0.52323857,3482.284530846825,617.4,0.6174,85.7,Unichem University Pharmacy,Wellington,    251000 Wellington Botanic Gardens,720,22.4,20,5,5,10,550,225,180,75,45,25,100,10,10,20,25,30,50,15,10,10,5,5,5,251000
251200,Aro Valley,Aro Valley,1.24712411,1.24712411,7242.657398701831,2300.9,2.3009,312.3,Alexander Pharmacy,Wellington,    251200 Aro Valley,2180,27.8,130,40,50,40,1450,180,560,350,220,140,430,100,90,90,80,70,170,60,50,20,10,10,10,251200
251300,Wellington University,Wellington University,0.41688681,0.41688681,3353.0941461960524,415.6,0.4156,68.1,Unichem University Pharmacy,Wellington,    251300 Wellington University,890,23.1,30,5,10,15,680,225,245,120,55,25,120,25,20,25,25,25,60,15,15,15,5,5,5,251300
251400,Wellington Central,Wellington Central,0.56118027,0.56118027,4413.63001380097,114.3,0.1143,17.0,Chemist Warehouse Lambton Quay,Wellington,    251400 Wellington Central,1970,24.9,70,40,20,20,1480,390,530,270,180,100,290,80,50,60,50,60,130,40,30,20,20,10,10,251400
254401,Miramar Central,Miramar Central,0.52691896,0.52691896,3460.4344453088415,545.4,0.5454,64.2,Wellington Compounding Pharmacy,Wellington,    254401 Miramar Central,1110,40.4,180,60,70,60,360,50,80,80,70,80,350,80,70,80,60,60,210,60,50,30,30,20,20,254401
251500,Brooklyn North,Brooklyn North,1.24558295,1.24558295,6854.168267381176,1470.4,1.4704000000000002,187.9,Unichem Brooklyn Pharmacy,Wellington,    251500 Brooklyn North,1230,34.6,150,40,50,60,550,80,140,140,120,70,410,70,70,100,90,80,130,50,30,20,20,10,0,251500
251601,Dixon Street West,Dixon Street West,0.11527867,0.11527867,1499.4000289043295,445.8,0.44580000000000003,60.9,Alexander Pharmacy,Wellington,    251601 Dixon Street West,1050,25.8,20,5,5,5,870,135,325,245,115,50,120,30,25,25,20,25,40,10,10,5,5,0,0,251601
251602,Dixon Street East,Dixon Street East,0.18653475,0.18653475,1846.3299669256717,299.7,0.29969999999999997,54.2,Alexander Pharmacy,Wellington,    251602 Dixon Street East,2420,26.9,50,30,10,10,1960,270,660,520,340,170,330,90,70,70,60,50,70,30,20,10,10,0,0,251602
251700,Vivian West,Vivian West,0.37004108,0.37004108,2793.371639628333,413.2,0.4132,78.0,Unichem Cuba Mall Pharmacy,Wellington,    251700 Vivian West,2480,26,60,30,10,20,2040,310,740,510,330,140,300,90,60,60,50,40,80,40,20,10,10,0,0,251700
251800,Courtenay,Courtenay,0.32653298,0.37081697,2751.873573926668,656.7,0.6567000000000001,97.7,Wellworks Pharmacy Taranaki Street,Wellington,    251800 Courtenay,1100,31.4,30,10,10,10,710,30,210,220,160,90,230,50,40,40,40,60,120,40,30,20,30,10,0,251800
254900,Miramar South,Miramar South,0.98412225,0.98412225,4302.677340760313,620.8,0.6207999999999999,84.8,Unichem Miramar Pharmacy,Wellington,    254900 Miramar South,1800,41,270,70,100,100,610,100,120,130,130,130,600,130,130,120,120,100,330,100,70,60,50,40,20,254900
321101,Hornby South,Hornby South,0.92994796,0.92994796,4381.8229045283,738.0,0.738,104.6,Bargain Chemist Hornby,Canterbury,    321101 Hornby South,1610,36.8,280,100,100,90,590,90,100,130,150,120,470,90,100,100,80,90,270,80,70,60,30,10,10,321101
251900,Brooklyn East,Brooklyn East,0.90287084,0.90287084,5721.519258721337,604.8,0.6048,78.5,Unichem Brooklyn Pharmacy,Wellington,    251900 Brooklyn East,1410,36.5,190,50,70,70,590,80,120,160,130,110,470,90,110,100,90,90,160,70,40,20,10,10,10,251900
252001,Mount Cook North,Mount Cook North,0.26128935,0.26128935,2134.76796501865,866.1,0.8661,133.5,Unichem Cuba Mall Pharmacy,Wellington,    252001 Mount Cook North,1940,25.8,90,40,30,20,1440,270,540,330,200,100,280,70,60,60,50,40,120,40,30,20,20,10,0,252001
252002,Mount Cook South,Mount Cook South,0.35237272,0.35237272,3026.3750248459783,649.0,0.649,81.6,Woolworths Pharmacy Newtown,Wellington,    252002 Mount Cook South,760,28.8,40,15,10,15,510,40,195,135,95,45,150,35,25,35,20,30,60,20,15,10,5,5,5,252002
252100,Vivian East,Vivian East,0.28635629,0.28635629,2434.6559934163906,724.5,0.7245,120.8,Wellworks Pharmacy Taranaki Street,Wellington,    252100 Vivian East,1510,31.2,70,30,20,10,1000,60,270,290,240,130,320,80,60,60,50,60,130,40,30,30,10,10,0,252100
252200,Brooklyn South,Brooklyn South,1.82833116,1.82833116,8467.004574621847,1822.3,1.8223,244.6,Unichem Brooklyn Pharmacy,Wellington,    252200 Brooklyn South,950,34.5,130,40,50,45,440,40,100,115,95,90,300,75,70,60,55,45,80,30,20,15,5,5,0,252200
252600,Roseneath,Roseneath,0.5487053,0.5487053,4196.944447542867,1704.3,1.7043,158.5,Hataitai Pharmacy,Wellington,    252600 Roseneath,940,40.1,80,25,25,25,390,40,60,120,95,75,310,50,65,65,65,65,160,45,40,40,20,5,5,252600
252700,Åwhiro Bay,Owhiro Bay,4.05905626,4.05905626,14817.300529650185,3249.1,3.2491,285.4,Unichem Brooklyn Pharmacy,Wellington,    252700 Owhiro Bay,1030,39,160,50,40,70,380,70,70,80,70,80,370,70,70,80,80,70,130,50,30,20,10,10,10,252700
329900,Waltham,Waltham,0.58710881,0.58710881,3457.0329761522435,689.2,0.6892,74.6,Waltham Pharmacy,Canterbury,    329900 Waltham,1060,34.5,160,60,50,50,490,40,70,120,150,100,290,60,50,70,60,40,120,30,40,20,20,10,0,329900
252800,Kingston-Mornington-Vogeltown,Kingston-Mornington-Vogeltown,0.98817822,0.98817822,6517.082975874832,2141.1,2.1411,231.3,Unichem Brooklyn Pharmacy,Wellington,    252800 Kingston-Mornington-Vogeltown,1650,36.6,280,90,90,100,650,80,120,150,150,150,550,120,120,120,100,80,170,50,40,30,20,10,10,252800
252900,Newtown North,Newtown North,0.70061654,0.70061654,4079.67232330709,607.4,0.6073999999999999,93.9,Unichem Lychgate Pharmacy ,Wellington,    252900 Newtown North,1150,29.7,90,30,30,20,750,40,260,190,150,100,220,50,50,50,40,30,90,40,20,10,10,0,0,252900
253000,Newtown West,Newtown West,0.66082533,0.66082533,3925.3042155116664,409.3,0.4093,48.2,Unichem Lychgate Pharmacy ,Wellington,    253000 Newtown West,2170,28.2,180,60,60,60,1480,100,540,400,270,170,370,100,80,80,60,50,140,50,40,20,10,10,10,253000
253101,Hataitai North West,Hataitai North West,0.60874317,0.60874317,4127.455553030988,905.6,0.9056000000000001,91.9,Hataitai Pharmacy,Wellington,    253101 Hataitai North West,960,32.1,130,40,35,50,500,45,90,165,115,85,270,65,60,55,50,45,60,25,15,5,5,5,0,253101
253102,Hataitai North East,Hataitai North East,0.45463635,0.45463635,3637.8555614774755,690.5,0.6905,67.9,Hataitai Pharmacy,Wellington,    253102 Hataitai North East,1170,33.8,150,40,40,70,530,80,110,160,110,70,360,70,70,80,80,70,130,50,40,20,20,10,0,253102
253200,Evans Bay,Evans Bay,0.35112545,0.41114431,7378.714828703163,1111.5,1.1115,122.6,Hataitai Pharmacy,Wellington,    253200 Evans Bay,600,35.5,60,15,20,25,280,30,55,80,65,55,180,30,35,45,35,40,70,30,20,15,5,0,5,253200
253300,Berhampore,Berhampore,1.39727992,1.39727992,6122.261097968881,1465.7,1.4657,163.4,Unichem Island Bay Pharmacy,Wellington,    253300 Berhampore,2060,35.7,310,110,120,90,860,70,140,260,220,170,580,140,130,120,100,90,300,60,60,60,60,40,30,253300
253400,Hataitai South,Hataitai South,0.42816632,0.42816632,3373.67622339494,538.9,0.5388999999999999,55.7,Hataitai Pharmacy,Wellington,    253400 Hataitai South,770,35.6,90,15,30,40,340,40,60,100,90,50,250,65,45,55,40,40,90,35,20,15,15,5,5,253400
253501,Maupuia,Maupuia,1.95690007,1.95690007,10966.8134808653,2888.3,2.8883,298.5,Unichem Miramar Pharmacy,Wellington,    253501 Maupuia,750,39.1,120,35,35,45,260,30,40,60,70,65,250,55,55,50,50,45,110,40,30,20,15,5,0,253501
321102,Branston,Branston,0.77896121,0.77896121,3920.568503232411,1375.3,1.3753,153.9,Stay Well Pharmacy,Canterbury,    321102 Branston,1010,35.6,190,80,60,50,390,40,60,90,110,90,280,60,60,50,60,50,150,40,30,40,20,10,10,321102
253700,Kilbirnie Central,Kilbirnie Central,0.97174077,0.97174077,7092.389486151139,186.7,0.18669999999999998,31.2,Chemist Warehouse Kilbirnie,Wellington,    253700 Kilbirnie Central,1430,37.3,160,60,40,60,610,60,110,200,140,100,400,100,80,80,70,60,270,50,50,40,60,40,40,253700
253800,Island Bay West,Island Bay West,1.168462,1.168462,7995.687028886562,712.6,0.7126,118.2,Unichem Island Bay Pharmacy,Wellington,    253800 Island Bay West,1810,38.8,300,70,110,120,630,110,120,140,130,120,660,130,130,150,140,120,220,70,60,30,20,20,10,253800
255700,Solway North,Solway North,2.07604264,2.07604264,6903.676509907747,1851.2,1.8512,195.8,Duncan's Pharmacy,Wairarapa,    255700 Solway North,1360,42.4,240,70,90,80,410,80,70,70,100,80,380,70,80,80,80,80,340,80,70,80,60,30,20,255700
254000,Island Bay East,Island Bay East,0.98258502,0.98258502,7292.443831404593,749.1,0.7491,127.8,Unichem Island Bay Pharmacy,Wellington,    254000 Island Bay East,1900,40.1,310,80,80,140,640,110,130,140,130,120,700,130,150,160,130,130,250,80,60,40,30,20,10,254000
254100,Miramar North,Miramar North,0.50735756,0.50735756,3484.1039123371056,1392.4,1.3924,151.4,Wellington Compounding Pharmacy,Wellington,    254100 Miramar North,710,38.6,130,30,50,50,240,40,55,45,45,55,230,55,50,45,35,40,100,30,30,15,15,10,5,254100
254200,Kilbirnie East,Kilbirnie East,0.4766826,0.4766826,3929.3829422579583,835.2,0.8352,100.6,Unichem Kilbirnie Pharmacy,Wellington,    254200 Kilbirnie East,1120,37.1,160,60,50,50,450,70,80,120,100,90,370,80,80,90,60,60,140,40,30,30,20,10,10,254200
254300,Lyall Bay,Lyall Bay,0.54772617,0.54772617,4108.069927039746,1180.6,1.1805999999999999,143.0,Chemist Warehouse Kilbirnie,Wellington,    254300 Lyall Bay,1430,37.9,230,70,80,70,540,60,90,140,130,110,500,100,90,110,100,100,180,60,40,30,30,10,10,254300
254500,Southgate,Southgate,0.46704013,0.46704013,5115.441243706182,1359.0,1.359,136.3,Unichem Island Bay Pharmacy,Wellington,    254500 Southgate,610,42.6,100,30,30,35,190,35,35,35,45,35,240,45,50,55,50,40,90,25,25,15,15,5,5,254500
254600,Karaka Bay-Worser Bay,Karaka Bay-Worser Bay,0.6741001,0.6741001,7220.702753255255,1783.0,1.783,180.5,Wellington Compounding Pharmacy,Wellington,    254600 Karaka Bay-Worser Bay,790,47.1,110,30,35,50,220,45,35,40,45,45,310,45,65,60,70,70,160,50,40,35,15,15,5,254600
304800,The Wood,The Wood,1.16161836,1.16161836,5268.2312790314645,1433.2,1.4332,167.8,Life Pharmacy Prices,Nelson Marlborough,    304800 The Wood,1650,51.5,180,50,60,60,460,70,80,80,120,110,500,80,90,90,110,130,510,110,100,100,80,70,50,304800
254700,Houghton Bay,Houghton Bay,1.28887208,1.28887208,8001.940160053802,2999.0,2.999,322.1,Unichem Island Bay Pharmacy,Wellington,    254700 Houghton Bay,880,38.6,150,35,45,70,310,55,50,65,65,75,320,60,70,65,70,50,90,30,30,20,10,10,5,254700
254800,Miramar East,Miramar East,0.84767318,0.84767318,6799.763831530906,1709.1,1.7090999999999998,183.3,Strathmore Park Pharmacy,Wellington,    254800 Miramar East,1500,41.7,250,70,80,100,460,100,90,100,80,90,590,120,120,130,120,90,210,60,50,50,20,10,10,254800
255000,Rongotai,Rongotai,1.94250765,1.94250765,13043.09522900814,1744.2,1.7442,256.5,Strathmore Park Pharmacy,Wellington,    255000 Rongotai,20,50.4,0,0,0,0,10,0,0,0,0,0,10,0,0,5,0,0,0,0,0,0,0,0,0,255000
304900,Toi Toi,Toi Toi,1.3079691,1.3079691,4784.494735948599,877.9,0.8779,131.6,Victory Square Pharmacy,Nelson Marlborough,    304900 Toi Toi,920,36.7,200,60,75,65,320,40,50,60,80,85,300,75,65,70,45,50,90,30,30,15,5,5,0,304900
255100,Strathmore (Wellington City),Strathmore (Wellington City),1.45992752,1.45992752,6671.639098444496,1027.1,1.0271,103.0,Strathmore Park Pharmacy,Wellington,    255100 Strathmore (Wellington city),1950,38.4,330,100,110,120,700,160,130,130,130,150,680,120,150,150,150,110,240,80,60,40,30,10,10,255100
255200,Seatoun,Seatoun,1.33081834,1.33081834,9498.146575718765,1535.6,1.5355999999999999,160.4,Strathmore Park Pharmacy,Wellington,    255200 Seatoun,1150,48.2,160,40,50,80,290,100,70,50,30,50,500,70,100,120,110,100,200,50,50,40,20,20,10,255200
255800,Lansdowne West,Lansdowne West,2.27535277,2.27535277,8051.21567989242,2249.3,2.2493000000000003,223.9,Masterton Medical Pharmacy,Wairarapa,    255800 Lansdowne West,1030,45.5,160,65,55,40,280,55,50,50,70,55,320,65,50,60,65,70,270,60,75,55,40,25,10,255800
255501,Opaki,Opaki,35.617913769999994,35.617913769999994,36561.520804952415,5868.9,5.8689,366.5,Masterton Medical Pharmacy,Wairarapa,    255501 Opaki,590,51.6,90,20,25,40,110,25,20,15,20,30,230,40,45,45,50,55,160,60,45,35,15,5,5,255501
255601,Ngaumutawa,Ngaumutawa,1.156713,1.156713,5567.231518230541,2734.1,2.7340999999999998,298.7,Unichem Southend Pharmacy,Wairarapa,    255601 Ngaumutawa,950,48.4,150,55,50,50,240,45,40,50,55,50,250,50,40,45,50,65,300,60,75,50,50,35,25,255601
255900,Masterton Central,Masterton Central,1.75966733,1.75966733,12621.54123287664,833.8,0.8338,92.4,Life Pharmacy Masterton,Wairarapa,    255900 Masterton Central,370,41,70,25,20,25,110,20,15,25,35,20,120,25,25,20,20,25,80,25,25,10,10,10,5,255900
256000,Kuripuni,Kuripuni,1.25705546,1.25705546,5949.786467288675,1449.6,1.4496,147.1,Duncan's Pharmacy,Wairarapa,    256000 Kuripuni,920,48.1,130,30,45,60,240,50,50,40,55,50,290,50,60,65,65,55,250,65,45,50,40,25,25,256000
256200,Solway South,Solway South,6.385057570000002,6.385057570000002,12457.163260690679,1803.2,1.8032000000000001,167.2,Duncan's Pharmacy,Wairarapa,    256200 Solway South,2260,38.3,460,160,170,120,710,120,120,130,200,140,690,130,120,150,150,140,400,110,100,80,50,30,20,256200
256301,Lansdowne East,Lansdowne East,3.93394362,3.93394362,12563.727157472224,1636.0,1.636,165.1,Masterton Medical Pharmacy,Wairarapa,    256301 Lansdowne East,1510,46.8,250,80,90,70,390,60,60,80,110,90,430,80,80,90,80,100,430,100,100,90,80,30,30,256301
256400,Cameron and Soldiers Park,Cameron and Soldiers Park,1.48635865,1.48635865,6448.973694911778,552.0,0.552,59.8,Unichem Southend Pharmacy,Wairarapa,    256400 Cameron and Soldiers Park,1220,44.9,200,70,80,60,340,50,60,80,90,50,350,60,60,70,70,90,310,80,70,60,50,40,20,256400
256700,McJorrow Park,McJorrow Park,0.90892628,0.90892628,4917.647603139243,1335.9,1.3359,139.6,Unichem Southend Pharmacy,Wairarapa,    256700 McJorrow Park,920,32.9,220,70,80,75,330,60,60,65,80,60,260,65,55,50,45,50,110,35,25,20,15,10,0,256700
256800,Mount Holdsworth,Mount Holdsworth,432.8746694,432.8746694,128075.071890465,20468.5,20.4685,1240.8,Duncan's Pharmacy,Wairarapa,    256800 Mount Holdsworth,1000,48.7,200,50,60,80,200,60,30,30,30,40,410,60,70,90,90,90,200,80,60,40,10,10,0,256800
256900,Carterton North,Carterton North,2.36087244,2.36087244,6889.446530200487,1175.8,1.1758,123.9,Carterton Pharmacy,Wairarapa,    256900 Carterton North,1420,53.8,220,60,70,90,290,80,50,40,60,50,440,60,70,90,110,100,480,110,120,120,70,40,20,256900
257000,Kokotau,Kokotau,120.57523143000002,120.57523143000002,53772.49192042066,7085.8,7.0858,378.1,Carterton Pharmacy,Wairarapa,    257000 Kokotau,620,46.1,110,30,30,50,160,50,40,20,25,25,240,40,45,45,55,55,110,35,40,20,15,5,0,257000
257100,Carterton South,Carterton South,2.93666844,2.93666844,7275.98531295685,1605.2,1.6052,174.2,Carterton Pharmacy,Wairarapa,    257100 Carterton South,1640,49.9,280,80,90,110,340,110,60,50,70,70,550,90,100,110,110,140,460,130,120,110,60,20,10,257100
257200,Gladstone (Carterton District),Gladstone (Carterton District),621.15790182,621.15790182,204388.10746085935,36522.2,36.5222,4286.6,Unichem Southend Pharmacy,Wairarapa,    257200 Gladstone (Carterton district),490,45.9,110,45,35,30,100,35,15,10,20,20,200,30,35,35,50,45,80,35,20,10,5,5,0,257200
257300,Tauherenikau,Tauherenikau,337.66272256,337.66272256,135804.23181278713,10952.8,10.9528,1284.3,Greytown Pharmacy,Wairarapa,    257300 Tauherenikau,770,50.6,120,45,35,40,160,40,35,30,25,35,330,40,55,75,70,90,160,60,45,25,15,5,0,257300
257400,Kahutara,Kahutara,458.01260699000005,464.5921208500001,194846.9745206099,30067.5,30.0675,2599.6,Langs Pharmacy,Wairarapa,    257400 Kahutara,550,42.1,90,25,30,35,170,40,25,40,35,35,200,30,40,45,45,45,90,40,25,15,5,5,0,257400
257500,Featherston,Featherston,3.189577479999999,3.189577479999999,9388.612393940597,334.8,0.3348,54.7,Langs Pharmacy,Wairarapa,    257500 Featherston,1400,45.2,250,90,80,80,350,70,70,60,80,80,510,100,90,110,90,110,300,90,80,60,30,20,10,257500
257700,Greytown,Greytown,5.068975289999999,5.068975289999999,14390.50327146106,928.4,0.9284,101.1,Greytown Pharmacy,Wairarapa,    257700 Greytown,1430,54.1,200,50,60,90,250,60,50,40,40,70,520,80,90,100,100,130,470,140,110,100,70,30,20,257700
257801,Aorangi Forest,Aorangi Forest,1578.95939131,1578.95939131,245764.34695088473,28170.6,28.1706,3982.4,Unichem Martinborough Pharmacy,Wairarapa,    257801 Aorangi Forest,740,49.2,100,30,30,45,170,40,30,40,30,35,290,35,65,55,65,70,170,60,50,35,15,5,0,257801
257901,Martinborough,Martinborough,4.862621409999999,4.862621409999999,11704.073483424909,190.6,0.1906,29.5,Unichem Martinborough Pharmacy,Wairarapa,    257901 Martinborough,1050,52.4,140,50,40,50,220,40,50,50,40,60,390,60,70,80,90,90,300,90,90,60,40,20,10,257901
258100,Three Kings Islands,Three Kings Islands,4.96643395,4.96643395,34486.44102179342,110460.6,110.4606,5430.9,Browns Community Pharmacy Kaitaia,Northland,    258100 Three Kings Islands,0,..,0,0,0,0,0,0,0,0,0,0,0,0,0,0,0,0,0,0,0,0,0,0,0,258100
258900,Islands Bay of Plenty Region,Islands Bay of Plenty Region,24.881271860000002,24.881271860000002,58977.35052298152,1811.1,1.8111,222.3,Tara Road Pharmacy,Bay of Plenty,    258900 Islands Bay of Plenty region,10,51.5,0,0,0,0,0,0,0,0,0,0,10,0,0,0,0,0,0,0,0,5,0,0,0,258900
305400,Maitlands,Maitlands,0.76222044,0.76222044,4801.839357817844,1058.7,1.0587,119.6,Unichem Hurst and Taylor Pharmacy,Nelson Marlborough,    305400 Maitlands,1190,42.6,200,60,80,60,360,60,70,60,80,90,390,70,80,80,90,70,250,70,60,50,30,20,10,305400
259800,Bare Island,Bare Island,0.13162933,0.13162933,2288.4554895474075,28623.9,28.623900000000003,1688.0,Peak Pharmacy,Hawkes Bay,    259800 Bare Island,0,..,0,0,0,0,0,0,0,0,0,0,0,0,0,0,0,0,0,0,0,0,0,0,0,259800
302400,Richmond West (Tasman District),Richmond West (Tasman District),6.46147896,6.46147896,12617.05136112217,1337.6,1.3376,147.8,Fry's Pharmacy,Nelson Marlborough,    302400 Richmond West (Tasman district),1560,47.2,230,100,70,60,460,70,100,90,110,90,370,60,60,80,80,90,500,120,100,90,80,50,60,302400
300500,TÄkaka,Takaka,12.51704766,12.51704766,21226.869610092206,1583.8,1.5837999999999999,263.7,Golden Bay Pharmacy,Nelson Marlborough,    300500 Takaka,690,49.4,100,30,40,30,150,30,20,25,40,40,260,50,50,50,45,60,180,50,45,35,20,20,10,300500
300601,PÅhara-Abel Tasman,Pohara-Abel Tasman,326.12597326,326.28567455,150079.2511714962,14704.9,14.7049,1642.6,Golden Bay Pharmacy,Nelson Marlborough,    300601 Pohara-Abel Tasman,800,52.4,110,35,35,40,160,40,25,20,35,40,330,45,65,70,70,90,200,80,55,35,20,10,5,300601
300700,Takaka Hills,Takaka Hills,277.71929276,277.71929276,112969.74726935252,13623.5,13.6235,1183.9,Bay Pharmacy Motueka,Nelson Marlborough,    300700 Takaka Hills,630,48.4,90,25,40,30,150,30,25,25,35,30,260,45,45,60,65,50,130,45,40,25,10,5,0,300700
300801,Kaiteriteri-RÄ«waka,Kaiteriteri-Riwaka,29.482916389999996,29.482916389999996,59397.67323125161,9746.6,9.7466,723.2,Bay Pharmacy Motueka,Nelson Marlborough,    300801 Kaiteriteri-Riwaka,960,49.3,150,40,40,70,230,40,45,35,60,50,350,60,50,80,80,85,230,80,60,45,20,10,10,300801
300900,Upper Moutere,Upper Moutere,445.94106673,445.94106673,136624.43698056194,29826.1,29.8261,1933.7,Life Pharmacy Motueka,Nelson Marlborough,    300900 Upper Moutere,980,49.3,150,40,50,70,200,60,20,30,30,60,430,80,70,80,100,100,200,80,70,40,20,0,0,300900
301000,Lower Moutere,Lower Moutere,62.10646348,62.10646348,55552.33136482363,7669.2,7.6692,638.5,Life Pharmacy Motueka,Nelson Marlborough,    301000 Lower Moutere,940,45.6,140,30,45,65,270,65,45,40,60,50,370,55,70,80,85,80,170,65,40,35,20,10,0,301000
301101,Motueka North,Motueka North,1.56869586,1.56869586,6288.9032090238,674.8,0.6748,90.6,Bay Pharmacy Motueka,Nelson Marlborough,    301101 Motueka North,1300,49.2,170,60,40,70,350,70,70,50,80,70,400,70,80,90,70,90,380,90,80,90,60,30,20,301101
301200,Motueka West,Motueka West,7.867888129999999,7.867888129999999,13049.560611124623,2886.3,2.8863000000000003,267.2,Life Pharmacy Motueka,Nelson Marlborough,    301200 Motueka West,1300,42.3,220,60,70,90,400,70,80,60,100,70,430,80,90,100,80,80,250,60,70,50,40,20,10,301200
307801,Whitney West,Whitney West,1.13963235,1.13963235,4855.6275217133025,1538.3,1.5383,163.8,John Poswillo Pharmacy Ltd,Nelson Marlborough,    307801 Whitney West,1300,43.6,220,80,70,70,370,70,50,80,90,90,400,80,80,70,90,80,310,90,70,60,40,30,10,307801
301301,Motueka East,Motueka East,3.24788298,3.29855679,13511.474773960816,1916.6,1.9165999999999999,262.2,Life Pharmacy Motueka,Nelson Marlborough,    301301 Motueka East,1560,53.9,210,60,70,70,350,70,60,50,90,80,440,60,90,100,90,100,570,120,160,110,90,50,30,301301
302600,Brightwater,Brightwater,4.66708276,4.66708276,12180.794014540523,6850.3,6.8503,509.9,Wakefield Pharmacy,Nelson Marlborough,    302600 Brightwater,1160,41.2,250,70,70,100,310,80,60,50,60,70,420,80,90,100,80,70,180,60,50,40,20,10,10,302600
302701,Hope,Hope,6.80908867,6.80908867,14907.550480166807,5978.7,5.9787,572.4,Fry's Pharmacy,Nelson Marlborough,    302701 Hope,440,47.5,60,20,25,15,130,25,30,20,30,20,180,25,35,35,40,45,80,25,25,10,5,10,0,302701
301703,Ruby Bay,Ruby Bay,11.716928909999998,11.716928909999998,18248.688025449977,4299.9,4.2999,496.5,Māpua Pharmacy,Nelson Marlborough,    301703 Ruby Bay,750,54.7,100,20,30,50,120,30,15,15,25,30,320,35,55,70,75,85,210,70,75,45,15,0,5,301703
302800,Richmond Central (Tasman District),Richmond Central (Tasman District),1.15292502,1.15292502,4986.7834836695465,1122.3,1.1222999999999999,148.2,Unichem Richmond Mall Pharmacy,Nelson Marlborough,    302800 Richmond Central (Tasman district),980,41.2,180,50,60,70,290,75,50,55,65,50,300,50,60,70,55,65,200,40,50,40,25,25,25,302800
302900,Ben Cooper Park,Ben Cooper Park,0.91543155,0.91543155,3798.4798987914355,1208.1,1.2081,169.2,McGlashen Pharmacy Ltd,Nelson Marlborough,    302900 Ben Cooper Park,1270,44.7,190,50,60,80,380,80,80,50,90,70,400,70,80,90,80,90,300,70,70,70,40,30,20,302900
303001,Richmond South (Tasman District),Richmond South (Tasman District),2.690618669999999,2.690618669999999,8000.858281358936,2564.3,2.5643000000000002,319.4,McGlashen Pharmacy Ltd,Nelson Marlborough,    303001 Richmond South (Tasman district),510,47.2,70,25,20,20,150,40,35,20,30,25,180,25,25,40,50,40,110,35,35,20,15,5,5,303001
301704,MÄpua,Mapua,2.71265019,2.71265019,11055.582847955624,311.1,0.31110000000000004,36.9,Māpua Pharmacy,Nelson Marlborough,    301704 Mapua,800,53.2,120,25,35,65,130,40,10,15,30,35,310,40,65,70,60,70,240,70,70,50,30,10,5,301704
303100,Wilkes Park,Wilkes Park,0.88152237,0.88152237,3907.163236868858,1025.3,1.0252999999999999,151.0,Unichem Richmond Mall Pharmacy,Nelson Marlborough,    303100 Wilkes Park,1200,48.9,160,40,40,70,300,80,80,40,50,60,450,70,90,100,100,90,290,90,70,60,40,30,10,303100
303200,Templemore,Templemore,1.42676618,1.42676618,5463.222917040186,2397.3,2.3973,269.8,Unichem Richmond Mall Pharmacy,Nelson Marlborough,    303200 Templemore,1000,51.3,130,20,40,65,240,95,60,25,20,35,370,60,60,95,80,75,270,65,75,60,40,20,5,303200
302201,Appleby (Tasman District),Appleby (Tasman District),20.499454460000003,20.499454460000003,24941.210449443803,5324.1,5.3241000000000005,450.5,Fry's Pharmacy,Nelson Marlborough,    302201 Appleby (Tasman district),370,47.7,50,15,15,15,100,20,25,20,20,15,140,25,15,30,40,30,80,30,20,15,10,0,0,302201
302300,Wakefield,Wakefield,9.92316764,9.92316764,18051.07957214313,1229.7,1.2297,195.5,Wakefield Pharmacy,Nelson Marlborough,    302300 Wakefield,1320,44.7,270,60,80,120,310,80,30,50,80,70,500,90,90,110,100,100,240,60,80,50,30,10,10,302300
303300,Easby Park,Easby Park,1.12871826,1.12871826,5533.766642178848,1747.0,1.747,202.8,Unichem Richmond Mall Pharmacy,Nelson Marlborough,    303300 Easby Park,1490,41.1,270,80,90,100,460,120,100,70,90,80,490,90,100,120,100,70,270,70,60,60,40,40,10,303300
304000,Nelson Airport,Nelson Airport,2.95612008,2.95612008,11712.77142717447,1059.8,1.0597999999999999,100.5,Chemist Warehouse Nelson Junction,Nelson Marlborough,    304000 Nelson Airport,40,40.2,10,5,5,0,10,0,0,5,0,0,20,5,5,5,0,0,0,0,0,0,0,0,0,304000
304300,Atawhai,Atawhai,4.53617604,4.53617604,13656.428557943167,4595.6,4.5956,356.3,Life Pharmacy Nelson City,Nelson Marlborough,    304300 Atawhai,1510,51.5,220,50,80,90,320,70,40,50,70,80,580,90,100,120,130,140,410,140,120,90,30,20,10,304300
307802,Burleigh,Burleigh,3.62487657,3.62487657,8977.854680924334,699.0,0.699,77.7,Omaka Landing Pharmacy,Nelson Marlborough,    307802 Burleigh,460,38.8,100,35,30,40,140,25,20,25,25,40,140,35,30,30,25,20,80,20,25,15,20,5,0,307802
304400,Broadgreen-Monaco,Broadgreen-Monaco,1.13517414,1.13517414,13130.70993565305,1459.1,1.4590999999999998,164.7,John's Stoke Pharmacy,Nelson Marlborough,    304400 Broadgreen-Monaco,1300,42.7,230,70,80,80,390,70,70,70,80,90,410,70,80,90,80,90,280,70,70,70,30,20,10,304400
304500,Washington,Washington,1.12469897,1.12469897,4903.347564623491,1887.0,1.887,282.6,Victory Square Pharmacy,Nelson Marlborough,    304500 Washington,1560,36.2,280,100,90,90,600,80,110,130,150,140,480,100,90,100,110,80,200,70,60,50,20,0,0,304500
304600,Tahuna Hills,Tahuna Hills,2.67686062,2.67686062,9178.967124031951,3939.6,3.9396,384.0,Tahunanui Pharmacy,Nelson Marlborough,    304600 Tahuna Hills,1530,47.5,240,70,80,80,400,60,70,80,90,100,520,90,70,110,120,120,380,130,120,70,40,10,10,304600
304700,Nelson Central-Trafalgar,Nelson Central-Trafalgar,1.24560305,1.24560305,7350.807870710992,204.0,0.204,31.5,Life Pharmacy Nelson City,Nelson Marlborough,    304700 Nelson Central-Trafalgar,380,43.7,40,10,20,15,130,15,20,30,40,25,120,20,20,25,25,25,80,25,25,15,10,5,0,304700
305000,Nayland,Nayland,0.84010459,0.84010459,4739.008239550987,851.9,0.8519,98.3,Chemist Warehouse Nelson Junction,Nelson Marlborough,    305000 Nayland,1150,39.4,210,60,80,70,370,60,60,70,80,100,370,70,80,70,60,80,200,50,50,30,30,20,10,305000
305100,Aldinga,Aldinga,1.11110157,1.11110157,5196.56513113079,1688.5,1.6885,215.4,John's Stoke Pharmacy,Nelson Marlborough,    305100 Aldinga,1650,50.4,230,70,70,90,410,80,80,70,80,100,480,80,90,90,110,110,520,110,90,130,80,60,40,305100
305200,Victory,Victory,0.63007183,0.63007183,4101.680249449309,1224.6,1.2246,149.9,Victory Square Pharmacy,Nelson Marlborough,    305200 Victory,860,36.6,160,40,60,60,310,50,65,65,70,65,280,55,55,70,50,45,110,40,30,20,15,10,0,305200
305300,Rutherford,Rutherford,1.21302475,1.21302475,6111.059734071876,1391.4,1.3914000000000002,203.3,Life Pharmacy Prices,Nelson Marlborough,    305300 Rutherford,1400,43.6,210,50,50,110,430,100,90,70,90,80,480,90,80,100,110,100,280,80,80,60,30,20,10,305300
344100,Oamaru Gardens,Oamaru Gardens,1.48513744,1.48513744,6166.944441875865,1959.3,1.9593,236.0,Oamaru Pharmacy,Southern,    344100 Oamaru Gardens,630,48.8,90,20,30,35,160,20,15,45,45,40,200,40,35,40,35,50,180,50,55,30,30,15,10,344100
305600,Grampians,Grampians,2.95165224,2.95165224,8914.70331165726,2519.1,2.5191,328.9,Victory Square Pharmacy,Nelson Marlborough,    305600 Grampians,1320,40.2,240,80,80,80,410,60,80,70,100,110,450,100,100,90,90,70,210,50,70,50,30,10,10,305600
305700,Saxton,Saxton,3.99431151,3.99431151,14832.950352893196,3422.5,3.4225,385.4,Unichem Hurst and Taylor Pharmacy,Nelson Marlborough,    305700 Saxton,40,51.2,0,0,0,0,10,0,0,0,5,0,10,0,0,0,0,5,10,0,0,5,0,0,0,305700
305900,Omaio,Omaio,5.35622797,5.35622797,12216.758424930606,3259.8,3.2598000000000003,488.3,Unichem Hurst and Taylor Pharmacy,Nelson Marlborough,    305900 Omaio,2050,44.3,360,100,130,130,560,100,90,100,130,130,640,120,110,150,140,130,490,120,110,100,80,50,40,305900
310200,Blaketown,Blaketown,0.69313587,0.75793194,4904.827090333817,1791.2,1.7912000000000001,211.2,Unichem Olsen's Pharmacy,West Coast,    310200 Blaketown,420,42.7,60,20,20,25,140,20,25,30,35,30,140,20,25,30,35,30,90,25,15,20,15,5,5,310200
306000,Enner Glynn,Enner Glynn,7.39856373,7.39856373,14643.094570266792,3176.9,3.1769000000000003,319.9,Chemist Warehouse Nelson Junction,Nelson Marlborough,    306000 Enner Glynn,1520,43.3,230,70,70,90,470,80,90,80,100,100,550,100,100,120,110,120,270,100,70,50,20,10,10,306000
306100,Daelyn,Daelyn,1.4728011,1.4728011,6908.778651251691,3461.4,3.4614000000000003,346.9,Unichem Richmond Mall Pharmacy,Nelson Marlborough,    306100 Daelyn,860,52.3,120,25,30,65,170,60,35,25,15,30,250,50,60,60,50,30,320,50,80,90,60,30,10,306100
306200,The Brook,The Brook,6.90698426,6.90698426,14571.33879584534,3930.5,3.9305,514.9,Life Pharmacy Prices,Nelson Marlborough,    306200 The Brook,1070,39.9,220,60,80,70,320,60,40,60,80,90,380,80,80,90,60,70,150,60,50,30,10,0,10,306200
306600,Upper Wairau,Upper Wairau,4177.49715743,4177.49715743,418968.2083753361,78396.8,78.3968,5056.8,Chemist Warehouse Springlands,Nelson Marlborough,    306600 Upper Wairau,1040,47.7,180,50,50,80,230,50,20,30,50,70,440,80,80,80,100,100,200,90,50,30,10,10,0,306600
306701,Waikawa (Marlborough District),Waikawa (Marlborough District),4.324104329999998,4.416780059999998,19543.47256262595,4225.5,4.2255,412.6,Picton Healthcare Pharmacy,Nelson Marlborough,    306701 Waikawa (Marlborough district),840,59.2,100,25,40,30,130,25,20,20,25,40,290,30,45,65,70,85,320,95,95,70,40,20,5,306701
306801,Waitohi (Marlborough District),Waitohi (Marlborough District),5.311121860000001,5.392488810000001,18902.16111291739,258.0,0.258,37.8,Picton Healthcare Pharmacy,Nelson Marlborough,    306801 Waitohi (Marlborough district),1530,55.6,180,50,60,60,310,60,60,60,60,70,560,80,80,110,140,160,480,140,110,100,70,30,10,306801
306900,Tuamarina,Tuamarina,167.83668723,167.83668723,76064.64507098126,18493.4,18.4934,1530.8,Community Care Pharmacy,Nelson Marlborough,    306900 Tuamarina,670,48.7,100,30,35,40,150,35,20,25,35,35,280,45,50,65,55,60,140,55,40,20,15,5,0,306900
307000,Awatere,Awatere,3273.515919949999,3286.307601049999,492919.0562447511,83331.7,83.3317,8313.5,Community Care Pharmacy,Nelson Marlborough,    307000 Awatere,830,45,170,50,60,55,200,35,30,35,45,50,330,55,80,55,75,70,140,45,40,30,10,5,0,307000
314301,Oxford Estate,Oxford Estate,0.93600299,0.93600299,3920.8717705251734,2198.4,2.1984,220.1,Life Pharmacy Rangiora,Canterbury,    314301 Oxford Estate,720,44.5,140,30,50,60,180,40,30,25,35,50,220,40,55,40,40,45,170,45,65,30,25,5,0,314301
346400,Cardrona,Cardrona,857.8290269299999,857.8290269299999,202396.2785525116,7918.6,7.9186000000000005,530.0,Wanacare Pharmacy,Southern,    346400 Cardrona,390,43.6,60,20,15,20,120,20,15,35,25,25,140,25,25,30,25,35,70,25,20,15,5,0,0,346400
307100,Renwick,Renwick,2.31964386,2.31964386,7457.493773601986,9700.9,9.700899999999999,579.6,Chemist Warehouse Springlands,Nelson Marlborough,    307100 Renwick,1240,42.7,250,70,80,100,330,70,40,50,80,90,440,90,90,100,80,90,230,80,70,50,20,10,10,307100
307200,Lower Wairau,Lower Wairau,116.66550757000003,116.66550757000003,118807.94534157962,3766.1,3.7661,283.7,Community Care Pharmacy,Nelson Marlborough,    307200 Lower Wairau,600,50.4,100,25,35,40,120,25,15,20,25,30,250,35,45,45,55,65,140,50,35,30,15,0,5,307200
307400,Spring Creek-Grovetown,Spring Creek-Grovetown,9.69194814,9.69194814,17535.308292858812,5051.8,5.0518,338.9,Community Care Pharmacy,Nelson Marlborough,    307400 Spring Creek-Grovetown,530,46.2,90,25,30,35,130,20,20,30,20,35,210,40,40,45,35,55,100,40,30,20,5,0,0,307400
307501,Springlands,Springlands,2.75419385,2.75419385,8004.9028490744695,978.5,0.9785,117.8,Unichem Springlands Pharmacy,Nelson Marlborough,    307501 Springlands,1740,50.4,250,70,80,90,410,90,70,70,90,100,580,100,100,130,110,130,510,120,110,110,70,60,30,307501
307601,Yelverton,Yelverton,2.54786291,2.54786291,9333.777625369585,923.2,0.9232,112.3,Unichem Springlands Pharmacy,Nelson Marlborough,    307601 Yelverton,1420,49.9,180,70,60,50,380,90,70,70,80,70,430,70,80,90,100,90,430,90,90,80,70,50,40,307601
307900,Blenheim Central,Blenheim Central,1.55336926,1.55336926,7983.260643930389,434.3,0.4343,45.4,Community Care Pharmacy,Nelson Marlborough,    307900 Blenheim Central,600,40,90,45,30,20,200,30,30,50,50,40,180,35,35,40,35,40,110,35,35,20,15,5,5,307900
308000,Riversdale-Islington,Riversdale-Islington,1.09555488,1.09555488,4727.72869666767,2423.4,2.4234,237.0,Community Care Pharmacy,Nelson Marlborough,    308000 Riversdale-Islington,1220,40.8,210,80,70,60,380,60,70,90,80,80,370,80,70,60,80,80,240,70,70,40,30,20,10,308000
308100,Whitney East,Whitney East,1.05741646,1.05741646,6148.134348321478,447.2,0.4472,44.1,John Poswillo Pharmacy Ltd,Nelson Marlborough,    308100 Whitney East,1320,45.9,200,80,60,70,360,60,60,80,90,80,430,80,70,80,100,100,320,90,70,80,40,30,10,308100
314400,Rangiora Central,Rangiora Central,0.36703645,0.36703645,4420.749748627494,137.5,0.1375,42.0,Stans 7 Day Pharmacy,Canterbury,    314400 Rangiora Central,30,46.4,0,0,0,0,10,0,0,0,5,0,10,0,0,0,0,0,10,0,0,0,0,0,0,314400
308300,Witherlea West,Witherlea West,2.43685407,2.43685407,9313.906381642148,2666.4,2.6664,265.3,Unichem Redwoodtown Pharmacy,Nelson Marlborough,    308300 Witherlea West,1460,48.8,240,50,100,90,320,50,40,60,70,90,520,100,100,120,100,120,380,100,90,100,60,20,10,308300
308500,Riverlands,Riverlands,6.27711676,6.27711676,19638.013025836637,2466.3,2.4663000000000004,176.4,Unichem Redwoodtown Pharmacy,Nelson Marlborough,    308500 Riverlands,260,47.6,40,10,15,15,60,25,10,10,10,10,110,20,25,25,25,15,50,15,15,10,5,0,0,308500
314501,Rangiora South West,Rangiora South West,1.96128733,1.96128733,7584.22368109898,2073.3,2.0733,213.0,Bargain Chemist Rangiora,Canterbury,    314501 Rangiora South West,1320,41.5,260,60,100,100,380,70,50,60,90,100,420,80,70,100,90,80,270,70,80,60,40,20,10,314501
309201,Westport North,Westport North,8.657101579999997,8.811531769999997,23449.168658239712,4043.2,4.0432,504.7,Buller Pharmacy,West Coast,    309201 Westport North,890,53.2,120,40,30,45,210,40,30,50,45,40,290,40,50,55,65,80,280,60,75,65,40,30,10,309201
310000,RÅ«nanga,Runanga,4.50515421,4.50515421,17127.644458327115,8724.1,8.7241,512.4,Unichem Olsen's Pharmacy,West Coast,    310000 Runanga,580,47.3,90,30,25,35,160,25,30,30,45,40,200,25,35,45,45,45,140,50,35,30,10,10,0,310000
310300,Greymouth Central,Greymouth Central,2.64334405,2.71374388,10351.23038274703,1457.6,1.4576,178.7,Unichem Olsen's Pharmacy,West Coast,    310300 Greymouth Central,480,50.8,60,20,20,15,140,20,25,30,45,25,120,15,15,25,35,30,150,35,25,25,30,25,15,310300
310500,Marsden,Marsden,1.23888421,1.23888421,8513.916165379469,2341.9,2.3419,260.2,Unichem Te Nikau Pharmacy,West Coast,    310500 Marsden,660,38.1,130,30,45,50,220,30,40,45,60,45,190,40,30,40,45,45,120,40,30,30,15,10,5,310500
314600,Lilybrook,Lilybrook,1.26324528,1.26324528,5636.415534926853,1144.4,1.1444,123.0,Bargain Chemist Rangiora,Canterbury,    314600 Lilybrook,1610,43.8,260,90,80,90,480,100,80,70,120,110,470,90,80,110,90,110,390,90,90,80,60,40,30,314600
315301,Woodend,Woodend,4.245837149999999,4.245837149999999,11112.494432443424,4229.4,4.2294,375.6,Pegasus Pharmacy,Canterbury,    315301 Woodend,1730,39.2,340,100,130,100,540,100,70,90,150,130,550,80,100,130,130,110,300,110,60,60,30,20,10,315301
310700,Rutherglen-Camerons,Rutherglen-Camerons,12.11728818,12.11728818,25092.6651291831,7695.6,7.695600000000001,587.4,Unichem Te Nikau Pharmacy,West Coast,    310700 Rutherglen-Camerons,700,48.1,110,35,25,50,180,30,25,35,50,40,270,35,45,65,60,65,140,40,40,35,20,5,5,310700
310801,Greymouth Rural,Greymouth Rural,338.0708394,338.0708394,101633.38054288983,20301.1,20.301099999999998,1183.6,Unichem Te Nikau Pharmacy,West Coast,    310801 Greymouth Rural,360,47.7,50,15,25,15,90,15,20,15,25,15,160,20,25,40,35,30,60,20,15,10,5,0,0,310801
310901,Dobson,Dobson,170.90566023000002,170.90566023000002,79835.57636298999,23284.0,23.284,1607.6,Unichem Olsen's Pharmacy,West Coast,    310901 Dobson,400,46.1,50,20,15,15,120,15,30,25,30,25,150,20,25,40,30,30,80,30,25,15,5,5,0,310901
311000,Nelson Creek,Nelson Creek,897.8370775199998,897.8370775199998,173086.2951114908,78543.9,78.5439,4978.6,Unichem Olsen's Pharmacy,West Coast,    311000 Nelson Creek,350,41.7,70,30,20,20,100,15,15,20,30,20,120,15,20,35,30,25,60,20,20,10,5,0,0,311000
311101,Lake Brunner,Lake Brunner,1301.7006493599997,1342.4727378599998,244272.57623488305,62958.6,62.9586,5058.3,Unichem Olsen's Pharmacy,West Coast,    311101 Lake Brunner,610,22.4,240,75,75,85,190,45,40,30,35,30,130,25,25,15,25,35,50,20,20,10,0,0,0,311101
311501,Hokitika,Hokitika,11.77596449,11.77596449,20633.51172125257,3116.6,3.1166,312.5,Westland Pharmacy,West Coast,    311501 Hokitika,1600,48.5,240,70,80,80,410,80,50,80,110,90,540,90,100,100,120,140,410,120,80,90,70,30,30,311501
312200,Amuri,Amuri,1835.6111234299995,1835.6111234299995,349159.9352641848,82149.0,82.149,4135.3,Amberley Pharmacy,Canterbury,    312200 Amuri,1130,37.1,260,70,90,100,370,90,30,70,90,90,340,70,60,70,70,70,160,60,40,30,20,10,10,312200
312300,Hanmer Springs,Hanmer Springs,4.006065570000001,4.006065570000001,11020.160645406302,87241.1,87.2411,4308.4,Amberley Pharmacy,Canterbury,    312300 Hanmer Springs,550,45.8,80,25,25,30,160,25,15,35,40,40,210,40,30,40,50,50,110,45,30,25,10,5,0,312300
312901,Amberley,Amberley,3.69503553,3.69503553,11681.022696440818,346.1,0.3461,72.5,Amberley Pharmacy,Canterbury,    312901 Amberley,1210,55.3,200,60,60,80,220,60,20,30,50,50,350,60,60,70,70,90,450,90,100,120,70,50,20,312901
313000,Okuku,Okuku,834.7929323399999,834.7929323399999,175432.75452517957,35950.2,35.950199999999995,4619.9,Oxford Pharmacy,Canterbury,    313000 Okuku,420,44.8,70,15,25,25,110,35,20,10,20,25,170,30,30,45,25,40,70,30,15,10,5,0,0,313000
313100,Ashley Gorge,Ashley Gorge,336.41427847,336.41427847,110717.51442765439,10403.5,10.4035,778.1,Oxford Pharmacy,Canterbury,    313100 Ashley Gorge,680,40.1,140,45,40,55,200,50,30,35,40,50,240,35,40,55,55,60,100,40,25,15,10,5,0,313100
314801,Mandeville,Mandeville,6.363404000000001,6.363404000000001,14692.309226433235,10843.3,10.8433,686.8,Silverstream Kaiapoi Pharmacy,Canterbury,    314801 Mandeville,970,46,210,55,80,75,200,55,25,20,35,65,400,65,65,95,100,75,160,65,50,30,15,5,0,314801
314802,Ohoka,Ohoka,34.03721104,34.03721104,37536.39245809647,9960.2,9.9602,906.8,Silverstream Kaiapoi Pharmacy,Canterbury,    314802 Ohoka,860,47.7,160,35,60,65,190,55,25,25,40,45,350,50,70,85,80,65,160,60,50,35,15,5,0,314802
314900,Rangiora South East,Rangiora South East,2.66776421,2.66776421,7265.332486066833,1761.9,1.7619,169.6,Bargain Chemist Rangiora,Canterbury,    314900 Rangiora South East,1450,44.2,250,70,90,90,400,80,60,60,100,100,420,80,80,100,80,70,380,90,80,100,60,40,20,314900
313300,Starvation Hill-Cust,Starvation Hill-Cust,181.64860456999997,181.64860456999997,69339.46324502156,17077.3,17.0773,1193.8,Oxford Pharmacy,Canterbury,    313300 Starvation Hill-Cust,1240,48.9,210,50,70,90,260,80,30,30,50,60,510,80,90,110,110,110,270,100,90,40,20,10,0,313300
315001,Southbrook,Southbrook,3.2400455,3.2400455,10049.99968200032,2638.4,2.6384000000000003,250.8,Bargain Chemist Rangiora,Canterbury,    315001 Southbrook,420,39.7,80,25,20,30,140,30,25,20,40,25,120,20,20,30,25,25,90,25,25,20,15,0,5,315001
313600,West Eyreton,West Eyreton,114.88733598,114.88733598,65064.540782595395,17160.3,17.1603,875.5,Oxford Pharmacy,Canterbury,    313600 West Eyreton,760,47.1,130,30,40,55,180,55,25,25,35,50,310,50,50,80,65,65,140,55,40,25,10,5,0,313600
317800,Bishopdale North,Bishopdale North,1.36846075,1.36846075,4931.785428575065,1129.4,1.1294000000000002,141.0,Unichem Bishopdale Pharmacy,Canterbury,    317800 Bishopdale North,2240,40.7,370,120,120,130,730,130,140,140,160,150,690,150,140,150,130,110,450,120,110,90,60,50,30,317800
313700,Ashley-Sefton,Ashley-Sefton,86.90574088000001,86.90574088000001,45291.91300517286,10796.1,10.796100000000001,711.2,Stans 7 Day Pharmacy,Canterbury,    313700 Ashley-Sefton,1180,47.8,210,50,80,70,290,70,30,40,80,70,450,60,70,110,100,100,240,90,70,40,20,10,10,313700
315100,Swannanoa-Eyreton,Swannanoa-Eyreton,61.77213057,61.77213057,38637.89968164627,12324.4,12.324399999999999,677.7,Silverstream Kaiapoi Pharmacy,Canterbury,    315100 Swannanoa-Eyreton,530,44.6,80,25,25,35,160,40,30,25,30,30,210,30,30,40,60,50,80,35,20,15,5,5,0,315100
313801,Fernside,Fernside,39.03109358999999,39.03109358999999,38389.751397702625,4122.0,4.122,300.3,Bargain Chemist Rangiora,Canterbury,    313801 Fernside,760,45.6,130,40,35,60,200,65,50,20,35,30,300,45,55,70,65,65,130,50,35,25,15,0,5,313801
313900,Rangiora North West,Rangiora North West,1.99494832,1.99494832,7507.371034245436,2544.3,2.5443000000000002,258.1,Rangiora Pharmacy,Canterbury,    313900 Rangiora North West,1370,58.2,170,50,50,70,230,70,40,30,40,60,380,60,70,80,90,80,590,90,120,150,120,70,40,313900
314000,Kingsbury,Kingsbury,2.581058469999999,2.581058469999999,8263.285378159437,1856.2,1.8562,196.9,Stans 7 Day Pharmacy,Canterbury,    314000 Kingsbury,1510,53.6,200,40,60,100,310,110,50,40,50,60,480,70,80,110,100,110,520,100,130,120,90,50,30,314000
314100,Ashgrove,Ashgrove,0.66739352,0.66739352,3748.5103181049394,1104.1,1.1040999999999999,121.0,Rangiora Pharmacy,Canterbury,    314100 Ashgrove,840,39,150,45,55,45,280,60,40,50,65,60,250,55,40,50,60,50,160,45,35,30,30,10,5,314100
314701,Waikuku,Waikuku,25.474070659999995,25.474070659999995,34396.55970553999,5853.1,5.8531,409.2,Pegasus Pharmacy,Canterbury,    314701 Waikuku,350,45.1,50,15,20,20,100,20,20,20,20,20,140,20,20,30,30,35,60,20,15,10,10,5,0,314701
314702,Ravenswood,Ravenswood,1.7476269,1.7476269,6878.402682974231,3302.9,3.3029,303.9,Pegasus Pharmacy,Canterbury,    314702 Ravenswood,600,31.6,130,65,45,20,280,25,35,85,90,45,140,45,25,15,35,25,60,25,15,10,5,0,0,314702
314703,Waikuku Beach,Waikuku Beach,1.51764845,1.51764845,6967.6272450837705,7038.5,7.0385,510.6,Pegasus Pharmacy,Canterbury,    314703 Waikuku Beach,560,45.6,90,25,25,35,150,30,20,20,35,45,220,30,50,50,50,40,100,40,30,10,10,5,5,314703
315400,Pegasus,Pegasus,6.336797299999999,6.336797299999999,11458.87566328081,548.1,0.5481,64.5,Pegasus Pharmacy,Canterbury,    315400 Pegasus,2130,44.2,380,100,130,140,560,80,80,100,140,150,740,150,150,140,160,140,440,160,140,90,30,10,0,315400
315601,Pegasus Bay,Pegasus Bay,23.527925360000005,23.527925360000005,28254.76393035955,5672.2,5.6722,479.0,Kaiapoi North Pharmacy,Canterbury,    315601 Pegasus Bay,500,48.8,80,25,25,25,120,20,15,20,30,35,200,35,25,40,50,55,100,35,30,15,10,5,0,315601
317900,Casebrook,Casebrook,1.8282397,1.8282397,6926.710657805632,948.9,0.9489,97.7,Kiwi Pharmacy Highsted,Canterbury,    317900 Casebrook,2140,40.8,350,120,120,120,690,140,120,140,150,150,690,140,130,150,120,140,410,120,100,80,60,40,10,317900
315700,Kaiapoi North West,Kaiapoi North West,3.50562985,3.50562985,12523.1870344583,1265.4,1.2654,114.4,Kaiapoi North Pharmacy,Canterbury,    315700 Kaiapoi North West,1140,43.1,190,50,60,80,340,80,40,60,80,80,350,60,70,80,80,70,260,60,70,60,30,20,20,315700
315901,Sovereign Palms,Sovereign Palms,2.19857509,2.19857509,9061.748122256906,2592.8,2.5928,261.3,Kaiapoi North Pharmacy,Canterbury,    315901 Sovereign Palms,2060,44.2,350,100,110,130,580,130,100,100,130,120,730,120,130,180,160,130,410,130,130,90,40,10,0,315901
316000,Kaiapoi West,Kaiapoi West,0.51022091,0.51022091,2871.8214106455007,1749.9,1.7499,177.0,Unichem Fenwicks Pharmacy,Canterbury,    316000 Kaiapoi West,640,37.7,120,45,40,35,220,30,30,35,65,55,180,30,25,45,40,40,120,30,30,20,20,10,15,316000
316100,Kaiapoi Central,Kaiapoi Central,1.5246786,1.5246786,6684.543022880485,485.9,0.4859,71.8,Unichem Fenwicks Pharmacy,Canterbury,    316100 Kaiapoi Central,1170,46.1,180,50,70,60,330,60,50,60,90,70,360,60,50,90,80,70,310,70,60,60,40,50,20,316100
316200,Kaiapoi South,Kaiapoi South,0.87614956,0.87614956,4666.059974877677,1900.4,1.9004,197.7,Unichem Fenwicks Pharmacy,Canterbury,    316200 Kaiapoi South,1000,48.4,140,45,45,50,280,70,55,40,55,65,330,40,60,85,80,65,250,65,70,55,35,20,5,316200
316300,Kaiapoi East,Kaiapoi East,5.02209334,5.02209334,13410.529722474126,4560.7,4.5607,485.9,Unichem Fenwicks Pharmacy,Canterbury,    316300 Kaiapoi East,130,65.8,10,0,5,0,20,5,0,5,5,5,30,0,0,5,5,15,70,20,25,15,10,0,0,316300
316500,Paparua,Paparua,23.341624190000005,23.341624190000005,21771.75749507962,7291.1,7.2911,884.6,Unichem Templeton Pharmacy,Canterbury,    316500 Paparua,240,43.3,20,5,5,10,90,15,25,15,15,15,100,20,20,25,20,10,30,10,10,5,0,0,0,316500
316600,Yaldhurst,Yaldhurst,12.106443679999998,12.106443679999998,24118.443703800585,2087.4,2.0874,186.9,Kiwi Pharmacy Yaldhurst,Canterbury,    316600 Yaldhurst,1150,35.8,210,90,60,50,430,60,100,100,90,80,340,80,70,80,60,70,160,70,40,30,20,0,0,316600
316700,Christchurch Airport,Christchurch Airport,11.445104460000001,11.445104460000001,20892.624816681393,1474.2,1.4742,163.1,Unichem Spitfire Square Pharmacy,Canterbury,    316700 Christchurch Airport,70,53.1,0,0,0,0,20,5,10,5,5,5,20,5,5,5,5,10,20,5,10,5,0,0,0,316700
318000,Bishopdale West,Bishopdale West,1.13060616,1.13060616,4331.343030600944,1213.3,1.2133,138.8,Unichem Bishopdale Pharmacy,Canterbury,    318000 Bishopdale West,1450,39,280,80,90,110,480,80,90,80,110,120,430,90,80,90,90,90,260,80,60,50,40,20,10,318000
316800,Clearwater,Clearwater,5.77385511,5.77385511,15764.582430523873,2883.5,2.8835,233.6,Kiwi Pharmacy Highsted,Canterbury,    316800 Clearwater,350,54.5,40,10,15,15,80,20,20,15,10,15,150,10,20,30,40,45,90,30,25,20,10,5,0,316800
316900,Belfast West,Belfast West,2.60481734,2.60481734,7924.418242818789,677.1,0.6771,84.6,Woolworths Pharmacy Belfast,Canterbury,    316900 Belfast West,990,41.6,180,65,60,55,290,50,65,40,80,65,330,75,60,70,55,75,190,45,45,45,25,15,10,316900
317000,Harewood,Harewood,3.792366870000001,3.792366870000001,9353.723301283446,2529.5,2.5295,276.9,Kiwi Pharmacy Highsted,Canterbury,    317000 Harewood,690,51.4,80,30,20,35,170,40,45,30,30,30,250,30,45,55,55,60,180,60,50,40,20,10,5,317000
317301,Belfast East,Belfast East,3.96362124,3.96362124,10236.645212937317,689.8,0.6898,79.7,Woolworths Pharmacy Belfast,Canterbury,    317301 Belfast East,1310,39.5,210,70,60,80,450,70,80,100,100,100,420,90,80,90,80,80,230,60,50,50,30,10,10,317301
317400,Northwood,Northwood,1.45238803,1.45238803,5715.756609258382,952.8,0.9528,118.1,Bargain Chemist Northwood,Canterbury,    317400 Northwood,1840,50.7,230,60,70,100,440,110,90,70,80,90,650,100,120,130,160,140,510,130,130,110,80,40,20,317400
317501,Burnside West,Burnside West,1.8677769,1.8677769,6862.361537961817,2115.3,2.1153000000000004,239.2,Kendal Pharmacy,Canterbury,    317501 Burnside West,540,49.2,80,20,30,30,130,25,30,30,25,30,150,30,25,25,25,35,170,25,30,30,40,30,20,317501
317600,Regents Park,Regents Park,1.45785495,1.45785495,6470.130245044186,1048.6,1.0486,122.4,Kiwi Pharmacy Highsted,Canterbury,    317600 Regents Park,890,55.8,100,25,30,45,210,55,60,40,25,30,280,30,35,65,75,75,310,55,55,80,75,30,10,317600
317701,Russley,Russley,0.75074278,0.75074278,3679.4087356851546,1766.7,1.7667,178.2,Kiwi Pharmacy Yaldhurst,Canterbury,    317701 Russley,1200,40.5,200,60,70,70,390,70,90,80,80,80,360,80,60,70,70,80,240,60,50,50,40,30,10,317701
318300,Burnside Park,Burnside Park,1.33883072,1.33883072,6455.094930152518,585.0,0.585,68.9,Kendal Pharmacy,Canterbury,    318300 Burnside Park,1660,39.4,280,80,90,110,560,130,110,110,110,100,550,110,110,110,110,100,270,80,70,40,50,20,10,318300
318401,Marshland,Marshland,7.99257907,7.99257907,17178.473956086757,1964.3,1.9643,166.8,Unichem Prestons Pharmacy,Canterbury,    318401 Marshland,360,40.6,60,15,15,30,120,25,25,20,20,25,120,25,20,25,30,30,60,20,15,10,10,5,5,318401
319900,Bryndwr North,Bryndwr North,1.0907014,1.0907014,4514.999511674786,401.1,0.4011,43.2,Unichem Crisps Pharmacy,Canterbury,    319900 Bryndwr North,1660,35.8,300,90,100,110,630,120,130,120,140,120,530,110,110,110,110,90,200,70,40,40,20,20,10,319900
318402,Burlington-Oakbridge,Burlington-Oakbridge,0.96674745,0.96674745,5348.841829106753,2301.0,2.301,195.0,Unichem Prestons Pharmacy,Canterbury,    318402 Burlington-Oakbridge,180,73.3,10,5,0,5,20,5,5,5,5,5,20,5,5,5,5,5,120,15,25,45,30,5,0,318402
318600,Redwood North,Redwood North,1.14253546,1.14253546,4900.52743423442,2734.1,2.7340999999999998,258.1,Bargain Chemist Northwood,Canterbury,    318600 Redwood North,1440,41.1,230,70,60,90,470,100,90,90,110,90,480,80,90,100,100,110,260,80,70,50,30,20,10,318600
318901,Avonhead West,Avonhead West,1.03984343,1.03984343,5040.154063447567,979.5,0.9795,102.3,Avonhead Pharmacy,Canterbury,    318901 Avonhead West,990,48.1,140,30,45,70,270,60,55,60,50,50,320,60,55,65,60,85,260,75,60,50,40,25,5,318901
319000,Bishopdale South,Bishopdale South,0.70451597,0.70451597,3748.879750983518,816.5,0.8165,112.8,Unichem Bishopdale Pharmacy,Canterbury,    319000 Bishopdale South,1160,37.3,200,70,60,70,430,50,70,100,100,100,310,70,60,60,60,60,230,50,50,50,30,20,20,319000
320000,Northlands (Christchurch City),Northlands (Christchurch City),0.62841428,0.62841428,5079.113824128681,351.2,0.3512,256.2,Chemist Warehouse Papanui,Canterbury,    320000 Northlands (Christchurch city),70,49.3,10,5,5,5,20,0,5,5,5,5,20,5,5,5,5,5,20,5,5,5,5,0,0,320000
319101,Islington-Hornby Industrial,Islington-Hornby Industrial,7.26677814,7.26677814,15106.558200509902,1964.5,1.9645,212.3,Stay Well Pharmacy,Canterbury,    319101 Islington-Hornby Industrial,150,51.1,20,10,5,5,40,5,10,10,10,10,50,10,5,10,15,15,30,10,5,5,5,0,0,319101
319200,Burnside,Burnside,1.3619679,1.3619679,5620.102045122026,866.7,0.8667,101.8,Kendal Pharmacy,Canterbury,    319200 Burnside,1810,39.1,310,90,90,130,620,150,140,120,110,120,590,140,130,120,110,90,290,80,70,60,30,30,20,319200
319300,Hei Hei,Hei Hei,1.24263734,1.24263734,5164.490354841229,320.3,0.32030000000000003,43.3,Hei Hei Pharmacy (2019) Ltd,Canterbury,    319300 Hei Hei,1740,36.1,330,110,100,120,640,110,110,130,150,130,540,120,110,110,90,100,230,80,50,40,30,20,10,319300
319400,Papanui North,Papanui North,0.59942304,0.59942304,4338.60479481768,539.9,0.5398999999999999,91.6,Bargain Chemist Papanui,Canterbury,    319400 Papanui North,1100,41.5,170,50,60,60,360,60,70,70,90,70,280,60,50,60,40,60,290,50,40,40,40,60,50,319400
319500,Avonhead East,Avonhead East,0.83519183,0.83519183,3686.34003619639,713.8,0.7138,73.5,Avonhead Pharmacy,Canterbury,    319500 Avonhead East,1450,39.1,220,60,80,80,520,100,130,110,100,90,470,100,100,100,90,90,240,80,70,40,30,10,10,319500
320200,Ilam North,Ilam North,1.23178205,1.23178205,7276.10715619082,260.5,0.2605,38.6,Ilam Pharmacy,Canterbury,    320200 Ilam North,1920,32.6,260,50,80,120,840,140,340,160,110,90,530,100,100,120,100,100,290,80,70,60,40,30,20,320200
320300,Hornby West,Hornby West,0.74485755,0.74485755,4137.332826038846,1359.0,1.359,141.3,Hei Hei Pharmacy (2019) Ltd,Canterbury,    320300 Hornby West,1270,39.4,210,80,70,50,430,70,80,100,100,80,380,90,80,80,70,60,240,50,50,60,40,20,30,320300
320400,Hornby Central,Hornby Central,2.27023632,2.27023632,8145.980795864305,1313.1,1.3131,142.3,Life Pharmacy Hornby,Canterbury,    320400 Hornby Central,70,42.4,10,5,5,0,20,5,5,5,5,5,30,5,5,5,5,5,10,5,5,0,0,0,0,320400
320600,Jellie Park,Jellie Park,1.31125293,1.31125293,5380.982210953263,400.7,0.4007,71.7,Unichem Ilam Healthworks Pharmacy,Canterbury,    320600 Jellie Park,1530,44.3,200,40,70,90,490,100,150,90,80,80,510,90,100,110,100,110,330,90,80,60,50,30,20,320600
320700,Ilam South,Ilam South,0.91177466,0.91177466,5496.5168680755305,1176.5,1.1765,127.7,Ilam Pharmacy,Canterbury,    320700 Ilam South,1520,33.5,170,50,60,70,710,110,270,130,110,80,400,80,80,90,80,80,240,80,60,40,30,30,10,320700
320800,Bryndwr South,Bryndwr South,0.90574675,0.90574675,5168.196565924773,1007.8,1.0078,185.2,Unichem Elmwood Pharmacy,Canterbury,    320800 Bryndwr South,1510,43.1,250,60,80,110,450,80,100,90,100,80,490,90,90,110,90,90,320,70,60,60,50,40,40,320800
320900,Papanui East,Papanui East,0.82894759,0.82894759,3846.9871039341397,537.4,0.5374,70.5,Papanui Pharmacy,Canterbury,    320900 Papanui East,1260,47.6,170,50,50,60,350,60,70,70,70,70,400,70,80,100,90,70,340,50,60,50,50,50,70,320900
321000,Sockburn North,Sockburn North,1.23971806,1.23971806,5027.505665914776,1676.1,1.6761,159.5,Unichem Riccarton Clinic Pharmacy,Canterbury,    321000 Sockburn North,2000,39.2,280,90,80,110,740,110,200,150,150,120,560,130,110,110,110,100,410,90,90,90,70,40,30,321000
321200,Ilam University,Ilam University,1.22716655,1.22716655,5392.364865666414,643.5,0.6435,148.8,University Pharmacy Canterbury,Canterbury,    321200 Ilam University,1040,21.3,50,10,20,20,810,330,330,80,40,30,110,20,20,20,30,20,70,20,20,20,10,10,0,321200
321301,Prestons,Prestons,1.45150207,1.45150207,5609.86359093665,1325.8,1.3257999999999999,139.3,Unichem Prestons Pharmacy,Canterbury,    321301 Prestons,1250,41.8,210,60,70,90,380,80,60,50,80,110,460,90,100,100,80,80,190,70,50,50,10,10,0,321301
321302,Prestons Park,Prestons Park,2.62418734,2.62418734,6989.6100651627185,1531.8,1.5318,176.8,Unichem Burwood Hospital Pharmacy,Canterbury,    321302 Prestons Park,1260,43.1,220,80,60,80,370,40,40,70,110,110,360,80,80,60,70,70,320,50,60,80,80,40,20,321302
321400,Strowan,Strowan,1.43506914,1.43506914,4825.404798511182,579.4,0.5794,59.2,Unichem Elmwood Pharmacy,Canterbury,    321400 Strowan,1800,44,280,70,100,110,530,170,100,90,80,90,680,110,140,170,140,130,300,90,70,60,30,30,20,321400
321500,Fendalton,Fendalton,0.92187576,0.92187576,4473.4519080605105,1127.5,1.1275,121.5,Fendalton Mall Pharmacy,Canterbury,    321500 Fendalton,1010,48.1,150,35,45,65,270,70,65,45,40,45,340,60,55,80,80,65,260,55,55,55,40,25,20,321500
321600,Waitikiri,Waitikiri,1.8652376,1.8652376,8623.099609824185,1441.5,1.4415,159.4,Unichem Burwood Hospital Pharmacy,Canterbury,    321600 Waitikiri,1400,45.4,230,60,70,100,360,100,90,60,60,60,560,100,110,140,120,100,240,80,60,40,30,20,20,321600
321701,Mairehau North,Mairehau North,2.09360401,2.09360401,6819.258146149888,1679.2,1.6792,240.6,Bastins Pharmacy,Canterbury,    321701 Mairehau North,1600,46.4,220,70,70,80,460,70,80,100,100,100,480,90,100,110,90,80,440,60,50,70,100,80,90,321701
321800,Bush Inn,Bush Inn,0.83923852,0.83923852,4553.650805678546,706.3,0.7062999999999999,109.7,Woolworths Pharmacy Church Corner,Canterbury,    321800 Bush Inn,1500,30.4,120,40,30,50,800,120,350,150,100,70,240,60,50,50,40,50,340,40,50,60,70,50,60,321800
321901,Awatea North,Awatea North,0.57378648,0.57378648,4044.436444346113,1621.6,1.6216,201.0,Bargain Chemist Hornby,Canterbury,    321901 Awatea North,970,38,160,60,40,60,360,40,80,70,90,80,290,80,60,50,50,60,160,50,40,40,20,10,0,321901
322000,Upper Riccarton,Upper Riccarton,0.52084836,0.52084836,2894.111429746563,718.6,0.7186,108.7,Woolworths Pharmacy Church Corner,Canterbury,    322000 Upper Riccarton,790,33.9,100,35,35,35,370,70,95,75,65,70,230,60,40,45,45,40,80,25,25,15,10,10,5,322000
322100,Malvern,Malvern,0.99002204,0.99002204,4605.290600783467,1102.7,1.1027,122.8,Bastins Pharmacy,Canterbury,    322100 Malvern,1360,35.9,290,90,90,110,470,100,70,90,120,100,460,100,110,100,80,70,150,40,50,30,20,10,0,322100
322200,Rutland,Rutland,0.98657505,0.98657505,4071.888585735279,698.3,0.6982999999999999,78.0,Merivale Medical Pharmacy,Canterbury,    322200 Rutland,1430,45.2,200,50,60,90,420,110,90,80,70,70,490,80,90,120,110,80,310,80,70,60,50,30,30,322200
322800,Wigram West,Wigram West,0.45881382,0.45881382,3131.9486710190863,940.1,0.9401,144.7,Unichem Wigram Pharmacy,Canterbury,    322800 Wigram West,840,38.1,130,40,55,40,310,30,50,80,80,75,240,75,45,35,40,45,150,50,35,25,20,10,5,322800
322300,Sockburn South,Sockburn South,2.4867035,2.4867035,8012.850148882213,663.7,0.6637000000000001,94.4,Pharmacy Now,Canterbury,    322300 Sockburn South,190,37,40,15,15,10,70,5,5,20,20,20,60,15,15,10,10,10,20,10,5,5,0,0,0,322300
322400,Deans Bush,Deans Bush,1.25176771,1.25176771,4723.730978612056,883.6,0.8836,101.9,Remedy Pharmacy - Riccarton,Canterbury,    322400 Deans Bush,1260,46.8,140,40,50,50,410,80,140,80,50,60,400,60,60,90,100,80,310,70,80,50,40,30,40,322400
322500,Wigram North,Wigram North,0.76780466,0.76780466,4443.207081795419,769.7,0.7697,101.2,Pharmacy Now,Canterbury,    322500 Wigram North,470,36.2,60,20,20,15,200,15,40,55,50,40,110,30,20,20,20,20,90,15,15,20,25,15,5,322500
322600,Holmwood,Holmwood,1.12947848,1.12947848,4727.125840972974,1322.2,1.3222,137.8,Unichem Elmwood Pharmacy,Canterbury,    322600 Holmwood,1110,49.3,140,30,50,60,310,100,70,50,30,50,410,60,60,100,90,90,260,80,60,50,40,20,10,322600
322700,Wharenui,Wharenui,0.83895559,0.83895559,3683.4054880965973,926.1,0.9261,116.9,Woolworths Pharmacy Church Corner,Canterbury,    322700 Wharenui,1250,31.8,170,50,50,70,590,110,200,120,90,80,290,60,60,70,50,40,200,50,30,30,30,20,30,322700
322900,Awatea South,Awatea South,1.51153406,1.51153406,5345.676985209545,1799.5,1.7995,243.1,Unichem Wigram Pharmacy,Canterbury,    322900 Awatea South,1220,34.5,220,100,80,50,520,40,80,100,180,110,260,90,50,40,40,30,220,30,30,50,50,40,30,322900
323000,Merivale,Merivale,1.1053346,1.1053346,4632.624634272741,681.1,0.6811,68.5,Life Pharmacy Merivale,Canterbury,    323000 Merivale,1710,43.6,220,60,70,90,570,130,100,120,120,110,550,90,90,130,110,110,370,100,90,70,60,40,20,323000
323100,Mairehau South,Mairehau South,1.38628177,1.38628177,5019.494778101436,1243.7,1.2437,161.1,Hammersley Pharmacy,Canterbury,    323100 Mairehau South,1920,36,380,130,130,130,700,100,110,150,180,160,610,140,140,140,100,90,220,60,50,40,30,20,10,323100
323200,Mona Vale,Mona Vale,0.54774603,0.54774603,4314.19409206946,1839.0,1.839,253.0,Life Pharmacy Riccarton,Canterbury,    323200 Mona Vale,740,37.8,90,25,30,30,300,50,60,75,65,45,220,45,35,50,45,45,130,40,30,30,20,10,5,323200
323400,Shirley West,Shirley West,1.63080287,1.63080287,6080.187880066201,1069.4,1.0694000000000001,147.1,Bargain Chemist Shirley,Canterbury,    323400 Shirley West,2150,37.3,400,140,150,120,750,130,130,150,180,150,680,150,140,140,130,120,320,90,80,50,40,20,30,323400
323600,Wigram South,Wigram South,0.39907136,0.39907136,2959.8929362838835,616.8,0.6167999999999999,108.7,Unichem Wigram Pharmacy,Canterbury,    323600 Wigram South,740,35.2,150,50,60,35,300,25,45,55,90,85,210,80,40,30,25,30,80,30,20,10,10,0,0,323600
323700,Queenspark,Queenspark,1.12076012,1.12076012,4304.54061995473,1176.7,1.1767,141.4,Unichem Parklands Pharmacy,Canterbury,    323700 Queenspark,1740,39.6,320,100,90,130,550,130,100,90,120,120,600,120,130,130,110,110,260,100,80,40,20,10,10,323700
323800,St Albans North,St Albans North,0.63729004,0.63729004,3263.4846481639593,501.8,0.5018,88.5,St Albans Pharmacy,Canterbury,    323800 St Albans North,1170,38.6,170,60,50,50,440,50,60,120,120,90,380,80,80,80,80,60,180,60,50,30,20,20,10,323800
323900,St Albans West,St Albans West,0.68131177,0.68131177,3396.6771997806577,915.3,0.9153,94.6,Life Pharmacy Merivale,Canterbury,    323900 St Albans West,1420,37.9,160,50,50,50,580,60,100,180,150,90,440,80,80,100,100,80,240,70,60,50,20,30,10,323900
324001,Burwood North,Burwood North,2.442326829999999,2.442326829999999,7050.556908206812,1068.2,1.0682,126.2,Unichem Burwood Hospital Pharmacy,Canterbury,    324001 Burwood North,1270,37.5,240,80,70,80,440,90,70,80,100,100,400,70,80,90,90,80,190,50,50,40,30,20,10,324001
324100,Wigram East,Wigram East,0.31144401,0.31144401,2524.3027506969584,545.9,0.5458999999999999,99.1,Unichem Wigram Pharmacy,Canterbury,    324100 Wigram East,450,35.9,70,25,30,20,190,15,30,40,65,50,130,45,30,20,15,25,60,25,15,10,5,5,0,324100
324200,Riccarton Central,Riccarton Central,0.39834822,0.39834822,5023.390147978208,1251.5,1.2515,178.3,Life Pharmacy Riccarton,Canterbury,    324200 Riccarton Central,30,38.1,0,0,0,0,20,5,5,5,5,0,10,0,0,5,5,0,0,0,0,0,0,0,0,324200
324300,Oaklands West,Oaklands West,1.7004521,1.7004521,7399.989025347222,1149.1,1.1491,116.2,Longhurst Pharmacy Halswell,Canterbury,    324300 Oaklands West,1410,39.8,270,100,90,80,440,50,80,80,100,120,450,90,70,90,90,100,250,80,70,60,30,10,10,324300
324400,Riccarton South,Riccarton South,0.54475456,0.54475456,3573.160055296478,848.2,0.8482000000000001,107.8,Bargain Chemist Tower Junction,Canterbury,    324400 Riccarton South,1930,30.7,240,100,70,80,1120,100,340,250,250,180,430,110,90,90,70,60,150,50,40,30,20,10,0,324400
324501,Halswell West,Halswell West,3.82246872,3.82246872,9596.693826982444,1377.5,1.3775,146.5,Longhurst Pharmacy Halswell,Canterbury,    324501 Halswell West,2340,34.8,470,190,180,100,980,70,140,200,290,270,660,200,140,120,90,110,230,90,70,30,20,10,0,324501
325000,Hillmorton,Hillmorton,2.916633829999999,2.916633829999999,7779.0772356810685,1522.9,1.5229000000000001,154.6,Hillmorton Pharmacy,Canterbury,    325000 Hillmorton,1510,39.5,240,80,80,80,530,70,80,110,150,120,450,100,80,100,90,80,290,80,80,60,40,20,10,325000
324502,Halswell South West,Halswell South West,2.769174119999999,2.769174119999999,8065.210681104986,1544.5,1.5445,196.9,Longhurst Pharmacy Halswell,Canterbury,    324502 Halswell South West,210,34.9,50,25,15,10,80,10,5,20,20,20,60,15,10,10,10,10,20,5,5,5,0,5,0,324502
324600,Shirley East,Shirley East,1.6966166,1.6966166,6398.18010760507,941.7,0.9417000000000001,134.7,Bargain Chemist Shirley,Canterbury,    324600 Shirley East,1350,46.5,170,50,60,70,400,70,90,80,90,70,430,70,80,90,100,100,340,80,70,60,60,40,40,324600
324800,St Albans East,St Albans East,0.67550283,0.67550283,3295.437183545572,252.8,0.2528,33.4,Cranford Pharmacy,Canterbury,    324800 St Albans East,1800,34,220,100,60,60,870,50,160,270,250,150,460,120,80,90,100,80,240,70,70,40,30,20,20,324800
324900,Hagley Park,Hagley Park,2.19063181,2.19063181,6211.504133773237,1039.0,1.039,165.8,Parkside Pharmacy,Canterbury,    324900 Hagley Park,10,33,0,0,5,0,0,0,0,0,0,0,0,0,0,0,0,0,0,0,0,0,0,0,0,324900
325100,Parklands,Parklands,1.80330429,1.80330429,5670.006338120936,632.5,0.6325,70.5,Unichem Parklands Pharmacy,Canterbury,    325100 Parklands,2060,41,330,90,110,140,670,160,130,120,120,130,700,160,140,150,140,120,360,110,90,80,40,20,20,325100
325200,Riccarton East,Riccarton East,0.20811648,0.20811648,2160.749990760033,1672.1,1.6721,180.6,Parkside Pharmacy,Canterbury,    325200 Riccarton East,670,30.5,70,30,15,25,370,25,120,110,70,40,120,35,20,25,25,20,110,25,15,10,15,20,25,325200
325301,Edgeware North,Edgeware North,0.43269826,0.43269826,2659.649934533075,597.1,0.5971000000000001,72.4,Hammersley Pharmacy,Canterbury,    325301 Edgeware North,700,36.2,100,50,25,25,290,20,45,90,80,50,210,50,40,40,40,40,100,35,25,20,10,10,5,325301
325302,Edgeware South,Edgeware South,0.58156988,0.58156988,3039.929798977018,667.5,0.6675,81.5,North Avon Pharmacy,Canterbury,    325302 Edgeware South,1730,31.9,200,120,50,30,1010,40,180,310,330,150,360,90,80,70,70,60,150,50,40,30,20,0,10,325302
325400,Aidanfield,Aidanfield,1.68180528,1.68180528,6271.867636895493,1758.1,1.7581,180.4,Halswell Pharmacy,Canterbury,    325400 Aidanfield,2160,40.5,380,100,140,140,680,100,120,130,160,170,680,170,130,140,120,130,420,110,90,70,60,50,40,325400
325601,Burwood South,Burwood South,1.20982813,1.20982813,6085.775506247726,332.9,0.3329,35.3,Burwood Pharmacy,Canterbury,    325601 Burwood South,1750,37.7,350,120,110,120,580,100,110,100,130,130,520,110,100,110,90,110,300,80,90,60,30,20,20,325601
327901,Stanmore,Stanmore,0.4244136,0.4244136,2708.5924281744688,398.7,0.3987,45.3,Linwood Village Pharmacy,Canterbury,    327901 Stanmore,1120,33.5,150,70,50,30,580,30,100,170,170,110,280,70,60,50,50,60,110,40,30,20,10,10,0,327901
325700,Christchurch Central-West,Christchurch Central-West,0.69261486,0.69261486,4607.569249331118,1010.9,1.0109,158.7,Unichem Forté Pharmacy,Canterbury,    325700 Christchurch Central-West,650,35.8,40,20,5,10,320,15,45,90,120,45,180,35,35,30,35,40,110,30,20,20,15,10,20,325700
325800,Christchurch Central-North,Christchurch Central-North,0.77783865,0.77783865,4680.483679739584,502.1,0.5021,70.1,Unichem Bealey Avenue Pharmacy,Canterbury,    325800 Christchurch Central-North,1610,33.8,120,60,30,40,880,50,160,280,250,130,390,100,70,70,70,80,230,50,60,50,40,20,10,325800
325900,Richmond North (Christchurch City),Richmond North (Christchurch City),1.16625168,1.16625168,4726.8311974745,892.8,0.8927999999999999,124.9,North Avon Pharmacy,Canterbury,    325900 Richmond North (Christchurch city),1230,35.2,200,80,70,60,510,70,70,120,140,100,360,70,80,70,70,80,160,50,40,30,20,10,0,325900
326000,Waimairi Beach,Waimairi Beach,0.58128936,0.58128936,3931.812215515267,2427.3,2.4273000000000002,242.6,QE2 Pharmacy Ltd,Canterbury,    326000 Waimairi Beach,670,47.9,110,30,40,45,150,45,25,20,30,35,270,40,60,70,45,50,130,45,40,30,10,5,0,326000
326100,Addington West,Addington West,0.55338273,0.55338273,4345.619737497069,445.5,0.4455,43.4,Addington Pharmacy,Canterbury,    326100 Addington West,1210,35.4,160,60,60,40,540,30,100,130,170,100,320,90,60,70,50,60,190,50,40,40,30,20,10,326100
326301,Oaklands East,Oaklands East,1.07530943,1.07530943,4733.556844312316,531.0,0.531,60.7,Halswell Pharmacy,Canterbury,    326301 Oaklands East,1720,35.9,360,140,120,100,630,90,90,120,170,160,450,110,90,90,80,80,280,70,70,50,50,30,10,326301
326400,Addington North,Addington North,0.43431408,0.43431408,4223.268056292126,380.0,0.38,41.4,Addington Pharmacy,Canterbury,    326400 Addington North,10,31.8,0,0,0,0,0,0,0,0,0,0,0,0,0,0,0,0,0,0,0,0,0,0,0,326400
326500,Dallington,Dallington,0.82692659,0.82692659,4754.165507347632,1151.6,1.1516,122.5,Shirley Dispensary,Canterbury,    326500 Dallington,1210,39.2,200,70,70,60,410,70,60,90,110,90,360,80,70,60,70,80,230,60,60,50,20,20,10,326500
326600,Christchurch Central,Christchurch Central,0.71392632,0.71392632,4683.49383883134,4.0,0.004,1.0,Unichem Cashel Pharmacy,Canterbury,    326600 Christchurch Central,60,37.3,0,0,0,0,30,5,5,5,10,5,20,5,5,0,5,5,10,5,5,5,0,0,0,326600
326701,Hoon Hay West,Hoon Hay West,1.63331722,1.63331722,6331.26006628303,1497.8,1.4978,145.4,Hillmorton Pharmacy,Canterbury,    326701 Hoon Hay West,1820,34.4,390,130,120,150,680,130,130,120,160,140,500,130,100,90,80,90,250,80,70,40,30,10,10,326701
326800,Richmond South (Christchurch City),Richmond South (Christchurch City),0.80285169,0.80285169,3975.1271200858782,626.5,0.6265,72.0,North Avon Pharmacy,Canterbury,    326800 Richmond South (Christchurch city),1170,33.7,150,80,50,30,570,30,100,160,170,100,320,70,60,70,60,70,120,40,30,20,10,10,0,326800
326900,Spreydon West,Spreydon West,1.02698731,1.02698731,4031.236895914902,911.5,0.9115,92.0,Unichem Lincoln Road Pharmacy,Canterbury,    326900 Spreydon West,1650,37.4,270,110,90,70,630,80,80,140,180,160,480,110,100,90,90,80,270,70,60,60,40,30,20,326900
327000,Christchurch Central-East,Christchurch Central-East,0.713461,0.713461,3980.098410214649,901.4,0.9014,114.8,Unichem Forté Pharmacy,Canterbury,    327000 Christchurch Central-East,1660,30.6,120,50,40,30,1110,60,260,340,320,130,330,80,70,70,60,60,90,40,30,20,0,10,0,327000
327100,Christchurch Central-South,Christchurch Central-South,1.25047261,1.25047261,6785.794475539204,534.0,0.534,68.9,Unichem Moorhouse Pharmacy,Canterbury,    327100 Christchurch Central-South,520,27.4,30,15,5,5,370,75,125,65,65,45,90,25,20,20,15,10,20,15,5,5,0,0,0,327100
327200,North Beach,North Beach,1.98879631,1.98879631,5906.29356831136,902.1,0.9021,108.3,QE2 Pharmacy Ltd,Canterbury,    327200 North Beach,2090,40.4,380,120,120,140,650,110,110,120,160,160,710,150,160,140,130,130,350,110,80,70,40,30,10,327200
327301,Halswell North,Halswell North,2.05049305,2.05049305,5803.926306508227,1334.6,1.3346,159.4,Unichem Stantons Pharmacy Halswell,Canterbury,    327301 Halswell North,1090,42.7,200,60,70,70,300,60,60,40,60,70,380,90,70,80,80,70,200,70,50,40,30,10,0,327301
327400,Addington East,Addington East,0.56803048,0.56803048,3922.515448680337,1059.1,1.0591,127.5,Addington Pharmacy,Canterbury,    327400 Addington East,1610,32.9,250,110,60,70,800,50,160,210,220,150,400,100,80,90,70,60,170,50,30,20,30,20,10,327400
327500,Avondale (Christchurch City),Avondale (Christchurch City),1.24942943,1.24942943,5725.648555839343,1609.5,1.6095,174.8,Burwood Pharmacy,Canterbury,    327500 Avondale (Christchurch city),1230,37.7,250,90,80,80,400,60,70,90,100,80,390,70,80,80,80,80,190,60,40,40,20,20,10,327500
327600,Spreydon North,Spreydon North,1.21379292,1.21379292,4684.409508379333,895.1,0.8951,104.3,Barrington Medical Centre Pharmacy,Canterbury,    327600 Spreydon North,2070,35.8,360,130,120,110,830,110,130,180,220,190,630,130,130,140,110,110,250,70,60,40,30,20,10,327600
327700,Hoon Hay East,Hoon Hay East,1.82288026,1.82288026,5936.569650666393,620.6,0.6206,85.1,Hoon Hay Pharmacy,Canterbury,    327700 Hoon Hay East,1620,37.1,300,100,100,110,590,70,80,120,150,160,470,120,100,90,80,80,250,80,60,40,30,20,20,327700
327800,Avonside,Avonside,0.81029719,0.81029719,4962.364489722652,1207.0,1.207,119.6,Woodham Road Pharmacy,Canterbury,    327800 Avonside,820,37.5,160,70,50,45,280,35,50,65,80,55,260,50,50,55,50,55,120,45,30,25,10,10,5,327800
328001,Halswell South,Halswell South,1.48484898,1.48484898,7770.313429563101,1673.7,1.6737,155.5,Unichem Stantons Pharmacy Halswell,Canterbury,    328001 Halswell South,1210,41.4,230,70,80,70,350,60,50,60,90,90,390,80,80,80,80,70,240,70,60,50,20,20,10,328001
328100,Sydenham Central,Sydenham Central,1.21275694,1.21275694,4677.304489845147,878.4,0.8784,122.4,Chemist Warehouse South City Shopping Centre,Canterbury,    328100 Sydenham Central,180,32.8,20,10,5,5,110,5,25,30,35,20,40,10,10,5,5,10,10,0,0,5,0,0,0,328100
328200,Spreydon South,Spreydon South,0.72390111,0.72390111,3528.2779509515967,626.1,0.6261,68.9,Life Pharmacy Barrington,Canterbury,    328200 Spreydon South,1290,40.2,210,80,70,70,430,50,60,100,120,100,390,90,70,70,70,80,250,60,50,40,40,30,30,328200
328300,Rawhiti,Rawhiti,1.93569459,1.93569459,7698.003175371927,1164.6,1.1645999999999999,125.5,QE2 Pharmacy Ltd,Canterbury,    328300 Rawhiti,1450,39,250,80,70,90,500,90,70,100,120,110,450,90,90,100,80,90,250,70,70,60,30,20,10,328300
328400,Wainoni,Wainoni,1.52023674,1.52023674,6024.911481846698,1283.5,1.2835,132.9,Eastern Pharmacy Aranui,Canterbury,    328400 Wainoni,1390,38.8,240,80,70,90,480,70,90,110,110,100,450,80,80,100,90,100,220,70,50,30,30,20,10,328400
328800,Lancaster Park,Lancaster Park,1.11558368,1.11558368,6188.152212792168,571.7,0.5717000000000001,64.8,Ferry Road Pharmacy,Canterbury,    328800 Lancaster Park,110,35.6,20,5,5,5,50,5,5,15,15,10,30,10,5,5,5,5,10,5,5,0,0,0,0,328800
328900,Phillipstown,Phillipstown,0.93343529,0.93343529,4191.837768211437,643.8,0.6437999999999999,86.6,The Pharmacy @ Phillipstown,Canterbury,    328900 Phillipstown,2150,33.1,400,170,130,110,960,90,180,240,270,190,580,140,110,110,120,100,200,80,60,20,30,10,0,328900
329200,Somerfield West,Somerfield West,1.18118102,1.18118102,5008.811463149806,1325.9,1.3259,142.1,Life Pharmacy Barrington,Canterbury,    329200 Somerfield West,1600,42.7,260,90,80,100,490,70,100,90,110,120,480,90,110,100,90,90,370,80,60,60,70,40,60,329200
329300,Linwood East,Linwood East,0.91202451,0.91202451,5088.607712118735,1259.6,1.2595999999999998,111.4,Bargain Chemist Eastgate,Canterbury,    329300 Linwood East,1090,37.1,210,60,70,80,380,60,70,70,90,90,330,80,70,60,60,60,170,60,40,30,20,10,10,329300
329400,Sydenham North,Sydenham North,0.48374012,0.48374012,3438.9834406605632,436.9,0.43689999999999996,54.3,Waltham Pharmacy,Canterbury,    329400 Sydenham North,1120,33.6,180,80,60,50,540,30,90,140,160,120,300,80,70,50,50,50,100,40,30,10,10,10,10,329400
329001,Kennedys Bush,Kennedys Bush,9.879957500000002,9.879957500000002,24883.084331694463,3928.8,3.9288000000000003,374.4,Unichem Stantons Pharmacy Halswell,Canterbury,    329001 Kennedys Bush,420,52.3,60,20,20,20,100,25,25,15,15,20,170,20,20,30,50,45,100,35,30,20,10,5,0,329001
329002,Halswell South East,Halswell South East,2.42200796,2.42200796,8876.742339215707,1993.0,1.993,188.7,Unichem Stantons Pharmacy Halswell,Canterbury,    329002 Halswell South East,570,36.3,130,55,45,35,190,20,20,35,65,55,180,45,30,35,25,40,70,25,20,15,5,0,0,329002
330000,Westmorland,Westmorland,5.557554820000001,5.557554820000001,16940.36754175234,3499.1,3.4991,340.4,Hoon Hay Pharmacy,Canterbury,    330000 Westmorland,1250,48.3,180,30,50,100,310,90,70,50,40,70,500,70,90,120,120,100,250,90,60,50,20,20,0,330000
330200,New Brighton,New Brighton,1.76100287,1.76100287,7595.226296648826,607.3,0.6073,62.6,Union Street Pharmacy,Canterbury,    330200 New Brighton,1670,42.7,260,80,90,100,520,70,80,110,130,130,590,110,120,120,120,130,300,100,60,70,30,20,20,330200
330600,Beckenham,Beckenham,0.87659434,0.87659434,4330.718522117705,1299.5,1.2995,187.0,Christchurch South Pharmacy (Hardings Pharmacy),Canterbury,    330600 Beckenham,1280,44.1,220,50,70,100,360,70,70,70,70,80,470,80,110,90,100,80,240,60,50,40,40,30,20,330600
330300,Cashmere West,Cashmere West,2.381178269999999,2.381178269999999,10141.47747102233,2540.9,2.5409,262.1,Christchurch South Pharmacy (Hardings Pharmacy),Canterbury,    330300 Cashmere West,1600,46.1,250,60,80,110,430,110,90,70,80,80,600,100,130,130,120,120,330,100,80,60,40,30,10,330300
330400,Bromley South,Bromley South,1.23983588,1.23983588,5577.731053532476,1743.9,1.7439,193.3,Woolston Pharmacy,Canterbury,    330400 Bromley South,1440,37.8,270,90,90,90,490,80,90,90,110,110,470,90,100,100,90,90,210,70,60,40,20,10,10,330400
330500,Ensors,Ensors,0.87364424,0.87364424,4022.5895983771366,1420.1,1.4201,154.8,The Pharmacy @ Phillipstown,Canterbury,    330500 Ensors,1180,38,210,80,60,70,410,60,60,100,100,90,390,90,80,70,70,80,170,50,40,40,20,10,10,330500
330700,Bromley North,Bromley North,6.231969970000001,6.231969970000001,11763.538172072796,3119.2,3.1191999999999998,266.4,Woolston Pharmacy,Canterbury,    330700 Bromley North,20,41.1,0,0,0,0,10,0,0,0,0,0,10,5,0,0,0,0,0,5,0,0,0,0,0,330700
330800,St Martins,St Martins,1.04554127,1.04554127,5748.145711227984,14.7,0.0147,1.3,St Martins Pharmacy,Canterbury,    330800 St Martins,1480,41.6,260,80,100,90,440,90,70,70,110,100,490,110,100,100,90,90,290,70,70,50,50,30,20,330800
330900,Opawa,Opawa,0.81402411,0.81402411,4023.5300774399298,847.9,0.8479,118.9,Beckford Health Pharmacy,Canterbury,    330900 Opawa,670,49.4,100,35,30,35,160,25,25,25,45,35,240,40,45,50,40,65,170,35,30,30,30,20,25,330900
331000,Woolston West,Woolston West,0.51495309,0.51495309,3713.1760364794004,1172.8,1.1728,150.0,Woolston Pharmacy,Canterbury,    331000 Woolston West,640,36.3,120,40,40,45,230,40,35,45,60,50,210,45,45,45,40,40,70,25,20,10,10,5,0,331000
331100,Woolston East,Woolston East,1.27549919,1.27549919,5175.319106511862,602.6,0.6026,119.6,Woolston Pharmacy,Canterbury,    331100 Woolston East,1620,41,270,100,90,80,520,70,70,120,130,120,470,100,100,90,80,90,360,80,80,80,50,30,40,331100
331200,Huntsbury,Huntsbury,1.36532629,1.36532629,6406.917579534161,936.7,0.9367000000000001,109.7,Cashmere Pharmacy,Canterbury,    331200 Huntsbury,1210,46.5,170,50,50,70,330,80,60,50,60,80,470,70,90,110,110,90,230,80,70,40,30,10,10,331200
331300,Cashmere East,Cashmere East,2.33093321,2.33093321,8113.722440686044,4357.9,4.3579,433.5,Christchurch South Pharmacy (Hardings Pharmacy),Canterbury,    331300 Cashmere East,1780,44.2,300,90,90,130,470,120,80,70,90,110,660,130,130,150,120,120,350,100,100,70,40,20,20,331300
331400,Hillsborough (Christchurch City),Hillsborough (Christchurch City),1.64399525,1.64399525,9170.732204605138,2241.1,2.2411,246.0,St Martins Pharmacy,Canterbury,    331400 Hillsborough (Christchurch city),1240,41.7,200,70,60,70,400,90,60,70,90,80,430,80,90,90,90,90,220,70,50,50,30,10,10,331400
331500,Woolston South,Woolston South,2.40402831,2.40402831,7710.489209466774,2557.3,2.5573,274.6,Woolston Pharmacy,Canterbury,    331500 Woolston South,230,39.5,30,10,10,15,80,10,15,15,20,20,80,15,20,15,15,20,40,10,10,10,5,0,0,331500
332000,Mount Pleasant,Mount Pleasant,2.47749941,2.47749941,10959.894284727152,2281.3,2.2813000000000003,263.2,Pharmacy @ Ferrymead,Canterbury,    332000 Mount Pleasant,1970,49.8,300,100,100,110,460,90,70,80,100,110,730,120,110,160,170,170,480,150,140,90,50,30,20,332000
331700,South New Brighton,South New Brighton,2.767090940000001,2.767090940000001,12048.005086390325,3785.3,3.7853000000000003,355.7,Union Street Pharmacy,Canterbury,    331700 South New Brighton,1660,42.9,290,80,110,100,480,100,70,80,110,120,610,120,130,120,120,120,290,90,70,60,30,20,10,331700
334001,Darfield,Darfield,17.580528849999997,17.580528849999997,19539.490665020825,2024.9,2.0249,243.3,Darfield Pharmacy,Canterbury,    334001 Darfield,1600,42.9,290,90,100,100,450,100,70,70,90,120,540,100,100,120,110,110,320,90,70,60,50,30,20,334001
331801,Brookhaven-Ferrymead,Brookhaven-Ferrymead,2.28328895,2.28328895,12685.83454520525,454.5,0.4545,99.4,Pharmacy @ Ferrymead,Canterbury,    331801 Brookhaven-Ferrymead,550,38.7,100,35,25,35,190,30,35,35,45,40,160,30,30,30,35,40,110,30,30,25,10,5,5,331801
331900,Heathcote Valley,Heathcote Valley,4.20438132,4.20438132,14222.577831151753,3690.5,3.6905,341.4,Lyttelton Pharmacy,Canterbury,    331900 Heathcote Valley,1210,47.6,180,50,50,80,320,80,60,60,60,70,420,70,70,90,90,90,290,80,80,60,50,20,10,331900
337400,Allenton North,Allenton North,2.09646461,2.09646461,6501.587473434783,803.4,0.8034,118.4,Searles Allenton Pharmacy (Ash) Ltd,Canterbury,    337400 Allenton North,1350,50.6,200,60,70,70,320,70,50,60,80,70,390,70,80,80,80,80,440,80,90,110,90,40,30,337400
332200,Governors Bay,Governors Bay,3.237530400000001,3.237530400000001,14801.617769390234,10423.1,10.4231,961.0,Lyttelton Pharmacy,Canterbury,    332200 Governors Bay,490,51.4,70,20,20,30,100,30,20,15,15,20,230,25,35,50,50,65,90,35,30,15,5,5,5,332200
332400,Clifton Hill,Clifton Hill,2.56197921,2.56197921,7549.6892284422665,2059.4,2.0594,225.0,Sumner Pharmacy,Canterbury,    332400 Clifton Hill,930,48.4,140,45,45,50,220,45,40,40,45,50,360,60,55,75,80,85,200,65,60,40,25,10,5,332400
332501,Lyttelton,Lyttelton,4.517793210000001,4.564798120000001,22722.58977815766,1671.8,1.6718,170.9,Lyttelton Pharmacy,Canterbury,    332501 Lyttelton,1600,47.7,230,70,70,90,380,80,50,70,90,100,710,120,140,140,160,150,280,110,80,50,30,20,0,332501
332700,Sumner,Sumner,2.63991901,2.63991901,11550.64225751523,1209.8,1.2098,138.3,Sumner Pharmacy,Canterbury,    332700 Sumner,1770,47.7,280,70,100,110,420,90,40,90,80,110,720,120,130,160,170,150,350,110,90,70,40,20,20,332700
334501,Newtons Road,Newtons Road,153.8311825,153.8311825,66706.21120355773,7966.1,7.9661,567.9,Chemist Warehouse Rolleston,Canterbury,    334501 Newtons Road,1930,44.2,310,80,100,120,550,150,100,80,100,120,750,120,120,180,180,150,320,150,70,50,20,20,0,334501
333500,Akaroa,Akaroa,2.02993523,2.02993523,11499.90082662648,1005.0,1.005,125.6,Akaroa Pharmacy,Canterbury,    333500 Akaroa,380,59.8,40,10,15,10,70,10,10,10,15,25,120,15,20,25,25,35,150,45,40,30,25,5,5,333500
334601,West Melton,West Melton,2.98987427,2.98987427,9411.151737216742,616.4,0.6164,85.8,Unichem West Melton Pharmacy,Canterbury,    334601 West Melton,1250,44.4,280,40,110,120,250,70,20,30,40,90,530,110,120,100,80,110,190,80,60,30,10,10,0,334601
334801,Rolleston Izone,Rolleston Izone,4.07023311,4.07023311,9187.498600104782,2085.2,2.0852,229.6,Bargain Chemist Rolleston ,Canterbury,    334801 Rolleston Izone,20,34.6,0,0,0,0,10,5,0,0,0,0,10,0,0,0,0,0,0,0,0,0,0,0,0,334801
334901,Rolleston North Central,Rolleston North Central,1.50639412,1.50639412,6314.203470106219,2340.7,2.3407,260.9,Unichem Rolleston Village Pharmacy,Canterbury,    334901 Rolleston North Central,2300,35.1,550,190,190,170,850,140,80,120,240,260,710,220,160,140,100,90,180,60,60,30,20,10,0,334901
334100,Kirwee,Kirwee,97.1889994,97.1889994,47208.371839634194,7975.3,7.9753,693.6,Darfield Pharmacy,Canterbury,    334100 Kirwee,780,41.5,160,60,50,50,210,35,20,45,45,65,290,50,55,65,60,60,110,45,35,15,15,5,0,334100
334400,Halkett,Halkett,86.01208442,86.01208442,42983.594110521255,5258.1,5.258100000000001,409.6,Unichem West Melton Pharmacy,Canterbury,    334400 Halkett,860,47.2,130,20,45,65,210,60,45,35,30,40,360,50,80,70,75,80,160,60,45,30,20,0,0,334400
334300,Charing Cross,Charing Cross,168.67829573,168.67829573,59933.730337323264,9420.6,9.4206,810.7,Darfield Pharmacy,Canterbury,    334300 Charing Cross,500,40.7,90,25,25,45,150,30,30,40,25,30,180,30,25,40,45,45,70,30,20,15,5,0,0,334300
335101,Rolleston Central,Rolleston Central,1.64929046,1.64929046,7332.452204783937,1222.8,1.2227999999999999,143.4,Unichem Rolleston Village Pharmacy,Canterbury,    335101 Rolleston Central,1930,38.2,430,120,130,170,600,150,110,80,110,150,720,170,160,170,120,100,180,70,50,40,20,10,0,335101
335600,Trents,Trents,50.01682404,50.01682404,33241.86101451691,5450.6,5.4506000000000006,398.1,Prebbleton Pharmacy,Canterbury,    335600 Trents,1000,46.3,140,40,50,50,280,70,60,40,50,60,380,60,70,90,80,90,190,80,60,30,10,10,10,335600
335701,Prebbleton North,Prebbleton North,3.33201218,3.33201218,7233.725192121311,1051.4,1.0514000000000001,116.6,Prebbleton Pharmacy,Canterbury,    335701 Prebbleton North,1280,44.5,200,50,70,80,370,110,70,50,60,80,510,80,130,110,100,90,200,80,60,40,20,10,0,335701
335702,Prebbleton South,Prebbleton South,1.96504726,1.96504726,7588.289265285229,1294.3,1.2943,140.2,Prebbleton Pharmacy,Canterbury,    335702 Prebbleton South,1370,42.3,280,80,100,100,350,110,70,40,50,80,530,110,100,120,100,110,200,80,60,40,20,10,0,335702
335800,Irwell,Irwell,128.15062579,128.15062579,83406.22749374728,6113.1,6.1131,394.2,Leeston Pharmacy,Canterbury,    335800 Irwell,660,45.5,120,35,45,35,170,30,25,30,35,45,270,40,55,50,65,60,110,35,35,15,10,5,0,335800
335901,Ladbrooks,Ladbrooks,49.764161699999995,49.764161699999995,48644.12484994755,4661.8,4.6618,358.4,Selwyn Community Pharmacy,Canterbury,    335901 Ladbrooks,1010,43.8,170,50,55,65,290,75,50,55,50,55,360,65,65,85,85,70,190,65,50,30,20,15,5,335901
336001,Lincoln West,Lincoln West,3.078876040000001,3.078876040000001,9492.400270813898,220.9,0.2209,31.9,WeCare Pharmacy Lincoln,Canterbury,    336001 Lincoln West,1910,34.9,320,100,110,110,770,250,160,100,140,130,550,110,120,120,100,100,270,90,70,50,30,10,10,336001
337500,Allenton South,Allenton South,2.926674530000001,2.926674530000001,7128.661297677146,509.8,0.5098,76.7,Three Rivers Pharmacy - Ashburton,Canterbury,    337500 Allenton South,1100,39,200,50,70,70,360,60,50,80,90,80,320,70,70,70,60,60,210,50,50,50,30,10,10,337500
336002,Lincoln South,Lincoln South,1.83666518,1.83666518,9441.97686301654,1355.3,1.3553,154.4,WeCare Pharmacy Lincoln,Canterbury,    336002 Lincoln South,230,42.5,50,20,15,15,50,10,5,5,10,20,90,25,15,20,20,15,30,15,10,5,5,0,0,336002
336102,Lincoln East,Lincoln East,2.05387046,2.05387046,7832.662507232764,1655.6,1.6556,175.3,Selwyn Community Pharmacy,Canterbury,    336102 Lincoln East,1610,37,340,110,100,120,540,120,70,80,130,130,510,100,120,120,90,80,220,70,70,40,30,10,0,336102
336200,Leeston,Leeston,2.436670419999999,2.436670419999999,10922.680881209964,670.2,0.6702,77.8,Leeston Pharmacy,Canterbury,    336200 Leeston,1210,40.4,250,80,80,90,350,70,30,60,80,100,380,80,90,70,70,70,230,70,50,40,40,20,10,336200
337600,RÄkaia,Rakaia,11.301404569999999,11.301404569999999,15304.177733094457,29906.1,29.9061,1656.1,Wises Pharmacy,Canterbury,    337600 Rakaia,780,41,150,45,45,55,240,40,35,50,70,50,240,40,45,60,45,50,150,50,45,35,10,5,5,337600
337700,Ashburton North,Ashburton North,20.65756078,20.65756078,28120.052463362004,5136.4,5.1364,489.9,Wises Pharmacy,Canterbury,    337700 Ashburton North,550,48.8,90,25,30,35,130,35,15,25,25,30,200,20,50,45,40,40,130,35,30,25,20,5,5,337700
337900,Tinwald North,Tinwald North,1.90350197,1.90350197,6532.752409386091,2234.3,2.2343,265.2,Woolworths Pharmacy Ashburton South,Canterbury,    337900 Tinwald North,710,41.3,120,45,45,30,230,35,45,35,65,45,200,25,45,40,45,45,160,45,50,25,20,15,5,337900
338000,Ashburton Central,Ashburton Central,2.5629037,2.5629037,12664.987399968377,385.1,0.3851,45.9,Chemist Warehouse Ashburton,Canterbury,    338000 Ashburton Central,80,57.9,10,5,5,5,20,5,5,5,5,0,20,0,5,5,5,5,30,5,5,5,5,0,5,338000
338200,Tinwald South,Tinwald South,2.79309066,2.79309066,11071.661212695602,2605.6,2.6056,259.0,Woolworths Pharmacy Ashburton South,Canterbury,    338200 Tinwald South,1190,39.6,220,70,80,70,380,60,50,80,110,80,340,60,60,70,80,70,250,50,70,70,40,20,10,338200
338300,Ashburton East,Ashburton East,0.77867209,0.77867209,5233.83384021866,355.6,0.3556,51.3,Wises Pharmacy,Canterbury,    338300 Ashburton East,1000,49.2,130,45,40,40,300,50,55,70,65,55,270,45,45,60,70,60,300,55,55,65,40,55,25,338300
338401,Netherby,Netherby,1.94202888,1.94202888,6443.972323111127,986.0,0.986,151.2,Netherby Pharmacy,Canterbury,    338401 Netherby,1220,36.9,220,90,60,80,430,80,70,100,100,80,350,80,70,70,70,60,210,60,50,50,20,20,10,338401
338501,Hampstead,Hampstead,2.63993121,2.63993121,7263.441764057065,1590.7,1.5907,218.0,Life Pharmacy Ashburton,Canterbury,    338501 Hampstead,1550,36.5,300,100,90,100,540,100,90,130,130,90,440,80,90,100,90,80,280,70,70,60,40,30,10,338501
338700,Arundel,Arundel,629.2082091499999,629.2082091499999,145830.3018087905,14430.4,14.430399999999999,1490.2,Geraldine Pharmacy,South Canterbury,    338700 Arundel,730,46.2,130,30,40,55,180,40,20,40,45,35,260,40,55,55,50,65,150,60,45,30,10,5,5,338700
338800,Levels Valley,Levels Valley,386.3793194400001,386.3793194400001,112161.3762851179,30021.2,30.0212,1877.8,Temuka Pharmacy,South Canterbury,    338800 Levels Valley,500,47.7,90,25,25,40,100,30,5,15,25,25,210,40,35,30,45,55,100,45,35,15,10,5,0,338800
339700,Gleniti North,Gleniti North,5.42068965,5.42068965,16729.435930241685,3782.6,3.7826,340.6,Marchwiel Pharmacy,South Canterbury,    339700 Gleniti North,800,54.2,100,30,30,45,170,35,30,35,40,30,280,35,55,50,60,75,260,60,70,60,40,20,10,339700
338901,Geraldine,Geraldine,3.22175628,3.22175628,12849.909143937974,748.9,0.7489,104.8,Geraldine Pharmacy,South Canterbury,    338901 Geraldine,1570,52.8,230,60,80,90,350,80,50,60,90,70,450,70,70,100,100,110,540,110,140,110,90,50,40,338901
339002,Rangitata,Rangitata,171.83844747,171.83844747,96843.5280924228,12104.6,12.1046,819.8,Geraldine Pharmacy,South Canterbury,    339002 Rangitata,760,50.9,120,25,35,60,160,35,15,30,45,40,260,40,45,60,60,65,210,55,65,45,25,15,10,339002
339100,Waitohi (Timaru District),Waitohi (Timaru District),371.7827881100001,371.7827881100001,125394.93630378353,7436.5,7.4365,545.8,Temuka Pharmacy,South Canterbury,    339100 Waitohi (Timaru district),890,39.3,170,45,70,55,280,70,40,45,70,60,290,50,55,60,55,70,150,55,45,25,15,5,0,339100
339200,Pleasant Point,Pleasant Point,5.20894215,5.20894215,11261.943198234558,14217.2,14.2172,667.2,Temuka Pharmacy,South Canterbury,    339200 Pleasant Point,720,47.4,120,45,30,40,180,45,20,30,45,40,240,40,45,55,45,60,180,55,45,30,30,10,5,339200
340200,Marchwiel West,Marchwiel West,0.84049485,0.84049485,4759.109136163679,642.9,0.6429,71.8,Marchwiel Pharmacy,South Canterbury,    340200 Marchwiel West,820,41.8,150,50,45,50,250,45,35,50,70,50,220,50,40,40,50,40,210,35,35,40,45,35,15,340200
339400,Hadlow,Hadlow,93.74155146999998,93.74155146999998,69608.28476858964,7854.7,7.8547,639.7,Marchwiel Pharmacy,South Canterbury,    339400 Hadlow,750,49.3,130,25,35,65,170,60,20,20,30,35,300,40,50,65,75,70,160,60,50,30,15,5,0,339400
339500,Levels,Levels,87.98954887000001,87.98954887000001,41917.406556587215,5903.5,5.9035,308.7,Temuka Pharmacy,South Canterbury,    339500 Levels,600,49.6,100,25,30,45,130,35,15,20,30,30,240,35,40,65,50,50,130,55,45,25,10,0,0,339500
347700,Warren Park,Warren Park,0.93646231,0.93646231,6542.132022637821,991.7,0.9917,118.9,Queenstown Pharmacy,Southern,    347700 Warren Park,900,30,40,20,15,5,720,10,155,245,215,100,120,40,25,20,20,10,20,5,5,5,0,5,0,347700
339800,Washdyke,Washdyke,10.657396409999999,10.657396409999999,16495.60975095649,2813.1,2.8131,240.6,Chemist Warehouse Timaru Showgrounds,South Canterbury,    339800 Washdyke,530,46.8,80,30,25,25,150,25,15,30,45,30,170,25,35,30,35,50,130,45,40,20,10,10,0,339800
340000,Gleniti South,Gleniti South,1.73692412,1.73692412,6694.150527300351,3076.0,3.076,307.0,Unichem Highfield Mall Pharmacy,South Canterbury,    340000 Gleniti South,1310,51.4,200,60,80,70,280,60,30,40,70,70,400,70,80,90,90,70,430,80,90,90,60,50,40,340000
340100,Glenwood,Glenwood,1.08721699,1.08721699,5692.37381969125,1799.6,1.7995999999999999,188.3,Unichem Highfield Mall Pharmacy,South Canterbury,    340100 Glenwood,920,43.1,180,60,70,55,240,35,25,50,70,60,280,55,55,50,65,55,210,55,50,45,35,20,10,340100
340300,Marchwiel East,Marchwiel East,0.93101142,0.93101142,4221.11408883028,896.7,0.8967,89.9,Marchwiel Pharmacy,South Canterbury,    340300 Marchwiel East,1010,37,210,70,70,70,330,50,50,70,90,70,280,60,40,50,70,60,190,50,40,40,30,20,10,340300
340400,Highfield North,Highfield North,1.41108191,1.41108191,6029.160171401512,785.3,0.7853,147.1,Unichem Highfield Mall Pharmacy,South Canterbury,    340400 Highfield North,1230,51.7,180,60,60,70,280,60,40,50,60,70,390,50,70,80,90,90,370,70,90,70,60,50,40,340400
340500,Highfield South,Highfield South,0.95030445,0.95030445,4671.088465709336,1415.2,1.4152,173.8,Unichem Highfield Mall Pharmacy,South Canterbury,    340500 Highfield South,670,41.4,130,45,40,45,200,40,30,40,50,45,220,35,40,40,50,50,130,35,30,30,20,10,10,340500
340601,Waimataitai-Maori Hill,Waimataitai-Maori Hill,1.38994462,1.38994462,6747.841783092934,1597.5,1.5975,179.5,Moyle's Pharmacy,South Canterbury,    340601 Waimataitai-Maori Hill,1080,46.7,160,50,60,60,300,50,50,60,70,60,320,60,50,60,70,80,290,80,70,70,40,20,10,340601
340700,Fraser Park,Fraser Park,1.21557097,1.21557097,4933.4965047151545,1023.2,1.0232,158.1,Unichem Highfield Mall Pharmacy,South Canterbury,    340700 Fraser Park,1440,44.7,220,70,70,70,440,80,70,100,100,90,450,70,80,110,100,100,330,70,80,60,50,40,30,340700
340801,Seaview,Seaview,0.75085847,0.75085847,3826.4465233998963,708.8,0.7088,92.4,Dee Street Pharmacy,South Canterbury,    340801 Seaview,1170,43.2,170,60,50,60,370,50,80,80,90,70,340,70,60,70,70,70,290,60,70,60,40,30,20,340801
341801,Twizel,Twizel,15.541964850000003,17.568741160000002,28926.158405527818,1570.0,1.57,178.3,MacKenzie Pharmacy,South Canterbury,    341801 Twizel,870,44.3,110,40,35,40,280,25,65,70,65,50,300,50,50,65,75,60,180,55,60,35,15,10,5,341801
341900,Opua (Mackenzie District),Opua (Mackenzie District),1978.3820334600002,1978.3820334600002,325067.72204376204,51195.0,51.195,2658.2,Geraldine Pharmacy,South Canterbury,    341900 Opua (Mackenzie district),700,41.4,130,50,35,40,220,45,45,40,40,45,270,40,50,65,55,65,90,35,20,15,10,5,0,341900
341201,Timaru East,Timaru East,3.70399746,3.8399368,22419.725971260224,1081.6,1.0816,116.8,Roberts Pharmacy,South Canterbury,    341201 Timaru East,150,42.2,20,5,10,10,50,10,5,10,10,10,50,10,10,5,10,10,30,5,10,5,5,5,0,341201
341300,Parkside,Parkside,1.14715856,1.14715856,4819.94455971842,721.7,0.7217,72.4,Roberts Pharmacy,South Canterbury,    341300 Parkside,1230,43.1,190,50,70,70,390,70,50,80,110,70,380,70,70,90,70,80,270,60,60,60,40,20,10,341300
343400,Ngapara,Ngapara,1134.5616557399999,1134.5616557399999,190946.62264520695,25714.1,25.7141,2439.4,Oamaru Pharmacy,Southern,    343400 Ngapara,950,36.9,200,60,75,65,320,60,40,65,90,70,330,60,60,65,75,65,110,40,40,15,10,5,0,343400
343501,Lower Waitaki,Lower Waitaki,174.18222749999998,174.18222749999998,78627.24334377024,9879.6,9.8796,752.8,Unichem Northend Pharmacy,Southern,    343501 Lower Waitaki,820,42.2,160,45,50,65,230,55,40,35,50,45,290,60,60,50,55,65,140,45,40,30,10,5,0,343501
343600,Waihemo,Waihemo,1312.3929980700002,1312.3929980700002,278596.62722048117,21601.0,21.601,1086.6,Waihemo Pharmacy,Southern,    343600 Waihemo,680,52.4,100,25,35,40,140,35,10,15,45,35,260,40,35,45,65,70,190,70,50,40,20,5,0,343600
343700,Maheno,Maheno,262.44968293,262.44968293,129974.08072417276,20261.0,20.261,1170.2,Oamaru Pharmacy,Southern,    343700 Maheno,1020,53,140,30,60,60,200,40,20,40,40,50,420,60,60,70,100,110,260,90,80,50,30,10,10,343700
342000,Fairlie,Fairlie,4.953295109999998,4.953295109999998,14093.056021132965,46188.0,46.188,2213.6,Geraldine Pharmacy,South Canterbury,    342000 Fairlie,450,49.2,60,20,15,20,120,15,20,30,30,30,150,20,30,35,30,40,120,30,25,25,20,10,5,342000
342100,Hakataramea,Hakataramea,2059.60296839,2088.21825547,252285.79646000193,82834.9,82.83489999999999,5011.1,Waimate Pharmacy,South Canterbury,    342100 Hakataramea,460,42.4,100,25,40,35,110,20,10,20,25,40,170,30,25,30,35,45,80,25,25,5,10,5,0,342100
342200,Maungati,Maungati,695.9454837100002,695.9454837100002,159197.43376611144,29885.8,29.8858,3144.3,Unichem Highfield Mall Pharmacy,South Canterbury,    342200 Maungati,390,39.9,80,25,25,30,110,30,15,20,25,25,140,25,30,25,35,25,60,20,10,10,5,5,0,342200
342300,Lyalldale,Lyalldale,109.53970919999999,109.53970919999999,49327.12948660877,20167.3,20.1673,1414.6,Roberts Pharmacy,South Canterbury,    342300 Lyalldale,340,47,50,15,20,20,80,25,15,10,15,20,140,20,25,30,30,30,60,25,15,15,5,5,0,342300
342400,MÄkikihi-Willowbridge,Makikihi-Willowbridge,295.03386975000006,295.03386975000006,108520.93825902295,7309.1,7.3091,729.7,Waimate Pharmacy,South Canterbury,    342400 Makikihi-Willowbridge,500,47.3,90,30,30,30,120,25,10,20,35,30,190,25,35,40,50,45,100,35,25,20,15,5,0,342400
342500,Waimate North,Waimate North,4.46603586,4.46603586,14126.088560375247,1098.0,1.098,119.6,Waimate Pharmacy,South Canterbury,    342500 Waimate North,280,56.8,40,15,15,10,50,15,5,10,10,10,100,10,10,20,30,25,100,25,20,25,10,10,5,342500
342700,Waimate West,Waimate West,0.93730846,0.93730846,5659.946582621842,1221.6,1.2216,124.8,Waimate Pharmacy,South Canterbury,    342700 Waimate West,700,55.1,100,35,35,25,150,35,25,30,25,35,210,30,30,35,55,55,240,50,50,60,40,25,10,342700
342800,Waimate East,Waimate East,2.60475025,2.60475025,9447.337004086532,656.9,0.6568999999999999,90.9,Waimate Pharmacy,South Canterbury,    342800 Waimate East,870,56.7,120,35,50,35,170,25,25,30,40,45,250,25,40,55,65,60,330,65,70,70,55,35,35,342800
343100,Aviemore,Aviemore,3483.896789140001,3532.895096250001,426332.17098916677,31985.2,31.9852,1672.6,MacKenzie Pharmacy,South Canterbury,    343100 Aviemore,450,46.2,60,20,25,15,140,15,20,35,40,20,150,25,25,35,25,40,110,40,30,15,15,5,0,343100
343300,Danseys Pass,Danseys Pass,711.4933378300001,711.4933378300001,150717.18334239893,60765.1,60.7651,4022.5,Unichem Northend Pharmacy,Southern,    343300 Danseys Pass,530,43.3,110,30,35,45,140,20,20,35,30,35,170,30,30,30,40,40,120,35,30,30,10,10,5,343300
343801,Weston,Weston,1.99830288,1.99830288,10124.282462534065,4492.2,4.4921999999999995,413.3,Oamaru Pharmacy,Southern,    343801 Weston,550,47.7,100,25,35,35,130,25,15,25,40,30,180,30,35,35,45,45,130,40,40,30,15,5,5,343801
343900,Oamaru North Milner Park,Oamaru North Milner Park,7.135098140000001,7.135098140000001,12398.370733628364,2505.7,2.5057,236.2,Unichem Northend Pharmacy,Southern,    343900 Oamaru North Milner Park,1260,47.9,200,60,60,80,330,90,50,60,60,60,360,60,70,80,70,90,360,70,90,80,60,30,20,343900
344000,Oamaru North Orana Park,Oamaru North Orana Park,2.76061588,2.76061588,7008.789464761638,495.0,0.495,81.5,Unichem Northend Pharmacy,Southern,    344000 Oamaru North Orana Park,1570,42.2,300,90,100,110,450,110,70,80,100,90,460,90,80,80,100,100,360,110,80,70,60,30,20,344000
344200,Glen Warren,Glen Warren,1.8009147,1.8009147,7101.0406075310575,908.0,0.908,119.4,North Otago Pharmacy,Southern,    344200 Glen Warren,920,47.4,140,40,55,40,260,55,40,55,60,50,250,50,35,55,60,50,270,45,50,60,55,30,30,344200
344300,Holmes Hill,Holmes Hill,2.62025107,2.62025107,9487.12918865156,2382.6,2.3826,271.5,Oamaru Pharmacy,Southern,    344300 Holmes Hill,730,55.8,110,35,35,40,140,30,15,30,30,40,230,35,35,35,50,70,250,55,60,55,40,20,20,344300
344400,Oamaru Central,Oamaru Central,0.96438725,0.96438725,9018.57863734497,685.8,0.6858,95.3,Oamaru Pharmacy,Southern,    344400 Oamaru Central,140,55.5,10,5,10,5,30,5,5,5,5,10,40,5,5,10,10,5,60,10,10,10,10,5,5,344400
362401,Newfield,Newfield,1.42905134,1.42905134,6110.576674804641,2279.9,2.2799,223.9,Glengarry Pharmacy,Southern,    362401 Newfield,1110,41.9,190,70,70,60,330,70,50,60,80,70,330,70,70,60,60,80,250,60,60,50,40,30,20,362401
344500,South Hill,South Hill,1.44829725,1.44829725,6765.195961141761,1549.6,1.5495999999999999,157.8,Oamaru Pharmacy,Southern,    344500 South Hill,1160,47.7,180,40,70,60,310,60,50,60,70,70,380,60,50,70,100,100,290,80,70,50,40,30,20,344500
344700,Palmerston,Palmerston,8.753620430000002,8.753620430000002,13952.007847087636,1125.7,1.1257000000000001,142.0,Waihemo Pharmacy,Southern,    344700 Palmerston,510,50.4,80,25,25,30,120,25,10,25,30,30,160,25,25,30,40,40,140,30,40,35,20,10,10,344700
344900,Cromwell West,Cromwell West,12.032064380000001,12.032064380000001,17994.7505830145,2255.4,2.2554000000000003,236.5,Central Otago Pharmacy Cromwell,Southern,    344900 Cromwell West,1790,42.2,340,120,120,100,510,60,50,100,160,130,540,120,100,110,100,110,400,120,90,90,60,20,20,344900
345000,Cromwell East,Cromwell East,3.59556845,3.59556845,9744.194862642427,1648.1,1.6481,288.8,Antidote Cromwell,Southern,    345000 Cromwell East,1550,41.4,300,100,110,90,450,50,70,90,110,120,480,100,80,100,90,110,320,100,80,70,40,10,10,345000
345400,Clyde,Clyde,2.08072828,2.08072828,6821.543147715187,9362.7,9.3627,515.5,Alexandra Pharmacy,Southern,    345400 Clyde,600,58.3,60,15,20,25,120,20,15,20,35,30,210,30,30,30,50,70,210,75,55,40,20,15,5,345400
345500,Alexandra North,Alexandra North,4.60800747,4.60800747,12501.597765388511,1755.0,1.755,183.5,Alexandra Pharmacy,Southern,    345500 Alexandra North,1500,48.6,210,60,70,80,400,80,60,70,100,90,480,80,80,100,100,120,400,100,100,80,50,40,30,345500
345700,Maniototo,Maniototo,2370.9669163599997,2370.9669163599997,296274.3597734987,18785.6,18.7856,1803.8,Maniototo Pharmacy,Southern,    345700 Maniototo,860,50.2,140,45,45,45,200,35,30,35,60,35,280,40,45,55,70,75,230,75,45,45,35,20,15,345700
345800,Teviot Valley,Teviot Valley,1302.44245424,1314.91917073,215854.89081588353,18861.2,18.8612,2210.6,Highland Pharmacy Central,Southern,    345800 Teviot Valley,920,52.9,120,40,35,45,210,35,30,45,55,45,320,40,55,60,80,90,270,80,70,55,40,10,10,345800
345900,Outer WÄnaka,Outer Wanaka,3176.07941178,3176.07941178,611200.3797865682,51146.5,51.1465,2513.5,Wanaka Pharmacy,Southern,    345900 Outer Wanaka,200,44.3,30,5,10,15,60,15,15,10,15,15,80,10,15,15,20,20,30,15,10,0,0,0,0,345900
346000,Glenorchy,Glenorchy,1464.37156567,1464.37156567,259049.87908637358,63795.4,63.7954,4177.5,Chemist Warehouse Queenstown Town Centre,Southern,    346000 Glenorchy,280,41.9,30,10,5,10,100,10,10,15,35,25,110,30,20,25,15,20,40,15,10,10,5,0,0,346000
346201,Outer Wakatipu,Outer Wakatipu,1862.9211578800002,1862.9211578800002,303003.0223706328,31566.4,31.5664,3874.0,Queenstown Pharmacy,Southern,    346201 Outer Wakatipu,310,44.7,40,15,10,15,90,20,10,15,25,25,140,20,20,30,30,35,40,20,10,5,5,0,0,346201
346600,WÄnaka Waterfront,Wanaka Waterfront,3.892151680000001,3.892151680000001,12449.700552426153,2872.1,2.8721,339.7,Aspiring Pharmacy Wanaka,Southern,    346600 Wanaka Waterfront,1290,39.3,170,50,50,60,490,60,50,120,140,110,370,80,80,70,70,70,270,80,80,60,30,10,10,346600
346701,WÄnaka North,Wanaka North,5.44191778,5.44191778,10931.510985358547,2249.4,2.2494,263.7,Wanaka Pharmacy,Southern,    346701 Wanaka North,1760,36.4,260,80,80,100,750,100,60,170,210,200,560,140,120,120,80,100,190,80,60,30,20,10,0,346701
346702,Northlake,Northlake,3.395331090000001,3.395331090000001,9919.197864506803,4993.1,4.9931,484.4,Wanaka Pharmacy,Southern,    346702 Northlake,130,37.6,10,5,0,0,70,0,0,15,25,25,40,10,5,10,5,5,20,5,5,5,0,0,0,346702
346901,Albert Town,Albert Town,3.889557170000001,3.889557170000001,11587.751859253865,4880.6,4.8806,484.2,Wanaka Pharmacy,Southern,    346901 Albert Town,1150,38.6,240,70,100,80,370,40,40,60,110,120,410,100,90,80,70,60,140,50,40,30,10,10,0,346901
347000,WÄnaka Central,Wanaka Central,7.56205413,7.56205413,12758.648934634877,1957.8,1.9578,213.0,Wanaka Pharmacy,Southern,    347000 Wanaka Central,730,42.7,70,25,20,25,280,20,30,75,90,60,160,35,30,30,35,35,220,45,35,55,40,35,15,347000
351000,Wakari,Wakari,2.206405150000001,2.206405150000001,6664.2258202858975,812.8,0.8128,117.9,Balmac Pharmacy,Southern,    351000 Wakari,2260,39.9,400,110,140,150,730,140,120,140,170,160,720,150,140,170,120,130,410,110,90,60,70,40,40,351000
347101,Lake HÄwea,Lake Hawea,3.65558904,3.65558904,9016.577925507274,16947.1,16.9471,1103.5,Wanaka Pharmacy,Southern,    347101 Lake Hawea,980,37.3,210,80,80,50,340,40,30,60,90,120,300,80,60,60,60,40,130,50,40,20,10,0,0,347101
347401,Arthurs Point,Arthurs Point,4.177799190000001,4.177799190000001,15370.58046755913,6504.2,6.5042,593.0,Queenstown Pharmacy,Southern,    347401 Arthurs Point,720,35,120,35,50,35,330,30,55,70,90,90,230,70,55,40,35,30,40,15,10,10,0,0,0,347401
347600,Queenstown Hill,Queenstown Hill,15.37707871,15.37707871,21278.78707561936,3399.4,3.3994,317.6,Unichem Summerfields Pharmacy,Southern,    347600 Queenstown Hill,0,18.4,0,0,0,0,0,0,0,0,0,0,0,0,0,0,0,0,0,0,0,0,0,0,0,347600
347901,Arrowtown,Arrowtown,3.60587933,3.60587933,11661.357842207246,1590.1,1.5900999999999998,199.7,Arrowtown Pharmacy,Southern,    347901 Arrowtown,1500,41.7,250,60,70,120,460,70,50,100,110,120,570,110,110,130,110,100,220,80,60,40,30,10,10,347901
348000,Quail Rise,Quail Rise,6.268982129999999,6.268982129999999,14197.391346425615,5649.9,5.6499,453.2,Five Mile Pharmacy Queenstown,Southern,    348000 Quail Rise,420,40.7,70,15,25,25,140,20,25,40,30,30,160,35,30,30,35,35,60,15,20,10,5,0,0,348000
351100,Abbotsford,Abbotsford,2.36456966,2.36456966,9567.626504962484,1437.0,1.437,187.2,Larson's Pharmacy,Southern,    351100 Abbotsford,1510,40.4,290,90,90,110,450,90,70,80,110,100,510,110,100,110,100,90,260,80,70,40,40,20,10,351100
348100,Queenstown Central,Queenstown Central,0.80516805,0.80516805,6483.409415764082,515.4,0.5154,60.3,Chemist Warehouse Queenstown Town Centre,Southern,    348100 Queenstown Central,480,33.4,20,5,5,10,330,5,30,85,135,80,100,30,25,20,15,10,30,10,10,5,5,0,0,348100
348200,Queenstown East,Queenstown East,0.9758133,0.9758133,6205.055791524871,921.7,0.9217000000000001,153.9,Life Pharmacy - Wilkinsons,Southern,    348200 Queenstown East,720,33.3,30,10,10,10,450,15,50,155,160,75,170,35,35,30,35,35,70,20,20,10,5,5,0,348200
348300,Frankton Arm,Frankton Arm,1.22516729,1.22516729,7126.179778968532,2950.8,2.9508,316.5,Life Pharmacy - Wilkinsons,Southern,    348300 Frankton Arm,1150,33.1,90,20,30,30,720,20,70,220,250,150,260,80,50,40,50,40,90,40,30,20,0,0,0,348300
348400,Frankton,Frankton,7.560770869999999,7.560770869999999,15873.222422319304,405.3,0.4053,46.0,Antidote Queenstown,Southern,    348400 Frankton,1900,35.3,250,100,80,70,930,60,80,210,340,240,520,150,100,90,100,90,200,70,50,30,20,20,20,348400
348801,Lake Hayes Estate,Lake Hayes Estate,2.74068132,2.74068132,8437.466919697514,1289.4,1.2894,170.2,Unichem Shotover Pharmacy,Southern,    348801 Lake Hayes Estate,1310,34.6,270,80,80,110,510,90,70,100,130,120,450,120,130,110,60,40,70,30,10,10,0,10,0,348801
348600,Kelvin Heights,Kelvin Heights,9.275707539999999,9.275707539999999,16529.278295355616,6022.5,6.0225,546.7,Unichem Remarkables Pharmacy,Southern,    348600 Kelvin Heights,660,40.9,90,30,35,30,230,25,35,50,60,55,200,40,30,45,35,50,140,45,35,30,15,10,0,348600
350000,Seddon Park,Seddon Park,1.55941722,1.55941722,6606.681524935176,868.0,0.868,126.2,Unichem Central Pharmacy Mosgiel,Southern,    350000 Seddon Park,1750,50.8,280,80,100,100,420,90,60,80,90,100,450,80,80,90,100,100,600,110,110,100,100,90,90,350000
348901,Jacks Point,Jacks Point,21.007109699999994,21.007109699999994,28520.38653889837,4258.6,4.2586,379.1,Unichem Jack's Point Pharmacy,Southern,    348901 Jacks Point,1900,31.9,370,160,120,100,990,60,110,260,360,200,450,130,110,90,60,50,90,40,20,20,0,0,0,348901
351500,Maori Hill,Maori Hill,1.01060581,1.01060581,5654.232195723451,1592.9,1.5929,159.9,Antidote North,Southern,    351500 Maori Hill,1310,45.2,180,50,50,80,410,120,120,60,50,60,410,60,70,110,90,90,310,80,70,70,40,30,10,351500
349200,Waikouaiti,Waikouaiti,7.32830263,7.32830263,19230.587137561946,14589.0,14.589,846.8,Waihemo Pharmacy,Southern,    349200 Waikouaiti,670,55.6,90,30,30,30,130,35,10,20,30,35,210,35,30,50,45,55,240,60,70,55,35,15,10,349200
349601,Mount Cargill,Mount Cargill,129.7765712,129.78147391000002,93105.37024854975,11835.6,11.835600000000001,852.9,Antidote Gardens,Southern,    349601 Mount Cargill,1100,49.1,180,40,70,70,210,60,20,30,50,60,470,80,80,100,110,100,240,90,70,50,20,0,0,349601
349700,Bush Road,Bush Road,0.87644249,0.87644249,4079.203056584757,1194.9,1.1949,123.3,Unichem Taieri Pharmacy,Southern,    349700 Bush Road,1200,51.8,150,40,50,60,280,60,30,50,60,70,380,60,80,80,80,80,380,80,80,90,70,50,20,349700
349801,Mosgiel East,Mosgiel East,3.635776299999999,3.635776299999999,10627.853473261257,1866.3,1.8662999999999998,198.0,Unichem Taieri Pharmacy,Southern,    349801 Mosgiel East,1700,59.1,210,70,60,80,290,90,30,40,60,70,470,80,90,100,100,100,730,130,160,140,110,100,70,349801
350100,Wingatui,Wingatui,6.842730749999999,6.842730749999999,12598.197315124908,3896.1,3.8961,283.2,Unichem Taieri Pharmacy,Southern,    350100 Wingatui,520,45.2,80,30,25,25,150,40,30,25,25,30,210,30,35,45,50,45,90,30,30,15,10,0,0,350100
350300,East Taieri,East Taieri,3.12611642,3.12611642,11493.955306994683,2753.5,2.7535,257.6,Mosgiel Health Centre Pharmacy,Southern,    350300 East Taieri,1230,45.9,230,60,70,90,280,80,50,40,50,60,460,90,70,110,100,90,260,90,70,50,30,10,10,350300
350500,Helensburgh,Helensburgh,1.46191187,1.46191187,6261.600004669833,1440.5,1.4405,182.6,Balmac Pharmacy,Southern,    350500 Helensburgh,640,42.4,110,35,35,40,190,45,30,30,45,40,220,40,35,45,50,45,120,35,30,20,25,5,10,350500
351901,Normanby (Dunedin City),Normanby (Dunedin City),1.41871037,1.41871037,7552.521688490782,2561.9,2.5619,233.1,Antidote Gardens,Southern,    351901 Normanby (Dunedin city),670,41.9,110,25,35,50,200,40,35,35,40,50,230,45,50,45,40,50,130,40,35,20,15,10,10,351901
350600,Glenleith,Glenleith,2.12327059,2.12327059,8863.85601957542,2976.4,2.9764,300.7,Antidote Gardens,Southern,    350600 Glenleith,680,38,100,35,30,35,250,65,65,40,45,40,190,35,35,35,40,40,140,45,30,35,15,10,5,350600
350700,Fairfield (Dunedin City),Fairfield (Dunedin City),3.95624004,3.95624004,13050.787717464033,2922.2,2.9221999999999997,285.0,Larson's Pharmacy,Southern,    350700 Fairfield (Dunedin city),1320,46.4,210,50,70,90,340,90,60,50,60,80,490,80,80,130,110,90,270,70,80,60,30,20,10,350700
350900,Brockville,Brockville,1.47123183,1.47123183,5563.362356918184,459.3,0.4593,52.4,Brockville Pharmacy,Southern,    350900 Brockville,1280,37.9,250,80,70,100,430,90,70,70,100,100,400,80,80,90,70,80,200,50,40,40,30,20,20,350900
351200,Brighton,Brighton,3.398189299999999,3.398189299999999,18173.722688416165,7395.6,7.3956,519.3,Larson's Pharmacy,Southern,    351200 Brighton,750,47.9,130,30,45,60,180,40,20,25,45,55,290,45,45,60,75,65,150,50,45,25,20,5,5,351200
351300,Pine Hill-Dalmore,Pine Hill-Dalmore,1.17720242,1.17720242,5857.6966365208455,1877.1,1.8771,186.7,Antidote Gardens,Southern,    351300 Pine Hill-Dalmore,1260,34.9,220,70,80,70,500,160,80,80,90,90,350,70,60,80,70,70,190,60,50,30,30,10,10,351300
351400,Kaikorai-Bradford,Kaikorai-Bradford,3.43862124,3.43862124,14614.321851711298,4185.1,4.1851,709.9,Brockville Pharmacy,Southern,    351400 Kaikorai-Bradford,620,39.7,110,35,40,35,200,40,35,40,50,40,200,45,35,45,30,40,110,40,20,20,15,5,10,351400
351600,Roslyn (Dunedin City),Roslyn (Dunedin City),1.29448954,1.29448954,6346.699082401283,343.6,0.3436,55.3,Roslyn Pharmacy,Southern,    351600 Roslyn (Dunedin city),1620,42.4,220,60,70,90,550,110,140,100,110,90,500,90,100,100,110,100,350,100,70,70,60,30,30,351600
351700,North East Valley Chingford,North East Valley Chingford,1.08266993,1.08266993,4618.585419794532,1395.0,1.395,131.7,Antidote Gardens,Southern,    351700 North East Valley Chingford,860,34.8,120,35,40,40,370,80,90,75,70,55,250,45,55,55,40,55,120,45,35,25,10,5,0,351700
351801,Roseneath-Sawyers Bay,Roseneath-Sawyers Bay,4.79179755,4.79179755,15567.935578515693,3437.6,3.4375999999999998,293.6,Port Chalmers Pharmacy,Southern,    351801 Roseneath-Sawyers Bay,800,46.6,130,35,40,60,200,50,25,30,40,50,300,55,55,65,55,70,170,55,40,40,20,10,5,351801
352100,Belleknowes,Belleknowes,1.12718683,1.12718683,5533.086272198618,1379.7,1.3797000000000001,181.4,Roslyn Pharmacy,Southern,    352100 Belleknowes,1150,43,180,40,70,70,350,80,70,50,70,70,400,70,70,100,90,70,220,70,50,40,30,20,10,352100
352300,Kenmure,Kenmure,1.10013816,1.10013816,5820.341596699063,2060.4,2.0604,219.6,Antidote Mornington,Southern,    352300 Kenmure,1060,38.8,200,60,70,70,350,60,60,70,70,80,330,70,70,60,70,60,180,50,40,30,20,20,10,352300
352400,Campus West,Campus West,0.32165943,0.32165943,2748.879106488699,311.4,0.31139999999999995,34.7,Antidote North,Southern,    352400 Campus West,1260,20.8,20,0,5,10,1170,380,615,105,50,20,50,15,10,10,5,10,20,5,10,5,5,0,0,352400
352600,Green Island,Green Island,3.644804590000001,3.644804590000001,11224.662892994433,982.1,0.9821,133.1,Green Island Boutique Pharmacy,Southern,    352600 Green Island,1260,40.5,230,60,70,100,390,70,70,70,90,90,420,90,80,90,80,90,220,60,50,40,40,20,10,352600
352800,Royal Terrace,Royal Terrace,0.27648349,0.27648349,2871.8196748128707,664.8,0.6648,75.3,Unichem Knox Pharmacy,Southern,    352800 Royal Terrace,1060,22.9,30,10,15,5,850,70,520,150,65,45,120,30,20,25,15,30,60,15,15,10,5,5,5,352800
352500,Waldronville,Waldronville,9.538205329999998,9.538205329999998,20758.178796082182,3783.2,3.7832,326.3,Larson's Pharmacy,Southern,    352500 Waldronville,700,40.1,150,40,45,65,200,50,35,25,40,55,260,50,50,60,55,45,90,40,25,20,5,5,5,352500
353500,Maryhill,Maryhill,1.23510048,1.23510048,5671.103964500743,1275.1,1.2751,165.6,Caversham Pharmacy,Southern,    353500 Maryhill,1230,38.3,220,60,90,70,430,70,70,80,100,110,400,90,80,90,70,70,180,60,40,30,20,10,10,353500
352900,Arthur Street,Arthur Street,0.71698602,0.71698602,4292.227268272751,938.6,0.9386,100.6,Anderson's Exchange Pharmacy,Southern,    352900 Arthur Street,840,27.9,80,35,25,20,510,55,205,120,85,40,180,30,35,45,35,30,80,15,15,20,5,5,5,352900
353000,Opoho,Opoho,2.35872478,2.35872478,9738.866952964076,3897.0,3.897,397.3,Antidote Gardens,Southern,    353000 Opoho,690,42.8,100,20,30,45,220,35,55,45,40,40,240,50,45,40,50,55,140,45,35,25,15,10,5,353000
353100,Campus North,Campus North,0.60684886,0.60684886,3698.400715153157,1172.3,1.1723,117.0,Albany St Pharmacy,Southern,    353100 Campus North,1840,19.8,20,0,10,10,1790,1000,650,100,30,20,30,10,10,10,10,0,0,0,0,0,0,0,0,353100
353200,Campus South,Campus South,0.46993429,0.46993429,2964.0566905029436,393.3,0.39330000000000004,44.8,Albany St Pharmacy,Southern,    353200 Campus South,1440,20.9,10,10,0,0,1400,390,830,120,40,20,30,10,0,10,0,0,0,0,0,0,0,0,0,353200
353300,Mornington,Mornington,1.08749583,1.08749583,5907.213629300325,621.6,0.6216,97.4,Antidote Mornington,Southern,    353300 Mornington,1500,37.4,240,100,60,80,560,80,90,130,140,120,480,80,110,110,80,100,210,60,50,40,30,10,20,353300
353400,Dunedin Central,Dunedin Central,1.30707461,1.30707461,6451.303979848642,366.4,0.3664,65.7,Dunedin City Pharmacy,Southern,    353400 Dunedin Central,1150,25.2,50,20,20,10,870,130,380,180,120,60,180,40,30,40,30,30,50,20,10,10,0,0,0,353400
353600,Ravensbourne-St Leonards,Ravensbourne-St Leonards,4.9092648,4.9092648,12533.209718398672,7213.5,7.2135,486.4,Port Chalmers Pharmacy,Southern,    353600 Ravensbourne-St Leonards,1020,45.7,150,50,45,55,290,70,55,50,65,55,390,60,70,95,80,85,190,70,50,30,20,10,5,353600
353701,Harbourside,Harbourside,2.70547717,2.82272799,16231.341161557451,1563.8,1.5637999999999999,164.7,Life Pharmacy Centre City,Southern,    353701 Harbourside,20,31.5,0,0,0,0,10,0,5,5,0,0,10,0,0,0,0,0,0,0,0,0,0,0,0,353701
353800,Fernhill,Fernhill,0.79442954,0.79442954,4483.503459517436,1203.3,1.2033,214.1,Antidote Mornington,Southern,    353800 Fernhill,830,34.2,90,35,30,20,410,35,110,105,95,60,220,45,40,45,50,45,120,40,30,25,15,5,0,353800
354000,Concord,Concord,1.16326899,1.16326899,5294.398497933238,2462.6,2.4626,246.6,Caversham Pharmacy,Southern,    354000 Concord,770,39.1,130,25,50,60,260,40,50,45,60,65,260,50,40,60,50,55,110,30,35,30,15,0,0,354000
354200,Caversham,Caversham,0.71207005,0.71207005,4173.798553121445,178.1,0.17809999999999998,23.5,Caversham Pharmacy,Southern,    354200 Caversham,1140,41.9,160,60,50,40,380,60,60,90,90,80,350,70,60,70,60,90,250,50,70,60,40,20,10,354200
354300,Hillside-Portsmouth Drive,Hillside-Portsmouth Drive,1.3569457,1.3569457,7870.017128116384,147.0,0.147,35.1,Woolworths Pharmacy Dunedin South ,Southern,    354300 Hillside-Portsmouth Drive,50,34.9,0,0,0,0,20,5,5,5,5,5,10,5,0,0,5,0,10,0,0,0,0,0,0,354300
354400,Kew (Dunedin City),Kew (Dunedin City),0.69769517,0.69769517,4044.4307087847287,880.9,0.8809,105.6,Forbury Pharmacy,Southern,    354400 Kew (Dunedin city),980,44,170,45,45,75,270,45,35,55,60,75,290,60,65,65,45,55,250,45,55,40,35,35,45,354400
354500,Corstorphine,Corstorphine,0.87151786,0.87151786,4924.152404183187,1945.5,1.9455,185.0,Forbury Pharmacy,Southern,    354500 Corstorphine,1020,40,200,70,70,60,310,60,40,60,80,70,340,70,60,70,70,70,170,60,40,30,20,10,0,354500
354600,Forbury,Forbury,0.55507378,0.55507378,3257.2679810175487,793.5,0.7935,71.4,Antidote Macandrew,Southern,    354600 Forbury,700,43.2,100,35,30,35,230,45,30,55,50,50,210,40,40,45,40,50,170,45,45,35,20,20,5,354600
354800,St Clair,St Clair,2.028253649999999,2.028253649999999,9409.693743575417,2202.5,2.2025,202.2,Forbury Pharmacy,Southern,    354800 St Clair,1290,46.3,200,60,60,90,350,80,80,60,70,60,450,70,100,100,100,90,280,80,70,50,40,10,20,354800
354901,Waverley (Dunedin City),Waverley (Dunedin City),2.14681388,2.14681388,10884.367665552405,1258.4,1.2584000000000002,113.5,Waverley Pharmacy,Southern,    354901 Waverley (Dunedin city),1440,46.7,230,60,80,90,390,80,60,60,100,90,510,80,80,90,120,130,310,100,80,50,50,20,10,354901
355000,Macandrew Bay-Company Bay,Macandrew Bay-Company Bay,2.577225719999999,2.577225719999999,16618.3582180374,8139.9,8.139899999999999,600.6,Waverley Pharmacy,Southern,    355000 Macandrew Bay-Company Bay,840,51.5,140,40,45,50,160,45,20,20,30,50,320,45,55,75,70,80,210,65,60,50,20,10,5,355000
356600,Balclutha North,Balclutha North,3.06680271,3.06680271,8312.017081519149,1536.3,1.5363,151.3,Bates Pharmacy,Southern,    356600 Balclutha North,880,42.9,160,70,45,45,250,35,60,65,60,35,260,40,45,50,60,60,200,45,45,50,35,15,20,356600
355300,Musselburgh,Musselburgh,0.5752526,0.5752526,3763.4819221503362,211.2,0.2112,13.7,Musselburgh Pharmacy,Southern,    355300 Musselburgh,830,42,130,40,45,40,260,55,40,45,60,65,270,55,45,50,50,70,170,35,45,35,20,25,10,355300
355400,Shiel Hill,Shiel Hill,1.37221017,1.37221017,5626.482895062502,1975.2,1.9752,174.6,Waverley Pharmacy,Southern,    355400 Shiel Hill,940,41.9,180,55,50,75,270,60,35,35,60,70,330,60,70,60,70,70,170,55,50,35,10,10,5,355400
355500,St Kilda North,St Kilda North,1.05778072,1.05778072,4757.794753566143,925.2,0.9252,109.7,Musselburgh Pharmacy,Southern,    355500 St Kilda North,1370,45.9,170,50,50,70,420,80,90,90,80,90,400,70,80,80,70,90,380,80,80,70,60,40,50,355500
355600,Andersons Bay,Andersons Bay,1.2576674,1.2576674,6205.564949540585,1795.1,1.7951,152.9,Musselburgh Pharmacy,Southern,    355600 Andersons Bay,1290,41.9,240,60,90,80,380,80,70,70,70,80,460,90,80,90,100,100,220,70,50,40,30,20,10,355600
355700,Tainui,Tainui,1.98881613,1.98881613,9281.916669205764,1900.2,1.9002000000000001,252.2,Musselburgh Pharmacy,Southern,    355700 Tainui,1090,39.1,190,60,60,60,370,70,60,70,70,90,380,80,80,60,70,80,150,60,30,20,20,20,10,355700
356700,Benhar-Stirling,Benhar-Stirling,9.46254894,9.46254894,14845.306379866184,4524.8,4.5248,372.6,Bates Pharmacy,Southern,    356700 Benhar-Stirling,220,41.6,50,20,15,10,60,5,10,15,15,15,70,5,10,20,25,15,40,15,10,10,0,0,0,356700
356800,Kaitangata-Matau,Kaitangata-Matau,163.67957738,163.67957738,86725.0174005962,11588.9,11.588899999999999,1318.4,Bates Pharmacy,Southern,    356800 Kaitangata-Matau,550,41.2,100,35,30,30,170,40,40,35,35,25,200,30,45,45,40,40,80,35,20,15,10,5,0,356800
357000,Fiordland,Fiordland,12064.680268630003,12119.153589920003,2906707.7858625976,113935.9,113.93589999999999,11094.4,Fiordland Community Pharmacy,Southern,    357000 Fiordland,50,31.9,0,0,0,0,50,0,0,15,20,10,0,0,0,0,0,0,0,0,0,0,0,0,0,357000
357300,Mararoa,Mararoa,2717.3875015500007,2727.7321021600005,373099.3151934495,32675.4,32.6754,4274.2,Fiordland Community Pharmacy,Southern,    357300 Mararoa,390,44.8,70,20,25,25,100,15,15,20,30,25,140,25,30,20,35,35,70,40,15,10,5,0,0,357300
362402,Rockdale,Rockdale,1.62676813,1.62676813,9043.712294110126,1845.6,1.8456,131.4,Unichem Ascot Pharmacy,Southern,    362402 Rockdale,490,35.6,100,30,30,40,170,40,30,25,40,30,150,35,30,30,30,30,60,20,15,10,10,5,0,362402
356400,Milton,Milton,4.164302510000001,4.164302510000001,13867.106673645752,865.1,0.8651,107.0,Milton Pharmacy Ltd,Southern,    356400 Milton,1090,45.3,180,70,60,50,300,50,60,70,60,60,350,60,70,70,80,80,250,70,50,60,30,20,20,356400
356500,Balclutha South,Balclutha South,4.480562559999999,4.480562559999999,10644.199102511764,813.2,0.8132,80.9,Unichem Grays Pharmacy,Southern,    356500 Balclutha South,1290,45.4,230,80,70,70,340,60,70,70,80,70,410,80,70,80,100,90,310,70,70,60,50,30,40,356500
357501,Te Änau,Te Anau,6.637305179999999,6.65703994,12967.743523814983,931.5,0.9315,125.8,Fiordland Community Pharmacy,Southern,    357501 Te Anau,1500,41.3,250,80,90,80,480,50,50,100,160,120,480,110,90,100,80,110,290,100,80,60,40,10,10,357501
357601,Whitestone,Whitestone,89.94084754,89.94084754,60019.59020114296,7510.5,7.5105,531.5,Fiordland Community Pharmacy,Southern,    357601 Whitestone,310,48.3,50,10,25,20,60,10,5,10,15,20,120,20,25,20,25,35,70,30,25,10,0,0,0,357601
357700,Mossburn,Mossburn,2740.5710819999995,2740.5710819999995,297577.9138622952,72907.9,72.9079,4082.5,Winton Pharmacy,Southern,    357700 Mossburn,610,37.1,130,40,50,45,200,35,20,50,45,55,200,35,40,45,50,30,70,30,20,10,5,0,0,357700
357900,Longwood Forest,Longwood Forest,2198.54296112,2230.64826037,333341.58281144564,64195.6,64.1956,3491.3,Riverton Pharmacy,Southern,    357900 Longwood Forest,920,42.4,180,40,70,70,250,50,30,60,70,50,340,60,50,70,80,70,150,50,40,30,20,10,0,357900
358000,Åhai-Nightcaps,Ohai-Nightcaps,948.79891886,948.79891886,174165.19649234932,48524.0,48.524,3187.4,Winton Pharmacy,Southern,    358000 Ohai-Nightcaps,720,37,150,55,45,55,230,50,40,50,45,40,240,40,45,60,50,45,100,45,30,15,10,5,0,358000
358100,Riversdale-Piano Flat,Riversdale-Piano Flat,1578.7448113599992,1578.7448113599992,297339.488425376,58635.4,58.635400000000004,4352.2,Life Pharmacy La Hood's,Southern,    358100 Riversdale-Piano Flat,670,37,150,50,50,50,220,40,25,40,60,60,180,35,30,40,40,40,120,45,30,25,10,5,5,358100
358200,Lumsden-Balfour,Lumsden-Balfour,767.6213437700001,767.6213437700001,171089.52114858927,51264.4,51.2644,3311.1,Life Pharmacy La Hood's,Southern,    358200 Lumsden-Balfour,670,39.8,140,30,50,55,200,40,30,40,45,50,230,50,45,50,40,45,100,35,30,20,10,10,0,358200
360200,Gore Main,Gore Main,0.60847302,0.60847302,4001.1480776144886,720.8,0.7208,74.5,Unichem Quins Gore Pharmacy,Southern,    360200 Gore Main,670,58.9,80,20,20,35,130,30,25,25,35,25,180,25,30,35,50,40,290,55,40,70,50,40,30,360200
360801,Myross Bush,Myross Bush,19.11275064,19.11275064,27401.641780082235,6279.7,6.2797,356.2,Unichem Waikiwi Pharmacy,Southern,    360801 Myross Bush,550,45.9,100,20,35,45,120,45,25,15,15,20,240,45,50,55,55,40,90,30,30,15,10,5,0,360801
358900,Wallacetown,Wallacetown,89.78588624,89.78588624,45894.30637477417,12454.7,12.4547,857.9,Unichem Waikiwi Pharmacy,Southern,    358900 Wallacetown,590,40.1,120,30,40,45,170,30,25,35,40,40,210,40,35,40,45,45,90,40,20,15,5,5,0,358900
359300,Stewart Island,Stewart Island,1747.7231619700003,1747.7231619700003,1057358.462275472,67114.9,67.11489999999999,29712.9,Baillie and Lewis Pharmacy,Southern,    359300 Stewart Island,220,49.3,30,5,10,15,60,5,5,15,20,15,80,15,10,15,15,25,50,10,20,15,5,5,0,359300
359400,Awarua Plains,Awarua Plains,409.09500145000004,409.09500145000004,124147.47391652757,25201.9,25.201900000000002,1744.0,Baillie and Lewis Pharmacy,Southern,    359400 Awarua Plains,530,33.2,140,40,45,55,190,40,20,35,45,50,150,30,30,35,25,25,50,25,15,5,5,0,0,359400
359500,Wyndham-Catlins,Wyndham-Catlins,1381.8341509900004,1381.8341509900004,253184.24979567615,57990.5,57.9905,4515.6,Unichem Ascot Pharmacy,Southern,    359500 Wyndham-Catlins,1050,42,190,60,60,60,310,80,50,60,60,50,380,70,70,80,80,80,170,70,40,40,20,10,10,359500
359600,Waikaka,Waikaka,586.7473865799999,586.7473865799999,165080.7139952582,21387.3,21.3873,1648.7,Life Pharmacy La Hood's,Southern,    359600 Waikaka,770,41.4,150,40,40,70,220,40,30,45,45,60,280,55,40,50,65,65,120,50,25,20,10,5,5,359600
359700,Waimumu-Kaiwera,Waimumu-Kaiwera,648.0161797100001,648.0161797100001,204678.70363493767,9776.6,9.7766,1153.1,Life Pharmacy La Hood's,Southern,    359700 Waimumu-Kaiwera,680,42.3,140,35,40,60,180,40,35,30,40,40,250,35,40,50,60,60,110,40,25,20,15,10,0,359700
360000,East Gore,East Gore,3.698536070000001,3.698536070000001,13096.158118179728,1915.0,1.915,165.7,Life Pharmacy La Hood's,Southern,    360000 East Gore,760,38,160,45,50,60,230,45,40,50,65,35,230,45,45,50,45,50,140,45,30,25,15,10,10,360000
360100,Gore Central,Gore Central,1.02899157,1.02899157,5900.586765570345,268.9,0.2689,24.4,Life Pharmacy La Hood's,Southern,    360100 Gore Central,110,59.4,10,0,5,0,30,5,5,5,10,10,30,0,5,5,10,5,50,5,10,5,10,5,5,360100
360300,Gore South,Gore South,3.54367129,3.54367129,12198.319396506024,2594.6,2.5946,214.6,Unichem Quins Gore Pharmacy,Southern,    360300 Gore South,340,44.3,50,15,20,15,100,20,20,20,25,15,120,20,15,25,35,25,70,25,15,15,5,5,0,360300
360601,Prestonville-Grasmere,Prestonville-Grasmere,2.35138429,2.35138429,7793.081805736318,1029.4,1.0294,109.4,Unichem Waikiwi Pharmacy,Southern,    360601 Prestonville-Grasmere,1650,37.1,340,100,110,130,560,110,80,90,140,130,480,120,110,90,70,90,270,70,70,50,40,20,20,360601
361900,Turnbull Thompson Park,Turnbull Thompson Park,1.48987636,1.48987636,7666.2804677347995,935.7,0.9357000000000001,93.7,Unichem Ascot Pharmacy,Southern,    361900 Turnbull Thompson Park,960,38.6,160,50,45,60,340,65,60,65,80,70,310,65,60,55,60,70,150,45,45,30,20,10,5,361900
362001,Appleby North (Invercargill City),Appleby North (Invercargill City),0.82389206,0.82389206,3933.352849083471,1050.6,1.0506,102.0,Unichem Southcity Pharmacy,Southern,    362001 Appleby North (Invercargill city),950,33.2,150,60,60,40,420,60,100,100,100,70,240,50,50,40,50,50,140,40,30,30,20,10,0,362001
360900,Otatara,Otatara,19.951628789999997,19.951628789999997,22163.266436165035,6207.1,6.2071000000000005,465.6,Unichem UFS Pharmacy,Southern,    360900 Otatara,1690,44.1,350,100,120,130,390,110,40,60,80,100,670,140,130,130,150,130,280,110,80,50,30,10,10,360900
362100,Georgetown,Georgetown,1.12355979,1.12355979,4591.618434334898,1435.5,1.4355,142.0,Unichem Southcity Pharmacy,Southern,    362100 Georgetown,1130,36.4,200,60,60,80,430,90,90,70,100,80,340,80,70,60,70,60,170,50,40,30,30,20,10,362100
362501,Strathern,Strathern,1.765974879999999,1.765974879999999,5941.4493779913755,845.2,0.8452000000000001,83.7,Baillie and Lewis Pharmacy,Southern,    362501 Strathern,2180,39.3,400,120,130,150,720,120,150,150,150,150,650,160,130,100,140,130,420,120,100,70,60,40,20,362501
361000,Invercargill Central,Invercargill Central,9.182430869999997,9.182430869999997,19256.71652272715,2680.1,2.6801,238.4,Unichem UFS Pharmacy,Southern,    361000 Invercargill Central,610,38.7,70,25,25,20,250,50,55,30,60,50,160,30,30,35,35,30,140,30,30,40,15,10,15,361000
361100,Gladstone (Invercargill City),Gladstone (Invercargill City),1.26945821,1.26945821,5366.924897411851,750.6,0.7506,74.7,Gladstone Pharmacy (Invercargill),Southern,    361100 Gladstone (Invercargill city),1300,45.8,220,60,70,90,350,80,80,60,50,80,480,80,90,100,110,110,260,90,60,40,30,20,10,361100
361201,Rosedale-Hargest,Rosedale-Hargest,1.31566525,1.31566525,5096.359318080996,1352.0,1.352,160.0,Windsor Pharmacy (Previously known as Wallaces Pharmacy),Southern,    361201 Rosedale-Hargest,1120,42.7,210,60,70,80,310,70,40,60,60,80,390,80,70,70,90,80,210,60,50,40,30,30,20,361201
361300,Avenal,Avenal,1.42773302,1.42773302,5326.010602994783,958.1,0.9581000000000001,108.1,Gladstone Pharmacy (Invercargill),Southern,    361300 Avenal,690,40.3,120,35,40,45,220,30,35,50,65,40,210,55,35,40,30,50,140,50,30,25,15,20,5,361300
361501,Windsor,Windsor,1.4273154,1.4273154,5454.236944429612,307.9,0.30789999999999995,29.9,Life Pharmacy Donna Kerr,Southern,    361501 Windsor,1900,51,280,70,90,110,420,90,60,70,90,110,590,120,110,100,120,140,610,120,140,110,100,100,40,361501
362201,Appleby South (Invercargill City),Appleby South (Invercargill City),1.12435868,1.12435868,6714.596317582722,791.8,0.7918,79.3,Baillie and Lewis Pharmacy,Southern,    362201 Appleby South (Invercargill city),910,37.1,160,45,60,55,330,65,65,65,70,65,260,60,50,45,45,65,150,40,40,35,20,10,5,362201
362301,Kennington-Tisbury,Kennington-Tisbury,36.24876521,36.24876521,41576.842872847665,3569.6,3.5696,290.5,Unichem Ascot Pharmacy,Southern,    362301 Kennington-Tisbury,710,44.3,140,40,50,50,170,55,25,20,30,40,280,55,65,50,55,55,120,45,30,30,10,5,0,362301
362601,Heidelberg,Heidelberg,1.30896833,1.30896833,5367.8701801191255,1823.2,1.8232000000000002,171.2,Baillie and Lewis Pharmacy,Southern,    362601 Heidelberg,1140,36.1,250,70,90,90,380,70,60,70,90,80,330,80,60,70,60,60,180,50,40,30,20,10,20,362601
363001,Clifton-Kew,Clifton-Kew,3.77083153,3.77083153,11890.253380889271,2288.4,2.2884,211.7,Baillie and Lewis Pharmacy,Southern,    363001 Clifton-Kew,990,35.9,210,75,70,65,340,75,55,60,80,70,290,70,55,55,55,55,150,50,50,20,10,10,5,363001
363100,Woodend-Greenhills,Woodend-Greenhills,173.60076578,173.60076578,166674.35207857887,15441.7,15.4417,1496.8,Baillie and Lewis Pharmacy,Southern,    363100 Woodend-Greenhills,320,45.4,50,15,15,25,80,20,20,15,15,15,120,20,30,25,25,25,60,20,15,10,10,0,0,363100
363301,Bluff,Bluff,10.13694889,10.29004028,23162.00439211647,26928.8,26.9288,1459.0,Baillie and Lewis Pharmacy,Southern,    363301 Bluff,900,49.4,140,40,55,50,210,55,25,40,40,55,320,45,55,60,70,85,230,70,55,50,25,15,10,363301
364000,Motunau Island,Motunau Island,0.0814742,0.0814742,1427.1562340292717,49226.1,49.226099999999995,3128.3,Amberley Pharmacy,Canterbury,    364000 Motunau Island,0,..,0,0,0,0,0,0,0,0,0,0,0,0,0,0,0,0,0,0,0,0,0,0,0,364000
