"birth_year","group","DHB","category","sub_category","number","denominator","percent","population","rate"
2008,"DHB","Auckland","year","total",6684,6684,100,110350,60.6
2008,"DHB","Bay of Plenty","year","total",2974,2974,100,38430,77.4
2008,"DHB","Canterbury","year","total",6651,6651,100,104350,63.7
2008,"DHB","Capital & Coast","year","total",4078,4078,100,69020,59.1
2008,"DHB","Counties Manukau","year","total",8831,8831,100,104450,84.5
2008,"DHB","Hawke's Bay","year","total",2360,2360,100,29390,80.3
2008,"DHB","Hutt Valley","year","total",2252,2252,100,29930,75.2
2008,"DHB","Lakes","year","total",1745,1745,100,20440,85.4
2008,"DHB","MidCentral","year","total",2363,2363,100,33840,69.8
2008,"DHB","Nelson Marlborough","year","total",1738,1738,100,24850,69.9
2008,"DHB","Northland","year","total",2284,2284,100,28130,81.2
2008,"DHB","South Canterbury","year","total",669,669,100,9530,70.2
2008,"DHB","Southern","year","total",3715,3715,100,63170,58.8
2008,"DHB","Tairawhiti","year","total",845,845,100,9090,93
2008,"DHB","Taranaki","year","total",1633,1633,100,20860,78.3
2008,"DHB","Unknown","year","total",484,484,NA,NA,NA
2008,"DHB","Waikato","year","total",5678,5678,100,74040,76.7
2008,"DHB","Wairarapa","year","total",512,512,100,6990,73.2
2008,"DHB","Waitemata","year","total",7790,7790,100,113920,68.4
2008,"DHB","West Coast","year","total",434,434,100,6050,71.7
2008,"DHB","Whanganui","year","total",915,915,100,11630,78.7
2009,"DHB","Auckland","year","total",6849,6849,100,110590,61.9
2009,"DHB","Bay of Plenty","year","total",2996,2996,100,38530,77.8
2009,"DHB","Canterbury","year","total",6558,6558,100,104290,62.9
2009,"DHB","Capital & Coast","year","total",4056,4056,100,69020,58.8
2009,"DHB","Counties Manukau","year","total",8612,8612,100,104900,82.1
2009,"DHB","Hawke's Bay","year","total",2441,2441,100,29120,83.8
2009,"DHB","Hutt Valley","year","total",2235,2235,100,29760,75.1
2009,"DHB","Lakes","year","total",1683,1683,100,20210,83.3
2009,"DHB","MidCentral","year","total",2211,2211,100,33650,65.7
2009,"DHB","Nelson Marlborough","year","total",1696,1696,100,24690,68.7
2009,"DHB","Northland","year","total",2312,2312,100,28160,82.1
2009,"DHB","South Canterbury","year","total",661,661,100,9460,69.9
2009,"DHB","Southern","year","total",3757,3757,100,62820,59.8
2009,"DHB","Tairawhiti","year","total",764,764,100,9070,84.2
2009,"DHB","Taranaki","year","total",1631,1631,100,20880,78.1
2009,"DHB","Unknown","year","total",475,475,NA,NA,NA
2009,"DHB","Waikato","year","total",5558,5558,100,74090,75
2009,"DHB","Wairarapa","year","total",544,544,100,7010,77.6
2009,"DHB","Waitemata","year","total",7843,7843,100,114310,68.6
2009,"DHB","West Coast","year","total",429,429,100,6010,71.4
2009,"DHB","Whanganui","year","total",930,930,100,11470,81.1
2010,"DHB","Auckland","year","total",6778,6778,100,111110,61
2010,"DHB","Bay of Plenty","year","total",3024,3024,100,38690,78.2
2010,"DHB","Canterbury","year","total",6691,6691,100,104420,64.1
2010,"DHB","Capital & Coast","year","total",3988,3988,100,69070,57.7
2010,"DHB","Counties Manukau","year","total",8805,8805,100,105600,83.4
2010,"DHB","Hawke's Bay","year","total",2342,2342,100,29040,80.6
2010,"DHB","Hutt Valley","year","total",2158,2158,100,29740,72.6
2010,"DHB","Lakes","year","total",1615,1615,100,20110,80.3
2010,"DHB","MidCentral","year","total",2352,2352,100,33630,69.9
2010,"DHB","Nelson Marlborough","year","total",1706,1706,100,24550,69.5
2010,"DHB","Northland","year","total",2479,2479,100,28160,88
2010,"DHB","South Canterbury","year","total",670,670,100,9500,70.5
2010,"DHB","Southern","year","total",3689,3689,100,62800,58.7
2010,"DHB","Tairawhiti","year","total",765,765,100,9090,84.2
2010,"DHB","Taranaki","year","total",1592,1592,100,20990,75.8
2010,"DHB","Unknown","year","total",386,386,NA,NA,NA
2010,"DHB","Waikato","year","total",5638,5638,100,74540,75.6
2010,"DHB","Wairarapa","year","total",542,542,100,7040,77
2010,"DHB","Waitemata","year","total",7944,7944,100,115080,69
2010,"DHB","West Coast","year","total",409,409,100,5990,68.3
2010,"DHB","Whanganui","year","total",896,896,100,11280,79.4
2011,"DHB","Auckland","year","total",6574,6574,100,111470,59
2011,"DHB","Bay of Plenty","year","total",2866,2866,100,38470,74.5
2011,"DHB","Canterbury","year","total",6077,6077,100,101320,60
2011,"DHB","Capital & Coast","year","total",3881,3881,100,68980,56.3
2011,"DHB","Counties Manukau","year","total",8769,8769,100,106360,82.4
2011,"DHB","Hawke's Bay","year","total",2258,2258,100,28910,78.1
2011,"DHB","Hutt Valley","year","total",2061,2061,100,29660,69.5
2011,"DHB","Lakes","year","total",1592,1592,100,20000,79.6
2011,"DHB","MidCentral","year","total",2300,2300,100,33520,68.6
2011,"DHB","Nelson Marlborough","year","total",1650,1650,100,24470,67.4
2011,"DHB","Northland","year","total",2308,2308,100,28120,82.1
2011,"DHB","South Canterbury","year","total",573,573,100,9520,60.2
2011,"DHB","Southern","year","total",3679,3679,100,62830,58.6
2011,"DHB","Tairawhiti","year","total",740,740,100,9050,81.8
2011,"DHB","Taranaki","year","total",1567,1567,100,21040,74.5
2011,"DHB","Unknown","year","total",352,352,NA,NA,NA
2011,"DHB","Waikato","year","total",5388,5388,100,74790,72
2011,"DHB","Wairarapa","year","total",530,530,100,7050,75.2
2011,"DHB","Waitemata","year","total",7898,7898,100,115700,68.3
2011,"DHB","West Coast","year","total",410,410,100,5980,68.6
2011,"DHB","Whanganui","year","total",833,833,100,11110,75
2012,"DHB","Auckland","year","total",6721,6721,100,111670,60.2
2012,"DHB","Bay of Plenty","year","total",2980,2980,100,38130,78.2
2012,"DHB","Canterbury","year","total",6004,6004,100,99290,60.5
2012,"DHB","Capital & Coast","year","total",3881,3881,100,68640,56.5
2012,"DHB","Counties Manukau","year","total",8799,8799,100,106880,82.3
2012,"DHB","Hawke's Bay","year","total",2258,2258,100,28600,79
2012,"DHB","Hutt Valley","year","total",2016,2016,100,29260,68.9
2012,"DHB","Lakes","year","total",1559,1559,100,19780,78.8
2012,"DHB","MidCentral","year","total",2158,2158,100,33390,64.6
2012,"DHB","Nelson Marlborough","year","total",1531,1531,100,24160,63.4
2012,"DHB","Northland","year","total",2300,2300,100,27820,82.7
2012,"DHB","South Canterbury","year","total",648,648,100,9480,68.4
2012,"DHB","Southern","year","total",3598,3598,100,62430,57.6
2012,"DHB","Tairawhiti","year","total",735,735,100,9000,81.7
2012,"DHB","Taranaki","year","total",1562,1562,100,20930,74.6
2012,"DHB","Unknown","year","total",322,322,NA,NA,NA
2012,"DHB","Waikato","year","total",5495,5495,100,74750,73.5
2012,"DHB","Wairarapa","year","total",510,510,100,7060,72.2
2012,"DHB","Waitemata","year","total",8000,8000,100,116060,68.9
2012,"DHB","West Coast","year","total",410,410,100,5870,69.8
2012,"DHB","Whanganui","year","total",876,876,100,10840,80.8
2013,"DHB","Auckland","year","total",6257,6257,100,112310,55.7
2013,"DHB","Bay of Plenty","year","total",2758,2758,100,37920,72.7
2013,"DHB","Canterbury","year","total",5830,5830,100,99310,58.7
2013,"DHB","Capital & Coast","year","total",3634,3634,100,68330,53.2
2013,"DHB","Counties Manukau","year","total",8186,8186,100,107190,76.4
2013,"DHB","Hawke's Bay","year","total",2154,2154,100,28290,76.1
2013,"DHB","Hutt Valley","year","total",1918,1918,100,28980,66.2
2013,"DHB","Lakes","year","total",1422,1422,100,19580,72.6
2013,"DHB","MidCentral","year","total",2123,2123,100,33180,64
2013,"DHB","Nelson Marlborough","year","total",1552,1552,100,24010,64.6
2013,"DHB","Northland","year","total",2130,2130,100,27580,77.2
2013,"DHB","South Canterbury","year","total",641,641,100,9440,67.9
2013,"DHB","Southern","year","total",3449,3449,100,62300,55.4
2013,"DHB","Tairawhiti","year","total",707,707,100,8930,79.2
2013,"DHB","Taranaki","year","total",1523,1523,100,20890,72.9
2013,"DHB","Unknown","year","total",369,369,NA,NA,NA
2013,"DHB","Waikato","year","total",5221,5221,100,74750,69.8
2013,"DHB","Wairarapa","year","total",501,501,100,7040,71.2
2013,"DHB","Waitemata","year","total",7673,7673,100,116580,65.8
2013,"DHB","West Coast","year","total",377,377,100,5730,65.8
2013,"DHB","Whanganui","year","total",827,827,100,10700,77.3
2014,"DHB","Auckland","year","total",6307,6307,100,112770,55.9
2014,"DHB","Bay of Plenty","year","total",2791,2791,100,38720,72.1
2014,"DHB","Canterbury","year","total",6001,6001,100,100390,59.8
2014,"DHB","Capital & Coast","year","total",3530,3530,100,68950,51.2
2014,"DHB","Counties Manukau","year","total",8291,8291,100,109060,76
2014,"DHB","Hawke's Bay","year","total",2067,2067,100,28610,72.2
2014,"DHB","Hutt Valley","year","total",1857,1857,100,29240,63.5
2014,"DHB","Lakes","year","total",1394,1394,100,19800,70.4
2014,"DHB","MidCentral","year","total",2095,2095,100,33270,63
2014,"DHB","Nelson Marlborough","year","total",1422,1422,100,24170,58.8
2014,"DHB","Northland","year","total",2101,2101,100,27900,75.3
2014,"DHB","South Canterbury","year","total",652,652,100,9530,68.4
2014,"DHB","Southern","year","total",3284,3284,100,62900,52.2
2014,"DHB","Tairawhiti","year","total",687,687,100,8900,77.2
2014,"DHB","Taranaki","year","total",1518,1518,100,21000,72.3
2014,"DHB","Unknown","year","total",439,439,NA,NA,NA
2014,"DHB","Waikato","year","total",5255,5255,100,75620,69.5
2014,"DHB","Wairarapa","year","total",473,473,100,7060,67
2014,"DHB","Waitemata","year","total",7857,7857,100,118120,66.5
2014,"DHB","West Coast","year","total",351,351,100,5580,62.9
2014,"DHB","Whanganui","year","total",817,817,100,10690,76.4
2015,"DHB","Auckland","year","total",5899,5899,100,113900,51.8
2015,"DHB","Bay of Plenty","year","total",2792,2792,100,39580,70.5
2015,"DHB","Canterbury","year","total",6207,6207,100,103200,60.1
2015,"DHB","Capital & Coast","year","total",3532,3532,100,69940,50.5
2015,"DHB","Counties Manukau","year","total",8202,8202,100,112010,73.2
2015,"DHB","Hawke's Bay","year","total",1991,1991,100,29050,68.5
2015,"DHB","Hutt Valley","year","total",1968,1968,100,29590,66.5
2015,"DHB","Lakes","year","total",1509,1509,100,20100,75.1
2015,"DHB","MidCentral","year","total",2109,2109,100,33540,62.9
2015,"DHB","Nelson Marlborough","year","total",1418,1418,100,24380,58.2
2015,"DHB","Northland","year","total",2136,2136,100,28330,75.4
2015,"DHB","South Canterbury","year","total",660,660,100,9610,68.7
2015,"DHB","Southern","year","total",3415,3415,100,63950,53.4
2015,"DHB","Tairawhiti","year","total",735,735,100,8920,82.4
2015,"DHB","Taranaki","year","total",1516,1516,100,21130,71.7
2015,"DHB","Unknown","year","total",380,380,NA,NA,NA
2015,"DHB","Waikato","year","total",5275,5275,100,76980,68.5
2015,"DHB","Wairarapa","year","total",462,462,100,7150,64.6
2015,"DHB","Waitemata","year","total",7564,7564,100,120630,62.7
2015,"DHB","West Coast","year","total",358,358,100,5480,65.3
2015,"DHB","Whanganui","year","total",816,816,100,10790,75.6
2016,"DHB","Auckland","year","total",5914,5914,100,115900,51
2016,"DHB","Bay of Plenty","year","total",2899,2899,100,40740,71.2
2016,"DHB","Canterbury","year","total",6312,6312,100,106580,59.2
2016,"DHB","Capital & Coast","year","total",3459,3459,100,70870,48.8
2016,"DHB","Counties Manukau","year","total",8248,8248,100,115530,71.4
2016,"DHB","Hawke's Bay","year","total",2057,2057,100,29420,69.9
2016,"DHB","Hutt Valley","year","total",1968,1968,100,30160,65.3
2016,"DHB","Lakes","year","total",1545,1545,100,20540,75.2
2016,"DHB","MidCentral","year","total",2077,2077,100,33930,61.2
2016,"DHB","Nelson Marlborough","year","total",1548,1548,100,24730,62.6
2016,"DHB","Northland","year","total",2264,2264,100,28750,78.7
2016,"DHB","South Canterbury","year","total",651,651,100,9700,67.1
2016,"DHB","Southern","year","total",3315,3315,100,65470,50.6
2016,"DHB","Tairawhiti","year","total",773,773,100,8970,86.2
2016,"DHB","Taranaki","year","total",1435,1435,100,21330,67.3
2016,"DHB","Unknown","year","total",450,450,NA,NA,NA
2016,"DHB","Waikato","year","total",5359,5359,100,78360,68.4
2016,"DHB","Wairarapa","year","total",460,460,100,7250,63.4
2016,"DHB","Waitemata","year","total",7936,7936,100,123600,64.2
2016,"DHB","West Coast","year","total",318,318,100,5420,58.7
2016,"DHB","Whanganui","year","total",800,800,100,10890,73.5
2017,"DHB","Auckland","year","total",5632,5632,100,117570,47.9
2017,"DHB","Bay of Plenty","year","total",3102,3102,100,42120,73.6
2017,"DHB","Canterbury","year","total",6397,6397,100,109050,58.7
2017,"DHB","Capital & Coast","year","total",3496,3496,100,71760,48.7
2017,"DHB","Counties Manukau","year","total",8284,8284,100,118740,69.8
2017,"DHB","Hawke's Bay","year","total",2134,2134,100,29710,71.8
2017,"DHB","Hutt Valley","year","total",1946,1946,100,30680,63.4
2017,"DHB","Lakes","year","total",1556,1556,100,20900,74.4
2017,"DHB","MidCentral","year","total",2132,2132,100,34180,62.4
2017,"DHB","Nelson Marlborough","year","total",1426,1426,100,24880,57.3
2017,"DHB","Northland","year","total",2238,2238,100,29200,76.6
2017,"DHB","South Canterbury","year","total",633,633,100,9800,64.6
2017,"DHB","Southern","year","total",3438,3438,100,66930,51.4
2017,"DHB","Tairawhiti","year","total",704,704,100,8930,78.8
2017,"DHB","Taranaki","year","total",1402,1402,100,21420,65.5
2017,"DHB","Unknown","year","total",405,405,NA,NA,NA
2017,"DHB","Waikato","year","total",5322,5322,100,79970,66.5
2017,"DHB","Wairarapa","year","total",536,536,100,7310,73.3
2017,"DHB","Waitemata","year","total",7722,7722,100,126480,61.1
2017,"DHB","West Coast","year","total",355,355,100,5320,66.7
2017,"DHB","Whanganui","year","total",843,843,100,11000,76.6
2018,"DHB","Auckland","year","total",5432,5432,100,119300,45.5
2018,"DHB","Bay of Plenty","year","total",3008,3008,100,43320,69.4
2018,"DHB","Canterbury","year","total",6249,6249,100,110890,56.4
2018,"DHB","Capital & Coast","year","total",3198,3198,100,72790,43.9
2018,"DHB","Counties Manukau","year","total",8171,8171,100,121180,67.4
2018,"DHB","Hawke's Bay","year","total",2110,2110,100,30070,70.2
2018,"DHB","Hutt Valley","year","total",1943,1943,100,30910,62.9
2018,"DHB","Lakes","year","total",1527,1527,100,21200,72
2018,"DHB","MidCentral","year","total",2158,2158,100,34350,62.8
2018,"DHB","Nelson Marlborough","year","total",1496,1496,100,25130,59.5
2018,"DHB","Northland","year","total",2195,2195,100,29670,74
2018,"DHB","South Canterbury","year","total",603,603,100,9830,61.3
2018,"DHB","Southern","year","total",3270,3270,100,68490,47.7
2018,"DHB","Tairawhiti","year","total",699,699,100,8920,78.4
2018,"DHB","Taranaki","year","total",1565,1565,100,21390,73.2
2018,"DHB","Unknown","year","total",504,504,NA,NA,NA
2018,"DHB","Waikato","year","total",5383,5383,100,81240,66.3
2018,"DHB","Wairarapa","year","total",496,496,100,7480,66.3
2018,"DHB","Waitemata","year","total",7425,7425,100,129060,57.5
2018,"DHB","West Coast","year","total",328,328,100,5150,63.7
2018,"DHB","Whanganui","year","total",806,806,100,11030,73.1
2019,"DHB","Auckland","year","total",5587,5587,100,120230,46.5
2019,"DHB","Bay of Plenty","year","total",3105,3105,100,44360,70
2019,"DHB","Canterbury","year","total",6441,6441,100,112600,57.2
2019,"DHB","Capital & Coast","year","total",3182,3182,100,74260,42.8
2019,"DHB","Counties Manukau","year","total",8418,8418,100,123500,68.2
2019,"DHB","Hawke's Bay","year","total",2020,2020,100,30380,66.5
2019,"DHB","Hutt Valley","year","total",1960,1960,100,31250,62.7
2019,"DHB","Lakes","year","total",1536,1536,100,21470,71.5
2019,"DHB","MidCentral","year","total",2164,2164,100,34790,62.2
2019,"DHB","Nelson Marlborough","year","total",1450,1450,100,25400,57.1
2019,"DHB","Northland","year","total",2311,2311,100,30110,76.8
2019,"DHB","South Canterbury","year","total",621,621,100,9870,62.9
2019,"DHB","Southern","year","total",3442,3442,100,69680,49.4
2019,"DHB","Tairawhiti","year","total",683,683,100,8950,76.3
2019,"DHB","Taranaki","year","total",1508,1508,100,21400,70.5
2019,"DHB","Unknown","year","total",445,445,NA,NA,NA
2019,"DHB","Waikato","year","total",5445,5445,100,82640,65.9
2019,"DHB","Wairarapa","year","total",518,518,100,7490,69.2
2019,"DHB","Waitemata","year","total",7778,7778,100,130210,59.7
2019,"DHB","West Coast","year","total",346,346,100,5060,68.4
2019,"DHB","Whanganui","year","total",863,863,100,11170,77.3
2020,"DHB","Auckland","year","total",5155,5155,100,121410,42.5
2020,"DHB","Bay of Plenty","year","total",3131,3131,100,46350,67.6
2020,"DHB","Canterbury","year","total",6171,6171,100,115310,53.5
2020,"DHB","Capital & Coast","year","total",3093,3093,100,75930,40.7
2020,"DHB","Counties Manukau","year","total",8406,8406,100,127220,66.1
2020,"DHB","Hawke's Bay","year","total",2069,2069,100,31040,66.7
2020,"DHB","Hutt Valley","year","total",2011,2011,100,31910,63
2020,"DHB","Lakes","year","total",1430,1430,100,21940,65.2
2020,"DHB","MidCentral","year","total",2159,2159,100,35510,60.8
2020,"DHB","Nelson Marlborough","year","total",1416,1416,100,26330,53.8
2020,"DHB","Northland","year","total",2379,2379,100,31060,76.6
2020,"DHB","South Canterbury","year","total",589,589,100,10000,58.9
2020,"DHB","Southern","year","total",3275,3275,100,71250,46
2020,"DHB","Tairawhiti","year","total",708,708,100,9200,77
2020,"DHB","Taranaki","year","total",1452,1452,100,21780,66.7
2020,"DHB","Unknown","year","total",570,570,NA,NA,NA
2020,"DHB","Waikato","year","total",5566,5566,100,85330,65.2
2020,"DHB","Wairarapa","year","total",526,526,100,7740,68
2020,"DHB","Waitemata","year","total",7478,7478,100,131990,56.7
2020,"DHB","West Coast","year","total",289,289,100,5080,56.9
2020,"DHB","Whanganui","year","total",820,820,100,11480,71.4
2021,"DHB","Auckland","year","total",5439,5439,100,116690,46.6
2021,"DHB","Bay of Plenty","year","total",3382,3382,100,47030,71.9
2021,"DHB","Canterbury","year","total",6794,6794,100,115980,58.6
2021,"DHB","Capital & Coast","year","total",3320,3320,100,76440,43.4
2021,"DHB","Counties Manukau","year","total",8788,8788,100,127720,68.8
2021,"DHB","Hawke's Bay","year","total",2261,2261,100,31190,72.5
2021,"DHB","Hutt Valley","year","total",2050,2050,100,32130,63.8
2021,"DHB","Lakes","year","total",1626,1626,100,21740,74.8
2021,"DHB","MidCentral","year","total",2310,2310,100,35880,64.4
2021,"DHB","Nelson Marlborough","year","total",1510,1510,100,26200,57.6
2021,"DHB","Northland","year","total",2425,2425,100,31540,76.9
2021,"DHB","South Canterbury","year","total",636,636,100,9860,64.5
2021,"DHB","Southern","year","total",3529,3529,100,71000,49.7
2021,"DHB","Tairawhiti","year","total",753,753,100,9240,81.5
2021,"DHB","Taranaki","year","total",1580,1580,100,21940,72
2021,"DHB","Unknown","year","total",484,484,NA,NA,NA
2021,"DHB","Waikato","year","total",5957,5957,100,85700,69.5
2021,"DHB","Wairarapa","year","total",571,571,100,7830,72.9
2021,"DHB","Waitemata","year","total",7871,7871,100,130670,60.2
2021,"DHB","West Coast","year","total",336,336,100,5000,67.2
2021,"DHB","Whanganui","year","total",819,819,100,11600,70.6
2022,"DHB","Auckland","year","total",4953,4953,100,111530,44.4
2022,"DHB","Bay of Plenty","year","total",3147,3147,100,47290,66.5
2022,"DHB","Canterbury","year","total",6453,6453,100,116720,55.3
2022,"DHB","Capital & Coast","year","total",2892,2892,100,76090,38
2022,"DHB","Counties Manukau","year","total",8052,8052,100,128540,62.6
2022,"DHB","Hawke's Bay","year","total",2046,2046,100,31180,65.6
2022,"DHB","Hutt Valley","year","total",1844,1844,100,32200,57.3
2022,"DHB","Lakes","year","total",1560,1560,100,21540,72.4
2022,"DHB","MidCentral","year","total",2157,2157,100,35960,60
2022,"DHB","Nelson Marlborough","year","total",1387,1387,100,25900,53.6
2022,"DHB","Northland","year","total",2366,2366,100,31860,74.3
2022,"DHB","South Canterbury","year","total",578,578,100,9840,58.7
2022,"DHB","Southern","year","total",3319,3319,100,71060,46.7
2022,"DHB","Tairawhiti","year","total",715,715,100,9240,77.4
2022,"DHB","Taranaki","year","total",1397,1397,100,21990,63.5
2022,"DHB","Unknown","year","total",694,694,NA,NA,NA
2022,"DHB","Waikato","year","total",5411,5411,100,85840,63
2022,"DHB","Wairarapa","year","total",525,525,100,7900,66.5
2022,"DHB","Waitemata","year","total",7353,7353,100,129150,56.9
2022,"DHB","West Coast","year","total",294,294,100,4950,59.4
2022,"DHB","Whanganui","year","total",814,814,100,11640,69.9
2008,"DHB","Auckland","agegrp1","total",6684,6684,100,110350,60.6
2008,"DHB","Bay of Plenty","agegrp1","total",2974,2974,100,38430,77.4
2008,"DHB","Canterbury","agegrp1","total",6651,6651,100,104350,63.7
2008,"DHB","Capital & Coast","agegrp1","total",4078,4078,100,69020,59.1
2008,"DHB","Counties Manukau","agegrp1","total",8831,8831,100,104450,84.5
2008,"DHB","Hawke's Bay","agegrp1","total",2360,2360,100,29390,80.3
2008,"DHB","Hutt Valley","agegrp1","total",2252,2252,100,29930,75.2
2008,"DHB","Lakes","agegrp1","total",1745,1745,100,20440,85.4
2008,"DHB","MidCentral","agegrp1","total",2363,2363,100,33840,69.8
2008,"DHB","Nelson Marlborough","agegrp1","total",1738,1738,100,24850,69.9
2008,"DHB","Northland","agegrp1","total",2284,2284,100,28130,81.2
2008,"DHB","South Canterbury","agegrp1","total",669,669,100,9530,70.2
2008,"DHB","Southern","agegrp1","total",3715,3715,100,63170,58.8
2008,"DHB","Tairawhiti","agegrp1","total",845,845,100,9090,93
2008,"DHB","Taranaki","agegrp1","total",1633,1633,100,20860,78.3
2008,"DHB","Unknown","agegrp1","total",484,484,NA,NA,NA
2008,"DHB","Waikato","agegrp1","total",5678,5678,100,74040,76.7
2008,"DHB","Wairarapa","agegrp1","total",512,512,100,6990,73.2
2008,"DHB","Waitemata","agegrp1","total",7790,7790,100,113920,68.4
2008,"DHB","West Coast","agegrp1","total",434,434,100,6050,71.7
2008,"DHB","Whanganui","agegrp1","total",915,915,100,11630,78.7
2009,"DHB","Auckland","agegrp1","total",6849,6849,100,110590,61.9
2009,"DHB","Bay of Plenty","agegrp1","total",2996,2996,100,38530,77.8
2009,"DHB","Canterbury","agegrp1","total",6558,6558,100,104290,62.9
2009,"DHB","Capital & Coast","agegrp1","total",4056,4056,100,69020,58.8
2009,"DHB","Counties Manukau","agegrp1","total",8612,8612,100,104900,82.1
2009,"DHB","Hawke's Bay","agegrp1","total",2441,2441,100,29120,83.8
2009,"DHB","Hutt Valley","agegrp1","total",2235,2235,100,29760,75.1
2009,"DHB","Lakes","agegrp1","total",1683,1683,100,20210,83.3
2009,"DHB","MidCentral","agegrp1","total",2211,2211,100,33650,65.7
2009,"DHB","Nelson Marlborough","agegrp1","total",1696,1696,100,24690,68.7
2009,"DHB","Northland","agegrp1","total",2312,2312,100,28160,82.1
2009,"DHB","South Canterbury","agegrp1","total",661,661,100,9460,69.9
2009,"DHB","Southern","agegrp1","total",3757,3757,100,62820,59.8
2009,"DHB","Tairawhiti","agegrp1","total",764,764,100,9070,84.2
2009,"DHB","Taranaki","agegrp1","total",1631,1631,100,20880,78.1
2009,"DHB","Unknown","agegrp1","total",475,475,NA,NA,NA
2009,"DHB","Waikato","agegrp1","total",5558,5558,100,74090,75
2009,"DHB","Wairarapa","agegrp1","total",544,544,100,7010,77.6
2009,"DHB","Waitemata","agegrp1","total",7843,7843,100,114310,68.6
2009,"DHB","West Coast","agegrp1","total",429,429,100,6010,71.4
2009,"DHB","Whanganui","agegrp1","total",930,930,100,11470,81.1
2010,"DHB","Auckland","agegrp1","total",6778,6778,100,111110,61
2010,"DHB","Bay of Plenty","agegrp1","total",3024,3024,100,38690,78.2
2010,"DHB","Canterbury","agegrp1","total",6691,6691,100,104420,64.1
2010,"DHB","Capital & Coast","agegrp1","total",3988,3988,100,69070,57.7
2010,"DHB","Counties Manukau","agegrp1","total",8805,8805,100,105600,83.4
2010,"DHB","Hawke's Bay","agegrp1","total",2342,2342,100,29040,80.6
2010,"DHB","Hutt Valley","agegrp1","total",2158,2158,100,29740,72.6
2010,"DHB","Lakes","agegrp1","total",1615,1615,100,20110,80.3
2010,"DHB","MidCentral","agegrp1","total",2352,2352,100,33630,69.9
2010,"DHB","Nelson Marlborough","agegrp1","total",1706,1706,100,24550,69.5
2010,"DHB","Northland","agegrp1","total",2479,2479,100,28160,88
2010,"DHB","South Canterbury","agegrp1","total",670,670,100,9500,70.5
2010,"DHB","Southern","agegrp1","total",3689,3689,100,62800,58.7
2010,"DHB","Tairawhiti","agegrp1","total",765,765,100,9090,84.2
2010,"DHB","Taranaki","agegrp1","total",1592,1592,100,20990,75.8
2010,"DHB","Unknown","agegrp1","total",386,386,NA,NA,NA
2010,"DHB","Waikato","agegrp1","total",5638,5638,100,74540,75.6
2010,"DHB","Wairarapa","agegrp1","total",542,542,100,7040,77
2010,"DHB","Waitemata","agegrp1","total",7944,7944,100,115080,69
2010,"DHB","West Coast","agegrp1","total",409,409,100,5990,68.3
2010,"DHB","Whanganui","agegrp1","total",896,896,100,11280,79.4
2011,"DHB","Auckland","agegrp1","total",6574,6574,100,111470,59
2011,"DHB","Bay of Plenty","agegrp1","total",2866,2866,100,38470,74.5
2011,"DHB","Canterbury","agegrp1","total",6077,6077,100,101320,60
2011,"DHB","Capital & Coast","agegrp1","total",3881,3881,100,68980,56.3
2011,"DHB","Counties Manukau","agegrp1","total",8769,8769,100,106360,82.4
2011,"DHB","Hawke's Bay","agegrp1","total",2258,2258,100,28910,78.1
2011,"DHB","Hutt Valley","agegrp1","total",2061,2061,100,29660,69.5
2011,"DHB","Lakes","agegrp1","total",1592,1592,100,20000,79.6
2011,"DHB","MidCentral","agegrp1","total",2300,2300,100,33520,68.6
2011,"DHB","Nelson Marlborough","agegrp1","total",1650,1650,100,24470,67.4
2011,"DHB","Northland","agegrp1","total",2308,2308,100,28120,82.1
2011,"DHB","South Canterbury","agegrp1","total",573,573,100,9520,60.2
2011,"DHB","Southern","agegrp1","total",3679,3679,100,62830,58.6
2011,"DHB","Tairawhiti","agegrp1","total",740,740,100,9050,81.8
2011,"DHB","Taranaki","agegrp1","total",1567,1567,100,21040,74.5
2011,"DHB","Unknown","agegrp1","total",352,352,NA,NA,NA
2011,"DHB","Waikato","agegrp1","total",5388,5388,100,74790,72
2011,"DHB","Wairarapa","agegrp1","total",530,530,100,7050,75.2
2011,"DHB","Waitemata","agegrp1","total",7898,7898,100,115700,68.3
2011,"DHB","West Coast","agegrp1","total",410,410,100,5980,68.6
2011,"DHB","Whanganui","agegrp1","total",833,833,100,11110,75
2012,"DHB","Auckland","agegrp1","total",6721,6721,100,111670,60.2
2012,"DHB","Bay of Plenty","agegrp1","total",2980,2980,100,38130,78.2
2012,"DHB","Canterbury","agegrp1","total",6004,6004,100,99290,60.5
2012,"DHB","Capital & Coast","agegrp1","total",3881,3881,100,68640,56.5
2012,"DHB","Counties Manukau","agegrp1","total",8799,8799,100,106880,82.3
2012,"DHB","Hawke's Bay","agegrp1","total",2258,2258,100,28600,79
2012,"DHB","Hutt Valley","agegrp1","total",2016,2016,100,29260,68.9
2012,"DHB","Lakes","agegrp1","total",1559,1559,100,19780,78.8
2012,"DHB","MidCentral","agegrp1","total",2158,2158,100,33390,64.6
2012,"DHB","Nelson Marlborough","agegrp1","total",1531,1531,100,24160,63.4
2012,"DHB","Northland","agegrp1","total",2300,2300,100,27820,82.7
2012,"DHB","South Canterbury","agegrp1","total",648,648,100,9480,68.4
2012,"DHB","Southern","agegrp1","total",3598,3598,100,62430,57.6
2012,"DHB","Tairawhiti","agegrp1","total",735,735,100,9000,81.7
2012,"DHB","Taranaki","agegrp1","total",1562,1562,100,20930,74.6
2012,"DHB","Unknown","agegrp1","total",322,322,NA,NA,NA
2012,"DHB","Waikato","agegrp1","total",5495,5495,100,74750,73.5
2012,"DHB","Wairarapa","agegrp1","total",510,510,100,7060,72.2
2012,"DHB","Waitemata","agegrp1","total",8000,8000,100,116060,68.9
2012,"DHB","West Coast","agegrp1","total",410,410,100,5870,69.8
2012,"DHB","Whanganui","agegrp1","total",876,876,100,10840,80.8
2013,"DHB","Auckland","agegrp1","total",6257,6257,100,112310,55.7
2013,"DHB","Bay of Plenty","agegrp1","total",2758,2758,100,37920,72.7
2013,"DHB","Canterbury","agegrp1","total",5830,5830,100,99310,58.7
2013,"DHB","Capital & Coast","agegrp1","total",3634,3634,100,68330,53.2
2013,"DHB","Counties Manukau","agegrp1","total",8186,8186,100,107190,76.4
2013,"DHB","Hawke's Bay","agegrp1","total",2154,2154,100,28290,76.1
2013,"DHB","Hutt Valley","agegrp1","total",1918,1918,100,28980,66.2
2013,"DHB","Lakes","agegrp1","total",1422,1422,100,19580,72.6
2013,"DHB","MidCentral","agegrp1","total",2123,2123,100,33180,64
2013,"DHB","Nelson Marlborough","agegrp1","total",1552,1552,100,24010,64.6
2013,"DHB","Northland","agegrp1","total",2130,2130,100,27580,77.2
2013,"DHB","South Canterbury","agegrp1","total",641,641,100,9440,67.9
2013,"DHB","Southern","agegrp1","total",3449,3449,100,62300,55.4
2013,"DHB","Tairawhiti","agegrp1","total",707,707,100,8930,79.2
2013,"DHB","Taranaki","agegrp1","total",1523,1523,100,20890,72.9
2013,"DHB","Unknown","agegrp1","total",369,369,NA,NA,NA
2013,"DHB","Waikato","agegrp1","total",5221,5221,100,74750,69.8
2013,"DHB","Wairarapa","agegrp1","total",501,501,100,7040,71.2
2013,"DHB","Waitemata","agegrp1","total",7673,7673,100,116580,65.8
2013,"DHB","West Coast","agegrp1","total",377,377,100,5730,65.8
2013,"DHB","Whanganui","agegrp1","total",827,827,100,10700,77.3
2014,"DHB","Auckland","agegrp1","total",6307,6307,100,112770,55.9
2014,"DHB","Bay of Plenty","agegrp1","total",2791,2791,100,38720,72.1
2014,"DHB","Canterbury","agegrp1","total",6001,6001,100,100390,59.8
2014,"DHB","Capital & Coast","agegrp1","total",3530,3530,100,68950,51.2
2014,"DHB","Counties Manukau","agegrp1","total",8291,8291,100,109060,76
2014,"DHB","Hawke's Bay","agegrp1","total",2067,2067,100,28610,72.2
2014,"DHB","Hutt Valley","agegrp1","total",1857,1857,100,29240,63.5
2014,"DHB","Lakes","agegrp1","total",1394,1394,100,19800,70.4
2014,"DHB","MidCentral","agegrp1","total",2095,2095,100,33270,63
2014,"DHB","Nelson Marlborough","agegrp1","total",1422,1422,100,24170,58.8
2014,"DHB","Northland","agegrp1","total",2101,2101,100,27900,75.3
2014,"DHB","South Canterbury","agegrp1","total",652,652,100,9530,68.4
2014,"DHB","Southern","agegrp1","total",3284,3284,100,62900,52.2
2014,"DHB","Tairawhiti","agegrp1","total",687,687,100,8900,77.2
2014,"DHB","Taranaki","agegrp1","total",1518,1518,100,21000,72.3
2014,"DHB","Unknown","agegrp1","total",439,439,NA,NA,NA
2014,"DHB","Waikato","agegrp1","total",5255,5255,100,75620,69.5
2014,"DHB","Wairarapa","agegrp1","total",473,473,100,7060,67
2014,"DHB","Waitemata","agegrp1","total",7857,7857,100,118120,66.5
2014,"DHB","West Coast","agegrp1","total",351,351,100,5580,62.9
2014,"DHB","Whanganui","agegrp1","total",817,817,100,10690,76.4
2015,"DHB","Auckland","agegrp1","total",5899,5899,100,113900,51.8
2015,"DHB","Bay of Plenty","agegrp1","total",2792,2792,100,39580,70.5
2015,"DHB","Canterbury","agegrp1","total",6207,6207,100,103200,60.1
2015,"DHB","Capital & Coast","agegrp1","total",3532,3532,100,69940,50.5
2015,"DHB","Counties Manukau","agegrp1","total",8202,8202,100,112010,73.2
2015,"DHB","Hawke's Bay","agegrp1","total",1991,1991,100,29050,68.5
2015,"DHB","Hutt Valley","agegrp1","total",1968,1968,100,29590,66.5
2015,"DHB","Lakes","agegrp1","total",1509,1509,100,20100,75.1
2015,"DHB","MidCentral","agegrp1","total",2109,2109,100,33540,62.9
2015,"DHB","Nelson Marlborough","agegrp1","total",1418,1418,100,24380,58.2
2015,"DHB","Northland","agegrp1","total",2136,2136,100,28330,75.4
2015,"DHB","South Canterbury","agegrp1","total",660,660,100,9610,68.7
2015,"DHB","Southern","agegrp1","total",3415,3415,100,63950,53.4
2015,"DHB","Tairawhiti","agegrp1","total",735,735,100,8920,82.4
2015,"DHB","Taranaki","agegrp1","total",1516,1516,100,21130,71.7
2015,"DHB","Unknown","agegrp1","total",380,380,NA,NA,NA
2015,"DHB","Waikato","agegrp1","total",5275,5275,100,76980,68.5
2015,"DHB","Wairarapa","agegrp1","total",462,462,100,7150,64.6
2015,"DHB","Waitemata","agegrp1","total",7564,7564,100,120630,62.7
2015,"DHB","West Coast","agegrp1","total",358,358,100,5480,65.3
2015,"DHB","Whanganui","agegrp1","total",816,816,100,10790,75.6
2016,"DHB","Auckland","agegrp1","total",5914,5914,100,115900,51
2016,"DHB","Bay of Plenty","agegrp1","total",2899,2899,100,40740,71.2
2016,"DHB","Canterbury","agegrp1","total",6312,6312,100,106580,59.2
2016,"DHB","Capital & Coast","agegrp1","total",3459,3459,100,70870,48.8
2016,"DHB","Counties Manukau","agegrp1","total",8248,8248,100,115530,71.4
2016,"DHB","Hawke's Bay","agegrp1","total",2057,2057,100,29420,69.9
2016,"DHB","Hutt Valley","agegrp1","total",1968,1968,100,30160,65.3
2016,"DHB","Lakes","agegrp1","total",1545,1545,100,20540,75.2
2016,"DHB","MidCentral","agegrp1","total",2077,2077,100,33930,61.2
2016,"DHB","Nelson Marlborough","agegrp1","total",1548,1548,100,24730,62.6
2016,"DHB","Northland","agegrp1","total",2264,2264,100,28750,78.7
2016,"DHB","South Canterbury","agegrp1","total",651,651,100,9700,67.1
2016,"DHB","Southern","agegrp1","total",3315,3315,100,65470,50.6
2016,"DHB","Tairawhiti","agegrp1","total",773,773,100,8970,86.2
2016,"DHB","Taranaki","agegrp1","total",1435,1435,100,21330,67.3
2016,"DHB","Unknown","agegrp1","total",450,450,NA,NA,NA
2016,"DHB","Waikato","agegrp1","total",5359,5359,100,78360,68.4
2016,"DHB","Wairarapa","agegrp1","total",460,460,100,7250,63.4
2016,"DHB","Waitemata","agegrp1","total",7936,7936,100,123600,64.2
2016,"DHB","West Coast","agegrp1","total",318,318,100,5420,58.7
2016,"DHB","Whanganui","agegrp1","total",800,800,100,10890,73.5
2017,"DHB","Auckland","agegrp1","total",5632,5632,100,117570,47.9
2017,"DHB","Bay of Plenty","agegrp1","total",3102,3102,100,42120,73.6
2017,"DHB","Canterbury","agegrp1","total",6397,6397,100,109050,58.7
2017,"DHB","Capital & Coast","agegrp1","total",3496,3496,100,71760,48.7
2017,"DHB","Counties Manukau","agegrp1","total",8284,8284,100,118740,69.8
2017,"DHB","Hawke's Bay","agegrp1","total",2134,2134,100,29710,71.8
2017,"DHB","Hutt Valley","agegrp1","total",1946,1946,100,30680,63.4
2017,"DHB","Lakes","agegrp1","total",1556,1556,100,20900,74.4
2017,"DHB","MidCentral","agegrp1","total",2132,2132,100,34180,62.4
2017,"DHB","Nelson Marlborough","agegrp1","total",1426,1426,100,24880,57.3
2017,"DHB","Northland","agegrp1","total",2238,2238,100,29200,76.6
2017,"DHB","South Canterbury","agegrp1","total",633,633,100,9800,64.6
2017,"DHB","Southern","agegrp1","total",3438,3438,100,66930,51.4
2017,"DHB","Tairawhiti","agegrp1","total",704,704,100,8930,78.8
2017,"DHB","Taranaki","agegrp1","total",1402,1402,100,21420,65.5
2017,"DHB","Unknown","agegrp1","total",405,405,NA,NA,NA
2017,"DHB","Waikato","agegrp1","total",5322,5322,100,79970,66.5
2017,"DHB","Wairarapa","agegrp1","total",536,536,100,7310,73.3
2017,"DHB","Waitemata","agegrp1","total",7722,7722,100,126480,61.1
2017,"DHB","West Coast","agegrp1","total",355,355,100,5320,66.7
2017,"DHB","Whanganui","agegrp1","total",843,843,100,11000,76.6
2018,"DHB","Auckland","agegrp1","total",5432,5432,100,119300,45.5
2018,"DHB","Bay of Plenty","agegrp1","total",3008,3008,100,43320,69.4
2018,"DHB","Canterbury","agegrp1","total",6249,6249,100,110890,56.4
2018,"DHB","Capital & Coast","agegrp1","total",3198,3198,100,72790,43.9
2018,"DHB","Counties Manukau","agegrp1","total",8171,8171,100,121180,67.4
2018,"DHB","Hawke's Bay","agegrp1","total",2110,2110,100,30070,70.2
2018,"DHB","Hutt Valley","agegrp1","total",1943,1943,100,30910,62.9
2018,"DHB","Lakes","agegrp1","total",1527,1527,100,21200,72
2018,"DHB","MidCentral","agegrp1","total",2158,2158,100,34350,62.8
2018,"DHB","Nelson Marlborough","agegrp1","total",1496,1496,100,25130,59.5
2018,"DHB","Northland","agegrp1","total",2195,2195,100,29670,74
2018,"DHB","South Canterbury","agegrp1","total",603,603,100,9830,61.3
2018,"DHB","Southern","agegrp1","total",3270,3270,100,68490,47.7
2018,"DHB","Tairawhiti","agegrp1","total",699,699,100,8920,78.4
2018,"DHB","Taranaki","agegrp1","total",1565,1565,100,21390,73.2
2018,"DHB","Unknown","agegrp1","total",504,504,NA,NA,NA
2018,"DHB","Waikato","agegrp1","total",5383,5383,100,81240,66.3
2018,"DHB","Wairarapa","agegrp1","total",496,496,100,7480,66.3
2018,"DHB","Waitemata","agegrp1","total",7425,7425,100,129060,57.5
2018,"DHB","West Coast","agegrp1","total",328,328,100,5150,63.7
2018,"DHB","Whanganui","agegrp1","total",806,806,100,11030,73.1
2019,"DHB","Auckland","agegrp1","total",5587,5587,100,120230,46.5
2019,"DHB","Bay of Plenty","agegrp1","total",3105,3105,100,44360,70
2019,"DHB","Canterbury","agegrp1","total",6441,6441,100,112600,57.2
2019,"DHB","Capital & Coast","agegrp1","total",3182,3182,100,74260,42.8
2019,"DHB","Counties Manukau","agegrp1","total",8418,8418,100,123500,68.2
2019,"DHB","Hawke's Bay","agegrp1","total",2020,2020,100,30380,66.5
2019,"DHB","Hutt Valley","agegrp1","total",1960,1960,100,31250,62.7
2019,"DHB","Lakes","agegrp1","total",1536,1536,100,21470,71.5
2019,"DHB","MidCentral","agegrp1","total",2164,2164,100,34790,62.2
2019,"DHB","Nelson Marlborough","agegrp1","total",1450,1450,100,25400,57.1
2019,"DHB","Northland","agegrp1","total",2311,2311,100,30110,76.8
2019,"DHB","South Canterbury","agegrp1","total",621,621,100,9870,62.9
2019,"DHB","Southern","agegrp1","total",3442,3442,100,69680,49.4
2019,"DHB","Tairawhiti","agegrp1","total",683,683,100,8950,76.3
2019,"DHB","Taranaki","agegrp1","total",1508,1508,100,21400,70.5
2019,"DHB","Unknown","agegrp1","total",445,445,NA,NA,NA
2019,"DHB","Waikato","agegrp1","total",5445,5445,100,82640,65.9
2019,"DHB","Wairarapa","agegrp1","total",518,518,100,7490,69.2
2019,"DHB","Waitemata","agegrp1","total",7778,7778,100,130210,59.7
2019,"DHB","West Coast","agegrp1","total",346,346,100,5060,68.4
2019,"DHB","Whanganui","agegrp1","total",863,863,100,11170,77.3
2020,"DHB","Auckland","agegrp1","total",5155,5155,100,121410,42.5
2020,"DHB","Bay of Plenty","agegrp1","total",3131,3131,100,46350,67.6
2020,"DHB","Canterbury","agegrp1","total",6171,6171,100,115310,53.5
2020,"DHB","Capital & Coast","agegrp1","total",3093,3093,100,75930,40.7
2020,"DHB","Counties Manukau","agegrp1","total",8406,8406,100,127220,66.1
2020,"DHB","Hawke's Bay","agegrp1","total",2069,2069,100,31040,66.7
2020,"DHB","Hutt Valley","agegrp1","total",2011,2011,100,31910,63
2020,"DHB","Lakes","agegrp1","total",1430,1430,100,21940,65.2
2020,"DHB","MidCentral","agegrp1","total",2159,2159,100,35510,60.8
2020,"DHB","Nelson Marlborough","agegrp1","total",1416,1416,100,26330,53.8
2020,"DHB","Northland","agegrp1","total",2379,2379,100,31060,76.6
2020,"DHB","South Canterbury","agegrp1","total",589,589,100,10000,58.9
2020,"DHB","Southern","agegrp1","total",3275,3275,100,71250,46
2020,"DHB","Tairawhiti","agegrp1","total",708,708,100,9200,77
2020,"DHB","Taranaki","agegrp1","total",1452,1452,100,21780,66.7
2020,"DHB","Unknown","agegrp1","total",570,570,NA,NA,NA
2020,"DHB","Waikato","agegrp1","total",5566,5566,100,85330,65.2
2020,"DHB","Wairarapa","agegrp1","total",526,526,100,7740,68
2020,"DHB","Waitemata","agegrp1","total",7478,7478,100,131990,56.7
2020,"DHB","West Coast","agegrp1","total",289,289,100,5080,56.9
2020,"DHB","Whanganui","agegrp1","total",820,820,100,11480,71.4
2021,"DHB","Auckland","agegrp1","total",5439,5439,100,116690,46.6
2021,"DHB","Bay of Plenty","agegrp1","total",3382,3382,100,47030,71.9
2021,"DHB","Canterbury","agegrp1","total",6794,6794,100,115980,58.6
2021,"DHB","Capital & Coast","agegrp1","total",3320,3320,100,76440,43.4
2021,"DHB","Counties Manukau","agegrp1","total",8788,8788,100,127720,68.8
2021,"DHB","Hawke's Bay","agegrp1","total",2261,2261,100,31190,72.5
2021,"DHB","Hutt Valley","agegrp1","total",2050,2050,100,32130,63.8
2021,"DHB","Lakes","agegrp1","total",1626,1626,100,21740,74.8
2021,"DHB","MidCentral","agegrp1","total",2310,2310,100,35880,64.4
2021,"DHB","Nelson Marlborough","agegrp1","total",1510,1510,100,26200,57.6
2021,"DHB","Northland","agegrp1","total",2425,2425,100,31540,76.9
2021,"DHB","South Canterbury","agegrp1","total",636,636,100,9860,64.5
2021,"DHB","Southern","agegrp1","total",3529,3529,100,71000,49.7
2021,"DHB","Tairawhiti","agegrp1","total",753,753,100,9240,81.5
2021,"DHB","Taranaki","agegrp1","total",1580,1580,100,21940,72
2021,"DHB","Unknown","agegrp1","total",484,484,NA,NA,NA
2021,"DHB","Waikato","agegrp1","total",5957,5957,100,85700,69.5
2021,"DHB","Wairarapa","agegrp1","total",571,571,100,7830,72.9
2021,"DHB","Waitemata","agegrp1","total",7871,7871,100,130670,60.2
2021,"DHB","West Coast","agegrp1","total",336,336,100,5000,67.2
2021,"DHB","Whanganui","agegrp1","total",819,819,100,11600,70.6
2022,"DHB","Auckland","agegrp1","total",4953,4953,100,111530,44.4
2022,"DHB","Bay of Plenty","agegrp1","total",3147,3147,100,47290,66.5
2022,"DHB","Canterbury","agegrp1","total",6453,6453,100,116720,55.3
2022,"DHB","Capital & Coast","agegrp1","total",2892,2892,100,76090,38
2022,"DHB","Counties Manukau","agegrp1","total",8052,8052,100,128540,62.6
2022,"DHB","Hawke's Bay","agegrp1","total",2046,2046,100,31180,65.6
2022,"DHB","Hutt Valley","agegrp1","total",1844,1844,100,32200,57.3
2022,"DHB","Lakes","agegrp1","total",1560,1560,100,21540,72.4
2022,"DHB","MidCentral","agegrp1","total",2157,2157,100,35960,60
2022,"DHB","Nelson Marlborough","agegrp1","total",1387,1387,100,25900,53.6
2022,"DHB","Northland","agegrp1","total",2366,2366,100,31860,74.3
2022,"DHB","South Canterbury","agegrp1","total",578,578,100,9840,58.7
2022,"DHB","Southern","agegrp1","total",3319,3319,100,71060,46.7
2022,"DHB","Tairawhiti","agegrp1","total",715,715,100,9240,77.4
2022,"DHB","Taranaki","agegrp1","total",1397,1397,100,21990,63.5
2022,"DHB","Unknown","agegrp1","total",694,694,NA,NA,NA
2022,"DHB","Waikato","agegrp1","total",5411,5411,100,85840,63
2022,"DHB","Wairarapa","agegrp1","total",525,525,100,7900,66.5
2022,"DHB","Waitemata","agegrp1","total",7353,7353,100,129150,56.9
2022,"DHB","West Coast","agegrp1","total",294,294,100,4950,59.4
2022,"DHB","Whanganui","agegrp1","total",814,814,100,11640,69.9
2008,"DHB","Auckland","eth.mpao","total",6684,6684,100,110350,60.6
2008,"DHB","Bay of Plenty","eth.mpao","total",2974,2974,100,38430,77.4
2008,"DHB","Canterbury","eth.mpao","total",6651,6651,100,104350,63.7
2008,"DHB","Capital & Coast","eth.mpao","total",4078,4078,100,69020,59.1
2008,"DHB","Counties Manukau","eth.mpao","total",8831,8831,100,104450,84.5
2008,"DHB","Hawke's Bay","eth.mpao","total",2360,2360,100,29390,80.3
2008,"DHB","Hutt Valley","eth.mpao","total",2252,2252,100,29930,75.2
2008,"DHB","Lakes","eth.mpao","total",1745,1745,100,20440,85.4
2008,"DHB","MidCentral","eth.mpao","total",2363,2363,100,33840,69.8
2008,"DHB","Nelson Marlborough","eth.mpao","total",1738,1738,100,24850,69.9
2008,"DHB","Northland","eth.mpao","total",2284,2284,100,28130,81.2
2008,"DHB","South Canterbury","eth.mpao","total",669,669,100,9530,70.2
2008,"DHB","Southern","eth.mpao","total",3715,3715,100,63170,58.8
2008,"DHB","Tairawhiti","eth.mpao","total",845,845,100,9090,93
2008,"DHB","Taranaki","eth.mpao","total",1633,1633,100,20860,78.3
2008,"DHB","Unknown","eth.mpao","total",484,484,NA,NA,NA
2008,"DHB","Waikato","eth.mpao","total",5678,5678,100,74040,76.7
2008,"DHB","Wairarapa","eth.mpao","total",512,512,100,6990,73.2
2008,"DHB","Waitemata","eth.mpao","total",7790,7790,100,113920,68.4
2008,"DHB","West Coast","eth.mpao","total",434,434,100,6050,71.7
2008,"DHB","Whanganui","eth.mpao","total",915,915,100,11630,78.7
2009,"DHB","Auckland","eth.mpao","total",6849,6849,100,110590,61.9
2009,"DHB","Bay of Plenty","eth.mpao","total",2996,2996,100,38530,77.8
2009,"DHB","Canterbury","eth.mpao","total",6558,6558,100,104290,62.9
2009,"DHB","Capital & Coast","eth.mpao","total",4056,4056,100,69020,58.8
2009,"DHB","Counties Manukau","eth.mpao","total",8612,8612,100,104900,82.1
2009,"DHB","Hawke's Bay","eth.mpao","total",2441,2441,100,29120,83.8
2009,"DHB","Hutt Valley","eth.mpao","total",2235,2235,100,29760,75.1
2009,"DHB","Lakes","eth.mpao","total",1683,1683,100,20210,83.3
2009,"DHB","MidCentral","eth.mpao","total",2211,2211,100,33650,65.7
2009,"DHB","Nelson Marlborough","eth.mpao","total",1696,1696,100,24690,68.7
2009,"DHB","Northland","eth.mpao","total",2312,2312,100,28160,82.1
2009,"DHB","South Canterbury","eth.mpao","total",661,661,100,9460,69.9
2009,"DHB","Southern","eth.mpao","total",3757,3757,100,62820,59.8
2009,"DHB","Tairawhiti","eth.mpao","total",764,764,100,9070,84.2
2009,"DHB","Taranaki","eth.mpao","total",1631,1631,100,20880,78.1
2009,"DHB","Unknown","eth.mpao","total",475,475,NA,NA,NA
2009,"DHB","Waikato","eth.mpao","total",5558,5558,100,74090,75
2009,"DHB","Wairarapa","eth.mpao","total",544,544,100,7010,77.6
2009,"DHB","Waitemata","eth.mpao","total",7843,7843,100,114310,68.6
2009,"DHB","West Coast","eth.mpao","total",429,429,100,6010,71.4
2009,"DHB","Whanganui","eth.mpao","total",930,930,100,11470,81.1
2010,"DHB","Auckland","eth.mpao","total",6778,6778,100,111110,61
2010,"DHB","Bay of Plenty","eth.mpao","total",3024,3024,100,38690,78.2
2010,"DHB","Canterbury","eth.mpao","total",6691,6691,100,104420,64.1
2010,"DHB","Capital & Coast","eth.mpao","total",3988,3988,100,69070,57.7
2010,"DHB","Counties Manukau","eth.mpao","total",8805,8805,100,105600,83.4
2010,"DHB","Hawke's Bay","eth.mpao","total",2342,2342,100,29040,80.6
2010,"DHB","Hutt Valley","eth.mpao","total",2158,2158,100,29740,72.6
2010,"DHB","Lakes","eth.mpao","total",1615,1615,100,20110,80.3
2010,"DHB","MidCentral","eth.mpao","total",2352,2352,100,33630,69.9
2010,"DHB","Nelson Marlborough","eth.mpao","total",1706,1706,100,24550,69.5
2010,"DHB","Northland","eth.mpao","total",2479,2479,100,28160,88
2010,"DHB","South Canterbury","eth.mpao","total",670,670,100,9500,70.5
2010,"DHB","Southern","eth.mpao","total",3689,3689,100,62800,58.7
2010,"DHB","Tairawhiti","eth.mpao","total",765,765,100,9090,84.2
2010,"DHB","Taranaki","eth.mpao","total",1592,1592,100,20990,75.8
2010,"DHB","Unknown","eth.mpao","total",386,386,NA,NA,NA
2010,"DHB","Waikato","eth.mpao","total",5638,5638,100,74540,75.6
2010,"DHB","Wairarapa","eth.mpao","total",542,542,100,7040,77
2010,"DHB","Waitemata","eth.mpao","total",7944,7944,100,115080,69
2010,"DHB","West Coast","eth.mpao","total",409,409,100,5990,68.3
2010,"DHB","Whanganui","eth.mpao","total",896,896,100,11280,79.4
2011,"DHB","Auckland","eth.mpao","total",6574,6574,100,111470,59
2011,"DHB","Bay of Plenty","eth.mpao","total",2866,2866,100,38470,74.5
2011,"DHB","Canterbury","eth.mpao","total",6077,6077,100,101320,60
2011,"DHB","Capital & Coast","eth.mpao","total",3881,3881,100,68980,56.3
2011,"DHB","Counties Manukau","eth.mpao","total",8769,8769,100,106360,82.4
2011,"DHB","Hawke's Bay","eth.mpao","total",2258,2258,100,28910,78.1
2011,"DHB","Hutt Valley","eth.mpao","total",2061,2061,100,29660,69.5
2011,"DHB","Lakes","eth.mpao","total",1592,1592,100,20000,79.6
2011,"DHB","MidCentral","eth.mpao","total",2300,2300,100,33520,68.6
2011,"DHB","Nelson Marlborough","eth.mpao","total",1650,1650,100,24470,67.4
2011,"DHB","Northland","eth.mpao","total",2308,2308,100,28120,82.1
2011,"DHB","South Canterbury","eth.mpao","total",573,573,100,9520,60.2
2011,"DHB","Southern","eth.mpao","total",3679,3679,100,62830,58.6
2011,"DHB","Tairawhiti","eth.mpao","total",740,740,100,9050,81.8
2011,"DHB","Taranaki","eth.mpao","total",1567,1567,100,21040,74.5
2011,"DHB","Unknown","eth.mpao","total",352,352,NA,NA,NA
2011,"DHB","Waikato","eth.mpao","total",5388,5388,100,74790,72
2011,"DHB","Wairarapa","eth.mpao","total",530,530,100,7050,75.2
2011,"DHB","Waitemata","eth.mpao","total",7898,7898,100,115700,68.3
2011,"DHB","West Coast","eth.mpao","total",410,410,100,5980,68.6
2011,"DHB","Whanganui","eth.mpao","total",833,833,100,11110,75
2012,"DHB","Auckland","eth.mpao","total",6721,6721,100,111670,60.2
2012,"DHB","Bay of Plenty","eth.mpao","total",2980,2980,100,38130,78.2
2012,"DHB","Canterbury","eth.mpao","total",6004,6004,100,99290,60.5
2012,"DHB","Capital & Coast","eth.mpao","total",3881,3881,100,68640,56.5
2012,"DHB","Counties Manukau","eth.mpao","total",8799,8799,100,106880,82.3
2012,"DHB","Hawke's Bay","eth.mpao","total",2258,2258,100,28600,79
2012,"DHB","Hutt Valley","eth.mpao","total",2016,2016,100,29260,68.9
2012,"DHB","Lakes","eth.mpao","total",1559,1559,100,19780,78.8
2012,"DHB","MidCentral","eth.mpao","total",2158,2158,100,33390,64.6
2012,"DHB","Nelson Marlborough","eth.mpao","total",1531,1531,100,24160,63.4
2012,"DHB","Northland","eth.mpao","total",2300,2300,100,27820,82.7
2012,"DHB","South Canterbury","eth.mpao","total",648,648,100,9480,68.4
2012,"DHB","Southern","eth.mpao","total",3598,3598,100,62430,57.6
2012,"DHB","Tairawhiti","eth.mpao","total",735,735,100,9000,81.7
2012,"DHB","Taranaki","eth.mpao","total",1562,1562,100,20930,74.6
2012,"DHB","Unknown","eth.mpao","total",322,322,NA,NA,NA
2012,"DHB","Waikato","eth.mpao","total",5495,5495,100,74750,73.5
2012,"DHB","Wairarapa","eth.mpao","total",510,510,100,7060,72.2
2012,"DHB","Waitemata","eth.mpao","total",8000,8000,100,116060,68.9
2012,"DHB","West Coast","eth.mpao","total",410,410,100,5870,69.8
2012,"DHB","Whanganui","eth.mpao","total",876,876,100,10840,80.8
2013,"DHB","Auckland","eth.mpao","total",6257,6257,100,112310,55.7
2013,"DHB","Bay of Plenty","eth.mpao","total",2758,2758,100,37920,72.7
2013,"DHB","Canterbury","eth.mpao","total",5830,5830,100,99310,58.7
2013,"DHB","Capital & Coast","eth.mpao","total",3634,3634,100,68330,53.2
2013,"DHB","Counties Manukau","eth.mpao","total",8186,8186,100,107190,76.4
2013,"DHB","Hawke's Bay","eth.mpao","total",2154,2154,100,28290,76.1
2013,"DHB","Hutt Valley","eth.mpao","total",1918,1918,100,28980,66.2
2013,"DHB","Lakes","eth.mpao","total",1422,1422,100,19580,72.6
2013,"DHB","MidCentral","eth.mpao","total",2123,2123,100,33180,64
2013,"DHB","Nelson Marlborough","eth.mpao","total",1552,1552,100,24010,64.6
2013,"DHB","Northland","eth.mpao","total",2130,2130,100,27580,77.2
2013,"DHB","South Canterbury","eth.mpao","total",641,641,100,9440,67.9
2013,"DHB","Southern","eth.mpao","total",3449,3449,100,62300,55.4
2013,"DHB","Tairawhiti","eth.mpao","total",707,707,100,8930,79.2
2013,"DHB","Taranaki","eth.mpao","total",1523,1523,100,20890,72.9
2013,"DHB","Unknown","eth.mpao","total",369,369,NA,NA,NA
2013,"DHB","Waikato","eth.mpao","total",5221,5221,100,74750,69.8
2013,"DHB","Wairarapa","eth.mpao","total",501,501,100,7040,71.2
2013,"DHB","Waitemata","eth.mpao","total",7673,7673,100,116580,65.8
2013,"DHB","West Coast","eth.mpao","total",377,377,100,5730,65.8
2013,"DHB","Whanganui","eth.mpao","total",827,827,100,10700,77.3
2014,"DHB","Auckland","eth.mpao","total",6307,6307,100,112770,55.9
2014,"DHB","Bay of Plenty","eth.mpao","total",2791,2791,100,38720,72.1
2014,"DHB","Canterbury","eth.mpao","total",6001,6001,100,100390,59.8
2014,"DHB","Capital & Coast","eth.mpao","total",3530,3530,100,68950,51.2
2014,"DHB","Counties Manukau","eth.mpao","total",8291,8291,100,109060,76
2014,"DHB","Hawke's Bay","eth.mpao","total",2067,2067,100,28610,72.2
2014,"DHB","Hutt Valley","eth.mpao","total",1857,1857,100,29240,63.5
2014,"DHB","Lakes","eth.mpao","total",1394,1394,100,19800,70.4
2014,"DHB","MidCentral","eth.mpao","total",2095,2095,100,33270,63
2014,"DHB","Nelson Marlborough","eth.mpao","total",1422,1422,100,24170,58.8
2014,"DHB","Northland","eth.mpao","total",2101,2101,100,27900,75.3
2014,"DHB","South Canterbury","eth.mpao","total",652,652,100,9530,68.4
2014,"DHB","Southern","eth.mpao","total",3284,3284,100,62900,52.2
2014,"DHB","Tairawhiti","eth.mpao","total",687,687,100,8900,77.2
2014,"DHB","Taranaki","eth.mpao","total",1518,1518,100,21000,72.3
2014,"DHB","Unknown","eth.mpao","total",439,439,NA,NA,NA
2014,"DHB","Waikato","eth.mpao","total",5255,5255,100,75620,69.5
2014,"DHB","Wairarapa","eth.mpao","total",473,473,100,7060,67
2014,"DHB","Waitemata","eth.mpao","total",7857,7857,100,118120,66.5
2014,"DHB","West Coast","eth.mpao","total",351,351,100,5580,62.9
2014,"DHB","Whanganui","eth.mpao","total",817,817,100,10690,76.4
2015,"DHB","Auckland","eth.mpao","total",5899,5899,100,113900,51.8
2015,"DHB","Bay of Plenty","eth.mpao","total",2792,2792,100,39580,70.5
2015,"DHB","Canterbury","eth.mpao","total",6207,6207,100,103200,60.1
2015,"DHB","Capital & Coast","eth.mpao","total",3532,3532,100,69940,50.5
2015,"DHB","Counties Manukau","eth.mpao","total",8202,8202,100,112010,73.2
2015,"DHB","Hawke's Bay","eth.mpao","total",1991,1991,100,29050,68.5
2015,"DHB","Hutt Valley","eth.mpao","total",1968,1968,100,29590,66.5
2015,"DHB","Lakes","eth.mpao","total",1509,1509,100,20100,75.1
2015,"DHB","MidCentral","eth.mpao","total",2109,2109,100,33540,62.9
2015,"DHB","Nelson Marlborough","eth.mpao","total",1418,1418,100,24380,58.2
2015,"DHB","Northland","eth.mpao","total",2136,2136,100,28330,75.4
2015,"DHB","South Canterbury","eth.mpao","total",660,660,100,9610,68.7
2015,"DHB","Southern","eth.mpao","total",3415,3415,100,63950,53.4
2015,"DHB","Tairawhiti","eth.mpao","total",735,735,100,8920,82.4
2015,"DHB","Taranaki","eth.mpao","total",1516,1516,100,21130,71.7
2015,"DHB","Unknown","eth.mpao","total",380,380,NA,NA,NA
2015,"DHB","Waikato","eth.mpao","total",5275,5275,100,76980,68.5
2015,"DHB","Wairarapa","eth.mpao","total",462,462,100,7150,64.6
2015,"DHB","Waitemata","eth.mpao","total",7564,7564,100,120630,62.7
2015,"DHB","West Coast","eth.mpao","total",358,358,100,5480,65.3
2015,"DHB","Whanganui","eth.mpao","total",816,816,100,10790,75.6
2016,"DHB","Auckland","eth.mpao","total",5914,5914,100,115900,51
2016,"DHB","Bay of Plenty","eth.mpao","total",2899,2899,100,40740,71.2
2016,"DHB","Canterbury","eth.mpao","total",6312,6312,100,106580,59.2
2016,"DHB","Capital & Coast","eth.mpao","total",3459,3459,100,70870,48.8
2016,"DHB","Counties Manukau","eth.mpao","total",8248,8248,100,115530,71.4
2016,"DHB","Hawke's Bay","eth.mpao","total",2057,2057,100,29420,69.9
2016,"DHB","Hutt Valley","eth.mpao","total",1968,1968,100,30160,65.3
2016,"DHB","Lakes","eth.mpao","total",1545,1545,100,20540,75.2
2016,"DHB","MidCentral","eth.mpao","total",2077,2077,100,33930,61.2
2016,"DHB","Nelson Marlborough","eth.mpao","total",1548,1548,100,24730,62.6
2016,"DHB","Northland","eth.mpao","total",2264,2264,100,28750,78.7
2016,"DHB","South Canterbury","eth.mpao","total",651,651,100,9700,67.1
2016,"DHB","Southern","eth.mpao","total",3315,3315,100,65470,50.6
2016,"DHB","Tairawhiti","eth.mpao","total",773,773,100,8970,86.2
2016,"DHB","Taranaki","eth.mpao","total",1435,1435,100,21330,67.3
2016,"DHB","Unknown","eth.mpao","total",450,450,NA,NA,NA
2016,"DHB","Waikato","eth.mpao","total",5359,5359,100,78360,68.4
2016,"DHB","Wairarapa","eth.mpao","total",460,460,100,7250,63.4
2016,"DHB","Waitemata","eth.mpao","total",7936,7936,100,123600,64.2
2016,"DHB","West Coast","eth.mpao","total",318,318,100,5420,58.7
2016,"DHB","Whanganui","eth.mpao","total",800,800,100,10890,73.5
2017,"DHB","Auckland","eth.mpao","total",5632,5632,100,117570,47.9
2017,"DHB","Bay of Plenty","eth.mpao","total",3102,3102,100,42120,73.6
2017,"DHB","Canterbury","eth.mpao","total",6397,6397,100,109050,58.7
2017,"DHB","Capital & Coast","eth.mpao","total",3496,3496,100,71760,48.7
2017,"DHB","Counties Manukau","eth.mpao","total",8284,8284,100,118740,69.8
2017,"DHB","Hawke's Bay","eth.mpao","total",2134,2134,100,29710,71.8
2017,"DHB","Hutt Valley","eth.mpao","total",1946,1946,100,30680,63.4
2017,"DHB","Lakes","eth.mpao","total",1556,1556,100,20900,74.4
2017,"DHB","MidCentral","eth.mpao","total",2132,2132,100,34180,62.4
2017,"DHB","Nelson Marlborough","eth.mpao","total",1426,1426,100,24880,57.3
2017,"DHB","Northland","eth.mpao","total",2238,2238,100,29200,76.6
2017,"DHB","South Canterbury","eth.mpao","total",633,633,100,9800,64.6
2017,"DHB","Southern","eth.mpao","total",3438,3438,100,66930,51.4
2017,"DHB","Tairawhiti","eth.mpao","total",704,704,100,8930,78.8
2017,"DHB","Taranaki","eth.mpao","total",1402,1402,100,21420,65.5
2017,"DHB","Unknown","eth.mpao","total",405,405,NA,NA,NA
2017,"DHB","Waikato","eth.mpao","total",5322,5322,100,79970,66.5
2017,"DHB","Wairarapa","eth.mpao","total",536,536,100,7310,73.3
2017,"DHB","Waitemata","eth.mpao","total",7722,7722,100,126480,61.1
2017,"DHB","West Coast","eth.mpao","total",355,355,100,5320,66.7
2017,"DHB","Whanganui","eth.mpao","total",843,843,100,11000,76.6
2018,"DHB","Auckland","eth.mpao","total",5432,5432,100,119300,45.5
2018,"DHB","Bay of Plenty","eth.mpao","total",3008,3008,100,43320,69.4
2018,"DHB","Canterbury","eth.mpao","total",6249,6249,100,110890,56.4
2018,"DHB","Capital & Coast","eth.mpao","total",3198,3198,100,72790,43.9
2018,"DHB","Counties Manukau","eth.mpao","total",8171,8171,100,121180,67.4
2018,"DHB","Hawke's Bay","eth.mpao","total",2110,2110,100,30070,70.2
2018,"DHB","Hutt Valley","eth.mpao","total",1943,1943,100,30910,62.9
2018,"DHB","Lakes","eth.mpao","total",1527,1527,100,21200,72
2018,"DHB","MidCentral","eth.mpao","total",2158,2158,100,34350,62.8
2018,"DHB","Nelson Marlborough","eth.mpao","total",1496,1496,100,25130,59.5
2018,"DHB","Northland","eth.mpao","total",2195,2195,100,29670,74
2018,"DHB","South Canterbury","eth.mpao","total",603,603,100,9830,61.3
2018,"DHB","Southern","eth.mpao","total",3270,3270,100,68490,47.7
2018,"DHB","Tairawhiti","eth.mpao","total",699,699,100,8920,78.4
2018,"DHB","Taranaki","eth.mpao","total",1565,1565,100,21390,73.2
2018,"DHB","Unknown","eth.mpao","total",504,504,NA,NA,NA
2018,"DHB","Waikato","eth.mpao","total",5383,5383,100,81240,66.3
2018,"DHB","Wairarapa","eth.mpao","total",496,496,100,7480,66.3
2018,"DHB","Waitemata","eth.mpao","total",7425,7425,100,129060,57.5
2018,"DHB","West Coast","eth.mpao","total",328,328,100,5150,63.7
2018,"DHB","Whanganui","eth.mpao","total",806,806,100,11030,73.1
2019,"DHB","Auckland","eth.mpao","total",5587,5587,100,120230,46.5
2019,"DHB","Bay of Plenty","eth.mpao","total",3105,3105,100,44360,70
2019,"DHB","Canterbury","eth.mpao","total",6441,6441,100,112600,57.2
2019,"DHB","Capital & Coast","eth.mpao","total",3182,3182,100,74260,42.8
2019,"DHB","Counties Manukau","eth.mpao","total",8418,8418,100,123500,68.2
2019,"DHB","Hawke's Bay","eth.mpao","total",2020,2020,100,30380,66.5
2019,"DHB","Hutt Valley","eth.mpao","total",1960,1960,100,31250,62.7
2019,"DHB","Lakes","eth.mpao","total",1536,1536,100,21470,71.5
2019,"DHB","MidCentral","eth.mpao","total",2164,2164,100,34790,62.2
2019,"DHB","Nelson Marlborough","eth.mpao","total",1450,1450,100,25400,57.1
2019,"DHB","Northland","eth.mpao","total",2311,2311,100,30110,76.8
2019,"DHB","South Canterbury","eth.mpao","total",621,621,100,9870,62.9
2019,"DHB","Southern","eth.mpao","total",3442,3442,100,69680,49.4
2019,"DHB","Tairawhiti","eth.mpao","total",683,683,100,8950,76.3
2019,"DHB","Taranaki","eth.mpao","total",1508,1508,100,21400,70.5
2019,"DHB","Unknown","eth.mpao","total",445,445,NA,NA,NA
2019,"DHB","Waikato","eth.mpao","total",5445,5445,100,82640,65.9
2019,"DHB","Wairarapa","eth.mpao","total",518,518,100,7490,69.2
2019,"DHB","Waitemata","eth.mpao","total",7778,7778,100,130210,59.7
2019,"DHB","West Coast","eth.mpao","total",346,346,100,5060,68.4
2019,"DHB","Whanganui","eth.mpao","total",863,863,100,11170,77.3
2020,"DHB","Auckland","eth.mpao","total",5155,5155,100,121410,42.5
2020,"DHB","Bay of Plenty","eth.mpao","total",3131,3131,100,46350,67.6
2020,"DHB","Canterbury","eth.mpao","total",6171,6171,100,115310,53.5
2020,"DHB","Capital & Coast","eth.mpao","total",3093,3093,100,75930,40.7
2020,"DHB","Counties Manukau","eth.mpao","total",8406,8406,100,127220,66.1
2020,"DHB","Hawke's Bay","eth.mpao","total",2069,2069,100,31040,66.7
2020,"DHB","Hutt Valley","eth.mpao","total",2011,2011,100,31910,63
2020,"DHB","Lakes","eth.mpao","total",1430,1430,100,21940,65.2
2020,"DHB","MidCentral","eth.mpao","total",2159,2159,100,35510,60.8
2020,"DHB","Nelson Marlborough","eth.mpao","total",1416,1416,100,26330,53.8
2020,"DHB","Northland","eth.mpao","total",2379,2379,100,31060,76.6
2020,"DHB","South Canterbury","eth.mpao","total",589,589,100,10000,58.9
2020,"DHB","Southern","eth.mpao","total",3275,3275,100,71250,46
2020,"DHB","Tairawhiti","eth.mpao","total",708,708,100,9200,77
2020,"DHB","Taranaki","eth.mpao","total",1452,1452,100,21780,66.7
2020,"DHB","Unknown","eth.mpao","total",570,570,NA,NA,NA
2020,"DHB","Waikato","eth.mpao","total",5566,5566,100,85330,65.2
2020,"DHB","Wairarapa","eth.mpao","total",526,526,100,7740,68
2020,"DHB","Waitemata","eth.mpao","total",7478,7478,100,131990,56.7
2020,"DHB","West Coast","eth.mpao","total",289,289,100,5080,56.9
2020,"DHB","Whanganui","eth.mpao","total",820,820,100,11480,71.4
2021,"DHB","Auckland","eth.mpao","total",5439,5439,100,116690,46.6
2021,"DHB","Bay of Plenty","eth.mpao","total",3382,3382,100,47030,71.9
2021,"DHB","Canterbury","eth.mpao","total",6794,6794,100,115980,58.6
2021,"DHB","Capital & Coast","eth.mpao","total",3320,3320,100,76440,43.4
2021,"DHB","Counties Manukau","eth.mpao","total",8788,8788,100,127720,68.8
2021,"DHB","Hawke's Bay","eth.mpao","total",2261,2261,100,31190,72.5
2021,"DHB","Hutt Valley","eth.mpao","total",2050,2050,100,32130,63.8
2021,"DHB","Lakes","eth.mpao","total",1626,1626,100,21740,74.8
2021,"DHB","MidCentral","eth.mpao","total",2310,2310,100,35880,64.4
2021,"DHB","Nelson Marlborough","eth.mpao","total",1510,1510,100,26200,57.6
2021,"DHB","Northland","eth.mpao","total",2425,2425,100,31540,76.9
2021,"DHB","South Canterbury","eth.mpao","total",636,636,100,9860,64.5
2021,"DHB","Southern","eth.mpao","total",3529,3529,100,71000,49.7
2021,"DHB","Tairawhiti","eth.mpao","total",753,753,100,9240,81.5
2021,"DHB","Taranaki","eth.mpao","total",1580,1580,100,21940,72
2021,"DHB","Unknown","eth.mpao","total",484,484,NA,NA,NA
2021,"DHB","Waikato","eth.mpao","total",5957,5957,100,85700,69.5
2021,"DHB","Wairarapa","eth.mpao","total",571,571,100,7830,72.9
2021,"DHB","Waitemata","eth.mpao","total",7871,7871,100,130670,60.2
2021,"DHB","West Coast","eth.mpao","total",336,336,100,5000,67.2
2021,"DHB","Whanganui","eth.mpao","total",819,819,100,11600,70.6
2022,"DHB","Auckland","eth.mpao","total",4953,4953,100,111530,44.4
2022,"DHB","Bay of Plenty","eth.mpao","total",3147,3147,100,47290,66.5
2022,"DHB","Canterbury","eth.mpao","total",6453,6453,100,116720,55.3
2022,"DHB","Capital & Coast","eth.mpao","total",2892,2892,100,76090,38
2022,"DHB","Counties Manukau","eth.mpao","total",8052,8052,100,128540,62.6
2022,"DHB","Hawke's Bay","eth.mpao","total",2046,2046,100,31180,65.6
2022,"DHB","Hutt Valley","eth.mpao","total",1844,1844,100,32200,57.3
2022,"DHB","Lakes","eth.mpao","total",1560,1560,100,21540,72.4
2022,"DHB","MidCentral","eth.mpao","total",2157,2157,100,35960,60
2022,"DHB","Nelson Marlborough","eth.mpao","total",1387,1387,100,25900,53.6
2022,"DHB","Northland","eth.mpao","total",2366,2366,100,31860,74.3
2022,"DHB","South Canterbury","eth.mpao","total",578,578,100,9840,58.7
2022,"DHB","Southern","eth.mpao","total",3319,3319,100,71060,46.7
2022,"DHB","Tairawhiti","eth.mpao","total",715,715,100,9240,77.4
2022,"DHB","Taranaki","eth.mpao","total",1397,1397,100,21990,63.5
2022,"DHB","Unknown","eth.mpao","total",694,694,NA,NA,NA
2022,"DHB","Waikato","eth.mpao","total",5411,5411,100,85840,63
2022,"DHB","Wairarapa","eth.mpao","total",525,525,100,7900,66.5
2022,"DHB","Waitemata","eth.mpao","total",7353,7353,100,129150,56.9
2022,"DHB","West Coast","eth.mpao","total",294,294,100,4950,59.4
2022,"DHB","Whanganui","eth.mpao","total",814,814,100,11640,69.9
2008,"DHB","Auckland","depquin","total",6684,6684,100,110350,60.6
2008,"DHB","Bay of Plenty","depquin","total",2974,2974,100,38430,77.4
2008,"DHB","Canterbury","depquin","total",6651,6651,100,104350,63.7
2008,"DHB","Capital & Coast","depquin","total",4078,4078,100,69020,59.1
2008,"DHB","Counties Manukau","depquin","total",8831,8831,100,104450,84.5
2008,"DHB","Hawke's Bay","depquin","total",2360,2360,100,29390,80.3
2008,"DHB","Hutt Valley","depquin","total",2252,2252,100,29930,75.2
2008,"DHB","Lakes","depquin","total",1745,1745,100,20440,85.4
2008,"DHB","MidCentral","depquin","total",2363,2363,100,33840,69.8
2008,"DHB","Nelson Marlborough","depquin","total",1738,1738,100,24850,69.9
2008,"DHB","Northland","depquin","total",2284,2284,100,28130,81.2
2008,"DHB","South Canterbury","depquin","total",669,669,100,9530,70.2
2008,"DHB","Southern","depquin","total",3715,3715,100,63170,58.8
2008,"DHB","Tairawhiti","depquin","total",845,845,100,9090,93
2008,"DHB","Taranaki","depquin","total",1633,1633,100,20860,78.3
2008,"DHB","Unknown","depquin","total",484,484,NA,NA,NA
2008,"DHB","Waikato","depquin","total",5678,5678,100,74040,76.7
2008,"DHB","Wairarapa","depquin","total",512,512,100,6990,73.2
2008,"DHB","Waitemata","depquin","total",7790,7790,100,113920,68.4
2008,"DHB","West Coast","depquin","total",434,434,100,6050,71.7
2008,"DHB","Whanganui","depquin","total",915,915,100,11630,78.7
2009,"DHB","Auckland","depquin","total",6849,6849,100,110590,61.9
2009,"DHB","Bay of Plenty","depquin","total",2996,2996,100,38530,77.8
2009,"DHB","Canterbury","depquin","total",6558,6558,100,104290,62.9
2009,"DHB","Capital & Coast","depquin","total",4056,4056,100,69020,58.8
2009,"DHB","Counties Manukau","depquin","total",8612,8612,100,104900,82.1
2009,"DHB","Hawke's Bay","depquin","total",2441,2441,100,29120,83.8
2009,"DHB","Hutt Valley","depquin","total",2235,2235,100,29760,75.1
2009,"DHB","Lakes","depquin","total",1683,1683,100,20210,83.3
2009,"DHB","MidCentral","depquin","total",2211,2211,100,33650,65.7
2009,"DHB","Nelson Marlborough","depquin","total",1696,1696,100,24690,68.7
2009,"DHB","Northland","depquin","total",2312,2312,100,28160,82.1
2009,"DHB","South Canterbury","depquin","total",661,661,100,9460,69.9
2009,"DHB","Southern","depquin","total",3757,3757,100,62820,59.8
2009,"DHB","Tairawhiti","depquin","total",764,764,100,9070,84.2
2009,"DHB","Taranaki","depquin","total",1631,1631,100,20880,78.1
2009,"DHB","Unknown","depquin","total",475,475,NA,NA,NA
2009,"DHB","Waikato","depquin","total",5558,5558,100,74090,75
2009,"DHB","Wairarapa","depquin","total",544,544,100,7010,77.6
2009,"DHB","Waitemata","depquin","total",7843,7843,100,114310,68.6
2009,"DHB","West Coast","depquin","total",429,429,100,6010,71.4
2009,"DHB","Whanganui","depquin","total",930,930,100,11470,81.1
2010,"DHB","Auckland","depquin","total",6778,6778,100,111110,61
2010,"DHB","Bay of Plenty","depquin","total",3024,3024,100,38690,78.2
2010,"DHB","Canterbury","depquin","total",6691,6691,100,104420,64.1
2010,"DHB","Capital & Coast","depquin","total",3988,3988,100,69070,57.7
2010,"DHB","Counties Manukau","depquin","total",8805,8805,100,105600,83.4
2010,"DHB","Hawke's Bay","depquin","total",2342,2342,100,29040,80.6
2010,"DHB","Hutt Valley","depquin","total",2158,2158,100,29740,72.6
2010,"DHB","Lakes","depquin","total",1615,1615,100,20110,80.3
2010,"DHB","MidCentral","depquin","total",2352,2352,100,33630,69.9
2010,"DHB","Nelson Marlborough","depquin","total",1706,1706,100,24550,69.5
2010,"DHB","Northland","depquin","total",2479,2479,100,28160,88
2010,"DHB","South Canterbury","depquin","total",670,670,100,9500,70.5
2010,"DHB","Southern","depquin","total",3689,3689,100,62800,58.7
2010,"DHB","Tairawhiti","depquin","total",765,765,100,9090,84.2
2010,"DHB","Taranaki","depquin","total",1592,1592,100,20990,75.8
2010,"DHB","Unknown","depquin","total",386,386,NA,NA,NA
2010,"DHB","Waikato","depquin","total",5638,5638,100,74540,75.6
2010,"DHB","Wairarapa","depquin","total",542,542,100,7040,77
2010,"DHB","Waitemata","depquin","total",7944,7944,100,115080,69
2010,"DHB","West Coast","depquin","total",409,409,100,5990,68.3
2010,"DHB","Whanganui","depquin","total",896,896,100,11280,79.4
2011,"DHB","Auckland","depquin","total",6574,6574,100,111470,59
2011,"DHB","Bay of Plenty","depquin","total",2866,2866,100,38470,74.5
2011,"DHB","Canterbury","depquin","total",6077,6077,100,101320,60
2011,"DHB","Capital & Coast","depquin","total",3881,3881,100,68980,56.3
2011,"DHB","Counties Manukau","depquin","total",8769,8769,100,106360,82.4
2011,"DHB","Hawke's Bay","depquin","total",2258,2258,100,28910,78.1
2011,"DHB","Hutt Valley","depquin","total",2061,2061,100,29660,69.5
2011,"DHB","Lakes","depquin","total",1592,1592,100,20000,79.6
2011,"DHB","MidCentral","depquin","total",2300,2300,100,33520,68.6
2011,"DHB","Nelson Marlborough","depquin","total",1650,1650,100,24470,67.4
2011,"DHB","Northland","depquin","total",2308,2308,100,28120,82.1
2011,"DHB","South Canterbury","depquin","total",573,573,100,9520,60.2
2011,"DHB","Southern","depquin","total",3679,3679,100,62830,58.6
2011,"DHB","Tairawhiti","depquin","total",740,740,100,9050,81.8
2011,"DHB","Taranaki","depquin","total",1567,1567,100,21040,74.5
2011,"DHB","Unknown","depquin","total",352,352,NA,NA,NA
2011,"DHB","Waikato","depquin","total",5388,5388,100,74790,72
2011,"DHB","Wairarapa","depquin","total",530,530,100,7050,75.2
2011,"DHB","Waitemata","depquin","total",7898,7898,100,115700,68.3
2011,"DHB","West Coast","depquin","total",410,410,100,5980,68.6
2011,"DHB","Whanganui","depquin","total",833,833,100,11110,75
2012,"DHB","Auckland","depquin","total",6721,6721,100,111670,60.2
2012,"DHB","Bay of Plenty","depquin","total",2980,2980,100,38130,78.2
2012,"DHB","Canterbury","depquin","total",6004,6004,100,99290,60.5
2012,"DHB","Capital & Coast","depquin","total",3881,3881,100,68640,56.5
2012,"DHB","Counties Manukau","depquin","total",8799,8799,100,106880,82.3
2012,"DHB","Hawke's Bay","depquin","total",2258,2258,100,28600,79
2012,"DHB","Hutt Valley","depquin","total",2016,2016,100,29260,68.9
2012,"DHB","Lakes","depquin","total",1559,1559,100,19780,78.8
2012,"DHB","MidCentral","depquin","total",2158,2158,100,33390,64.6
2012,"DHB","Nelson Marlborough","depquin","total",1531,1531,100,24160,63.4
2012,"DHB","Northland","depquin","total",2300,2300,100,27820,82.7
2012,"DHB","South Canterbury","depquin","total",648,648,100,9480,68.4
2012,"DHB","Southern","depquin","total",3598,3598,100,62430,57.6
2012,"DHB","Tairawhiti","depquin","total",735,735,100,9000,81.7
2012,"DHB","Taranaki","depquin","total",1562,1562,100,20930,74.6
2012,"DHB","Unknown","depquin","total",322,322,NA,NA,NA
2012,"DHB","Waikato","depquin","total",5495,5495,100,74750,73.5
2012,"DHB","Wairarapa","depquin","total",510,510,100,7060,72.2
2012,"DHB","Waitemata","depquin","total",8000,8000,100,116060,68.9
2012,"DHB","West Coast","depquin","total",410,410,100,5870,69.8
2012,"DHB","Whanganui","depquin","total",876,876,100,10840,80.8
2013,"DHB","Auckland","depquin","total",6257,6257,100,112310,55.7
2013,"DHB","Bay of Plenty","depquin","total",2758,2758,100,37920,72.7
2013,"DHB","Canterbury","depquin","total",5830,5830,100,99310,58.7
2013,"DHB","Capital & Coast","depquin","total",3634,3634,100,68330,53.2
2013,"DHB","Counties Manukau","depquin","total",8186,8186,100,107190,76.4
2013,"DHB","Hawke's Bay","depquin","total",2154,2154,100,28290,76.1
2013,"DHB","Hutt Valley","depquin","total",1918,1918,100,28980,66.2
2013,"DHB","Lakes","depquin","total",1422,1422,100,19580,72.6
2013,"DHB","MidCentral","depquin","total",2123,2123,100,33180,64
2013,"DHB","Nelson Marlborough","depquin","total",1552,1552,100,24010,64.6
2013,"DHB","Northland","depquin","total",2130,2130,100,27580,77.2
2013,"DHB","South Canterbury","depquin","total",641,641,100,9440,67.9
2013,"DHB","Southern","depquin","total",3449,3449,100,62300,55.4
2013,"DHB","Tairawhiti","depquin","total",707,707,100,8930,79.2
2013,"DHB","Taranaki","depquin","total",1523,1523,100,20890,72.9
2013,"DHB","Unknown","depquin","total",369,369,NA,NA,NA
2013,"DHB","Waikato","depquin","total",5221,5221,100,74750,69.8
2013,"DHB","Wairarapa","depquin","total",501,501,100,7040,71.2
2013,"DHB","Waitemata","depquin","total",7673,7673,100,116580,65.8
2013,"DHB","West Coast","depquin","total",377,377,100,5730,65.8
2013,"DHB","Whanganui","depquin","total",827,827,100,10700,77.3
2014,"DHB","Auckland","depquin","total",6307,6307,100,112770,55.9
2014,"DHB","Bay of Plenty","depquin","total",2791,2791,100,38720,72.1
2014,"DHB","Canterbury","depquin","total",6001,6001,100,100390,59.8
2014,"DHB","Capital & Coast","depquin","total",3530,3530,100,68950,51.2
2014,"DHB","Counties Manukau","depquin","total",8291,8291,100,109060,76
2014,"DHB","Hawke's Bay","depquin","total",2067,2067,100,28610,72.2
2014,"DHB","Hutt Valley","depquin","total",1857,1857,100,29240,63.5
2014,"DHB","Lakes","depquin","total",1394,1394,100,19800,70.4
2014,"DHB","MidCentral","depquin","total",2095,2095,100,33270,63
2014,"DHB","Nelson Marlborough","depquin","total",1422,1422,100,24170,58.8
2014,"DHB","Northland","depquin","total",2101,2101,100,27900,75.3
2014,"DHB","South Canterbury","depquin","total",652,652,100,9530,68.4
2014,"DHB","Southern","depquin","total",3284,3284,100,62900,52.2
2014,"DHB","Tairawhiti","depquin","total",687,687,100,8900,77.2
2014,"DHB","Taranaki","depquin","total",1518,1518,100,21000,72.3
2014,"DHB","Unknown","depquin","total",439,439,NA,NA,NA
2014,"DHB","Waikato","depquin","total",5255,5255,100,75620,69.5
2014,"DHB","Wairarapa","depquin","total",473,473,100,7060,67
2014,"DHB","Waitemata","depquin","total",7857,7857,100,118120,66.5
2014,"DHB","West Coast","depquin","total",351,351,100,5580,62.9
2014,"DHB","Whanganui","depquin","total",817,817,100,10690,76.4
2015,"DHB","Auckland","depquin","total",5899,5899,100,113900,51.8
2015,"DHB","Bay of Plenty","depquin","total",2792,2792,100,39580,70.5
2015,"DHB","Canterbury","depquin","total",6207,6207,100,103200,60.1
2015,"DHB","Capital & Coast","depquin","total",3532,3532,100,69940,50.5
2015,"DHB","Counties Manukau","depquin","total",8202,8202,100,112010,73.2
2015,"DHB","Hawke's Bay","depquin","total",1991,1991,100,29050,68.5
2015,"DHB","Hutt Valley","depquin","total",1968,1968,100,29590,66.5
2015,"DHB","Lakes","depquin","total",1509,1509,100,20100,75.1
2015,"DHB","MidCentral","depquin","total",2109,2109,100,33540,62.9
2015,"DHB","Nelson Marlborough","depquin","total",1418,1418,100,24380,58.2
2015,"DHB","Northland","depquin","total",2136,2136,100,28330,75.4
2015,"DHB","South Canterbury","depquin","total",660,660,100,9610,68.7
2015,"DHB","Southern","depquin","total",3415,3415,100,63950,53.4
2015,"DHB","Tairawhiti","depquin","total",735,735,100,8920,82.4
2015,"DHB","Taranaki","depquin","total",1516,1516,100,21130,71.7
2015,"DHB","Unknown","depquin","total",380,380,NA,NA,NA
2015,"DHB","Waikato","depquin","total",5275,5275,100,76980,68.5
2015,"DHB","Wairarapa","depquin","total",462,462,100,7150,64.6
2015,"DHB","Waitemata","depquin","total",7564,7564,100,120630,62.7
2015,"DHB","West Coast","depquin","total",358,358,100,5480,65.3
2015,"DHB","Whanganui","depquin","total",816,816,100,10790,75.6
2016,"DHB","Auckland","depquin","total",5914,5914,100,115900,51
2016,"DHB","Bay of Plenty","depquin","total",2899,2899,100,40740,71.2
2016,"DHB","Canterbury","depquin","total",6312,6312,100,106580,59.2
2016,"DHB","Capital & Coast","depquin","total",3459,3459,100,70870,48.8
2016,"DHB","Counties Manukau","depquin","total",8248,8248,100,115530,71.4
2016,"DHB","Hawke's Bay","depquin","total",2057,2057,100,29420,69.9
2016,"DHB","Hutt Valley","depquin","total",1968,1968,100,30160,65.3
2016,"DHB","Lakes","depquin","total",1545,1545,100,20540,75.2
2016,"DHB","MidCentral","depquin","total",2077,2077,100,33930,61.2
2016,"DHB","Nelson Marlborough","depquin","total",1548,1548,100,24730,62.6
2016,"DHB","Northland","depquin","total",2264,2264,100,28750,78.7
2016,"DHB","South Canterbury","depquin","total",651,651,100,9700,67.1
2016,"DHB","Southern","depquin","total",3315,3315,100,65470,50.6
2016,"DHB","Tairawhiti","depquin","total",773,773,100,8970,86.2
2016,"DHB","Taranaki","depquin","total",1435,1435,100,21330,67.3
2016,"DHB","Unknown","depquin","total",450,450,NA,NA,NA
2016,"DHB","Waikato","depquin","total",5359,5359,100,78360,68.4
2016,"DHB","Wairarapa","depquin","total",460,460,100,7250,63.4
2016,"DHB","Waitemata","depquin","total",7936,7936,100,123600,64.2
2016,"DHB","West Coast","depquin","total",318,318,100,5420,58.7
2016,"DHB","Whanganui","depquin","total",800,800,100,10890,73.5
2017,"DHB","Auckland","depquin","total",5632,5632,100,117570,47.9
2017,"DHB","Bay of Plenty","depquin","total",3102,3102,100,42120,73.6
2017,"DHB","Canterbury","depquin","total",6397,6397,100,109050,58.7
2017,"DHB","Capital & Coast","depquin","total",3496,3496,100,71760,48.7
2017,"DHB","Counties Manukau","depquin","total",8284,8284,100,118740,69.8
2017,"DHB","Hawke's Bay","depquin","total",2134,2134,100,29710,71.8
2017,"DHB","Hutt Valley","depquin","total",1946,1946,100,30680,63.4
2017,"DHB","Lakes","depquin","total",1556,1556,100,20900,74.4
2017,"DHB","MidCentral","depquin","total",2132,2132,100,34180,62.4
2017,"DHB","Nelson Marlborough","depquin","total",1426,1426,100,24880,57.3
2017,"DHB","Northland","depquin","total",2238,2238,100,29200,76.6
2017,"DHB","South Canterbury","depquin","total",633,633,100,9800,64.6
2017,"DHB","Southern","depquin","total",3438,3438,100,66930,51.4
2017,"DHB","Tairawhiti","depquin","total",704,704,100,8930,78.8
2017,"DHB","Taranaki","depquin","total",1402,1402,100,21420,65.5
2017,"DHB","Unknown","depquin","total",405,405,NA,NA,NA
2017,"DHB","Waikato","depquin","total",5322,5322,100,79970,66.5
2017,"DHB","Wairarapa","depquin","total",536,536,100,7310,73.3
2017,"DHB","Waitemata","depquin","total",7722,7722,100,126480,61.1
2017,"DHB","West Coast","depquin","total",355,355,100,5320,66.7
2017,"DHB","Whanganui","depquin","total",843,843,100,11000,76.6
2018,"DHB","Auckland","depquin","total",5432,5432,100,119300,45.5
2018,"DHB","Bay of Plenty","depquin","total",3008,3008,100,43320,69.4
2018,"DHB","Canterbury","depquin","total",6249,6249,100,110890,56.4
2018,"DHB","Capital & Coast","depquin","total",3198,3198,100,72790,43.9
2018,"DHB","Counties Manukau","depquin","total",8171,8171,100,121180,67.4
2018,"DHB","Hawke's Bay","depquin","total",2110,2110,100,30070,70.2
2018,"DHB","Hutt Valley","depquin","total",1943,1943,100,30910,62.9
2018,"DHB","Lakes","depquin","total",1527,1527,100,21200,72
2018,"DHB","MidCentral","depquin","total",2158,2158,100,34350,62.8
2018,"DHB","Nelson Marlborough","depquin","total",1496,1496,100,25130,59.5
2018,"DHB","Northland","depquin","total",2195,2195,100,29670,74
2018,"DHB","South Canterbury","depquin","total",603,603,100,9830,61.3
2018,"DHB","Southern","depquin","total",3270,3270,100,68490,47.7
2018,"DHB","Tairawhiti","depquin","total",699,699,100,8920,78.4
2018,"DHB","Taranaki","depquin","total",1565,1565,100,21390,73.2
2018,"DHB","Unknown","depquin","total",504,504,NA,NA,NA
2018,"DHB","Waikato","depquin","total",5383,5383,100,81240,66.3
2018,"DHB","Wairarapa","depquin","total",496,496,100,7480,66.3
2018,"DHB","Waitemata","depquin","total",7425,7425,100,129060,57.5
2018,"DHB","West Coast","depquin","total",328,328,100,5150,63.7
2018,"DHB","Whanganui","depquin","total",806,806,100,11030,73.1
2019,"DHB","Auckland","depquin","total",5587,5587,100,120230,46.5
2019,"DHB","Bay of Plenty","depquin","total",3105,3105,100,44360,70
2019,"DHB","Canterbury","depquin","total",6441,6441,100,112600,57.2
2019,"DHB","Capital & Coast","depquin","total",3182,3182,100,74260,42.8
2019,"DHB","Counties Manukau","depquin","total",8418,8418,100,123500,68.2
2019,"DHB","Hawke's Bay","depquin","total",2020,2020,100,30380,66.5
2019,"DHB","Hutt Valley","depquin","total",1960,1960,100,31250,62.7
2019,"DHB","Lakes","depquin","total",1536,1536,100,21470,71.5
2019,"DHB","MidCentral","depquin","total",2164,2164,100,34790,62.2
2019,"DHB","Nelson Marlborough","depquin","total",1450,1450,100,25400,57.1
2019,"DHB","Northland","depquin","total",2311,2311,100,30110,76.8
2019,"DHB","South Canterbury","depquin","total",621,621,100,9870,62.9
2019,"DHB","Southern","depquin","total",3442,3442,100,69680,49.4
2019,"DHB","Tairawhiti","depquin","total",683,683,100,8950,76.3
2019,"DHB","Taranaki","depquin","total",1508,1508,100,21400,70.5
2019,"DHB","Unknown","depquin","total",445,445,NA,NA,NA
2019,"DHB","Waikato","depquin","total",5445,5445,100,82640,65.9
2019,"DHB","Wairarapa","depquin","total",518,518,100,7490,69.2
2019,"DHB","Waitemata","depquin","total",7778,7778,100,130210,59.7
2019,"DHB","West Coast","depquin","total",346,346,100,5060,68.4
2019,"DHB","Whanganui","depquin","total",863,863,100,11170,77.3
2020,"DHB","Auckland","depquin","total",5155,5155,100,121410,42.5
2020,"DHB","Bay of Plenty","depquin","total",3131,3131,100,46350,67.6
2020,"DHB","Canterbury","depquin","total",6171,6171,100,115310,53.5
2020,"DHB","Capital & Coast","depquin","total",3093,3093,100,75930,40.7
2020,"DHB","Counties Manukau","depquin","total",8406,8406,100,127220,66.1
2020,"DHB","Hawke's Bay","depquin","total",2069,2069,100,31040,66.7
2020,"DHB","Hutt Valley","depquin","total",2011,2011,100,31910,63
2020,"DHB","Lakes","depquin","total",1430,1430,100,21940,65.2
2020,"DHB","MidCentral","depquin","total",2159,2159,100,35510,60.8
2020,"DHB","Nelson Marlborough","depquin","total",1416,1416,100,26330,53.8
2020,"DHB","Northland","depquin","total",2379,2379,100,31060,76.6
2020,"DHB","South Canterbury","depquin","total",589,589,100,10000,58.9
2020,"DHB","Southern","depquin","total",3275,3275,100,71250,46
2020,"DHB","Tairawhiti","depquin","total",708,708,100,9200,77
2020,"DHB","Taranaki","depquin","total",1452,1452,100,21780,66.7
2020,"DHB","Unknown","depquin","total",570,570,NA,NA,NA
2020,"DHB","Waikato","depquin","total",5566,5566,100,85330,65.2
2020,"DHB","Wairarapa","depquin","total",526,526,100,7740,68
2020,"DHB","Waitemata","depquin","total",7478,7478,100,131990,56.7
2020,"DHB","West Coast","depquin","total",289,289,100,5080,56.9
2020,"DHB","Whanganui","depquin","total",820,820,100,11480,71.4
2021,"DHB","Auckland","depquin","total",5439,5439,100,116690,46.6
2021,"DHB","Bay of Plenty","depquin","total",3382,3382,100,47030,71.9
2021,"DHB","Canterbury","depquin","total",6794,6794,100,115980,58.6
2021,"DHB","Capital & Coast","depquin","total",3320,3320,100,76440,43.4
2021,"DHB","Counties Manukau","depquin","total",8788,8788,100,127720,68.8
2021,"DHB","Hawke's Bay","depquin","total",2261,2261,100,31190,72.5
2021,"DHB","Hutt Valley","depquin","total",2050,2050,100,32130,63.8
2021,"DHB","Lakes","depquin","total",1626,1626,100,21740,74.8
2021,"DHB","MidCentral","depquin","total",2310,2310,100,35880,64.4
2021,"DHB","Nelson Marlborough","depquin","total",1510,1510,100,26200,57.6
2021,"DHB","Northland","depquin","total",2425,2425,100,31540,76.9
2021,"DHB","South Canterbury","depquin","total",636,636,100,9860,64.5
2021,"DHB","Southern","depquin","total",3529,3529,100,71000,49.7
2021,"DHB","Tairawhiti","depquin","total",753,753,100,9240,81.5
2021,"DHB","Taranaki","depquin","total",1580,1580,100,21940,72
2021,"DHB","Unknown","depquin","total",484,484,NA,NA,NA
2021,"DHB","Waikato","depquin","total",5957,5957,100,85700,69.5
2021,"DHB","Wairarapa","depquin","total",571,571,100,7830,72.9
2021,"DHB","Waitemata","depquin","total",7871,7871,100,130670,60.2
2021,"DHB","West Coast","depquin","total",336,336,100,5000,67.2
2021,"DHB","Whanganui","depquin","total",819,819,100,11600,70.6
2022,"DHB","Auckland","depquin","total",4953,4953,100,111530,44.4
2022,"DHB","Bay of Plenty","depquin","total",3147,3147,100,47290,66.5
2022,"DHB","Canterbury","depquin","total",6453,6453,100,116720,55.3
2022,"DHB","Capital & Coast","depquin","total",2892,2892,100,76090,38
2022,"DHB","Counties Manukau","depquin","total",8052,8052,100,128540,62.6
2022,"DHB","Hawke's Bay","depquin","total",2046,2046,100,31180,65.6
2022,"DHB","Hutt Valley","depquin","total",1844,1844,100,32200,57.3
2022,"DHB","Lakes","depquin","total",1560,1560,100,21540,72.4
2022,"DHB","MidCentral","depquin","total",2157,2157,100,35960,60
2022,"DHB","Nelson Marlborough","depquin","total",1387,1387,100,25900,53.6
2022,"DHB","Northland","depquin","total",2366,2366,100,31860,74.3
2022,"DHB","South Canterbury","depquin","total",578,578,100,9840,58.7
2022,"DHB","Southern","depquin","total",3319,3319,100,71060,46.7
2022,"DHB","Tairawhiti","depquin","total",715,715,100,9240,77.4
2022,"DHB","Taranaki","depquin","total",1397,1397,100,21990,63.5
2022,"DHB","Unknown","depquin","total",694,694,NA,NA,NA
2022,"DHB","Waikato","depquin","total",5411,5411,100,85840,63
2022,"DHB","Wairarapa","depquin","total",525,525,100,7900,66.5
2022,"DHB","Waitemata","depquin","total",7353,7353,100,129150,56.9
2022,"DHB","West Coast","depquin","total",294,294,100,4950,59.4
2022,"DHB","Whanganui","depquin","total",814,814,100,11640,69.9
2008,"DHB","Auckland","agegrp1","20-24",845,6684,12.6,20140,42
2008,"DHB","Auckland","agegrp1","25-29",1497,6684,22.4,20690,72.4
2008,"DHB","Auckland","agegrp1","30-34",2107,6684,31.5,18590,113.3
2008,"DHB","Auckland","agegrp1","35-39",1565,6684,23.4,18500,84.6
2008,"DHB","Auckland","agegrp1","40+",357,6684,5.3,17080,20.9
2008,"DHB","Auckland","agegrp1","<20",313,6684,4.7,15350,20.4
2008,"DHB","Bay of Plenty","agegrp1","20-24",587,2974,19.7,5000,117.4
2008,"DHB","Bay of Plenty","agegrp1","25-29",712,2974,23.9,5280,134.8
2008,"DHB","Bay of Plenty","agegrp1","30-34",782,2974,26.3,5900,132.5
2008,"DHB","Bay of Plenty","agegrp1","35-39",482,2974,16.2,7490,64.4
2008,"DHB","Bay of Plenty","agegrp1","40+",87,2974,2.9,7610,11.4
2008,"DHB","Bay of Plenty","agegrp1","<20",324,2974,10.9,7150,45.3
2008,"DHB","Canterbury","agegrp1","20-24",978,6651,14.7,17130,57.1
2008,"DHB","Canterbury","agegrp1","25-29",1589,6651,23.9,15370,103.4
2008,"DHB","Canterbury","agegrp1","30-34",2069,6651,31.1,16400,126.2
2008,"DHB","Canterbury","agegrp1","35-39",1383,6651,20.8,19510,70.9
2008,"DHB","Canterbury","agegrp1","40+",238,6651,3.6,19090,12.5
2008,"DHB","Canterbury","agegrp1","<20",394,6651,5.9,16850,23.4
2008,"DHB","Capital & Coast","agegrp1","20-24",538,4078,13.2,12500,43
2008,"DHB","Capital & Coast","agegrp1","25-29",819,4078,20.1,11450,71.5
2008,"DHB","Capital & Coast","agegrp1","30-34",1304,4078,32,11220,116.2
2008,"DHB","Capital & Coast","agegrp1","35-39",1010,4078,24.8,12170,83
2008,"DHB","Capital & Coast","agegrp1","40+",202,4078,5,11380,17.8
2008,"DHB","Capital & Coast","agegrp1","<20",205,4078,5,10300,19.9
2008,"DHB","Counties Manukau","agegrp1","20-24",1890,8831,21.4,16500,114.5
2008,"DHB","Counties Manukau","agegrp1","25-29",2285,8831,25.9,15950,143.3
2008,"DHB","Counties Manukau","agegrp1","30-34",2103,8831,23.8,16040,131.1
2008,"DHB","Counties Manukau","agegrp1","35-39",1329,8831,15,18690,71.1
2008,"DHB","Counties Manukau","agegrp1","40+",350,8831,4,18240,19.2
2008,"DHB","Counties Manukau","agegrp1","<20",874,8831,9.9,19030,45.9
2008,"DHB","Hawke's Bay","agegrp1","20-24",516,2360,21.9,3860,133.7
2008,"DHB","Hawke's Bay","agegrp1","25-29",573,2360,24.3,4020,142.5
2008,"DHB","Hawke's Bay","agegrp1","30-34",586,2360,24.8,4670,125.5
2008,"DHB","Hawke's Bay","agegrp1","35-39",359,2360,15.2,5520,65
2008,"DHB","Hawke's Bay","agegrp1","40+",64,2360,2.7,5660,11.3
2008,"DHB","Hawke's Bay","agegrp1","<20",262,2360,11.1,5660,46.3
2008,"DHB","Hutt Valley","agegrp1","20-24",402,2252,17.9,4320,93.1
2008,"DHB","Hutt Valley","agegrp1","25-29",548,2252,24.3,4340,126.3
2008,"DHB","Hutt Valley","agegrp1","30-34",623,2252,27.7,4820,129.3
2008,"DHB","Hutt Valley","agegrp1","35-39",399,2252,17.7,5690,70.1
2008,"DHB","Hutt Valley","agegrp1","40+",80,2252,3.6,5560,14.4
2008,"DHB","Hutt Valley","agegrp1","<20",200,2252,8.9,5200,38.5
2008,"DHB","Lakes","agegrp1","20-24",403,1745,23.1,2810,143.4
2008,"DHB","Lakes","agegrp1","25-29",407,1745,23.3,2990,136.1
2008,"DHB","Lakes","agegrp1","30-34",413,1745,23.7,3290,125.5
2008,"DHB","Lakes","agegrp1","35-39",249,1745,14.3,3830,65
2008,"DHB","Lakes","agegrp1","40+",42,1745,2.4,3780,11.1
2008,"DHB","Lakes","agegrp1","<20",231,1745,13.2,3740,61.8
2008,"DHB","MidCentral","agegrp1","20-24",548,2363,23.2,5960,91.9
2008,"DHB","MidCentral","agegrp1","25-29",584,2363,24.7,4950,118
2008,"DHB","MidCentral","agegrp1","30-34",609,2363,25.8,4900,124.3
2008,"DHB","MidCentral","agegrp1","35-39",336,2363,14.2,5690,59.1
2008,"DHB","MidCentral","agegrp1","40+",60,2363,2.5,5850,10.3
2008,"DHB","MidCentral","agegrp1","<20",226,2363,9.6,6490,34.8
2008,"DHB","Nelson Marlborough","agegrp1","20-24",304,1738,17.5,3060,99.3
2008,"DHB","Nelson Marlborough","agegrp1","25-29",459,1738,26.4,3330,137.8
2008,"DHB","Nelson Marlborough","agegrp1","30-34",467,1738,26.9,3900,119.7
2008,"DHB","Nelson Marlborough","agegrp1","35-39",316,1738,18.2,4990,63.3
2008,"DHB","Nelson Marlborough","agegrp1","40+",65,1738,3.7,5290,12.3
2008,"DHB","Nelson Marlborough","agegrp1","<20",127,1738,7.3,4280,29.7
2008,"DHB","Northland","agegrp1","20-24",524,2284,22.9,3680,142.4
2008,"DHB","Northland","agegrp1","25-29",574,2284,25.1,3590,159.9
2008,"DHB","Northland","agegrp1","30-34",503,2284,22,4190,120
2008,"DHB","Northland","agegrp1","35-39",336,2284,14.7,5300,63.4
2008,"DHB","Northland","agegrp1","40+",73,2284,3.2,5780,12.6
2008,"DHB","Northland","agegrp1","<20",274,2284,12,5590,49
2008,"DHB","South Canterbury","agegrp1","20-24",136,669,20.3,1130,120.4
2008,"DHB","South Canterbury","agegrp1","25-29",167,669,25,1230,135.8
2008,"DHB","South Canterbury","agegrp1","30-34",162,669,24.2,1460,111
2008,"DHB","South Canterbury","agegrp1","35-39",130,669,19.4,1860,69.9
2008,"DHB","South Canterbury","agegrp1","40+",14,669,2.1,2080,6.7
2008,"DHB","South Canterbury","agegrp1","<20",60,669,9,1770,33.9
2008,"DHB","Southern","agegrp1","20-24",625,3715,16.8,11860,52.7
2008,"DHB","Southern","agegrp1","25-29",949,3715,25.5,9040,105
2008,"DHB","Southern","agegrp1","30-34",1121,3715,30.2,9260,121.1
2008,"DHB","Southern","agegrp1","35-39",639,3715,17.2,10570,60.5
2008,"DHB","Southern","agegrp1","40+",127,3715,3.4,10760,11.8
2008,"DHB","Southern","agegrp1","<20",254,3715,6.8,11680,21.7
2008,"DHB","Tairawhiti","agegrp1","20-24",208,845,24.6,1340,155.2
2008,"DHB","Tairawhiti","agegrp1","25-29",218,845,25.8,1270,171.7
2008,"DHB","Tairawhiti","agegrp1","30-34",164,845,19.4,1360,120.6
2008,"DHB","Tairawhiti","agegrp1","35-39",127,845,15,1640,77.4
2008,"DHB","Tairawhiti","agegrp1","40+",16,845,1.9,1620,9.9
2008,"DHB","Tairawhiti","agegrp1","<20",112,845,13.3,1860,60.2
2008,"DHB","Taranaki","agegrp1","20-24",353,1633,21.6,2890,122.1
2008,"DHB","Taranaki","agegrp1","25-29",416,1633,25.5,2960,140.5
2008,"DHB","Taranaki","agegrp1","30-34",402,1633,24.6,3310,121.5
2008,"DHB","Taranaki","agegrp1","35-39",250,1633,15.3,3910,63.9
2008,"DHB","Taranaki","agegrp1","40+",39,1633,2.4,3880,10.1
2008,"DHB","Taranaki","agegrp1","<20",173,1633,10.6,3910,44.2
2008,"DHB","Unknown","agegrp1","20-24",80,484,NA,NA,NA
2008,"DHB","Unknown","agegrp1","25-29",110,484,NA,NA,NA
2008,"DHB","Unknown","agegrp1","30-34",124,484,NA,NA,NA
2008,"DHB","Unknown","agegrp1","35-39",90,484,NA,NA,NA
2008,"DHB","Unknown","agegrp1","40+",42,484,NA,NA,NA
2008,"DHB","Unknown","agegrp1","<20",38,484,NA,NA,NA
2008,"DHB","Waikato","agegrp1","20-24",1230,5678,21.7,12190,100.9
2008,"DHB","Waikato","agegrp1","25-29",1476,5678,26,10850,136
2008,"DHB","Waikato","agegrp1","30-34",1384,5678,24.4,11050,125.2
2008,"DHB","Waikato","agegrp1","35-39",835,5678,14.7,13050,64
2008,"DHB","Waikato","agegrp1","40+",170,5678,3,13010,13.1
2008,"DHB","Waikato","agegrp1","<20",583,5678,10.3,13890,42
2008,"DHB","Wairarapa","agegrp1","20-24",89,512,17.4,800,111.2
2008,"DHB","Wairarapa","agegrp1","25-29",143,512,27.9,930,153.8
2008,"DHB","Wairarapa","agegrp1","30-34",141,512,27.5,1040,135.6
2008,"DHB","Wairarapa","agegrp1","35-39",77,512,15,1390,55.4
2008,"DHB","Wairarapa","agegrp1","40+",12,512,2.3,1410,8.5
2008,"DHB","Wairarapa","agegrp1","<20",50,512,9.8,1420,35.2
2008,"DHB","Waitemata","agegrp1","20-24",1149,7790,14.7,16800,68.4
2008,"DHB","Waitemata","agegrp1","25-29",1823,7790,23.4,16830,108.3
2008,"DHB","Waitemata","agegrp1","30-34",2359,7790,30.3,17970,131.3
2008,"DHB","Waitemata","agegrp1","35-39",1643,7790,21.1,21710,75.7
2008,"DHB","Waitemata","agegrp1","40+",368,7790,4.7,21670,17
2008,"DHB","Waitemata","agegrp1","<20",448,7790,5.8,18940,23.7
2008,"DHB","West Coast","agegrp1","20-24",91,434,21,740,123
2008,"DHB","West Coast","agegrp1","25-29",114,434,26.3,820,139
2008,"DHB","West Coast","agegrp1","30-34",103,434,23.7,960,107.3
2008,"DHB","West Coast","agegrp1","35-39",70,434,16.1,1190,58.8
2008,"DHB","West Coast","agegrp1","40+",21,434,4.8,1290,16.3
2008,"DHB","West Coast","agegrp1","<20",35,434,8.1,1050,33.3
2008,"DHB","Whanganui","agegrp1","20-24",241,915,26.3,1630,147.9
2008,"DHB","Whanganui","agegrp1","25-29",228,915,24.9,1530,149
2008,"DHB","Whanganui","agegrp1","30-34",196,915,21.4,1720,114
2008,"DHB","Whanganui","agegrp1","35-39",116,915,12.7,2090,55.5
2008,"DHB","Whanganui","agegrp1","40+",23,915,2.5,2270,10.1
2008,"DHB","Whanganui","agegrp1","<20",111,915,12.1,2390,46.4
2009,"DHB","Auckland","agegrp1","20-24",869,6849,12.7,19930,43.6
2009,"DHB","Auckland","agegrp1","25-29",1530,6849,22.3,20770,73.7
2009,"DHB","Auckland","agegrp1","30-34",2235,6849,32.6,18600,120.2
2009,"DHB","Auckland","agegrp1","35-39",1604,6849,23.4,18430,87
2009,"DHB","Auckland","agegrp1","40+",338,6849,4.9,17090,19.8
2009,"DHB","Auckland","agegrp1","<20",273,6849,4,15770,17.3
2009,"DHB","Bay of Plenty","agegrp1","20-24",669,2996,22.3,5200,128.7
2009,"DHB","Bay of Plenty","agegrp1","25-29",727,2996,24.3,5320,136.7
2009,"DHB","Bay of Plenty","agegrp1","30-34",758,2996,25.3,5870,129.1
2009,"DHB","Bay of Plenty","agegrp1","35-39",451,2996,15.1,7430,60.7
2009,"DHB","Bay of Plenty","agegrp1","40+",95,2996,3.2,7600,12.5
2009,"DHB","Bay of Plenty","agegrp1","<20",296,2996,9.9,7110,41.6
2009,"DHB","Canterbury","agegrp1","20-24",1031,6558,15.7,17120,60.2
2009,"DHB","Canterbury","agegrp1","25-29",1563,6558,23.8,15600,100.2
2009,"DHB","Canterbury","agegrp1","30-34",1950,6558,29.7,16170,120.6
2009,"DHB","Canterbury","agegrp1","35-39",1405,6558,21.4,19320,72.7
2009,"DHB","Canterbury","agegrp1","40+",264,6558,4,19130,13.8
2009,"DHB","Canterbury","agegrp1","<20",345,6558,5.3,16950,20.4
2009,"DHB","Capital & Coast","agegrp1","20-24",486,4056,12,12480,38.9
2009,"DHB","Capital & Coast","agegrp1","25-29",837,4056,20.6,11510,72.7
2009,"DHB","Capital & Coast","agegrp1","30-34",1348,4056,33.2,11040,122.1
2009,"DHB","Capital & Coast","agegrp1","35-39",988,4056,24.4,12160,81.2
2009,"DHB","Capital & Coast","agegrp1","40+",198,4056,4.9,11350,17.4
2009,"DHB","Capital & Coast","agegrp1","<20",199,4056,4.9,10480,19
2009,"DHB","Counties Manukau","agegrp1","20-24",1985,8612,23,16620,119.4
2009,"DHB","Counties Manukau","agegrp1","25-29",2319,8612,26.9,16280,142.4
2009,"DHB","Counties Manukau","agegrp1","30-34",1981,8612,23,15920,124.4
2009,"DHB","Counties Manukau","agegrp1","35-39",1225,8612,14.2,18290,67
2009,"DHB","Counties Manukau","agegrp1","40+",310,8612,3.6,18450,16.8
2009,"DHB","Counties Manukau","agegrp1","<20",792,8612,9.2,19340,41
2009,"DHB","Hawke's Bay","agegrp1","20-24",541,2441,22.2,4030,134.2
2009,"DHB","Hawke's Bay","agegrp1","25-29",559,2441,22.9,3970,140.8
2009,"DHB","Hawke's Bay","agegrp1","30-34",643,2441,26.3,4520,142.3
2009,"DHB","Hawke's Bay","agegrp1","35-39",364,2441,14.9,5550,65.6
2009,"DHB","Hawke's Bay","agegrp1","40+",66,2441,2.7,5530,11.9
2009,"DHB","Hawke's Bay","agegrp1","<20",268,2441,11,5520,48.6
2009,"DHB","Hutt Valley","agegrp1","20-24",423,2235,18.9,4390,96.4
2009,"DHB","Hutt Valley","agegrp1","25-29",515,2235,23,4420,116.5
2009,"DHB","Hutt Valley","agegrp1","30-34",613,2235,27.4,4690,130.7
2009,"DHB","Hutt Valley","agegrp1","35-39",413,2235,18.5,5650,73.1
2009,"DHB","Hutt Valley","agegrp1","40+",89,2235,4,5510,16.2
2009,"DHB","Hutt Valley","agegrp1","<20",182,2235,8.1,5100,35.7
2009,"DHB","Lakes","agegrp1","20-24",394,1683,23.4,2930,134.5
2009,"DHB","Lakes","agegrp1","25-29",425,1683,25.3,2910,146
2009,"DHB","Lakes","agegrp1","30-34",379,1683,22.5,3250,116.6
2009,"DHB","Lakes","agegrp1","35-39",254,1683,15.1,3720,68.3
2009,"DHB","Lakes","agegrp1","40+",52,1683,3.1,3760,13.8
2009,"DHB","Lakes","agegrp1","<20",179,1683,10.6,3640,49.2
2009,"DHB","MidCentral","agegrp1","20-24",507,2211,22.9,6030,84.1
2009,"DHB","MidCentral","agegrp1","25-29",575,2211,26,4980,115.5
2009,"DHB","MidCentral","agegrp1","30-34",536,2211,24.2,4840,110.7
2009,"DHB","MidCentral","agegrp1","35-39",322,2211,14.6,5640,57.1
2009,"DHB","MidCentral","agegrp1","40+",65,2211,2.9,5770,11.3
2009,"DHB","MidCentral","agegrp1","<20",206,2211,9.3,6390,32.2
2009,"DHB","Nelson Marlborough","agegrp1","20-24",289,1696,17,3120,92.6
2009,"DHB","Nelson Marlborough","agegrp1","25-29",427,1696,25.2,3350,127.5
2009,"DHB","Nelson Marlborough","agegrp1","30-34",484,1696,28.5,3830,126.4
2009,"DHB","Nelson Marlborough","agegrp1","35-39",310,1696,18.3,4940,62.8
2009,"DHB","Nelson Marlborough","agegrp1","40+",82,1696,4.8,5260,15.6
2009,"DHB","Nelson Marlborough","agegrp1","<20",104,1696,6.1,4190,24.8
2009,"DHB","Northland","agegrp1","20-24",565,2312,24.4,3870,146
2009,"DHB","Northland","agegrp1","25-29",576,2312,24.9,3600,160
2009,"DHB","Northland","agegrp1","30-34",497,2312,21.5,4120,120.6
2009,"DHB","Northland","agegrp1","35-39",307,2312,13.3,5210,58.9
2009,"DHB","Northland","agegrp1","40+",90,2312,3.9,5760,15.6
2009,"DHB","Northland","agegrp1","<20",277,2312,12,5600,49.5
2009,"DHB","South Canterbury","agegrp1","20-24",127,661,19.2,1180,107.6
2009,"DHB","South Canterbury","agegrp1","25-29",163,661,24.7,1240,131.5
2009,"DHB","South Canterbury","agegrp1","30-34",176,661,26.6,1420,123.9
2009,"DHB","South Canterbury","agegrp1","35-39",123,661,18.6,1870,65.8
2009,"DHB","South Canterbury","agegrp1","40+",20,661,3,2010,10
2009,"DHB","South Canterbury","agegrp1","<20",52,661,7.9,1740,29.9
2009,"DHB","Southern","agegrp1","20-24",609,3757,16.2,11920,51.1
2009,"DHB","Southern","agegrp1","25-29",969,3757,25.8,9020,107.4
2009,"DHB","Southern","agegrp1","30-34",1137,3757,30.3,9190,123.7
2009,"DHB","Southern","agegrp1","35-39",654,3757,17.4,10460,62.5
2009,"DHB","Southern","agegrp1","40+",132,3757,3.5,10610,12.4
2009,"DHB","Southern","agegrp1","<20",256,3757,6.8,11620,22
2009,"DHB","Tairawhiti","agegrp1","20-24",204,764,26.7,1370,148.9
2009,"DHB","Tairawhiti","agegrp1","25-29",177,764,23.2,1280,138.3
2009,"DHB","Tairawhiti","agegrp1","30-34",154,764,20.2,1380,111.6
2009,"DHB","Tairawhiti","agegrp1","35-39",90,764,11.8,1620,55.6
2009,"DHB","Tairawhiti","agegrp1","40+",31,764,4.1,1640,18.9
2009,"DHB","Tairawhiti","agegrp1","<20",108,764,14.1,1780,60.7
2009,"DHB","Taranaki","agegrp1","20-24",339,1631,20.8,3020,112.3
2009,"DHB","Taranaki","agegrp1","25-29",417,1631,25.6,3010,138.5
2009,"DHB","Taranaki","agegrp1","30-34",416,1631,25.5,3230,128.8
2009,"DHB","Taranaki","agegrp1","35-39",271,1631,16.6,3960,68.4
2009,"DHB","Taranaki","agegrp1","40+",51,1631,3.1,3890,13.1
2009,"DHB","Taranaki","agegrp1","<20",137,1631,8.4,3770,36.3
2009,"DHB","Unknown","agegrp1","20-24",90,475,NA,NA,NA
2009,"DHB","Unknown","agegrp1","25-29",123,475,NA,NA,NA
2009,"DHB","Unknown","agegrp1","30-34",128,475,NA,NA,NA
2009,"DHB","Unknown","agegrp1","35-39",78,475,NA,NA,NA
2009,"DHB","Unknown","agegrp1","40+",31,475,NA,NA,NA
2009,"DHB","Unknown","agegrp1","<20",25,475,NA,NA,NA
2009,"DHB","Waikato","agegrp1","20-24",1216,5558,21.9,12420,97.9
2009,"DHB","Waikato","agegrp1","25-29",1477,5558,26.6,11060,133.5
2009,"DHB","Waikato","agegrp1","30-34",1374,5558,24.7,11010,124.8
2009,"DHB","Waikato","agegrp1","35-39",811,5558,14.6,12900,62.9
2009,"DHB","Waikato","agegrp1","40+",167,5558,3,13010,12.8
2009,"DHB","Waikato","agegrp1","<20",513,5558,9.2,13690,37.5
2009,"DHB","Wairarapa","agegrp1","20-24",117,544,21.5,870,134.5
2009,"DHB","Wairarapa","agegrp1","25-29",148,544,27.2,940,157.4
2009,"DHB","Wairarapa","agegrp1","30-34",131,544,24.1,1000,131
2009,"DHB","Wairarapa","agegrp1","35-39",84,544,15.4,1380,60.9
2009,"DHB","Wairarapa","agegrp1","40+",20,544,3.7,1430,14
2009,"DHB","Wairarapa","agegrp1","<20",44,544,8.1,1390,31.7
2009,"DHB","Waitemata","agegrp1","20-24",1126,7843,14.4,16740,67.3
2009,"DHB","Waitemata","agegrp1","25-29",1918,7843,24.5,17370,110.4
2009,"DHB","Waitemata","agegrp1","30-34",2364,7843,30.1,17770,133
2009,"DHB","Waitemata","agegrp1","35-39",1606,7843,20.5,21340,75.3
2009,"DHB","Waitemata","agegrp1","40+",361,7843,4.6,21800,16.6
2009,"DHB","Waitemata","agegrp1","<20",468,7843,6,19290,24.3
2009,"DHB","West Coast","agegrp1","20-24",94,429,21.9,780,120.5
2009,"DHB","West Coast","agegrp1","25-29",110,429,25.6,820,134.1
2009,"DHB","West Coast","agegrp1","30-34",100,429,23.3,930,107.5
2009,"DHB","West Coast","agegrp1","35-39",68,429,15.9,1180,57.6
2009,"DHB","West Coast","agegrp1","40+",20,429,4.7,1240,16.1
2009,"DHB","West Coast","agegrp1","<20",37,429,8.6,1060,34.9
2009,"DHB","Whanganui","agegrp1","20-24",250,930,26.9,1720,145.3
2009,"DHB","Whanganui","agegrp1","25-29",241,930,25.9,1550,155.5
2009,"DHB","Whanganui","agegrp1","30-34",182,930,19.6,1650,110.3
2009,"DHB","Whanganui","agegrp1","35-39",120,930,12.9,2060,58.3
2009,"DHB","Whanganui","agegrp1","40+",29,930,3.1,2200,13.2
2009,"DHB","Whanganui","agegrp1","<20",108,930,11.6,2290,47.2
2010,"DHB","Auckland","agegrp1","20-24",828,6778,12.2,20090,41.2
2010,"DHB","Auckland","agegrp1","25-29",1557,6778,23,20970,74.2
2010,"DHB","Auckland","agegrp1","30-34",2175,6778,32.1,18620,116.8
2010,"DHB","Auckland","agegrp1","35-39",1608,6778,23.7,18250,88.1
2010,"DHB","Auckland","agegrp1","40+",357,6778,5.3,17130,20.8
2010,"DHB","Auckland","agegrp1","<20",253,6778,3.7,16050,15.8
2010,"DHB","Bay of Plenty","agegrp1","20-24",680,3024,22.5,5460,124.5
2010,"DHB","Bay of Plenty","agegrp1","25-29",758,3024,25.1,5360,141.4
2010,"DHB","Bay of Plenty","agegrp1","30-34",761,3024,25.2,5790,131.4
2010,"DHB","Bay of Plenty","agegrp1","35-39",458,3024,15.1,7330,62.5
2010,"DHB","Bay of Plenty","agegrp1","40+",104,3024,3.4,7760,13.4
2010,"DHB","Bay of Plenty","agegrp1","<20",263,3024,8.7,6990,37.6
2010,"DHB","Canterbury","agegrp1","20-24",1089,6691,16.3,17380,62.7
2010,"DHB","Canterbury","agegrp1","25-29",1598,6691,23.9,15790,101.2
2010,"DHB","Canterbury","agegrp1","30-34",2031,6691,30.4,16000,126.9
2010,"DHB","Canterbury","agegrp1","35-39",1328,6691,19.8,19030,69.8
2010,"DHB","Canterbury","agegrp1","40+",295,6691,4.4,19340,15.3
2010,"DHB","Canterbury","agegrp1","<20",350,6691,5.2,16880,20.7
2010,"DHB","Capital & Coast","agegrp1","20-24",487,3988,12.2,12640,38.5
2010,"DHB","Capital & Coast","agegrp1","25-29",792,3988,19.9,11440,69.2
2010,"DHB","Capital & Coast","agegrp1","30-34",1318,3988,33,10920,120.7
2010,"DHB","Capital & Coast","agegrp1","35-39",1002,3988,25.1,11980,83.6
2010,"DHB","Capital & Coast","agegrp1","40+",213,3988,5.3,11460,18.6
2010,"DHB","Capital & Coast","agegrp1","<20",176,3988,4.4,10630,16.6
2010,"DHB","Counties Manukau","agegrp1","20-24",1941,8805,22,17030,114
2010,"DHB","Counties Manukau","agegrp1","25-29",2449,8805,27.8,16590,147.6
2010,"DHB","Counties Manukau","agegrp1","30-34",2128,8805,24.2,16050,132.6
2010,"DHB","Counties Manukau","agegrp1","35-39",1193,8805,13.5,17840,66.9
2010,"DHB","Counties Manukau","agegrp1","40+",344,8805,3.9,18480,18.6
2010,"DHB","Counties Manukau","agegrp1","<20",750,8805,8.5,19610,38.2
2010,"DHB","Hawke's Bay","agegrp1","20-24",520,2342,22.2,4240,122.6
2010,"DHB","Hawke's Bay","agegrp1","25-29",547,2342,23.4,3970,137.8
2010,"DHB","Hawke's Bay","agegrp1","30-34",571,2342,24.4,4400,129.8
2010,"DHB","Hawke's Bay","agegrp1","35-39",376,2342,16.1,5540,67.9
2010,"DHB","Hawke's Bay","agegrp1","40+",91,2342,3.9,5540,16.4
2010,"DHB","Hawke's Bay","agegrp1","<20",237,2342,10.1,5350,44.3
2010,"DHB","Hutt Valley","agegrp1","20-24",427,2158,19.8,4470,95.5
2010,"DHB","Hutt Valley","agegrp1","25-29",538,2158,24.9,4440,121.2
2010,"DHB","Hutt Valley","agegrp1","30-34",602,2158,27.9,4710,127.8
2010,"DHB","Hutt Valley","agegrp1","35-39",346,2158,16,5510,62.8
2010,"DHB","Hutt Valley","agegrp1","40+",85,2158,3.9,5560,15.3
2010,"DHB","Hutt Valley","agegrp1","<20",160,2158,7.4,5050,31.7
2010,"DHB","Lakes","agegrp1","20-24",417,1615,25.8,3060,136.3
2010,"DHB","Lakes","agegrp1","25-29",380,1615,23.5,2920,130.1
2010,"DHB","Lakes","agegrp1","30-34",364,1615,22.5,3190,114.1
2010,"DHB","Lakes","agegrp1","35-39",225,1615,13.9,3620,62.2
2010,"DHB","Lakes","agegrp1","40+",59,1615,3.7,3770,15.6
2010,"DHB","Lakes","agegrp1","<20",170,1615,10.5,3550,47.9
2010,"DHB","MidCentral","agegrp1","20-24",563,2352,23.9,6170,91.2
2010,"DHB","MidCentral","agegrp1","25-29",631,2352,26.8,5020,125.7
2010,"DHB","MidCentral","agegrp1","30-34",548,2352,23.3,4760,115.1
2010,"DHB","MidCentral","agegrp1","35-39",318,2352,13.5,5530,57.5
2010,"DHB","MidCentral","agegrp1","40+",72,2352,3.1,5740,12.5
2010,"DHB","MidCentral","agegrp1","<20",220,2352,9.4,6410,34.3
2010,"DHB","Nelson Marlborough","agegrp1","20-24",292,1706,17.1,3240,90.1
2010,"DHB","Nelson Marlborough","agegrp1","25-29",450,1706,26.4,3340,134.7
2010,"DHB","Nelson Marlborough","agegrp1","30-34",476,1706,27.9,3730,127.6
2010,"DHB","Nelson Marlborough","agegrp1","35-39",313,1706,18.3,4880,64.1
2010,"DHB","Nelson Marlborough","agegrp1","40+",71,1706,4.2,5300,13.4
2010,"DHB","Nelson Marlborough","agegrp1","<20",104,1706,6.1,4060,25.6
2010,"DHB","Northland","agegrp1","20-24",647,2479,26.1,4070,159
2010,"DHB","Northland","agegrp1","25-29",592,2479,23.9,3700,160
2010,"DHB","Northland","agegrp1","30-34",549,2479,22.1,4040,135.9
2010,"DHB","Northland","agegrp1","35-39",323,2479,13,5160,62.6
2010,"DHB","Northland","agegrp1","40+",89,2479,3.6,5680,15.7
2010,"DHB","Northland","agegrp1","<20",279,2479,11.3,5510,50.6
2010,"DHB","South Canterbury","agegrp1","20-24",129,670,19.3,1270,101.6
2010,"DHB","South Canterbury","agegrp1","25-29",175,670,26.1,1260,138.9
2010,"DHB","South Canterbury","agegrp1","30-34",190,670,28.4,1400,135.7
2010,"DHB","South Canterbury","agegrp1","35-39",113,670,16.9,1830,61.7
2010,"DHB","South Canterbury","agegrp1","40+",15,670,2.2,2000,7.5
2010,"DHB","South Canterbury","agegrp1","<20",48,670,7.2,1740,27.6
2010,"DHB","Southern","agegrp1","20-24",648,3689,17.6,12030,53.9
2010,"DHB","Southern","agegrp1","25-29",1009,3689,27.4,9110,110.8
2010,"DHB","Southern","agegrp1","30-34",1084,3689,29.4,9120,118.9
2010,"DHB","Southern","agegrp1","35-39",619,3689,16.8,10340,59.9
2010,"DHB","Southern","agegrp1","40+",130,3689,3.5,10630,12.2
2010,"DHB","Southern","agegrp1","<20",199,3689,5.4,11570,17.2
2010,"DHB","Tairawhiti","agegrp1","20-24",201,765,26.3,1450,138.6
2010,"DHB","Tairawhiti","agegrp1","25-29",184,765,24.1,1310,140.5
2010,"DHB","Tairawhiti","agegrp1","30-34",164,765,21.4,1350,121.5
2010,"DHB","Tairawhiti","agegrp1","35-39",101,765,13.2,1580,63.9
2010,"DHB","Tairawhiti","agegrp1","40+",31,765,4.1,1650,18.8
2010,"DHB","Tairawhiti","agegrp1","<20",84,765,11,1750,48
2010,"DHB","Taranaki","agegrp1","20-24",372,1592,23.4,3210,115.9
2010,"DHB","Taranaki","agegrp1","25-29",403,1592,25.3,3030,133
2010,"DHB","Taranaki","agegrp1","30-34",405,1592,25.4,3250,124.6
2010,"DHB","Taranaki","agegrp1","35-39",222,1592,13.9,3910,56.8
2010,"DHB","Taranaki","agegrp1","40+",55,1592,3.5,3970,13.9
2010,"DHB","Taranaki","agegrp1","<20",135,1592,8.5,3620,37.3
2010,"DHB","Unknown","agegrp1","20-24",59,386,NA,NA,NA
2010,"DHB","Unknown","agegrp1","25-29",97,386,NA,NA,NA
2010,"DHB","Unknown","agegrp1","30-34",99,386,NA,NA,NA
2010,"DHB","Unknown","agegrp1","35-39",71,386,NA,NA,NA
2010,"DHB","Unknown","agegrp1","40+",32,386,NA,NA,NA
2010,"DHB","Unknown","agegrp1","<20",28,386,NA,NA,NA
2010,"DHB","Waikato","agegrp1","20-24",1198,5638,21.2,12960,92.4
2010,"DHB","Waikato","agegrp1","25-29",1529,5638,27.1,11140,137.3
2010,"DHB","Waikato","agegrp1","30-34",1453,5638,25.8,11150,130.3
2010,"DHB","Waikato","agegrp1","35-39",760,5638,13.5,12700,59.8
2010,"DHB","Waikato","agegrp1","40+",157,5638,2.8,13150,11.9
2010,"DHB","Waikato","agegrp1","<20",541,5638,9.6,13440,40.3
2010,"DHB","Wairarapa","agegrp1","20-24",126,542,23.2,940,134
2010,"DHB","Wairarapa","agegrp1","25-29",134,542,24.7,920,145.7
2010,"DHB","Wairarapa","agegrp1","30-34",123,542,22.7,1020,120.6
2010,"DHB","Wairarapa","agegrp1","35-39",90,542,16.6,1350,66.7
2010,"DHB","Wairarapa","agegrp1","40+",20,542,3.7,1480,13.5
2010,"DHB","Wairarapa","agegrp1","<20",49,542,9,1330,36.8
2010,"DHB","Waitemata","agegrp1","20-24",1161,7944,14.6,17040,68.1
2010,"DHB","Waitemata","agegrp1","25-29",1958,7944,24.6,17860,109.6
2010,"DHB","Waitemata","agegrp1","30-34",2457,7944,30.9,17820,137.9
2010,"DHB","Waitemata","agegrp1","35-39",1563,7944,19.7,20950,74.6
2010,"DHB","Waitemata","agegrp1","40+",404,7944,5.1,21920,18.4
2010,"DHB","Waitemata","agegrp1","<20",401,7944,5,19490,20.6
2010,"DHB","West Coast","agegrp1","20-24",89,409,21.8,830,107.2
2010,"DHB","West Coast","agegrp1","25-29",108,409,26.4,800,135
2010,"DHB","West Coast","agegrp1","30-34",111,409,27.1,930,119.4
2010,"DHB","West Coast","agegrp1","35-39",45,409,11,1130,39.8
2010,"DHB","West Coast","agegrp1","40+",23,409,5.6,1260,18.3
2010,"DHB","West Coast","agegrp1","<20",33,409,8.1,1040,31.7
2010,"DHB","Whanganui","agegrp1","20-24",248,896,27.7,1760,140.9
2010,"DHB","Whanganui","agegrp1","25-29",226,896,25.2,1580,143
2010,"DHB","Whanganui","agegrp1","30-34",183,896,20.4,1610,113.7
2010,"DHB","Whanganui","agegrp1","35-39",103,896,11.5,1970,52.3
2010,"DHB","Whanganui","agegrp1","40+",35,896,3.9,2160,16.2
2010,"DHB","Whanganui","agegrp1","<20",101,896,11.3,2200,45.9
2011,"DHB","Auckland","agegrp1","20-24",808,6574,12.3,20700,39
2011,"DHB","Auckland","agegrp1","25-29",1484,6574,22.6,21010,70.6
2011,"DHB","Auckland","agegrp1","30-34",2204,6574,33.5,18740,117.6
2011,"DHB","Auckland","agegrp1","35-39",1493,6574,22.7,17820,83.8
2011,"DHB","Auckland","agegrp1","40+",354,6574,5.4,17370,20.4
2011,"DHB","Auckland","agegrp1","<20",231,6574,3.5,15830,14.6
2011,"DHB","Bay of Plenty","agegrp1","20-24",616,2866,21.5,5660,108.8
2011,"DHB","Bay of Plenty","agegrp1","25-29",746,2866,26,5400,138.1
2011,"DHB","Bay of Plenty","agegrp1","30-34",706,2866,24.6,5770,122.4
2011,"DHB","Bay of Plenty","agegrp1","35-39",433,2866,15.1,7030,61.6
2011,"DHB","Bay of Plenty","agegrp1","40+",97,2866,3.4,7820,12.4
2011,"DHB","Bay of Plenty","agegrp1","<20",268,2866,9.4,6790,39.5
2011,"DHB","Canterbury","agegrp1","20-24",943,6077,15.5,17140,55
2011,"DHB","Canterbury","agegrp1","25-29",1518,6077,25,15390,98.6
2011,"DHB","Canterbury","agegrp1","30-34",1887,6077,31.1,15520,121.6
2011,"DHB","Canterbury","agegrp1","35-39",1197,6077,19.7,17760,67.4
2011,"DHB","Canterbury","agegrp1","40+",242,6077,4,19170,12.6
2011,"DHB","Canterbury","agegrp1","<20",290,6077,4.8,16340,17.7
2011,"DHB","Capital & Coast","agegrp1","20-24",454,3881,11.7,12910,35.2
2011,"DHB","Capital & Coast","agegrp1","25-29",811,3881,20.9,11320,71.6
2011,"DHB","Capital & Coast","agegrp1","30-34",1306,3881,33.7,10910,119.7
2011,"DHB","Capital & Coast","agegrp1","35-39",931,3881,24,11530,80.7
2011,"DHB","Capital & Coast","agegrp1","40+",206,3881,5.3,11630,17.7
2011,"DHB","Capital & Coast","agegrp1","<20",173,3881,4.5,10680,16.2
2011,"DHB","Counties Manukau","agegrp1","20-24",2014,8769,23,17490,115.2
2011,"DHB","Counties Manukau","agegrp1","25-29",2351,8769,26.8,16840,139.6
2011,"DHB","Counties Manukau","agegrp1","30-34",2096,8769,23.9,16280,128.7
2011,"DHB","Counties Manukau","agegrp1","35-39",1276,8769,14.6,17410,73.3
2011,"DHB","Counties Manukau","agegrp1","40+",308,8769,3.5,18690,16.5
2011,"DHB","Counties Manukau","agegrp1","<20",724,8769,8.3,19650,36.8
2011,"DHB","Hawke's Bay","agegrp1","20-24",538,2258,23.8,4450,120.9
2011,"DHB","Hawke's Bay","agegrp1","25-29",540,2258,23.9,3910,138.1
2011,"DHB","Hawke's Bay","agegrp1","30-34",545,2258,24.1,4350,125.3
2011,"DHB","Hawke's Bay","agegrp1","35-39",361,2258,16,5310,68
2011,"DHB","Hawke's Bay","agegrp1","40+",85,2258,3.8,5670,15
2011,"DHB","Hawke's Bay","agegrp1","<20",189,2258,8.4,5220,36.2
2011,"DHB","Hutt Valley","agegrp1","20-24",340,2061,16.5,4560,74.6
2011,"DHB","Hutt Valley","agegrp1","25-29",511,2061,24.8,4420,115.6
2011,"DHB","Hutt Valley","agegrp1","30-34",607,2061,29.5,4690,129.4
2011,"DHB","Hutt Valley","agegrp1","35-39",372,2061,18,5310,70.1
2011,"DHB","Hutt Valley","agegrp1","40+",90,2061,4.4,5680,15.8
2011,"DHB","Hutt Valley","agegrp1","<20",141,2061,6.8,5000,28.2
2011,"DHB","Lakes","agegrp1","20-24",400,1592,25.1,3110,128.6
2011,"DHB","Lakes","agegrp1","25-29",392,1592,24.6,2940,133.3
2011,"DHB","Lakes","agegrp1","30-34",368,1592,23.1,3120,117.9
2011,"DHB","Lakes","agegrp1","35-39",220,1592,13.8,3480,63.2
2011,"DHB","Lakes","agegrp1","40+",51,1592,3.2,3820,13.4
2011,"DHB","Lakes","agegrp1","<20",161,1592,10.1,3530,45.6
2011,"DHB","MidCentral","agegrp1","20-24",543,2300,23.6,6290,86.3
2011,"DHB","MidCentral","agegrp1","25-29",613,2300,26.7,5010,122.4
2011,"DHB","MidCentral","agegrp1","30-34",571,2300,24.8,4790,119.2
2011,"DHB","MidCentral","agegrp1","35-39",310,2300,13.5,5350,57.9
2011,"DHB","MidCentral","agegrp1","40+",93,2300,4,5780,16.1
2011,"DHB","MidCentral","agegrp1","<20",170,2300,7.4,6300,27
2011,"DHB","Nelson Marlborough","agegrp1","20-24",325,1650,19.7,3270,99.4
2011,"DHB","Nelson Marlborough","agegrp1","25-29",415,1650,25.2,3350,123.9
2011,"DHB","Nelson Marlborough","agegrp1","30-34",460,1650,27.9,3750,122.7
2011,"DHB","Nelson Marlborough","agegrp1","35-39",306,1650,18.5,4720,64.8
2011,"DHB","Nelson Marlborough","agegrp1","40+",56,1650,3.4,5380,10.4
2011,"DHB","Nelson Marlborough","agegrp1","<20",88,1650,5.3,4000,22
2011,"DHB","Northland","agegrp1","20-24",589,2308,25.5,4170,141.2
2011,"DHB","Northland","agegrp1","25-29",572,2308,24.8,3840,149
2011,"DHB","Northland","agegrp1","30-34",478,2308,20.7,3940,121.3
2011,"DHB","Northland","agegrp1","35-39",321,2308,13.9,4970,64.6
2011,"DHB","Northland","agegrp1","40+",87,2308,3.8,5740,15.2
2011,"DHB","Northland","agegrp1","<20",261,2308,11.3,5460,47.8
2011,"DHB","South Canterbury","agegrp1","20-24",117,573,20.4,1340,87.3
2011,"DHB","South Canterbury","agegrp1","25-29",145,573,25.3,1280,113.3
2011,"DHB","South Canterbury","agegrp1","30-34",177,573,30.9,1390,127.3
2011,"DHB","South Canterbury","agegrp1","35-39",84,573,14.7,1750,48
2011,"DHB","South Canterbury","agegrp1","40+",14,573,2.4,2040,6.9
2011,"DHB","South Canterbury","agegrp1","<20",36,573,6.3,1720,20.9
2011,"DHB","Southern","agegrp1","20-24",660,3679,17.9,12210,54.1
2011,"DHB","Southern","agegrp1","25-29",984,3679,26.7,9060,108.6
2011,"DHB","Southern","agegrp1","30-34",1092,3679,29.7,9160,119.2
2011,"DHB","Southern","agegrp1","35-39",603,3679,16.4,10080,59.8
2011,"DHB","Southern","agegrp1","40+",149,3679,4.1,10810,13.8
2011,"DHB","Southern","agegrp1","<20",191,3679,5.2,11510,16.6
2011,"DHB","Tairawhiti","agegrp1","20-24",192,740,25.9,1500,128
2011,"DHB","Tairawhiti","agegrp1","25-29",184,740,24.9,1300,141.5
2011,"DHB","Tairawhiti","agegrp1","30-34",170,740,23,1350,125.9
2011,"DHB","Tairawhiti","agegrp1","35-39",79,740,10.7,1540,51.3
2011,"DHB","Tairawhiti","agegrp1","40+",30,740,4.1,1650,18.2
2011,"DHB","Tairawhiti","agegrp1","<20",85,740,11.5,1710,49.7
2011,"DHB","Taranaki","agegrp1","20-24",330,1567,21.1,3290,100.3
2011,"DHB","Taranaki","agegrp1","25-29",472,1567,30.1,3090,152.8
2011,"DHB","Taranaki","agegrp1","30-34",380,1567,24.3,3290,115.5
2011,"DHB","Taranaki","agegrp1","35-39",222,1567,14.2,3810,58.3
2011,"DHB","Taranaki","agegrp1","40+",54,1567,3.4,4050,13.3
2011,"DHB","Taranaki","agegrp1","<20",109,1567,7,3510,31.1
2011,"DHB","Unknown","agegrp1","20-24",67,352,NA,NA,NA
2011,"DHB","Unknown","agegrp1","25-29",73,352,NA,NA,NA
2011,"DHB","Unknown","agegrp1","30-34",87,352,NA,NA,NA
2011,"DHB","Unknown","agegrp1","35-39",52,352,NA,NA,NA
2011,"DHB","Unknown","agegrp1","40+",49,352,NA,NA,NA
2011,"DHB","Unknown","agegrp1","<20",24,352,NA,NA,NA
2011,"DHB","Waikato","agegrp1","20-24",1269,5388,23.6,13340,95.1
2011,"DHB","Waikato","agegrp1","25-29",1478,5388,27.4,11380,129.9
2011,"DHB","Waikato","agegrp1","30-34",1293,5388,24,11200,115.4
2011,"DHB","Waikato","agegrp1","35-39",717,5388,13.3,12230,58.6
2011,"DHB","Waikato","agegrp1","40+",206,5388,3.8,13430,15.3
2011,"DHB","Waikato","agegrp1","<20",425,5388,7.9,13210,32.2
2011,"DHB","Wairarapa","agegrp1","20-24",121,530,22.8,990,122.2
2011,"DHB","Wairarapa","agegrp1","25-29",116,530,21.9,910,127.5
2011,"DHB","Wairarapa","agegrp1","30-34",155,530,29.2,1060,146.2
2011,"DHB","Wairarapa","agegrp1","35-39",84,530,15.8,1280,65.6
2011,"DHB","Wairarapa","agegrp1","40+",16,530,3,1520,10.5
2011,"DHB","Wairarapa","agegrp1","<20",38,530,7.2,1290,29.5
2011,"DHB","Waitemata","agegrp1","20-24",1177,7898,14.9,17650,66.7
2011,"DHB","Waitemata","agegrp1","25-29",1955,7898,24.8,17940,109
2011,"DHB","Waitemata","agegrp1","30-34",2498,7898,31.6,18170,137.5
2011,"DHB","Waitemata","agegrp1","35-39",1546,7898,19.6,20310,76.1
2011,"DHB","Waitemata","agegrp1","40+",350,7898,4.4,22290,15.7
2011,"DHB","Waitemata","agegrp1","<20",372,7898,4.7,19340,19.2
2011,"DHB","West Coast","agegrp1","20-24",85,410,20.7,860,98.8
2011,"DHB","West Coast","agegrp1","25-29",103,410,25.1,800,128.8
2011,"DHB","West Coast","agegrp1","30-34",102,410,24.9,950,107.4
2011,"DHB","West Coast","agegrp1","35-39",73,410,17.8,1100,66.4
2011,"DHB","West Coast","agegrp1","40+",15,410,3.7,1260,11.9
2011,"DHB","West Coast","agegrp1","<20",32,410,7.8,1010,31.7
2011,"DHB","Whanganui","agegrp1","20-24",220,833,26.4,1790,122.9
2011,"DHB","Whanganui","agegrp1","25-29",203,833,24.4,1610,126.1
2011,"DHB","Whanganui","agegrp1","30-34",178,833,21.4,1570,113.4
2011,"DHB","Whanganui","agegrp1","35-39",111,833,13.3,1900,58.4
2011,"DHB","Whanganui","agegrp1","40+",33,833,4,2140,15.4
2011,"DHB","Whanganui","agegrp1","<20",88,833,10.6,2100,41.9
2012,"DHB","Auckland","agegrp1","20-24",807,6721,12,21130,38.2
2012,"DHB","Auckland","agegrp1","25-29",1542,6721,22.9,20930,73.7
2012,"DHB","Auckland","agegrp1","30-34",2219,6721,33,19000,116.8
2012,"DHB","Auckland","agegrp1","35-39",1540,6721,22.9,17300,89
2012,"DHB","Auckland","agegrp1","40+",406,6721,6,17610,23.1
2012,"DHB","Auckland","agegrp1","<20",207,6721,3.1,15700,13.2
2012,"DHB","Bay of Plenty","agegrp1","20-24",642,2980,21.5,5700,112.6
2012,"DHB","Bay of Plenty","agegrp1","25-29",782,2980,26.2,5400,144.8
2012,"DHB","Bay of Plenty","agegrp1","30-34",733,2980,24.6,5740,127.7
2012,"DHB","Bay of Plenty","agegrp1","35-39",421,2980,14.1,6800,61.9
2012,"DHB","Bay of Plenty","agegrp1","40+",110,2980,3.7,7800,14.1
2012,"DHB","Bay of Plenty","agegrp1","<20",292,2980,9.8,6690,43.6
2012,"DHB","Canterbury","agegrp1","20-24",945,6004,15.7,16990,55.6
2012,"DHB","Canterbury","agegrp1","25-29",1572,6004,26.2,15150,103.8
2012,"DHB","Canterbury","agegrp1","30-34",1879,6004,31.3,15190,123.7
2012,"DHB","Canterbury","agegrp1","35-39",1078,6004,18,16750,64.4
2012,"DHB","Canterbury","agegrp1","40+",253,6004,4.2,19120,13.2
2012,"DHB","Canterbury","agegrp1","<20",277,6004,4.6,16090,17.2
2012,"DHB","Capital & Coast","agegrp1","20-24",468,3881,12.1,13120,35.7
2012,"DHB","Capital & Coast","agegrp1","25-29",823,3881,21.2,11240,73.2
2012,"DHB","Capital & Coast","agegrp1","30-34",1255,3881,32.3,10870,115.5
2012,"DHB","Capital & Coast","agegrp1","35-39",926,3881,23.9,11100,83.4
2012,"DHB","Capital & Coast","agegrp1","40+",246,3881,6.3,11680,21.1
2012,"DHB","Capital & Coast","agegrp1","<20",163,3881,4.2,10630,15.3
2012,"DHB","Counties Manukau","agegrp1","20-24",1967,8799,22.4,17930,109.7
2012,"DHB","Counties Manukau","agegrp1","25-29",2409,8799,27.4,16940,142.2
2012,"DHB","Counties Manukau","agegrp1","30-34",2213,8799,25.2,16590,133.4
2012,"DHB","Counties Manukau","agegrp1","35-39",1160,8799,13.2,17000,68.2
2012,"DHB","Counties Manukau","agegrp1","40+",344,8799,3.9,18830,18.3
2012,"DHB","Counties Manukau","agegrp1","<20",706,8799,8,19590,36
2012,"DHB","Hawke's Bay","agegrp1","20-24",560,2258,24.8,4470,125.3
2012,"DHB","Hawke's Bay","agegrp1","25-29",534,2258,23.6,3920,136.2
2012,"DHB","Hawke's Bay","agegrp1","30-34",543,2258,24,4200,129.3
2012,"DHB","Hawke's Bay","agegrp1","35-39",360,2258,15.9,5080,70.9
2012,"DHB","Hawke's Bay","agegrp1","40+",79,2258,3.5,5760,13.7
2012,"DHB","Hawke's Bay","agegrp1","<20",182,2258,8.1,5170,35.2
2012,"DHB","Hutt Valley","agegrp1","20-24",393,2016,19.5,4540,86.6
2012,"DHB","Hutt Valley","agegrp1","25-29",497,2016,24.7,4350,114.3
2012,"DHB","Hutt Valley","agegrp1","30-34",595,2016,29.5,4710,126.3
2012,"DHB","Hutt Valley","agegrp1","35-39",328,2016,16.3,5150,63.7
2012,"DHB","Hutt Valley","agegrp1","40+",82,2016,4.1,5630,14.6
2012,"DHB","Hutt Valley","agegrp1","<20",121,2016,6,4880,24.8
2012,"DHB","Lakes","agegrp1","20-24",413,1559,26.5,3090,133.7
2012,"DHB","Lakes","agegrp1","25-29",407,1559,26.1,2990,136.1
2012,"DHB","Lakes","agegrp1","30-34",340,1559,21.8,3070,110.7
2012,"DHB","Lakes","agegrp1","35-39",204,1559,13.1,3390,60.2
2012,"DHB","Lakes","agegrp1","40+",52,1559,3.3,3770,13.8
2012,"DHB","Lakes","agegrp1","<20",143,1559,9.2,3470,41.2
2012,"DHB","MidCentral","agegrp1","20-24",510,2158,23.6,6340,80.4
2012,"DHB","MidCentral","agegrp1","25-29",617,2158,28.6,5050,122.2
2012,"DHB","MidCentral","agegrp1","30-34",506,2158,23.4,4810,105.2
2012,"DHB","MidCentral","agegrp1","35-39",274,2158,12.7,5080,53.9
2012,"DHB","MidCentral","agegrp1","40+",79,2158,3.7,5830,13.6
2012,"DHB","MidCentral","agegrp1","<20",172,2158,8,6280,27.4
2012,"DHB","Nelson Marlborough","agegrp1","20-24",242,1531,15.8,3200,75.6
2012,"DHB","Nelson Marlborough","agegrp1","25-29",408,1531,26.6,3380,120.7
2012,"DHB","Nelson Marlborough","agegrp1","30-34",462,1531,30.2,3710,124.5
2012,"DHB","Nelson Marlborough","agegrp1","35-39",284,1531,18.5,4510,63
2012,"DHB","Nelson Marlborough","agegrp1","40+",62,1531,4,5390,11.5
2012,"DHB","Nelson Marlborough","agegrp1","<20",73,1531,4.8,3970,18.4
2012,"DHB","Northland","agegrp1","20-24",611,2300,26.6,4230,144.4
2012,"DHB","Northland","agegrp1","25-29",563,2300,24.5,3830,147
2012,"DHB","Northland","agegrp1","30-34",475,2300,20.7,3880,122.4
2012,"DHB","Northland","agegrp1","35-39",315,2300,13.7,4830,65.2
2012,"DHB","Northland","agegrp1","40+",84,2300,3.7,5680,14.8
2012,"DHB","Northland","agegrp1","<20",252,2300,11,5370,46.9
2012,"DHB","South Canterbury","agegrp1","20-24",135,648,20.8,1370,98.5
2012,"DHB","South Canterbury","agegrp1","25-29",174,648,26.9,1290,134.9
2012,"DHB","South Canterbury","agegrp1","30-34",185,648,28.5,1400,132.1
2012,"DHB","South Canterbury","agegrp1","35-39",98,648,15.1,1690,58
2012,"DHB","South Canterbury","agegrp1","40+",19,648,2.9,2040,9.3
2012,"DHB","South Canterbury","agegrp1","<20",37,648,5.7,1690,21.9
2012,"DHB","Southern","agegrp1","20-24",573,3598,15.9,12270,46.7
2012,"DHB","Southern","agegrp1","25-29",928,3598,25.8,8900,104.3
2012,"DHB","Southern","agegrp1","30-34",1111,3598,30.9,9190,120.9
2012,"DHB","Southern","agegrp1","35-39",636,3598,17.7,9660,65.8
2012,"DHB","Southern","agegrp1","40+",161,3598,4.5,10880,14.8
2012,"DHB","Southern","agegrp1","<20",189,3598,5.3,11530,16.4
2012,"DHB","Tairawhiti","agegrp1","20-24",191,735,26,1460,130.8
2012,"DHB","Tairawhiti","agegrp1","25-29",193,735,26.3,1350,143
2012,"DHB","Tairawhiti","agegrp1","30-34",158,735,21.5,1350,117
2012,"DHB","Tairawhiti","agegrp1","35-39",94,735,12.8,1470,63.9
2012,"DHB","Tairawhiti","agegrp1","40+",22,735,3,1670,13.2
2012,"DHB","Tairawhiti","agegrp1","<20",77,735,10.5,1700,45.3
2012,"DHB","Taranaki","agegrp1","20-24",311,1562,19.9,3280,94.8
2012,"DHB","Taranaki","agegrp1","25-29",449,1562,28.7,3150,142.5
2012,"DHB","Taranaki","agegrp1","30-34",412,1562,26.4,3220,128
2012,"DHB","Taranaki","agegrp1","35-39",232,1562,14.9,3750,61.9
2012,"DHB","Taranaki","agegrp1","40+",53,1562,3.4,4060,13.1
2012,"DHB","Taranaki","agegrp1","<20",105,1562,6.7,3470,30.3
2012,"DHB","Unknown","agegrp1","20-24",50,322,NA,NA,NA
2012,"DHB","Unknown","agegrp1","25-29",58,322,NA,NA,NA
2012,"DHB","Unknown","agegrp1","30-34",88,322,NA,NA,NA
2012,"DHB","Unknown","agegrp1","35-39",64,322,NA,NA,NA
2012,"DHB","Unknown","agegrp1","40+",45,322,NA,NA,NA
2012,"DHB","Unknown","agegrp1","<20",17,322,NA,NA,NA
2012,"DHB","Waikato","agegrp1","20-24",1200,5495,21.8,13460,89.2
2012,"DHB","Waikato","agegrp1","25-29",1552,5495,28.2,11560,134.3
2012,"DHB","Waikato","agegrp1","30-34",1379,5495,25.1,11280,122.3
2012,"DHB","Waikato","agegrp1","35-39",748,5495,13.6,11850,63.1
2012,"DHB","Waikato","agegrp1","40+",173,5495,3.1,13480,12.8
2012,"DHB","Waikato","agegrp1","<20",443,5495,8.1,13120,33.8
2012,"DHB","Wairarapa","agegrp1","20-24",110,510,21.6,1010,108.9
2012,"DHB","Wairarapa","agegrp1","25-29",138,510,27.1,900,153.3
2012,"DHB","Wairarapa","agegrp1","30-34",129,510,25.3,1050,122.9
2012,"DHB","Wairarapa","agegrp1","35-39",64,510,12.5,1230,52
2012,"DHB","Wairarapa","agegrp1","40+",26,510,5.1,1550,16.8
2012,"DHB","Wairarapa","agegrp1","<20",43,510,8.4,1320,32.6
2012,"DHB","Waitemata","agegrp1","20-24",1091,8000,13.6,18080,60.3
2012,"DHB","Waitemata","agegrp1","25-29",2103,8000,26.3,17860,117.7
2012,"DHB","Waitemata","agegrp1","30-34",2623,8000,32.8,18530,141.6
2012,"DHB","Waitemata","agegrp1","35-39",1492,8000,18.6,19680,75.8
2012,"DHB","Waitemata","agegrp1","40+",394,8000,4.9,22600,17.4
2012,"DHB","Waitemata","agegrp1","<20",297,8000,3.7,19310,15.4
2012,"DHB","West Coast","agegrp1","20-24",88,410,21.5,870,101.1
2012,"DHB","West Coast","agegrp1","25-29",91,410,22.2,810,112.3
2012,"DHB","West Coast","agegrp1","30-34",101,410,24.6,930,108.6
2012,"DHB","West Coast","agegrp1","35-39",72,410,17.6,1040,69.2
2012,"DHB","West Coast","agegrp1","40+",19,410,4.6,1250,15.2
2012,"DHB","West Coast","agegrp1","<20",39,410,9.5,970,40.2
2012,"DHB","Whanganui","agegrp1","20-24",243,876,27.7,1770,137.3
2012,"DHB","Whanganui","agegrp1","25-29",213,876,24.3,1580,134.8
2012,"DHB","Whanganui","agegrp1","30-34",182,876,20.8,1560,116.7
2012,"DHB","Whanganui","agegrp1","35-39",99,876,11.3,1780,55.6
2012,"DHB","Whanganui","agegrp1","40+",37,876,4.2,2100,17.6
2012,"DHB","Whanganui","agegrp1","<20",102,876,11.6,2050,49.8
2013,"DHB","Auckland","agegrp1","20-24",735,6257,11.7,21650,33.9
2013,"DHB","Auckland","agegrp1","25-29",1430,6257,22.9,21400,66.8
2013,"DHB","Auckland","agegrp1","30-34",2123,6257,33.9,19380,109.5
2013,"DHB","Auckland","agegrp1","35-39",1402,6257,22.4,16940,82.8
2013,"DHB","Auckland","agegrp1","40+",378,6257,6,17510,21.6
2013,"DHB","Auckland","agegrp1","<20",189,6257,3,15430,12.2
2013,"DHB","Bay of Plenty","agegrp1","20-24",629,2758,22.8,5640,111.5
2013,"DHB","Bay of Plenty","agegrp1","25-29",721,2758,26.1,5500,131.1
2013,"DHB","Bay of Plenty","agegrp1","30-34",716,2758,26,5760,124.3
2013,"DHB","Bay of Plenty","agegrp1","35-39",414,2758,15,6510,63.6
2013,"DHB","Bay of Plenty","agegrp1","40+",89,2758,3.2,7810,11.4
2013,"DHB","Bay of Plenty","agegrp1","<20",189,2758,6.9,6700,28.2
2013,"DHB","Canterbury","agegrp1","20-24",868,5830,14.9,17160,50.6
2013,"DHB","Canterbury","agegrp1","25-29",1526,5830,26.2,15210,100.3
2013,"DHB","Canterbury","agegrp1","30-34",1838,5830,31.5,15290,120.2
2013,"DHB","Canterbury","agegrp1","35-39",1082,5830,18.6,16160,67
2013,"DHB","Canterbury","agegrp1","40+",268,5830,4.6,19290,13.9
2013,"DHB","Canterbury","agegrp1","<20",248,5830,4.3,16200,15.3
2013,"DHB","Capital & Coast","agegrp1","20-24",468,3634,12.9,13370,35
2013,"DHB","Capital & Coast","agegrp1","25-29",759,3634,20.9,11150,68.1
2013,"DHB","Capital & Coast","agegrp1","30-34",1219,3634,33.5,10810,112.8
2013,"DHB","Capital & Coast","agegrp1","35-39",872,3634,24,10780,80.9
2013,"DHB","Capital & Coast","agegrp1","40+",213,3634,5.9,11690,18.2
2013,"DHB","Capital & Coast","agegrp1","<20",103,3634,2.8,10530,9.8
2013,"DHB","Counties Manukau","agegrp1","20-24",1846,8186,22.6,18410,100.3
2013,"DHB","Counties Manukau","agegrp1","25-29",2179,8186,26.6,17170,126.9
2013,"DHB","Counties Manukau","agegrp1","30-34",2134,8186,26.1,16970,125.8
2013,"DHB","Counties Manukau","agegrp1","35-39",1157,8186,14.1,16520,70
2013,"DHB","Counties Manukau","agegrp1","40+",281,8186,3.4,18830,14.9
2013,"DHB","Counties Manukau","agegrp1","<20",589,8186,7.2,19290,30.5
2013,"DHB","Hawke's Bay","agegrp1","20-24",495,2154,23,4370,113.3
2013,"DHB","Hawke's Bay","agegrp1","25-29",544,2154,25.3,4000,136
2013,"DHB","Hawke's Bay","agegrp1","30-34",544,2154,25.3,4090,133
2013,"DHB","Hawke's Bay","agegrp1","35-39",298,2154,13.8,4840,61.6
2013,"DHB","Hawke's Bay","agegrp1","40+",84,2154,3.9,5770,14.6
2013,"DHB","Hawke's Bay","agegrp1","<20",189,2154,8.8,5220,36.2
2013,"DHB","Hutt Valley","agegrp1","20-24",350,1918,18.2,4580,76.4
2013,"DHB","Hutt Valley","agegrp1","25-29",465,1918,24.2,4350,106.9
2013,"DHB","Hutt Valley","agegrp1","30-34",549,1918,28.6,4690,117.1
2013,"DHB","Hutt Valley","agegrp1","35-39",343,1918,17.9,4980,68.9
2013,"DHB","Hutt Valley","agegrp1","40+",92,1918,4.8,5650,16.3
2013,"DHB","Hutt Valley","agegrp1","<20",119,1918,6.2,4730,25.2
2013,"DHB","Lakes","agegrp1","20-24",358,1422,25.2,3020,118.5
2013,"DHB","Lakes","agegrp1","25-29",414,1422,29.1,3070,134.9
2013,"DHB","Lakes","agegrp1","30-34",297,1422,20.9,3000,99
2013,"DHB","Lakes","agegrp1","35-39",171,1422,12,3280,52.1
2013,"DHB","Lakes","agegrp1","40+",49,1422,3.4,3730,13.1
2013,"DHB","Lakes","agegrp1","<20",133,1422,9.4,3480,38.2
2013,"DHB","MidCentral","agegrp1","20-24",466,2123,22,6350,73.4
2013,"DHB","MidCentral","agegrp1","25-29",607,2123,28.6,5120,118.6
2013,"DHB","MidCentral","agegrp1","30-34",507,2123,23.9,4810,105.4
2013,"DHB","MidCentral","agegrp1","35-39",307,2123,14.5,4930,62.3
2013,"DHB","MidCentral","agegrp1","40+",80,2123,3.8,5720,14
2013,"DHB","MidCentral","agegrp1","<20",156,2123,7.3,6250,25
2013,"DHB","Nelson Marlborough","agegrp1","20-24",286,1552,18.4,3110,92
2013,"DHB","Nelson Marlborough","agegrp1","25-29",396,1552,25.5,3420,115.8
2013,"DHB","Nelson Marlborough","agegrp1","30-34",436,1552,28.1,3730,116.9
2013,"DHB","Nelson Marlborough","agegrp1","35-39",284,1552,18.3,4310,65.9
2013,"DHB","Nelson Marlborough","agegrp1","40+",72,1552,4.6,5380,13.4
2013,"DHB","Nelson Marlborough","agegrp1","<20",78,1552,5,4060,19.2
2013,"DHB","Northland","agegrp1","20-24",559,2130,26.2,4190,133.4
2013,"DHB","Northland","agegrp1","25-29",582,2130,27.3,3970,146.6
2013,"DHB","Northland","agegrp1","30-34",432,2130,20.3,3900,110.8
2013,"DHB","Northland","agegrp1","35-39",277,2130,13,4600,60.2
2013,"DHB","Northland","agegrp1","40+",99,2130,4.6,5620,17.6
2013,"DHB","Northland","agegrp1","<20",181,2130,8.5,5300,34.2
2013,"DHB","South Canterbury","agegrp1","20-24",140,641,21.8,1380,101.4
2013,"DHB","South Canterbury","agegrp1","25-29",191,641,29.8,1340,142.5
2013,"DHB","South Canterbury","agegrp1","30-34",154,641,24,1390,110.8
2013,"DHB","South Canterbury","agegrp1","35-39",93,641,14.5,1620,57.4
2013,"DHB","South Canterbury","agegrp1","40+",24,641,3.7,2030,11.8
2013,"DHB","South Canterbury","agegrp1","<20",39,641,6.1,1680,23.2
2013,"DHB","Southern","agegrp1","20-24",581,3449,16.8,12250,47.4
2013,"DHB","Southern","agegrp1","25-29",943,3449,27.3,8920,105.7
2013,"DHB","Southern","agegrp1","30-34",1039,3449,30.1,9190,113.1
2013,"DHB","Southern","agegrp1","35-39",578,3449,16.8,9530,60.7
2013,"DHB","Southern","agegrp1","40+",133,3449,3.9,10820,12.3
2013,"DHB","Southern","agegrp1","<20",175,3449,5.1,11590,15.1
2013,"DHB","Tairawhiti","agegrp1","20-24",175,707,24.8,1450,120.7
2013,"DHB","Tairawhiti","agegrp1","25-29",192,707,27.2,1380,139.1
2013,"DHB","Tairawhiti","agegrp1","30-34",161,707,22.8,1370,117.5
2013,"DHB","Tairawhiti","agegrp1","35-39",82,707,11.6,1410,58.2
2013,"DHB","Tairawhiti","agegrp1","40+",24,707,3.4,1640,14.6
2013,"DHB","Tairawhiti","agegrp1","<20",73,707,10.3,1680,43.5
2013,"DHB","Taranaki","agegrp1","20-24",334,1523,21.9,3100,107.7
2013,"DHB","Taranaki","agegrp1","25-29",458,1523,30.1,3290,139.2
2013,"DHB","Taranaki","agegrp1","30-34",382,1523,25.1,3270,116.8
2013,"DHB","Taranaki","agegrp1","35-39",210,1523,13.8,3630,57.9
2013,"DHB","Taranaki","agegrp1","40+",50,1523,3.3,4090,12.2
2013,"DHB","Taranaki","agegrp1","<20",89,1523,5.8,3510,25.4
2013,"DHB","Unknown","agegrp1","20-24",66,369,NA,NA,NA
2013,"DHB","Unknown","agegrp1","25-29",93,369,NA,NA,NA
2013,"DHB","Unknown","agegrp1","30-34",92,369,NA,NA,NA
2013,"DHB","Unknown","agegrp1","35-39",55,369,NA,NA,NA
2013,"DHB","Unknown","agegrp1","40+",41,369,NA,NA,NA
2013,"DHB","Unknown","agegrp1","<20",22,369,NA,NA,NA
2013,"DHB","Waikato","agegrp1","20-24",1208,5221,23.1,13380,90.3
2013,"DHB","Waikato","agegrp1","25-29",1493,5221,28.6,11770,126.8
2013,"DHB","Waikato","agegrp1","30-34",1296,5221,24.8,11290,114.8
2013,"DHB","Waikato","agegrp1","35-39",696,5221,13.3,11610,59.9
2013,"DHB","Waikato","agegrp1","40+",176,5221,3.4,13420,13.1
2013,"DHB","Waikato","agegrp1","<20",352,5221,6.7,13280,26.5
2013,"DHB","Wairarapa","agegrp1","20-24",94,501,18.8,1050,89.5
2013,"DHB","Wairarapa","agegrp1","25-29",136,501,27.1,900,151.1
2013,"DHB","Wairarapa","agegrp1","30-34",130,501,25.9,1060,122.6
2013,"DHB","Wairarapa","agegrp1","35-39",69,501,13.8,1190,58
2013,"DHB","Wairarapa","agegrp1","40+",28,501,5.6,1540,18.2
2013,"DHB","Wairarapa","agegrp1","<20",44,501,8.8,1300,33.8
2013,"DHB","Waitemata","agegrp1","20-24",926,7673,12.1,18700,49.5
2013,"DHB","Waitemata","agegrp1","25-29",1927,7673,25.1,17740,108.6
2013,"DHB","Waitemata","agegrp1","30-34",2578,7673,33.6,19110,134.9
2013,"DHB","Waitemata","agegrp1","35-39",1559,7673,20.3,19310,80.7
2013,"DHB","Waitemata","agegrp1","40+",401,7673,5.2,22630,17.7
2013,"DHB","Waitemata","agegrp1","<20",282,7673,3.7,19090,14.8
2013,"DHB","West Coast","agegrp1","20-24",86,377,22.8,840,102.4
2013,"DHB","West Coast","agegrp1","25-29",103,377,27.3,850,121.2
2013,"DHB","West Coast","agegrp1","30-34",90,377,23.9,910,98.9
2013,"DHB","West Coast","agegrp1","35-39",55,377,14.6,980,56.1
2013,"DHB","West Coast","agegrp1","40+",15,377,4,1220,12.3
2013,"DHB","West Coast","agegrp1","<20",28,377,7.4,930,30.1
2013,"DHB","Whanganui","agegrp1","20-24",218,827,26.4,1740,125.3
2013,"DHB","Whanganui","agegrp1","25-29",231,827,27.9,1610,143.5
2013,"DHB","Whanganui","agegrp1","30-34",168,827,20.3,1560,107.7
2013,"DHB","Whanganui","agegrp1","35-39",111,827,13.4,1710,64.9
2013,"DHB","Whanganui","agegrp1","40+",23,827,2.8,2030,11.3
2013,"DHB","Whanganui","agegrp1","<20",76,827,9.2,2050,37.1
2014,"DHB","Auckland","agegrp1","20-24",699,6307,11.1,21730,32.2
2014,"DHB","Auckland","agegrp1","25-29",1432,6307,22.7,21850,65.5
2014,"DHB","Auckland","agegrp1","30-34",2247,6307,35.6,19640,114.4
2014,"DHB","Auckland","agegrp1","35-39",1413,6307,22.4,16870,83.8
2014,"DHB","Auckland","agegrp1","40+",340,6307,5.4,17420,19.5
2014,"DHB","Auckland","agegrp1","<20",176,6307,2.8,15260,11.5
2014,"DHB","Bay of Plenty","agegrp1","20-24",618,2791,22.1,5810,106.4
2014,"DHB","Bay of Plenty","agegrp1","25-29",762,2791,27.3,5880,129.6
2014,"DHB","Bay of Plenty","agegrp1","30-34",750,2791,26.9,5950,126.1
2014,"DHB","Bay of Plenty","agegrp1","35-39",372,2791,13.3,6500,57.2
2014,"DHB","Bay of Plenty","agegrp1","40+",106,2791,3.8,7860,13.5
2014,"DHB","Bay of Plenty","agegrp1","<20",183,2791,6.6,6720,27.2
2014,"DHB","Canterbury","agegrp1","20-24",875,6001,14.6,17520,49.9
2014,"DHB","Canterbury","agegrp1","25-29",1604,6001,26.7,15960,100.5
2014,"DHB","Canterbury","agegrp1","30-34",1966,6001,32.8,15690,125.3
2014,"DHB","Canterbury","agegrp1","35-39",1058,6001,17.6,16010,66.1
2014,"DHB","Canterbury","agegrp1","40+",270,6001,4.5,19090,14.1
2014,"DHB","Canterbury","agegrp1","<20",228,6001,3.8,16120,14.1
2014,"DHB","Capital & Coast","agegrp1","20-24",405,3530,11.5,13600,29.8
2014,"DHB","Capital & Coast","agegrp1","25-29",795,3530,22.5,11560,68.8
2014,"DHB","Capital & Coast","agegrp1","30-34",1219,3530,34.5,10900,111.8
2014,"DHB","Capital & Coast","agegrp1","35-39",806,3530,22.8,10660,75.6
2014,"DHB","Capital & Coast","agegrp1","40+",204,3530,5.8,11690,17.5
2014,"DHB","Capital & Coast","agegrp1","<20",101,3530,2.9,10540,9.6
2014,"DHB","Counties Manukau","agegrp1","20-24",1756,8291,21.2,19220,91.4
2014,"DHB","Counties Manukau","agegrp1","25-29",2395,8291,28.9,17940,133.5
2014,"DHB","Counties Manukau","agegrp1","30-34",2251,8291,27.1,17500,128.6
2014,"DHB","Counties Manukau","agegrp1","35-39",1064,8291,12.8,16530,64.4
2014,"DHB","Counties Manukau","agegrp1","40+",309,8291,3.7,18610,16.6
2014,"DHB","Counties Manukau","agegrp1","<20",516,8291,6.2,19260,26.8
2014,"DHB","Hawke's Bay","agegrp1","20-24",468,2067,22.6,4360,107.3
2014,"DHB","Hawke's Bay","agegrp1","25-29",537,2067,26,4260,126.1
2014,"DHB","Hawke's Bay","agegrp1","30-34",496,2067,24,4150,119.5
2014,"DHB","Hawke's Bay","agegrp1","35-39",307,2067,14.9,4720,65
2014,"DHB","Hawke's Bay","agegrp1","40+",79,2067,3.8,5810,13.6
2014,"DHB","Hawke's Bay","agegrp1","<20",180,2067,8.7,5310,33.9
2014,"DHB","Hutt Valley","agegrp1","20-24",319,1857,17.2,4620,69
2014,"DHB","Hutt Valley","agegrp1","25-29",458,1857,24.7,4630,98.9
2014,"DHB","Hutt Valley","agegrp1","30-34",575,1857,31,4780,120.3
2014,"DHB","Hutt Valley","agegrp1","35-39",318,1857,17.1,4900,64.9
2014,"DHB","Hutt Valley","agegrp1","40+",91,1857,4.9,5650,16.1
2014,"DHB","Hutt Valley","agegrp1","<20",96,1857,5.2,4660,20.6
2014,"DHB","Lakes","agegrp1","20-24",322,1394,23.1,3100,103.9
2014,"DHB","Lakes","agegrp1","25-29",422,1394,30.3,3230,130.7
2014,"DHB","Lakes","agegrp1","30-34",328,1394,23.5,3030,108.3
2014,"DHB","Lakes","agegrp1","35-39",166,1394,11.9,3280,50.6
2014,"DHB","Lakes","agegrp1","40+",36,1394,2.6,3670,9.8
2014,"DHB","Lakes","agegrp1","<20",120,1394,8.6,3490,34.4
2014,"DHB","MidCentral","agegrp1","20-24",443,2095,21.1,6310,70.2
2014,"DHB","MidCentral","agegrp1","25-29",595,2095,28.4,5240,113.5
2014,"DHB","MidCentral","agegrp1","30-34",576,2095,27.5,4900,117.6
2014,"DHB","MidCentral","agegrp1","35-39",283,2095,13.5,4880,58
2014,"DHB","MidCentral","agegrp1","40+",68,2095,3.2,5720,11.9
2014,"DHB","MidCentral","agegrp1","<20",130,2095,6.2,6220,20.9
2014,"DHB","Nelson Marlborough","agegrp1","20-24",254,1422,17.9,3200,79.4
2014,"DHB","Nelson Marlborough","agegrp1","25-29",387,1422,27.2,3530,109.6
2014,"DHB","Nelson Marlborough","agegrp1","30-34",372,1422,26.2,3770,98.7
2014,"DHB","Nelson Marlborough","agegrp1","35-39",282,1422,19.8,4240,66.5
2014,"DHB","Nelson Marlborough","agegrp1","40+",59,1422,4.1,5340,11
2014,"DHB","Nelson Marlborough","agegrp1","<20",68,1422,4.8,4090,16.6
2014,"DHB","Northland","agegrp1","20-24",528,2101,25.1,4300,122.8
2014,"DHB","Northland","agegrp1","25-29",584,2101,27.8,4220,138.4
2014,"DHB","Northland","agegrp1","30-34",470,2101,22.4,3990,117.8
2014,"DHB","Northland","agegrp1","35-39",252,2101,12,4480,56.2
2014,"DHB","Northland","agegrp1","40+",87,2101,4.1,5550,15.7
2014,"DHB","Northland","agegrp1","<20",180,2101,8.6,5360,33.6
2014,"DHB","South Canterbury","agegrp1","20-24",121,652,18.6,1380,87.7
2014,"DHB","South Canterbury","agegrp1","25-29",206,652,31.6,1430,144.1
2014,"DHB","South Canterbury","agegrp1","30-34",189,652,29,1420,133.1
2014,"DHB","South Canterbury","agegrp1","35-39",92,652,14.1,1570,58.6
2014,"DHB","South Canterbury","agegrp1","40+",13,652,2,2010,6.5
2014,"DHB","South Canterbury","agegrp1","<20",31,652,4.8,1720,18
2014,"DHB","Southern","agegrp1","20-24",556,3284,16.9,12490,44.5
2014,"DHB","Southern","agegrp1","25-29",899,3284,27.4,9450,95.1
2014,"DHB","Southern","agegrp1","30-34",1038,3284,31.6,9250,112.2
2014,"DHB","Southern","agegrp1","35-39",535,3284,16.3,9430,56.7
2014,"DHB","Southern","agegrp1","40+",132,3284,4,10710,12.3
2014,"DHB","Southern","agegrp1","<20",124,3284,3.8,11570,10.7
2014,"DHB","Tairawhiti","agegrp1","20-24",154,687,22.4,1400,110
2014,"DHB","Tairawhiti","agegrp1","25-29",189,687,27.5,1410,134
2014,"DHB","Tairawhiti","agegrp1","30-34",161,687,23.4,1360,118.4
2014,"DHB","Tairawhiti","agegrp1","35-39",89,687,13,1410,63.1
2014,"DHB","Tairawhiti","agegrp1","40+",21,687,3.1,1620,13
2014,"DHB","Tairawhiti","agegrp1","<20",73,687,10.6,1700,42.9
2014,"DHB","Taranaki","agegrp1","20-24",316,1518,20.8,3090,102.3
2014,"DHB","Taranaki","agegrp1","25-29",458,1518,30.2,3350,136.7
2014,"DHB","Taranaki","agegrp1","30-34",421,1518,27.7,3340,126
2014,"DHB","Taranaki","agegrp1","35-39",191,1518,12.6,3500,54.6
2014,"DHB","Taranaki","agegrp1","40+",49,1518,3.2,4160,11.8
2014,"DHB","Taranaki","agegrp1","<20",83,1518,5.5,3560,23.3
2014,"DHB","Unknown","agegrp1","20-24",85,439,NA,NA,NA
2014,"DHB","Unknown","agegrp1","25-29",107,439,NA,NA,NA
2014,"DHB","Unknown","agegrp1","30-34",108,439,NA,NA,NA
2014,"DHB","Unknown","agegrp1","35-39",65,439,NA,NA,NA
2014,"DHB","Unknown","agegrp1","40+",48,439,NA,NA,NA
2014,"DHB","Unknown","agegrp1","<20",26,439,NA,NA,NA
2014,"DHB","Waikato","agegrp1","20-24",1112,5255,21.2,13500,82.4
2014,"DHB","Waikato","agegrp1","25-29",1554,5255,29.6,12210,127.3
2014,"DHB","Waikato","agegrp1","30-34",1376,5255,26.2,11610,118.5
2014,"DHB","Waikato","agegrp1","35-39",691,5255,13.1,11560,59.8
2014,"DHB","Waikato","agegrp1","40+",175,5255,3.3,13320,13.1
2014,"DHB","Waikato","agegrp1","<20",347,5255,6.6,13420,25.9
2014,"DHB","Wairarapa","agegrp1","20-24",115,473,24.3,1040,110.6
2014,"DHB","Wairarapa","agegrp1","25-29",120,473,25.4,970,123.7
2014,"DHB","Wairarapa","agegrp1","30-34",108,473,22.8,1070,100.9
2014,"DHB","Wairarapa","agegrp1","35-39",73,473,15.4,1170,62.4
2014,"DHB","Wairarapa","agegrp1","40+",21,473,4.4,1520,13.8
2014,"DHB","Wairarapa","agegrp1","<20",36,473,7.6,1290,27.9
2014,"DHB","Waitemata","agegrp1","20-24",922,7857,11.7,19430,47.5
2014,"DHB","Waitemata","agegrp1","25-29",1977,7857,25.2,18470,107
2014,"DHB","Waitemata","agegrp1","30-34",2791,7857,35.5,19820,140.8
2014,"DHB","Waitemata","agegrp1","35-39",1563,7857,19.9,19280,81.1
2014,"DHB","Waitemata","agegrp1","40+",380,7857,4.8,22230,17.1
2014,"DHB","Waitemata","agegrp1","<20",224,7857,2.9,18890,11.9
2014,"DHB","West Coast","agegrp1","20-24",77,351,21.9,860,89.5
2014,"DHB","West Coast","agegrp1","25-29",100,351,28.5,870,114.9
2014,"DHB","West Coast","agegrp1","30-34",88,351,25.1,880,100
2014,"DHB","West Coast","agegrp1","35-39",45,351,12.8,930,48.4
2014,"DHB","West Coast","agegrp1","40+",14,351,4,1170,12
2014,"DHB","West Coast","agegrp1","<20",27,351,7.7,870,31
2014,"DHB","Whanganui","agegrp1","20-24",223,817,27.3,1740,128.2
2014,"DHB","Whanganui","agegrp1","25-29",237,817,29,1680,141.1
2014,"DHB","Whanganui","agegrp1","30-34",177,817,21.7,1580,112
2014,"DHB","Whanganui","agegrp1","35-39",91,817,11.1,1650,55.2
2014,"DHB","Whanganui","agegrp1","40+",20,817,2.4,2040,9.8
2014,"DHB","Whanganui","agegrp1","<20",69,817,8.4,2000,34.5
2015,"DHB","Auckland","agegrp1","20-24",619,5899,10.5,21810,28.4
2015,"DHB","Auckland","agegrp1","25-29",1333,5899,22.6,22580,59
2015,"DHB","Auckland","agegrp1","30-34",2085,5899,35.3,20070,103.9
2015,"DHB","Auckland","agegrp1","35-39",1411,5899,23.9,16960,83.2
2015,"DHB","Auckland","agegrp1","40+",324,5899,5.5,17190,18.8
2015,"DHB","Auckland","agegrp1","<20",127,5899,2.2,15290,8.3
2015,"DHB","Bay of Plenty","agegrp1","20-24",556,2792,19.9,5970,93.1
2015,"DHB","Bay of Plenty","agegrp1","25-29",783,2792,28,6330,123.7
2015,"DHB","Bay of Plenty","agegrp1","30-34",760,2792,27.2,6230,122
2015,"DHB","Bay of Plenty","agegrp1","35-39",389,2792,13.9,6440,60.4
2015,"DHB","Bay of Plenty","agegrp1","40+",110,2792,3.9,7850,14
2015,"DHB","Bay of Plenty","agegrp1","<20",194,2792,6.9,6760,28.7
2015,"DHB","Canterbury","agegrp1","20-24",883,6207,14.2,17950,49.2
2015,"DHB","Canterbury","agegrp1","25-29",1667,6207,26.9,17220,96.8
2015,"DHB","Canterbury","agegrp1","30-34",2053,6207,33.1,16380,125.3
2015,"DHB","Canterbury","agegrp1","35-39",1099,6207,17.7,16210,67.8
2015,"DHB","Canterbury","agegrp1","40+",276,6207,4.4,19030,14.5
2015,"DHB","Canterbury","agegrp1","<20",229,6207,3.7,16410,14
2015,"DHB","Capital & Coast","agegrp1","20-24",386,3532,10.9,13840,27.9
2015,"DHB","Capital & Coast","agegrp1","25-29",727,3532,20.6,11980,60.7
2015,"DHB","Capital & Coast","agegrp1","30-34",1278,3532,36.2,11120,114.9
2015,"DHB","Capital & Coast","agegrp1","35-39",851,3532,24.1,10620,80.1
2015,"DHB","Capital & Coast","agegrp1","40+",201,3532,5.7,11640,17.3
2015,"DHB","Capital & Coast","agegrp1","<20",89,3532,2.5,10740,8.3
2015,"DHB","Counties Manukau","agegrp1","20-24",1637,8202,20,19850,82.5
2015,"DHB","Counties Manukau","agegrp1","25-29",2332,8202,28.4,19160,121.7
2015,"DHB","Counties Manukau","agegrp1","30-34",2341,8202,28.5,18350,127.6
2015,"DHB","Counties Manukau","agegrp1","35-39",1119,8202,13.6,16880,66.3
2015,"DHB","Counties Manukau","agegrp1","40+",294,8202,3.6,18300,16.1
2015,"DHB","Counties Manukau","agegrp1","<20",479,8202,5.8,19470,24.6
2015,"DHB","Hawke's Bay","agegrp1","20-24",472,1991,23.7,4420,106.8
2015,"DHB","Hawke's Bay","agegrp1","25-29",549,1991,27.6,4540,120.9
2015,"DHB","Hawke's Bay","agegrp1","30-34",536,1991,26.9,4270,125.5
2015,"DHB","Hawke's Bay","agegrp1","35-39",236,1991,11.9,4640,50.9
2015,"DHB","Hawke's Bay","agegrp1","40+",58,1991,2.9,5810,10
2015,"DHB","Hawke's Bay","agegrp1","<20",140,1991,7,5370,26.1
2015,"DHB","Hutt Valley","agegrp1","20-24",293,1968,14.9,4680,62.6
2015,"DHB","Hutt Valley","agegrp1","25-29",511,1968,26,4910,104.1
2015,"DHB","Hutt Valley","agegrp1","30-34",625,1968,31.8,4920,127
2015,"DHB","Hutt Valley","agegrp1","35-39",330,1968,16.8,4960,66.5
2015,"DHB","Hutt Valley","agegrp1","40+",93,1968,4.7,5500,16.9
2015,"DHB","Hutt Valley","agegrp1","<20",116,1968,5.9,4620,25.1
2015,"DHB","Lakes","agegrp1","20-24",326,1509,21.6,3100,105.2
2015,"DHB","Lakes","agegrp1","25-29",454,1509,30.1,3430,132.4
2015,"DHB","Lakes","agegrp1","30-34",373,1509,24.7,3120,119.6
2015,"DHB","Lakes","agegrp1","35-39",195,1509,12.9,3270,59.6
2015,"DHB","Lakes","agegrp1","40+",46,1509,3,3640,12.6
2015,"DHB","Lakes","agegrp1","<20",115,1509,7.6,3540,32.5
2015,"DHB","MidCentral","agegrp1","20-24",448,2109,21.2,6340,70.7
2015,"DHB","MidCentral","agegrp1","25-29",640,2109,30.3,5530,115.7
2015,"DHB","MidCentral","agegrp1","30-34",577,2109,27.4,5040,114.5
2015,"DHB","MidCentral","agegrp1","35-39",254,2109,12,4840,52.5
2015,"DHB","MidCentral","agegrp1","40+",67,2109,3.2,5620,11.9
2015,"DHB","MidCentral","agegrp1","<20",123,2109,5.8,6170,19.9
2015,"DHB","Nelson Marlborough","agegrp1","20-24",235,1418,16.6,3250,72.3
2015,"DHB","Nelson Marlborough","agegrp1","25-29",398,1418,28.1,3740,106.4
2015,"DHB","Nelson Marlborough","agegrp1","30-34",408,1418,28.8,3840,106.2
2015,"DHB","Nelson Marlborough","agegrp1","35-39",247,1418,17.4,4140,59.7
2015,"DHB","Nelson Marlborough","agegrp1","40+",73,1418,5.1,5300,13.8
2015,"DHB","Nelson Marlborough","agegrp1","<20",57,1418,4,4110,13.9
2015,"DHB","Northland","agegrp1","20-24",546,2136,25.6,4320,126.4
2015,"DHB","Northland","agegrp1","25-29",613,2136,28.7,4520,135.6
2015,"DHB","Northland","agegrp1","30-34",476,2136,22.3,4190,113.6
2015,"DHB","Northland","agegrp1","35-39",252,2136,11.8,4400,57.3
2015,"DHB","Northland","agegrp1","40+",77,2136,3.6,5520,13.9
2015,"DHB","Northland","agegrp1","<20",172,2136,8.1,5380,32
2015,"DHB","South Canterbury","agegrp1","20-24",138,660,20.9,1390,99.3
2015,"DHB","South Canterbury","agegrp1","25-29",168,660,25.5,1560,107.7
2015,"DHB","South Canterbury","agegrp1","30-34",212,660,32.1,1430,148.3
2015,"DHB","South Canterbury","agegrp1","35-39",94,660,14.2,1560,60.3
2015,"DHB","South Canterbury","agegrp1","40+",20,660,3,1970,10.2
2015,"DHB","South Canterbury","agegrp1","<20",28,660,4.2,1700,16.5
2015,"DHB","Southern","agegrp1","20-24",537,3415,15.7,12810,41.9
2015,"DHB","Southern","agegrp1","25-29",919,3415,26.9,9910,92.7
2015,"DHB","Southern","agegrp1","30-34",1089,3415,31.9,9670,112.6
2015,"DHB","Southern","agegrp1","35-39",601,3415,17.6,9380,64.1
2015,"DHB","Southern","agegrp1","40+",133,3415,3.9,10620,12.5
2015,"DHB","Southern","agegrp1","<20",136,3415,4,11560,11.8
2015,"DHB","Tairawhiti","agegrp1","20-24",189,735,25.7,1420,133.1
2015,"DHB","Tairawhiti","agegrp1","25-29",190,735,25.9,1480,128.4
2015,"DHB","Tairawhiti","agegrp1","30-34",172,735,23.4,1380,124.6
2015,"DHB","Tairawhiti","agegrp1","35-39",87,735,11.8,1370,63.5
2015,"DHB","Tairawhiti","agegrp1","40+",23,735,3.1,1590,14.5
2015,"DHB","Tairawhiti","agegrp1","<20",74,735,10.1,1680,44
2015,"DHB","Taranaki","agegrp1","20-24",283,1516,18.7,3090,91.6
2015,"DHB","Taranaki","agegrp1","25-29",468,1516,30.9,3510,133.3
2015,"DHB","Taranaki","agegrp1","30-34",409,1516,27,3390,120.6
2015,"DHB","Taranaki","agegrp1","35-39",221,1516,14.6,3500,63.1
2015,"DHB","Taranaki","agegrp1","40+",54,1516,3.6,4100,13.2
2015,"DHB","Taranaki","agegrp1","<20",81,1516,5.3,3540,22.9
2015,"DHB","Unknown","agegrp1","20-24",64,380,NA,NA,NA
2015,"DHB","Unknown","agegrp1","25-29",99,380,NA,NA,NA
2015,"DHB","Unknown","agegrp1","30-34",115,380,NA,NA,NA
2015,"DHB","Unknown","agegrp1","35-39",52,380,NA,NA,NA
2015,"DHB","Unknown","agegrp1","40+",36,380,NA,NA,NA
2015,"DHB","Unknown","agegrp1","<20",14,380,NA,NA,NA
2015,"DHB","Waikato","agegrp1","20-24",1127,5275,21.4,13590,82.9
2015,"DHB","Waikato","agegrp1","25-29",1563,5275,29.6,13020,120
2015,"DHB","Waikato","agegrp1","30-34",1432,5275,27.1,11920,120.1
2015,"DHB","Waikato","agegrp1","35-39",678,5275,12.9,11760,57.7
2015,"DHB","Waikato","agegrp1","40+",183,5275,3.5,13200,13.9
2015,"DHB","Waikato","agegrp1","<20",292,5275,5.5,13490,21.6
2015,"DHB","Wairarapa","agegrp1","20-24",85,462,18.4,1070,79.4
2015,"DHB","Wairarapa","agegrp1","25-29",124,462,26.8,1020,121.6
2015,"DHB","Wairarapa","agegrp1","30-34",133,462,28.8,1080,123.1
2015,"DHB","Wairarapa","agegrp1","35-39",70,462,15.2,1180,59.3
2015,"DHB","Wairarapa","agegrp1","40+",18,462,3.9,1510,11.9
2015,"DHB","Wairarapa","agegrp1","<20",32,462,6.9,1290,24.8
2015,"DHB","Waitemata","agegrp1","20-24",886,7564,11.7,19780,44.8
2015,"DHB","Waitemata","agegrp1","25-29",1946,7564,25.7,19660,99
2015,"DHB","Waitemata","agegrp1","30-34",2682,7564,35.5,20660,129.8
2015,"DHB","Waitemata","agegrp1","35-39",1478,7564,19.5,19600,75.4
2015,"DHB","Waitemata","agegrp1","40+",356,7564,4.7,21880,16.3
2015,"DHB","Waitemata","agegrp1","<20",216,7564,2.9,19050,11.3
2015,"DHB","West Coast","agegrp1","20-24",92,358,25.7,860,107
2015,"DHB","West Coast","agegrp1","25-29",97,358,27.1,900,107.8
2015,"DHB","West Coast","agegrp1","30-34",85,358,23.7,840,101.2
2015,"DHB","West Coast","agegrp1","35-39",52,358,14.5,910,57.1
2015,"DHB","West Coast","agegrp1","40+",8,358,2.2,1110,7.2
2015,"DHB","West Coast","agegrp1","<20",24,358,6.7,860,27.9
2015,"DHB","Whanganui","agegrp1","20-24",217,816,26.6,1760,123.3
2015,"DHB","Whanganui","agegrp1","25-29",234,816,28.7,1780,131.5
2015,"DHB","Whanganui","agegrp1","30-34",182,816,22.3,1640,111
2015,"DHB","Whanganui","agegrp1","35-39",96,816,11.8,1640,58.5
2015,"DHB","Whanganui","agegrp1","40+",25,816,3.1,1990,12.6
2015,"DHB","Whanganui","agegrp1","<20",62,816,7.6,1980,31.3
2016,"DHB","Auckland","agegrp1","20-24",612,5914,10.3,21890,28
2016,"DHB","Auckland","agegrp1","25-29",1354,5914,22.9,23960,56.5
2016,"DHB","Auckland","agegrp1","30-34",2145,5914,36.3,20750,103.4
2016,"DHB","Auckland","agegrp1","35-39",1344,5914,22.7,17080,78.7
2016,"DHB","Auckland","agegrp1","40+",338,5914,5.7,16820,20.1
2016,"DHB","Auckland","agegrp1","<20",121,5914,2,15400,7.9
2016,"DHB","Bay of Plenty","agegrp1","20-24",599,2899,20.7,6040,99.2
2016,"DHB","Bay of Plenty","agegrp1","25-29",796,2899,27.5,6900,115.4
2016,"DHB","Bay of Plenty","agegrp1","30-34",801,2899,27.6,6650,120.5
2016,"DHB","Bay of Plenty","agegrp1","35-39",452,2899,15.6,6640,68.1
2016,"DHB","Bay of Plenty","agegrp1","40+",103,2899,3.6,7690,13.4
2016,"DHB","Bay of Plenty","agegrp1","<20",148,2899,5.1,6820,21.7
2016,"DHB","Canterbury","agegrp1","20-24",830,6312,13.1,18550,44.7
2016,"DHB","Canterbury","agegrp1","25-29",1823,6312,28.9,18710,97.4
2016,"DHB","Canterbury","agegrp1","30-34",2105,6312,33.3,17360,121.3
2016,"DHB","Canterbury","agegrp1","35-39",1104,6312,17.5,16770,65.8
2016,"DHB","Canterbury","agegrp1","40+",253,6312,4,18600,13.6
2016,"DHB","Canterbury","agegrp1","<20",197,6312,3.1,16590,11.9
2016,"DHB","Capital & Coast","agegrp1","20-24",359,3459,10.4,14040,25.6
2016,"DHB","Capital & Coast","agegrp1","25-29",756,3459,21.9,12680,59.6
2016,"DHB","Capital & Coast","agegrp1","30-34",1221,3459,35.3,11290,108.1
2016,"DHB","Capital & Coast","agegrp1","35-39",832,3459,24.1,10700,77.8
2016,"DHB","Capital & Coast","agegrp1","40+",219,3459,6.3,11260,19.4
2016,"DHB","Capital & Coast","agegrp1","<20",72,3459,2.1,10900,6.6
2016,"DHB","Counties Manukau","agegrp1","20-24",1575,8248,19.1,20150,78.2
2016,"DHB","Counties Manukau","agegrp1","25-29",2449,8248,29.7,20660,118.5
2016,"DHB","Counties Manukau","agegrp1","30-34",2344,8248,28.4,19340,121.2
2016,"DHB","Counties Manukau","agegrp1","35-39",1160,8248,14.1,17550,66.1
2016,"DHB","Counties Manukau","agegrp1","40+",313,8248,3.8,18040,17.4
2016,"DHB","Counties Manukau","agegrp1","<20",407,8248,4.9,19790,20.6
2016,"DHB","Hawke's Bay","agegrp1","20-24",460,2057,22.4,4460,103.1
2016,"DHB","Hawke's Bay","agegrp1","25-29",581,2057,28.2,4940,117.6
2016,"DHB","Hawke's Bay","agegrp1","30-34",537,2057,26.1,4350,123.4
2016,"DHB","Hawke's Bay","agegrp1","35-39",276,2057,13.4,4730,58.4
2016,"DHB","Hawke's Bay","agegrp1","40+",54,2057,2.6,5580,9.7
2016,"DHB","Hawke's Bay","agegrp1","<20",149,2057,7.2,5360,27.8
2016,"DHB","Hutt Valley","agegrp1","20-24",324,1968,16.5,4710,68.8
2016,"DHB","Hutt Valley","agegrp1","25-29",541,1968,27.5,5250,103
2016,"DHB","Hutt Valley","agegrp1","30-34",601,1968,30.5,5120,117.4
2016,"DHB","Hutt Valley","agegrp1","35-39",331,1968,16.8,5050,65.5
2016,"DHB","Hutt Valley","agegrp1","40+",81,1968,4.1,5350,15.1
2016,"DHB","Hutt Valley","agegrp1","<20",90,1968,4.6,4680,19.2
2016,"DHB","Lakes","agegrp1","20-24",331,1545,21.4,3140,105.4
2016,"DHB","Lakes","agegrp1","25-29",493,1545,31.9,3660,134.7
2016,"DHB","Lakes","agegrp1","30-34",371,1545,24,3270,113.5
2016,"DHB","Lakes","agegrp1","35-39",190,1545,12.3,3320,57.2
2016,"DHB","Lakes","agegrp1","40+",58,1545,3.8,3560,16.3
2016,"DHB","Lakes","agegrp1","<20",102,1545,6.6,3590,28.4
2016,"DHB","MidCentral","agegrp1","20-24",379,2077,18.2,6340,59.8
2016,"DHB","MidCentral","agegrp1","25-29",699,2077,33.7,5820,120.1
2016,"DHB","MidCentral","agegrp1","30-34",550,2077,26.5,5150,106.8
2016,"DHB","MidCentral","agegrp1","35-39",278,2077,13.4,4940,56.3
2016,"DHB","MidCentral","agegrp1","40+",65,2077,3.1,5460,11.9
2016,"DHB","MidCentral","agegrp1","<20",106,2077,5.1,6220,17
2016,"DHB","Nelson Marlborough","agegrp1","20-24",262,1548,16.9,3340,78.4
2016,"DHB","Nelson Marlborough","agegrp1","25-29",436,1548,28.2,3880,112.4
2016,"DHB","Nelson Marlborough","agegrp1","30-34",467,1548,30.2,3970,117.6
2016,"DHB","Nelson Marlborough","agegrp1","35-39",250,1548,16.1,4200,59.5
2016,"DHB","Nelson Marlborough","agegrp1","40+",64,1548,4.1,5160,12.4
2016,"DHB","Nelson Marlborough","agegrp1","<20",69,1548,4.5,4180,16.5
2016,"DHB","Northland","agegrp1","20-24",495,2264,21.9,4380,113
2016,"DHB","Northland","agegrp1","25-29",671,2264,29.6,4790,140.1
2016,"DHB","Northland","agegrp1","30-34",555,2264,24.5,4530,122.5
2016,"DHB","Northland","agegrp1","35-39",285,2264,12.6,4420,64.5
2016,"DHB","Northland","agegrp1","40+",100,2264,4.4,5300,18.9
2016,"DHB","Northland","agegrp1","<20",158,2264,7,5330,29.6
2016,"DHB","South Canterbury","agegrp1","20-24",127,651,19.5,1400,90.7
2016,"DHB","South Canterbury","agegrp1","25-29",225,651,34.6,1720,130.8
2016,"DHB","South Canterbury","agegrp1","30-34",193,651,29.6,1490,129.5
2016,"DHB","South Canterbury","agegrp1","35-39",73,651,11.2,1550,47.1
2016,"DHB","South Canterbury","agegrp1","40+",15,651,2.3,1890,7.9
2016,"DHB","South Canterbury","agegrp1","<20",18,651,2.8,1650,10.9
2016,"DHB","Southern","agegrp1","20-24",511,3315,15.4,13100,39
2016,"DHB","Southern","agegrp1","25-29",879,3315,26.5,10630,82.7
2016,"DHB","Southern","agegrp1","30-34",1104,3315,33.3,10080,109.5
2016,"DHB","Southern","agegrp1","35-39",577,3315,17.4,9600,60.1
2016,"DHB","Southern","agegrp1","40+",136,3315,4.1,10400,13.1
2016,"DHB","Southern","agegrp1","<20",108,3315,3.3,11660,9.3
2016,"DHB","Tairawhiti","agegrp1","20-24",194,773,25.1,1430,135.7
2016,"DHB","Tairawhiti","agegrp1","25-29",223,773,28.8,1550,143.9
2016,"DHB","Tairawhiti","agegrp1","30-34",180,773,23.3,1410,127.7
2016,"DHB","Tairawhiti","agegrp1","35-39",88,773,11.4,1380,63.8
2016,"DHB","Tairawhiti","agegrp1","40+",24,773,3.1,1540,15.6
2016,"DHB","Tairawhiti","agegrp1","<20",64,773,8.3,1660,38.6
2016,"DHB","Taranaki","agegrp1","20-24",281,1435,19.6,3100,90.6
2016,"DHB","Taranaki","agegrp1","25-29",439,1435,30.6,3650,120.3
2016,"DHB","Taranaki","agegrp1","30-34",424,1435,29.5,3540,119.8
2016,"DHB","Taranaki","agegrp1","35-39",198,1435,13.8,3540,55.9
2016,"DHB","Taranaki","agegrp1","40+",41,1435,2.9,3990,10.3
2016,"DHB","Taranaki","agegrp1","<20",52,1435,3.6,3510,14.8
2016,"DHB","Unknown","agegrp1","20-24",77,450,NA,NA,NA
2016,"DHB","Unknown","agegrp1","25-29",128,450,NA,NA,NA
2016,"DHB","Unknown","agegrp1","30-34",113,450,NA,NA,NA
2016,"DHB","Unknown","agegrp1","35-39",76,450,NA,NA,NA
2016,"DHB","Unknown","agegrp1","40+",37,450,NA,NA,NA
2016,"DHB","Unknown","agegrp1","<20",19,450,NA,NA,NA
2016,"DHB","Waikato","agegrp1","20-24",1059,5359,19.8,13720,77.2
2016,"DHB","Waikato","agegrp1","25-29",1617,5359,30.2,13830,116.9
2016,"DHB","Waikato","agegrp1","30-34",1510,5359,28.2,12530,120.5
2016,"DHB","Waikato","agegrp1","35-39",714,5359,13.3,11970,59.6
2016,"DHB","Waikato","agegrp1","40+",162,5359,3,12870,12.6
2016,"DHB","Waikato","agegrp1","<20",297,5359,5.5,13440,22.1
2016,"DHB","Wairarapa","agegrp1","20-24",96,460,20.9,1080,88.9
2016,"DHB","Wairarapa","agegrp1","25-29",130,460,28.3,1100,118.2
2016,"DHB","Wairarapa","agegrp1","30-34",107,460,23.3,1080,99.1
2016,"DHB","Wairarapa","agegrp1","35-39",76,460,16.5,1240,61.3
2016,"DHB","Wairarapa","agegrp1","40+",24,460,5.2,1460,16.4
2016,"DHB","Wairarapa","agegrp1","<20",27,460,5.9,1290,20.9
2016,"DHB","Waitemata","agegrp1","20-24",855,7936,10.8,19760,43.3
2016,"DHB","Waitemata","agegrp1","25-29",2064,7936,26,21220,97.3
2016,"DHB","Waitemata","agegrp1","30-34",2894,7936,36.5,21610,133.9
2016,"DHB","Waitemata","agegrp1","35-39",1601,7936,20.2,20300,78.9
2016,"DHB","Waitemata","agegrp1","40+",328,7936,4.1,21330,15.4
2016,"DHB","Waitemata","agegrp1","<20",194,7936,2.4,19380,10
2016,"DHB","West Coast","agegrp1","20-24",58,318,18.2,840,69
2016,"DHB","West Coast","agegrp1","25-29",105,318,33,960,109.4
2016,"DHB","West Coast","agegrp1","30-34",86,318,27,820,104.9
2016,"DHB","West Coast","agegrp1","35-39",47,318,14.8,900,52.2
2016,"DHB","West Coast","agegrp1","40+",12,318,3.8,1050,11.4
2016,"DHB","West Coast","agegrp1","<20",10,318,3.1,850,11.8
2016,"DHB","Whanganui","agegrp1","20-24",189,800,23.6,1770,106.8
2016,"DHB","Whanganui","agegrp1","25-29",265,800,33.1,1860,142.5
2016,"DHB","Whanganui","agegrp1","30-34",185,800,23.1,1720,107.6
2016,"DHB","Whanganui","agegrp1","35-39",91,800,11.4,1620,56.2
2016,"DHB","Whanganui","agegrp1","40+",14,800,1.8,1960,7.1
2016,"DHB","Whanganui","agegrp1","<20",56,800,7,1960,28.6
2017,"DHB","Auckland","agegrp1","20-24",532,5632,9.4,22020,24.2
2017,"DHB","Auckland","agegrp1","25-29",1276,5632,22.7,25320,50.4
2017,"DHB","Auckland","agegrp1","30-34",2133,5632,37.9,21290,100.2
2017,"DHB","Auckland","agegrp1","35-39",1252,5632,22.2,17430,71.8
2017,"DHB","Auckland","agegrp1","40+",342,5632,6.1,16410,20.8
2017,"DHB","Auckland","agegrp1","<20",97,5632,1.7,15100,6.4
2017,"DHB","Bay of Plenty","agegrp1","20-24",573,3102,18.5,6030,95
2017,"DHB","Bay of Plenty","agegrp1","25-29",882,3102,28.4,7420,118.9
2017,"DHB","Bay of Plenty","agegrp1","30-34",928,3102,29.9,7110,130.5
2017,"DHB","Bay of Plenty","agegrp1","35-39",442,3102,14.2,6930,63.8
2017,"DHB","Bay of Plenty","agegrp1","40+",123,3102,4,7690,16
2017,"DHB","Bay of Plenty","agegrp1","<20",154,3102,5,6940,22.2
2017,"DHB","Canterbury","agegrp1","20-24",838,6397,13.1,18710,44.8
2017,"DHB","Canterbury","agegrp1","25-29",1798,6397,28.1,19790,90.9
2017,"DHB","Canterbury","agegrp1","30-34",2138,6397,33.4,18410,116.1
2017,"DHB","Canterbury","agegrp1","35-39",1176,6397,18.4,17230,68.3
2017,"DHB","Canterbury","agegrp1","40+",275,6397,4.3,18110,15.2
2017,"DHB","Canterbury","agegrp1","<20",172,6397,2.7,16800,10.2
2017,"DHB","Capital & Coast","agegrp1","20-24",327,3496,9.4,14140,23.1
2017,"DHB","Capital & Coast","agegrp1","25-29",783,3496,22.4,13280,59
2017,"DHB","Capital & Coast","agegrp1","30-34",1301,3496,37.2,11600,112.2
2017,"DHB","Capital & Coast","agegrp1","35-39",815,3496,23.3,10770,75.7
2017,"DHB","Capital & Coast","agegrp1","40+",189,3496,5.4,11030,17.1
2017,"DHB","Capital & Coast","agegrp1","<20",81,3496,2.3,10940,7.4
2017,"DHB","Counties Manukau","agegrp1","20-24",1561,8284,18.8,20310,76.9
2017,"DHB","Counties Manukau","agegrp1","25-29",2473,8284,29.9,22050,112.2
2017,"DHB","Counties Manukau","agegrp1","30-34",2394,8284,28.9,20120,119
2017,"DHB","Counties Manukau","agegrp1","35-39",1172,8284,14.1,18450,63.5
2017,"DHB","Counties Manukau","agegrp1","40+",313,8284,3.8,17870,17.5
2017,"DHB","Counties Manukau","agegrp1","<20",371,8284,4.5,19940,18.6
2017,"DHB","Hawke's Bay","agegrp1","20-24",437,2134,20.5,4390,99.5
2017,"DHB","Hawke's Bay","agegrp1","25-29",655,2134,30.7,5220,125.5
2017,"DHB","Hawke's Bay","agegrp1","30-34",555,2134,26,4580,121.2
2017,"DHB","Hawke's Bay","agegrp1","35-39",271,2134,12.7,4750,57.1
2017,"DHB","Hawke's Bay","agegrp1","40+",79,2134,3.7,5390,14.7
2017,"DHB","Hawke's Bay","agegrp1","<20",137,2134,6.4,5380,25.5
2017,"DHB","Hutt Valley","agegrp1","20-24",301,1946,15.5,4640,64.9
2017,"DHB","Hutt Valley","agegrp1","25-29",556,1946,28.6,5460,101.8
2017,"DHB","Hutt Valley","agegrp1","30-34",590,1946,30.3,5330,110.7
2017,"DHB","Hutt Valley","agegrp1","35-39",329,1946,16.9,5240,62.8
2017,"DHB","Hutt Valley","agegrp1","40+",80,1946,4.1,5250,15.2
2017,"DHB","Hutt Valley","agegrp1","<20",90,1946,4.6,4760,18.9
2017,"DHB","Lakes","agegrp1","20-24",349,1556,22.4,3090,112.9
2017,"DHB","Lakes","agegrp1","25-29",451,1556,29,3820,118.1
2017,"DHB","Lakes","agegrp1","30-34",402,1556,25.8,3520,114.2
2017,"DHB","Lakes","agegrp1","35-39",210,1556,13.5,3380,62.1
2017,"DHB","Lakes","agegrp1","40+",41,1556,2.6,3550,11.5
2017,"DHB","Lakes","agegrp1","<20",103,1556,6.6,3540,29.1
2017,"DHB","MidCentral","agegrp1","20-24",417,2132,19.6,6400,65.2
2017,"DHB","MidCentral","agegrp1","25-29",636,2132,29.8,6020,105.6
2017,"DHB","MidCentral","agegrp1","30-34",621,2132,29.1,5340,116.3
2017,"DHB","MidCentral","agegrp1","35-39",294,2132,13.8,5010,58.7
2017,"DHB","MidCentral","agegrp1","40+",74,2132,3.5,5290,14
2017,"DHB","MidCentral","agegrp1","<20",90,2132,4.2,6120,14.7
2017,"DHB","Nelson Marlborough","agegrp1","20-24",227,1426,15.9,3350,67.8
2017,"DHB","Nelson Marlborough","agegrp1","25-29",395,1426,27.7,4030,98
2017,"DHB","Nelson Marlborough","agegrp1","30-34",443,1426,31.1,4040,109.7
2017,"DHB","Nelson Marlborough","agegrp1","35-39",244,1426,17.1,4270,57.1
2017,"DHB","Nelson Marlborough","agegrp1","40+",64,1426,4.5,5000,12.8
2017,"DHB","Nelson Marlborough","agegrp1","<20",53,1426,3.7,4190,12.6
2017,"DHB","Northland","agegrp1","20-24",497,2238,22.2,4360,114
2017,"DHB","Northland","agegrp1","25-29",646,2238,28.9,5080,127.2
2017,"DHB","Northland","agegrp1","30-34",588,2238,26.3,4700,125.1
2017,"DHB","Northland","agegrp1","35-39",276,2238,12.3,4530,60.9
2017,"DHB","Northland","agegrp1","40+",74,2238,3.3,5210,14.2
2017,"DHB","Northland","agegrp1","<20",157,2238,7,5320,29.5
2017,"DHB","South Canterbury","agegrp1","20-24",119,633,18.8,1410,84.4
2017,"DHB","South Canterbury","agegrp1","25-29",217,633,34.3,1810,119.9
2017,"DHB","South Canterbury","agegrp1","30-34",171,633,27,1560,109.6
2017,"DHB","South Canterbury","agegrp1","35-39",80,633,12.6,1580,50.6
2017,"DHB","South Canterbury","agegrp1","40+",17,633,2.7,1820,9.3
2017,"DHB","South Canterbury","agegrp1","<20",29,633,4.6,1620,17.9
2017,"DHB","Southern","agegrp1","20-24",496,3438,14.4,13240,37.5
2017,"DHB","Southern","agegrp1","25-29",944,3438,27.5,11350,83.2
2017,"DHB","Southern","agegrp1","30-34",1118,3438,32.5,10540,106.1
2017,"DHB","Southern","agegrp1","35-39",618,3438,18,9870,62.6
2017,"DHB","Southern","agegrp1","40+",144,3438,4.2,10160,14.2
2017,"DHB","Southern","agegrp1","<20",118,3438,3.4,11770,10
2017,"DHB","Tairawhiti","agegrp1","20-24",169,704,24,1400,120.7
2017,"DHB","Tairawhiti","agegrp1","25-29",210,704,29.8,1560,134.6
2017,"DHB","Tairawhiti","agegrp1","30-34",167,704,23.7,1480,112.8
2017,"DHB","Tairawhiti","agegrp1","35-39",81,704,11.5,1400,57.9
2017,"DHB","Tairawhiti","agegrp1","40+",12,704,1.7,1470,8.2
2017,"DHB","Tairawhiti","agegrp1","<20",65,704,9.2,1620,40.1
2017,"DHB","Taranaki","agegrp1","20-24",248,1402,17.7,3030,81.8
2017,"DHB","Taranaki","agegrp1","25-29",420,1402,30,3700,113.5
2017,"DHB","Taranaki","agegrp1","30-34",458,1402,32.7,3700,123.8
2017,"DHB","Taranaki","agegrp1","35-39",191,1402,13.6,3520,54.3
2017,"DHB","Taranaki","agegrp1","40+",40,1402,2.9,3930,10.2
2017,"DHB","Taranaki","agegrp1","<20",45,1402,3.2,3540,12.7
2017,"DHB","Unknown","agegrp1","20-24",63,405,NA,NA,NA
2017,"DHB","Unknown","agegrp1","25-29",114,405,NA,NA,NA
2017,"DHB","Unknown","agegrp1","30-34",100,405,NA,NA,NA
2017,"DHB","Unknown","agegrp1","35-39",66,405,NA,NA,NA
2017,"DHB","Unknown","agegrp1","40+",45,405,NA,NA,NA
2017,"DHB","Unknown","agegrp1","<20",17,405,NA,NA,NA
2017,"DHB","Waikato","agegrp1","20-24",1024,5322,19.2,13740,74.5
2017,"DHB","Waikato","agegrp1","25-29",1626,5322,30.6,14450,112.5
2017,"DHB","Waikato","agegrp1","30-34",1540,5322,28.9,13240,116.3
2017,"DHB","Waikato","agegrp1","35-39",679,5322,12.8,12350,55
2017,"DHB","Waikato","agegrp1","40+",185,5322,3.5,12660,14.6
2017,"DHB","Waikato","agegrp1","<20",268,5322,5,13530,19.8
2017,"DHB","Wairarapa","agegrp1","20-24",113,536,21.1,1070,105.6
2017,"DHB","Wairarapa","agegrp1","25-29",171,536,31.9,1200,142.5
2017,"DHB","Wairarapa","agegrp1","30-34",138,536,25.7,1100,125.5
2017,"DHB","Wairarapa","agegrp1","35-39",74,536,13.8,1240,59.7
2017,"DHB","Wairarapa","agegrp1","40+",13,536,2.4,1420,9.2
2017,"DHB","Wairarapa","agegrp1","<20",27,536,5,1280,21.1
2017,"DHB","Waitemata","agegrp1","20-24",831,7722,10.8,19980,41.6
2017,"DHB","Waitemata","agegrp1","25-29",2080,7722,26.9,22260,93.4
2017,"DHB","Waitemata","agegrp1","30-34",2736,7722,35.4,22570,121.2
2017,"DHB","Waitemata","agegrp1","35-39",1539,7722,19.9,21370,72
2017,"DHB","Waitemata","agegrp1","40+",371,7722,4.8,21020,17.6
2017,"DHB","Waitemata","agegrp1","<20",165,7722,2.1,19280,8.6
2017,"DHB","West Coast","agegrp1","20-24",67,355,18.9,770,87
2017,"DHB","West Coast","agegrp1","25-29",124,355,34.9,1020,121.6
2017,"DHB","West Coast","agegrp1","30-34",85,355,23.9,840,101.2
2017,"DHB","West Coast","agegrp1","35-39",58,355,16.3,870,66.7
2017,"DHB","West Coast","agegrp1","40+",9,355,2.5,960,9.4
2017,"DHB","West Coast","agegrp1","<20",12,355,3.4,860,14
2017,"DHB","Whanganui","agegrp1","20-24",199,843,23.6,1750,113.7
2017,"DHB","Whanganui","agegrp1","25-29",284,843,33.7,1940,146.4
2017,"DHB","Whanganui","agegrp1","30-34",193,843,22.9,1790,107.8
2017,"DHB","Whanganui","agegrp1","35-39",86,843,10.2,1650,52.1
2017,"DHB","Whanganui","agegrp1","40+",20,843,2.4,1880,10.6
2017,"DHB","Whanganui","agegrp1","<20",61,843,7.2,1990,30.7
2018,"DHB","Auckland","agegrp1","20-24",491,5432,9,22120,22.2
2018,"DHB","Auckland","agegrp1","25-29",1217,5432,22.4,26160,46.5
2018,"DHB","Auckland","agegrp1","30-34",2015,5432,37.1,22260,90.5
2018,"DHB","Auckland","agegrp1","35-39",1335,5432,24.6,17900,74.6
2018,"DHB","Auckland","agegrp1","40+",283,5432,5.2,16100,17.6
2018,"DHB","Auckland","agegrp1","<20",91,5432,1.7,14760,6.2
2018,"DHB","Bay of Plenty","agegrp1","20-24",541,3008,18,5810,93.1
2018,"DHB","Bay of Plenty","agegrp1","25-29",849,3008,28.2,7770,109.3
2018,"DHB","Bay of Plenty","agegrp1","30-34",945,3008,31.4,7720,122.4
2018,"DHB","Bay of Plenty","agegrp1","35-39",450,3008,15,7260,62
2018,"DHB","Bay of Plenty","agegrp1","40+",95,3008,3.2,7620,12.5
2018,"DHB","Bay of Plenty","agegrp1","<20",128,3008,4.3,7140,17.9
2018,"DHB","Canterbury","agegrp1","20-24",778,6249,12.4,18470,42.1
2018,"DHB","Canterbury","agegrp1","25-29",1707,6249,27.3,20560,83
2018,"DHB","Canterbury","agegrp1","30-34",2202,6249,35.2,19480,113
2018,"DHB","Canterbury","agegrp1","35-39",1163,6249,18.6,17780,65.4
2018,"DHB","Canterbury","agegrp1","40+",256,6249,4.1,17740,14.4
2018,"DHB","Canterbury","agegrp1","<20",143,6249,2.3,16860,8.5
2018,"DHB","Capital & Coast","agegrp1","20-24",285,3198,8.9,14430,19.8
2018,"DHB","Capital & Coast","agegrp1","25-29",760,3198,23.8,13660,55.6
2018,"DHB","Capital & Coast","agegrp1","30-34",1131,3198,35.4,11920,94.9
2018,"DHB","Capital & Coast","agegrp1","35-39",781,3198,24.4,11000,71
2018,"DHB","Capital & Coast","agegrp1","40+",171,3198,5.3,10810,15.8
2018,"DHB","Capital & Coast","agegrp1","<20",70,3198,2.2,10970,6.4
2018,"DHB","Counties Manukau","agegrp1","20-24",1474,8171,18,20260,72.8
2018,"DHB","Counties Manukau","agegrp1","25-29",2468,8171,30.2,22690,108.8
2018,"DHB","Counties Manukau","agegrp1","30-34",2404,8171,29.4,21240,113.2
2018,"DHB","Counties Manukau","agegrp1","35-39",1140,8171,14,19310,59
2018,"DHB","Counties Manukau","agegrp1","40+",283,8171,3.5,17720,16
2018,"DHB","Counties Manukau","agegrp1","<20",402,8171,4.9,19960,20.1
2018,"DHB","Hawke's Bay","agegrp1","20-24",397,2110,18.8,4300,92.3
2018,"DHB","Hawke's Bay","agegrp1","25-29",616,2110,29.2,5320,115.8
2018,"DHB","Hawke's Bay","agegrp1","30-34",586,2110,27.8,4860,120.6
2018,"DHB","Hawke's Bay","agegrp1","35-39",305,2110,14.5,4800,63.5
2018,"DHB","Hawke's Bay","agegrp1","40+",78,2110,3.7,5280,14.8
2018,"DHB","Hawke's Bay","agegrp1","<20",128,2110,6.1,5510,23.2
2018,"DHB","Hutt Valley","agegrp1","20-24",274,1943,14.1,4470,61.3
2018,"DHB","Hutt Valley","agegrp1","25-29",547,1943,28.2,5510,99.3
2018,"DHB","Hutt Valley","agegrp1","30-34",652,1943,33.6,5630,115.8
2018,"DHB","Hutt Valley","agegrp1","35-39",336,1943,17.3,5420,62
2018,"DHB","Hutt Valley","agegrp1","40+",61,1943,3.1,5150,11.8
2018,"DHB","Hutt Valley","agegrp1","<20",73,1943,3.8,4730,15.4
2018,"DHB","Lakes","agegrp1","20-24",281,1527,18.4,3050,92.1
2018,"DHB","Lakes","agegrp1","25-29",494,1527,32.4,3870,127.6
2018,"DHB","Lakes","agegrp1","30-34",449,1527,29.4,3810,117.8
2018,"DHB","Lakes","agegrp1","35-39",189,1527,12.4,3390,55.8
2018,"DHB","Lakes","agegrp1","40+",40,1527,2.6,3540,11.3
2018,"DHB","Lakes","agegrp1","<20",74,1527,4.8,3540,20.9
2018,"DHB","MidCentral","agegrp1","20-24",438,2158,20.3,6410,68.3
2018,"DHB","MidCentral","agegrp1","25-29",690,2158,32,6130,112.6
2018,"DHB","MidCentral","agegrp1","30-34",607,2158,28.1,5470,111
2018,"DHB","MidCentral","agegrp1","35-39",260,2158,12,5180,50.2
2018,"DHB","MidCentral","agegrp1","40+",65,2158,3,5210,12.5
2018,"DHB","MidCentral","agegrp1","<20",98,2158,4.5,5950,16.5
2018,"DHB","Nelson Marlborough","agegrp1","20-24",236,1496,15.8,3250,72.6
2018,"DHB","Nelson Marlborough","agegrp1","25-29",437,1496,29.2,4180,104.5
2018,"DHB","Nelson Marlborough","agegrp1","30-34",468,1496,31.3,4190,111.7
2018,"DHB","Nelson Marlborough","agegrp1","35-39",240,1496,16,4340,55.3
2018,"DHB","Nelson Marlborough","agegrp1","40+",67,1496,4.5,4870,13.8
2018,"DHB","Nelson Marlborough","agegrp1","<20",48,1496,3.2,4300,11.2
2018,"DHB","Northland","agegrp1","20-24",460,2195,21,4260,108
2018,"DHB","Northland","agegrp1","25-29",635,2195,28.9,5160,123.1
2018,"DHB","Northland","agegrp1","30-34",594,2195,27.1,5060,117.4
2018,"DHB","Northland","agegrp1","35-39",287,2195,13.1,4740,60.5
2018,"DHB","Northland","agegrp1","40+",86,2195,3.9,5090,16.9
2018,"DHB","Northland","agegrp1","<20",133,2195,6.1,5360,24.8
2018,"DHB","South Canterbury","agegrp1","20-24",97,603,16.1,1350,71.9
2018,"DHB","South Canterbury","agegrp1","25-29",186,603,30.8,1880,98.9
2018,"DHB","South Canterbury","agegrp1","30-34",210,603,34.8,1680,125
2018,"DHB","South Canterbury","agegrp1","35-39",80,603,13.3,1550,51.6
2018,"DHB","South Canterbury","agegrp1","40+",14,603,2.3,1740,8
2018,"DHB","South Canterbury","agegrp1","<20",16,603,2.7,1630,9.8
2018,"DHB","Southern","agegrp1","20-24",449,3270,13.7,13330,33.7
2018,"DHB","Southern","agegrp1","25-29",911,3270,27.9,11870,76.7
2018,"DHB","Southern","agegrp1","30-34",1093,3270,33.4,11210,97.5
2018,"DHB","Southern","agegrp1","35-39",586,3270,17.9,10220,57.3
2018,"DHB","Southern","agegrp1","40+",131,3270,4,10120,12.9
2018,"DHB","Southern","agegrp1","<20",100,3270,3.1,11740,8.5
2018,"DHB","Tairawhiti","agegrp1","20-24",124,699,17.7,1370,90.5
2018,"DHB","Tairawhiti","agegrp1","25-29",224,699,32,1560,143.6
2018,"DHB","Tairawhiti","agegrp1","30-34",184,699,26.3,1540,119.5
2018,"DHB","Tairawhiti","agegrp1","35-39",81,699,11.6,1430,56.6
2018,"DHB","Tairawhiti","agegrp1","40+",27,699,3.9,1400,19.3
2018,"DHB","Tairawhiti","agegrp1","<20",59,699,8.4,1620,36.4
2018,"DHB","Taranaki","agegrp1","20-24",287,1565,18.3,2860,100.3
2018,"DHB","Taranaki","agegrp1","25-29",469,1565,30,3680,127.4
2018,"DHB","Taranaki","agegrp1","30-34",471,1565,30.1,3850,122.3
2018,"DHB","Taranaki","agegrp1","35-39",220,1565,14.1,3610,60.9
2018,"DHB","Taranaki","agegrp1","40+",46,1565,2.9,3840,12
2018,"DHB","Taranaki","agegrp1","<20",72,1565,4.6,3550,20.3
2018,"DHB","Unknown","agegrp1","20-24",69,504,NA,NA,NA
2018,"DHB","Unknown","agegrp1","25-29",120,504,NA,NA,NA
2018,"DHB","Unknown","agegrp1","30-34",161,504,NA,NA,NA
2018,"DHB","Unknown","agegrp1","35-39",82,504,NA,NA,NA
2018,"DHB","Unknown","agegrp1","40+",54,504,NA,NA,NA
2018,"DHB","Unknown","agegrp1","<20",18,504,NA,NA,NA
2018,"DHB","Waikato","agegrp1","20-24",970,5383,18,13740,70.6
2018,"DHB","Waikato","agegrp1","25-29",1649,5383,30.6,14840,111.1
2018,"DHB","Waikato","agegrp1","30-34",1594,5383,29.6,13850,115.1
2018,"DHB","Waikato","agegrp1","35-39",721,5383,13.4,12650,57
2018,"DHB","Waikato","agegrp1","40+",171,5383,3.2,12580,13.6
2018,"DHB","Waikato","agegrp1","<20",278,5383,5.2,13580,20.5
2018,"DHB","Wairarapa","agegrp1","20-24",94,496,19,1040,90.4
2018,"DHB","Wairarapa","agegrp1","25-29",146,496,29.4,1270,115
2018,"DHB","Wairarapa","agegrp1","30-34",148,496,29.8,1130,131
2018,"DHB","Wairarapa","agegrp1","35-39",70,496,14.1,1290,54.3
2018,"DHB","Wairarapa","agegrp1","40+",18,496,3.6,1420,12.7
2018,"DHB","Wairarapa","agegrp1","<20",20,496,4,1330,15
2018,"DHB","Waitemata","agegrp1","20-24",758,7425,10.2,20320,37.3
2018,"DHB","Waitemata","agegrp1","25-29",1874,7425,25.2,22720,82.5
2018,"DHB","Waitemata","agegrp1","30-34",2666,7425,35.9,23390,114
2018,"DHB","Waitemata","agegrp1","35-39",1651,7425,22.2,22760,72.5
2018,"DHB","Waitemata","agegrp1","40+",330,7425,4.4,20960,15.7
2018,"DHB","Waitemata","agegrp1","<20",146,7425,2,18910,7.7
2018,"DHB","West Coast","agegrp1","20-24",70,328,21.3,720,97.2
2018,"DHB","West Coast","agegrp1","25-29",106,328,32.3,1030,102.9
2018,"DHB","West Coast","agegrp1","30-34",78,328,23.8,860,90.7
2018,"DHB","West Coast","agegrp1","35-39",50,328,15.2,850,58.8
2018,"DHB","West Coast","agegrp1","40+",12,328,3.7,870,13.8
2018,"DHB","West Coast","agegrp1","<20",12,328,3.7,820,14.6
2018,"DHB","Whanganui","agegrp1","20-24",188,806,23.3,1720,109.3
2018,"DHB","Whanganui","agegrp1","25-29",276,806,34.2,1980,139.4
2018,"DHB","Whanganui","agegrp1","30-34",208,806,25.8,1870,111.2
2018,"DHB","Whanganui","agegrp1","35-39",76,806,9.4,1660,45.8
2018,"DHB","Whanganui","agegrp1","40+",20,806,2.5,1810,11
2018,"DHB","Whanganui","agegrp1","<20",38,806,4.7,1990,19.1
2019,"DHB","Auckland","agegrp1","20-24",477,5587,8.5,21280,22.4
2019,"DHB","Auckland","agegrp1","25-29",1223,5587,21.9,26810,45.6
2019,"DHB","Auckland","agegrp1","30-34",2129,5587,38.1,23190,91.8
2019,"DHB","Auckland","agegrp1","35-39",1353,5587,24.2,18570,72.9
2019,"DHB","Auckland","agegrp1","40+",314,5587,5.6,15940,19.7
2019,"DHB","Auckland","agegrp1","<20",91,5587,1.6,14440,6.3
2019,"DHB","Bay of Plenty","agegrp1","20-24",512,3105,16.5,5750,89
2019,"DHB","Bay of Plenty","agegrp1","25-29",917,3105,29.5,7800,117.6
2019,"DHB","Bay of Plenty","agegrp1","30-34",970,3105,31.2,8150,119
2019,"DHB","Bay of Plenty","agegrp1","35-39",483,3105,15.6,7560,63.9
2019,"DHB","Bay of Plenty","agegrp1","40+",90,3105,2.9,7730,11.6
2019,"DHB","Bay of Plenty","agegrp1","<20",133,3105,4.3,7370,18
2019,"DHB","Canterbury","agegrp1","20-24",772,6441,12,18470,41.8
2019,"DHB","Canterbury","agegrp1","25-29",1798,6441,27.9,20990,85.7
2019,"DHB","Canterbury","agegrp1","30-34",2248,6441,34.9,20220,111.2
2019,"DHB","Canterbury","agegrp1","35-39",1224,6441,19,18430,66.4
2019,"DHB","Canterbury","agegrp1","40+",251,6441,3.9,17600,14.3
2019,"DHB","Canterbury","agegrp1","<20",148,6441,2.3,16890,8.8
2019,"DHB","Capital & Coast","agegrp1","20-24",309,3182,9.7,15190,20.3
2019,"DHB","Capital & Coast","agegrp1","25-29",682,3182,21.4,13900,49.1
2019,"DHB","Capital & Coast","agegrp1","30-34",1139,3182,35.8,12050,94.5
2019,"DHB","Capital & Coast","agegrp1","35-39",778,3182,24.5,11110,70
2019,"DHB","Capital & Coast","agegrp1","40+",213,3182,6.7,10740,19.8
2019,"DHB","Capital & Coast","agegrp1","<20",61,3182,1.9,11270,5.4
2019,"DHB","Counties Manukau","agegrp1","20-24",1487,8418,17.7,20360,73
2019,"DHB","Counties Manukau","agegrp1","25-29",2532,8418,30.1,23070,109.8
2019,"DHB","Counties Manukau","agegrp1","30-34",2472,8418,29.4,22000,112.4
2019,"DHB","Counties Manukau","agegrp1","35-39",1269,8418,15.1,20190,62.9
2019,"DHB","Counties Manukau","agegrp1","40+",286,8418,3.4,17970,15.9
2019,"DHB","Counties Manukau","agegrp1","<20",372,8418,4.4,19910,18.7
2019,"DHB","Hawke's Bay","agegrp1","20-24",394,2020,19.5,4320,91.2
2019,"DHB","Hawke's Bay","agegrp1","25-29",593,2020,29.4,5340,111
2019,"DHB","Hawke's Bay","agegrp1","30-34",571,2020,28.3,5160,110.7
2019,"DHB","Hawke's Bay","agegrp1","35-39",307,2020,15.2,4840,63.4
2019,"DHB","Hawke's Bay","agegrp1","40+",61,2020,3,5190,11.8
2019,"DHB","Hawke's Bay","agegrp1","<20",94,2020,4.7,5530,17
2019,"DHB","Hutt Valley","agegrp1","20-24",256,1960,13.1,4430,57.8
2019,"DHB","Hutt Valley","agegrp1","25-29",554,1960,28.3,5440,101.8
2019,"DHB","Hutt Valley","agegrp1","30-34",666,1960,34,5890,113.1
2019,"DHB","Hutt Valley","agegrp1","35-39",332,1960,16.9,5580,59.5
2019,"DHB","Hutt Valley","agegrp1","40+",79,1960,4,5130,15.4
2019,"DHB","Hutt Valley","agegrp1","<20",73,1960,3.7,4780,15.3
2019,"DHB","Lakes","agegrp1","20-24",297,1536,19.3,3010,98.7
2019,"DHB","Lakes","agegrp1","25-29",486,1536,31.6,3850,126.2
2019,"DHB","Lakes","agegrp1","30-34",454,1536,29.6,4000,113.5
2019,"DHB","Lakes","agegrp1","35-39",170,1536,11.1,3450,49.3
2019,"DHB","Lakes","agegrp1","40+",51,1536,3.3,3610,14.1
2019,"DHB","Lakes","agegrp1","<20",78,1536,5.1,3550,22
2019,"DHB","MidCentral","agegrp1","20-24",421,2164,19.5,6430,65.5
2019,"DHB","MidCentral","agegrp1","25-29",668,2164,30.9,6190,107.9
2019,"DHB","MidCentral","agegrp1","30-34",613,2164,28.3,5730,107
2019,"DHB","MidCentral","agegrp1","35-39",284,2164,13.1,5300,53.6
2019,"DHB","MidCentral","agegrp1","40+",67,2164,3.1,5170,13
2019,"DHB","MidCentral","agegrp1","<20",111,2164,5.1,5970,18.6
2019,"DHB","Nelson Marlborough","agegrp1","20-24",190,1450,13.1,3280,57.9
2019,"DHB","Nelson Marlborough","agegrp1","25-29",405,1450,27.9,4180,96.9
2019,"DHB","Nelson Marlborough","agegrp1","30-34",474,1450,32.7,4320,109.7
2019,"DHB","Nelson Marlborough","agegrp1","35-39",257,1450,17.7,4430,58
2019,"DHB","Nelson Marlborough","agegrp1","40+",76,1450,5.2,4800,15.8
2019,"DHB","Nelson Marlborough","agegrp1","<20",48,1450,3.3,4390,10.9
2019,"DHB","Northland","agegrp1","20-24",467,2311,20.2,4190,111.5
2019,"DHB","Northland","agegrp1","25-29",694,2311,30,5150,134.8
2019,"DHB","Northland","agegrp1","30-34",629,2311,27.2,5380,116.9
2019,"DHB","Northland","agegrp1","35-39",297,2311,12.9,4860,61.1
2019,"DHB","Northland","agegrp1","40+",73,2311,3.2,5040,14.5
2019,"DHB","Northland","agegrp1","<20",151,2311,6.5,5490,27.5
2019,"DHB","South Canterbury","agegrp1","20-24",82,621,13.2,1310,62.6
2019,"DHB","South Canterbury","agegrp1","25-29",195,621,31.4,1860,104.8
2019,"DHB","South Canterbury","agegrp1","30-34",209,621,33.7,1790,116.8
2019,"DHB","South Canterbury","agegrp1","35-39",92,621,14.8,1610,57.1
2019,"DHB","South Canterbury","agegrp1","40+",27,621,4.3,1690,16
2019,"DHB","South Canterbury","agegrp1","<20",16,621,2.6,1610,9.9
2019,"DHB","Southern","agegrp1","20-24",451,3442,13.1,12970,34.8
2019,"DHB","Southern","agegrp1","25-29",909,3442,26.4,12330,73.7
2019,"DHB","Southern","agegrp1","30-34",1198,3442,34.8,11830,101.3
2019,"DHB","Southern","agegrp1","35-39",646,3442,18.8,10500,61.5
2019,"DHB","Southern","agegrp1","40+",143,3442,4.2,10080,14.2
2019,"DHB","Southern","agegrp1","<20",95,3442,2.8,11970,7.9
2019,"DHB","Tairawhiti","agegrp1","20-24",151,683,22.1,1330,113.5
2019,"DHB","Tairawhiti","agegrp1","25-29",198,683,29,1560,126.9
2019,"DHB","Tairawhiti","agegrp1","30-34",184,683,26.9,1560,117.9
2019,"DHB","Tairawhiti","agegrp1","35-39",75,683,11,1480,50.7
2019,"DHB","Tairawhiti","agegrp1","40+",27,683,4,1430,18.9
2019,"DHB","Tairawhiti","agegrp1","<20",48,683,7,1590,30.2
2019,"DHB","Taranaki","agegrp1","20-24",253,1508,16.8,2760,91.7
2019,"DHB","Taranaki","agegrp1","25-29",459,1508,30.4,3660,125.4
2019,"DHB","Taranaki","agegrp1","30-34",457,1508,30.3,3930,116.3
2019,"DHB","Taranaki","agegrp1","35-39",217,1508,14.4,3740,58
2019,"DHB","Taranaki","agegrp1","40+",48,1508,3.2,3750,12.8
2019,"DHB","Taranaki","agegrp1","<20",74,1508,4.9,3560,20.8
2019,"DHB","Unknown","agegrp1","20-24",64,445,NA,NA,NA
2019,"DHB","Unknown","agegrp1","25-29",127,445,NA,NA,NA
2019,"DHB","Unknown","agegrp1","30-34",114,445,NA,NA,NA
2019,"DHB","Unknown","agegrp1","35-39",69,445,NA,NA,NA
2019,"DHB","Unknown","agegrp1","40+",49,445,NA,NA,NA
2019,"DHB","Unknown","agegrp1","<20",22,445,NA,NA,NA
2019,"DHB","Waikato","agegrp1","20-24",932,5445,17.1,13790,67.6
2019,"DHB","Waikato","agegrp1","25-29",1633,5445,30,15080,108.3
2019,"DHB","Waikato","agegrp1","30-34",1692,5445,31.1,14470,116.9
2019,"DHB","Waikato","agegrp1","35-39",764,5445,14,13080,58.4
2019,"DHB","Waikato","agegrp1","40+",174,5445,3.2,12600,13.8
2019,"DHB","Waikato","agegrp1","<20",250,5445,4.6,13620,18.4
2019,"DHB","Wairarapa","agegrp1","20-24",101,518,19.5,1010,100
2019,"DHB","Wairarapa","agegrp1","25-29",156,518,30.1,1250,124.8
2019,"DHB","Wairarapa","agegrp1","30-34",153,518,29.5,1200,127.5
2019,"DHB","Wairarapa","agegrp1","35-39",68,518,13.1,1290,52.7
2019,"DHB","Wairarapa","agegrp1","40+",17,518,3.3,1380,12.3
2019,"DHB","Wairarapa","agegrp1","<20",23,518,4.4,1360,16.9
2019,"DHB","Waitemata","agegrp1","20-24",754,7778,9.7,20030,37.6
2019,"DHB","Waitemata","agegrp1","25-29",1932,7778,24.8,22420,86.2
2019,"DHB","Waitemata","agegrp1","30-34",2927,7778,37.6,24050,121.7
2019,"DHB","Waitemata","agegrp1","35-39",1666,7778,21.4,23870,69.8
2019,"DHB","Waitemata","agegrp1","40+",350,7778,4.5,21170,16.5
2019,"DHB","Waitemata","agegrp1","<20",149,7778,1.9,18670,8
2019,"DHB","West Coast","agegrp1","20-24",52,346,15,680,76.5
2019,"DHB","West Coast","agegrp1","25-29",113,346,32.7,1000,113
2019,"DHB","West Coast","agegrp1","30-34",93,346,26.9,930,100
2019,"DHB","West Coast","agegrp1","35-39",53,346,15.3,830,63.9
2019,"DHB","West Coast","agegrp1","40+",18,346,5.2,820,22
2019,"DHB","West Coast","agegrp1","<20",17,346,4.9,800,21.2
2019,"DHB","Whanganui","agegrp1","20-24",176,863,20.4,1630,108
2019,"DHB","Whanganui","agegrp1","25-29",253,863,29.3,1980,127.8
2019,"DHB","Whanganui","agegrp1","30-34",264,863,30.6,1990,132.7
2019,"DHB","Whanganui","agegrp1","35-39",83,863,9.6,1690,49.1
2019,"DHB","Whanganui","agegrp1","40+",33,863,3.8,1760,18.8
2019,"DHB","Whanganui","agegrp1","<20",54,863,6.3,2120,25.5
2020,"DHB","Auckland","agegrp1","20-24",425,5155,8.2,20500,20.7
2020,"DHB","Auckland","agegrp1","25-29",1094,5155,21.2,27280,40.1
2020,"DHB","Auckland","agegrp1","30-34",1990,5155,38.6,24000,82.9
2020,"DHB","Auckland","agegrp1","35-39",1275,5155,24.7,19170,66.5
2020,"DHB","Auckland","agegrp1","40+",280,5155,5.4,16090,17.4
2020,"DHB","Auckland","agegrp1","<20",91,5155,1.8,14370,6.3
2020,"DHB","Bay of Plenty","agegrp1","20-24",504,3131,16.1,6140,82.1
2020,"DHB","Bay of Plenty","agegrp1","25-29",878,3131,28,8260,106.3
2020,"DHB","Bay of Plenty","agegrp1","30-34",1022,3131,32.6,8760,116.7
2020,"DHB","Bay of Plenty","agegrp1","35-39",489,3131,15.6,8010,61
2020,"DHB","Bay of Plenty","agegrp1","40+",104,3131,3.3,7710,13.5
2020,"DHB","Bay of Plenty","agegrp1","<20",134,3131,4.3,7470,17.9
2020,"DHB","Canterbury","agegrp1","20-24",688,6171,11.1,18910,36.4
2020,"DHB","Canterbury","agegrp1","25-29",1626,6171,26.3,21280,76.4
2020,"DHB","Canterbury","agegrp1","30-34",2276,6171,36.9,21420,106.3
2020,"DHB","Canterbury","agegrp1","35-39",1175,6171,19,18970,61.9
2020,"DHB","Canterbury","agegrp1","40+",278,6171,4.5,17860,15.6
2020,"DHB","Canterbury","agegrp1","<20",128,6171,2.1,16870,7.6
2020,"DHB","Capital & Coast","agegrp1","20-24",270,3093,8.7,15620,17.3
2020,"DHB","Capital & Coast","agegrp1","25-29",696,3093,22.5,14370,48.4
2020,"DHB","Capital & Coast","agegrp1","30-34",1161,3093,37.5,12530,92.7
2020,"DHB","Capital & Coast","agegrp1","35-39",723,3093,23.4,11400,63.4
2020,"DHB","Capital & Coast","agegrp1","40+",179,3093,5.8,10750,16.7
2020,"DHB","Capital & Coast","agegrp1","<20",64,3093,2.1,11260,5.7
2020,"DHB","Counties Manukau","agegrp1","20-24",1471,8406,17.5,20560,71.5
2020,"DHB","Counties Manukau","agegrp1","25-29",2513,8406,29.9,23750,105.8
2020,"DHB","Counties Manukau","agegrp1","30-34",2544,8406,30.3,23230,109.5
2020,"DHB","Counties Manukau","agegrp1","35-39",1259,8406,15,21220,59.3
2020,"DHB","Counties Manukau","agegrp1","40+",254,8406,3,18540,13.7
2020,"DHB","Counties Manukau","agegrp1","<20",365,8406,4.3,19920,18.3
2020,"DHB","Hawke's Bay","agegrp1","20-24",400,2069,19.3,4450,89.9
2020,"DHB","Hawke's Bay","agegrp1","25-29",590,2069,28.5,5490,107.5
2020,"DHB","Hawke's Bay","agegrp1","30-34",598,2069,28.9,5490,108.9
2020,"DHB","Hawke's Bay","agegrp1","35-39",292,2069,14.1,5030,58.1
2020,"DHB","Hawke's Bay","agegrp1","40+",71,2069,3.4,5130,13.8
2020,"DHB","Hawke's Bay","agegrp1","<20",118,2069,5.7,5450,21.7
2020,"DHB","Hutt Valley","agegrp1","20-24",253,2011,12.6,4560,55.5
2020,"DHB","Hutt Valley","agegrp1","25-29",485,2011,24.1,5490,88.3
2020,"DHB","Hutt Valley","agegrp1","30-34",756,2011,37.6,6150,122.9
2020,"DHB","Hutt Valley","agegrp1","35-39",388,2011,19.3,5790,67
2020,"DHB","Hutt Valley","agegrp1","40+",69,2011,3.4,5240,13.2
2020,"DHB","Hutt Valley","agegrp1","<20",60,2011,3,4680,12.8
2020,"DHB","Lakes","agegrp1","20-24",290,1430,20.3,3150,92.1
2020,"DHB","Lakes","agegrp1","25-29",423,1430,29.6,3900,108.5
2020,"DHB","Lakes","agegrp1","30-34",415,1430,29,4170,99.5
2020,"DHB","Lakes","agegrp1","35-39",179,1430,12.5,3540,50.6
2020,"DHB","Lakes","agegrp1","40+",48,1430,3.4,3650,13.2
2020,"DHB","Lakes","agegrp1","<20",75,1430,5.2,3530,21.2
2020,"DHB","MidCentral","agegrp1","20-24",384,2159,17.8,6440,59.6
2020,"DHB","MidCentral","agegrp1","25-29",728,2159,33.7,6350,114.6
2020,"DHB","MidCentral","agegrp1","30-34",630,2159,29.2,6090,103.4
2020,"DHB","MidCentral","agegrp1","35-39",274,2159,12.7,5470,50.1
2020,"DHB","MidCentral","agegrp1","40+",60,2159,2.8,5220,11.5
2020,"DHB","MidCentral","agegrp1","<20",83,2159,3.8,5940,14
2020,"DHB","Nelson Marlborough","agegrp1","20-24",184,1416,13,3530,52.1
2020,"DHB","Nelson Marlborough","agegrp1","25-29",388,1416,27.4,4360,89
2020,"DHB","Nelson Marlborough","agegrp1","30-34",483,1416,34.1,4670,103.4
2020,"DHB","Nelson Marlborough","agegrp1","35-39",266,1416,18.8,4590,58
2020,"DHB","Nelson Marlborough","agegrp1","40+",58,1416,4.1,4740,12.2
2020,"DHB","Nelson Marlborough","agegrp1","<20",37,1416,2.6,4440,8.3
2020,"DHB","Northland","agegrp1","20-24",467,2379,19.6,4340,107.6
2020,"DHB","Northland","agegrp1","25-29",674,2379,28.3,5280,127.7
2020,"DHB","Northland","agegrp1","30-34",689,2379,29,5770,119.4
2020,"DHB","Northland","agegrp1","35-39",325,2379,13.7,5130,63.4
2020,"DHB","Northland","agegrp1","40+",73,2379,3.1,5040,14.5
2020,"DHB","Northland","agegrp1","<20",151,2379,6.3,5500,27.5
2020,"DHB","South Canterbury","agegrp1","20-24",81,589,13.8,1310,61.8
2020,"DHB","South Canterbury","agegrp1","25-29",181,589,30.7,1810,100
2020,"DHB","South Canterbury","agegrp1","30-34",214,589,36.3,1970,108.6
2020,"DHB","South Canterbury","agegrp1","35-39",83,589,14.1,1620,51.2
2020,"DHB","South Canterbury","agegrp1","40+",12,589,2,1690,7.1
2020,"DHB","South Canterbury","agegrp1","<20",18,589,3.1,1600,11.2
2020,"DHB","Southern","agegrp1","20-24",425,3275,13,12820,33.2
2020,"DHB","Southern","agegrp1","25-29",882,3275,26.9,12800,68.9
2020,"DHB","Southern","agegrp1","30-34",1172,3275,35.8,12430,94.3
2020,"DHB","Southern","agegrp1","35-39",597,3275,18.2,10920,54.7
2020,"DHB","Southern","agegrp1","40+",126,3275,3.8,10170,12.4
2020,"DHB","Southern","agegrp1","<20",73,3275,2.2,12110,6
2020,"DHB","Tairawhiti","agegrp1","20-24",167,708,23.6,1360,122.8
2020,"DHB","Tairawhiti","agegrp1","25-29",212,708,29.9,1600,132.5
2020,"DHB","Tairawhiti","agegrp1","30-34",175,708,24.7,1700,102.9
2020,"DHB","Tairawhiti","agegrp1","35-39",84,708,11.9,1520,55.3
2020,"DHB","Tairawhiti","agegrp1","40+",24,708,3.4,1420,16.9
2020,"DHB","Tairawhiti","agegrp1","<20",46,708,6.5,1600,28.8
2020,"DHB","Taranaki","agegrp1","20-24",226,1452,15.6,2840,79.6
2020,"DHB","Taranaki","agegrp1","25-29",433,1452,29.8,3650,118.6
2020,"DHB","Taranaki","agegrp1","30-34",487,1452,33.5,4140,117.6
2020,"DHB","Taranaki","agegrp1","35-39",210,1452,14.5,3840,54.7
2020,"DHB","Taranaki","agegrp1","40+",45,1452,3.1,3790,11.9
2020,"DHB","Taranaki","agegrp1","<20",51,1452,3.5,3520,14.5
2020,"DHB","Unknown","agegrp1","20-24",81,570,NA,NA,NA
2020,"DHB","Unknown","agegrp1","25-29",153,570,NA,NA,NA
2020,"DHB","Unknown","agegrp1","30-34",181,570,NA,NA,NA
2020,"DHB","Unknown","agegrp1","35-39",93,570,NA,NA,NA
2020,"DHB","Unknown","agegrp1","40+",43,570,NA,NA,NA
2020,"DHB","Unknown","agegrp1","<20",19,570,NA,NA,NA
2020,"DHB","Waikato","agegrp1","20-24",942,5566,16.9,14020,67.2
2020,"DHB","Waikato","agegrp1","25-29",1668,5566,30,15360,108.6
2020,"DHB","Waikato","agegrp1","30-34",1761,5566,31.6,15570,113.1
2020,"DHB","Waikato","agegrp1","35-39",768,5566,13.8,13610,56.4
2020,"DHB","Waikato","agegrp1","40+",183,5566,3.3,12960,14.1
2020,"DHB","Waikato","agegrp1","<20",244,5566,4.4,13810,17.7
2020,"DHB","Wairarapa","agegrp1","20-24",106,526,20.2,1070,99.1
2020,"DHB","Wairarapa","agegrp1","25-29",139,526,26.4,1280,108.6
2020,"DHB","Wairarapa","agegrp1","30-34",154,526,29.3,1310,117.6
2020,"DHB","Wairarapa","agegrp1","35-39",77,526,14.6,1320,58.3
2020,"DHB","Wairarapa","agegrp1","40+",23,526,4.4,1390,16.5
2020,"DHB","Wairarapa","agegrp1","<20",27,526,5.1,1370,19.7
2020,"DHB","Waitemata","agegrp1","20-24",746,7478,10,19960,37.4
2020,"DHB","Waitemata","agegrp1","25-29",1764,7478,23.6,22260,79.2
2020,"DHB","Waitemata","agegrp1","30-34",2824,7478,37.8,24840,113.7
2020,"DHB","Waitemata","agegrp1","35-39",1663,7478,22.2,24880,66.8
2020,"DHB","Waitemata","agegrp1","40+",330,7478,4.4,21630,15.3
2020,"DHB","Waitemata","agegrp1","<20",151,7478,2,18420,8.2
2020,"DHB","West Coast","agegrp1","20-24",35,289,12.1,660,53
2020,"DHB","West Coast","agegrp1","25-29",96,289,33.2,1000,96
2020,"DHB","West Coast","agegrp1","30-34",95,289,32.9,990,96
2020,"DHB","West Coast","agegrp1","35-39",45,289,15.6,810,55.6
2020,"DHB","West Coast","agegrp1","40+",8,289,2.8,830,9.6
2020,"DHB","West Coast","agegrp1","<20",10,289,3.5,790,12.7
2020,"DHB","Whanganui","agegrp1","20-24",178,820,21.7,1690,105.3
2020,"DHB","Whanganui","agegrp1","25-29",258,820,31.5,2050,125.9
2020,"DHB","Whanganui","agegrp1","30-34",207,820,25.2,2070,100
2020,"DHB","Whanganui","agegrp1","35-39",104,820,12.7,1800,57.8
2020,"DHB","Whanganui","agegrp1","40+",26,820,3.2,1770,14.7
2020,"DHB","Whanganui","agegrp1","<20",47,820,5.7,2100,22.4
2021,"DHB","Auckland","agegrp1","20-24",419,5439,7.7,18710,22.4
2021,"DHB","Auckland","agegrp1","25-29",1134,5439,20.8,25080,45.2
2021,"DHB","Auckland","agegrp1","30-34",2182,5439,40.1,23880,91.4
2021,"DHB","Auckland","agegrp1","35-39",1342,5439,24.7,19000,70.6
2021,"DHB","Auckland","agegrp1","40+",292,5439,5.4,15970,18.3
2021,"DHB","Auckland","agegrp1","<20",70,5439,1.3,14050,5
2021,"DHB","Bay of Plenty","agegrp1","20-24",523,3382,15.5,6090,85.9
2021,"DHB","Bay of Plenty","agegrp1","25-29",940,3382,27.8,8000,117.5
2021,"DHB","Bay of Plenty","agegrp1","30-34",1149,3382,34,9110,126.1
2021,"DHB","Bay of Plenty","agegrp1","35-39",529,3382,15.6,8460,62.5
2021,"DHB","Bay of Plenty","agegrp1","40+",105,3382,3.1,7910,13.3
2021,"DHB","Bay of Plenty","agegrp1","<20",136,3382,4,7460,18.2
2021,"DHB","Canterbury","agegrp1","20-24",664,6794,9.8,18410,36.1
2021,"DHB","Canterbury","agegrp1","25-29",1834,6794,27,20830,88
2021,"DHB","Canterbury","agegrp1","30-34",2650,6794,39,22170,119.5
2021,"DHB","Canterbury","agegrp1","35-39",1282,6794,18.9,19470,65.8
2021,"DHB","Canterbury","agegrp1","40+",248,6794,3.7,18280,13.6
2021,"DHB","Canterbury","agegrp1","<20",116,6794,1.7,16820,6.9
2021,"DHB","Capital & Coast","agegrp1","20-24",264,3320,8,15900,16.6
2021,"DHB","Capital & Coast","agegrp1","25-29",704,3320,21.2,14400,48.9
2021,"DHB","Capital & Coast","agegrp1","30-34",1281,3320,38.6,12770,100.3
2021,"DHB","Capital & Coast","agegrp1","35-39",848,3320,25.5,11320,74.9
2021,"DHB","Capital & Coast","agegrp1","40+",177,3320,5.3,10720,16.5
2021,"DHB","Capital & Coast","agegrp1","<20",46,3320,1.4,11330,4.1
2021,"DHB","Counties Manukau","agegrp1","20-24",1369,8788,15.6,20040,68.3
2021,"DHB","Counties Manukau","agegrp1","25-29",2534,8788,28.8,22960,110.4
2021,"DHB","Counties Manukau","agegrp1","30-34",2839,8788,32.3,24060,118
2021,"DHB","Counties Manukau","agegrp1","35-39",1426,8788,16.2,21820,65.4
2021,"DHB","Counties Manukau","agegrp1","40+",296,8788,3.4,19020,15.6
2021,"DHB","Counties Manukau","agegrp1","<20",324,8788,3.7,19820,16.3
2021,"DHB","Hawke's Bay","agegrp1","20-24",409,2261,18.1,4450,91.9
2021,"DHB","Hawke's Bay","agegrp1","25-29",622,2261,27.5,5300,117.4
2021,"DHB","Hawke's Bay","agegrp1","30-34",730,2261,32.3,5840,125
2021,"DHB","Hawke's Bay","agegrp1","35-39",304,2261,13.4,5020,60.6
2021,"DHB","Hawke's Bay","agegrp1","40+",79,2261,3.5,5220,15.1
2021,"DHB","Hawke's Bay","agegrp1","<20",117,2261,5.2,5360,21.8
2021,"DHB","Hutt Valley","agegrp1","20-24",243,2050,11.9,4620,52.6
2021,"DHB","Hutt Valley","agegrp1","25-29",508,2050,24.8,5440,93.4
2021,"DHB","Hutt Valley","agegrp1","30-34",746,2050,36.4,6280,118.8
2021,"DHB","Hutt Valley","agegrp1","35-39",418,2050,20.4,5890,71
2021,"DHB","Hutt Valley","agegrp1","40+",84,2050,4.1,5350,15.7
2021,"DHB","Hutt Valley","agegrp1","<20",51,2050,2.5,4550,11.2
2021,"DHB","Lakes","agegrp1","20-24",324,1626,19.9,3150,102.9
2021,"DHB","Lakes","agegrp1","25-29",480,1626,29.5,3660,131.1
2021,"DHB","Lakes","agegrp1","30-34",475,1626,29.2,4220,112.6
2021,"DHB","Lakes","agegrp1","35-39",225,1626,13.8,3630,62
2021,"DHB","Lakes","agegrp1","40+",57,1626,3.5,3670,15.5
2021,"DHB","Lakes","agegrp1","<20",65,1626,4,3410,19.1
2021,"DHB","MidCentral","agegrp1","20-24",417,2310,18.1,6450,64.7
2021,"DHB","MidCentral","agegrp1","25-29",711,2310,30.8,6150,115.6
2021,"DHB","MidCentral","agegrp1","30-34",712,2310,30.8,6340,112.3
2021,"DHB","MidCentral","agegrp1","35-39",342,2310,14.8,5590,61.2
2021,"DHB","MidCentral","agegrp1","40+",59,2310,2.6,5350,11
2021,"DHB","MidCentral","agegrp1","<20",69,2310,3,6000,11.5
2021,"DHB","Nelson Marlborough","agegrp1","20-24",176,1510,11.7,3500,50.3
2021,"DHB","Nelson Marlborough","agegrp1","25-29",421,1510,27.9,4120,102.2
2021,"DHB","Nelson Marlborough","agegrp1","30-34",502,1510,33.2,4760,105.5
2021,"DHB","Nelson Marlborough","agegrp1","35-39",303,1510,20.1,4740,63.9
2021,"DHB","Nelson Marlborough","agegrp1","40+",73,1510,4.8,4750,15.4
2021,"DHB","Nelson Marlborough","agegrp1","<20",35,1510,2.3,4330,8.1
2021,"DHB","Northland","agegrp1","20-24",473,2425,19.5,4300,110
2021,"DHB","Northland","agegrp1","25-29",721,2425,29.7,5210,138.4
2021,"DHB","Northland","agegrp1","30-34",697,2425,28.7,5990,116.4
2021,"DHB","Northland","agegrp1","35-39",337,2425,13.9,5500,61.3
2021,"DHB","Northland","agegrp1","40+",79,2425,3.3,5070,15.6
2021,"DHB","Northland","agegrp1","<20",118,2425,4.9,5470,21.6
2021,"DHB","South Canterbury","agegrp1","20-24",90,636,14.2,1260,71.4
2021,"DHB","South Canterbury","agegrp1","25-29",201,636,31.6,1700,118.2
2021,"DHB","South Canterbury","agegrp1","30-34",220,636,34.6,2050,107.3
2021,"DHB","South Canterbury","agegrp1","35-39",97,636,15.3,1650,58.8
2021,"DHB","South Canterbury","agegrp1","40+",13,636,2,1680,7.7
2021,"DHB","South Canterbury","agegrp1","<20",15,636,2.4,1520,9.9
2021,"DHB","Southern","agegrp1","20-24",408,3529,11.6,12660,32.2
2021,"DHB","Southern","agegrp1","25-29",910,3529,25.8,12110,75.1
2021,"DHB","Southern","agegrp1","30-34",1298,3529,36.8,12660,102.5
2021,"DHB","Southern","agegrp1","35-39",702,3529,19.9,11200,62.7
2021,"DHB","Southern","agegrp1","40+",138,3529,3.9,10320,13.4
2021,"DHB","Southern","agegrp1","<20",73,3529,2.1,12050,6.1
2021,"DHB","Tairawhiti","agegrp1","20-24",155,753,20.6,1360,114
2021,"DHB","Tairawhiti","agegrp1","25-29",212,753,28.2,1570,135
2021,"DHB","Tairawhiti","agegrp1","30-34",200,753,26.6,1760,113.6
2021,"DHB","Tairawhiti","agegrp1","35-39",98,753,13,1530,64.1
2021,"DHB","Tairawhiti","agegrp1","40+",28,753,3.7,1450,19.3
2021,"DHB","Tairawhiti","agegrp1","<20",60,753,8,1570,38.2
2021,"DHB","Taranaki","agegrp1","20-24",231,1580,14.6,2860,80.8
2021,"DHB","Taranaki","agegrp1","25-29",470,1580,29.7,3550,132.4
2021,"DHB","Taranaki","agegrp1","30-34",525,1580,33.2,4230,124.1
2021,"DHB","Taranaki","agegrp1","35-39",244,1580,15.4,4000,61
2021,"DHB","Taranaki","agegrp1","40+",58,1580,3.7,3850,15.1
2021,"DHB","Taranaki","agegrp1","<20",52,1580,3.3,3450,15.1
2021,"DHB","Unknown","agegrp1","20-24",49,484,NA,NA,NA
2021,"DHB","Unknown","agegrp1","25-29",128,484,NA,NA,NA
2021,"DHB","Unknown","agegrp1","30-34",175,484,NA,NA,NA
2021,"DHB","Unknown","agegrp1","35-39",79,484,NA,NA,NA
2021,"DHB","Unknown","agegrp1","40+",39,484,NA,NA,NA
2021,"DHB","Unknown","agegrp1","<20",14,484,NA,NA,NA
2021,"DHB","Waikato","agegrp1","20-24",994,5957,16.7,13650,72.8
2021,"DHB","Waikato","agegrp1","25-29",1737,5957,29.2,14920,116.4
2021,"DHB","Waikato","agegrp1","30-34",1914,5957,32.1,16130,118.7
2021,"DHB","Waikato","agegrp1","35-39",893,5957,15,14050,63.6
2021,"DHB","Waikato","agegrp1","40+",190,5957,3.2,13120,14.5
2021,"DHB","Waikato","agegrp1","<20",229,5957,3.8,13830,16.6
2021,"DHB","Wairarapa","agegrp1","20-24",99,571,17.3,1130,87.6
2021,"DHB","Wairarapa","agegrp1","25-29",175,571,30.6,1220,143.4
2021,"DHB","Wairarapa","agegrp1","30-34",173,571,30.3,1370,126.3
2021,"DHB","Wairarapa","agegrp1","35-39",82,571,14.4,1310,62.6
2021,"DHB","Wairarapa","agegrp1","40+",15,571,2.6,1450,10.3
2021,"DHB","Wairarapa","agegrp1","<20",27,571,4.7,1350,20
2021,"DHB","Waitemata","agegrp1","20-24",706,7871,9,19350,36.5
2021,"DHB","Waitemata","agegrp1","25-29",1863,7871,23.7,21040,88.5
2021,"DHB","Waitemata","agegrp1","30-34",3088,7871,39.2,25190,122.6
2021,"DHB","Waitemata","agegrp1","35-39",1731,7871,22,25120,68.9
2021,"DHB","Waitemata","agegrp1","40+",358,7871,4.5,21980,16.3
2021,"DHB","Waitemata","agegrp1","<20",125,7871,1.6,17990,6.9
2021,"DHB","West Coast","agegrp1","20-24",54,336,16.1,650,83.1
2021,"DHB","West Coast","agegrp1","25-29",85,336,25.3,950,89.5
2021,"DHB","West Coast","agegrp1","30-34",121,336,36,1040,116.3
2021,"DHB","West Coast","agegrp1","35-39",54,336,16.1,820,65.9
2021,"DHB","West Coast","agegrp1","40+",15,336,4.5,800,18.8
2021,"DHB","West Coast","agegrp1","<20",7,336,2.1,740,9.5
2021,"DHB","Whanganui","agegrp1","20-24",169,819,20.6,1690,100
2021,"DHB","Whanganui","agegrp1","25-29",250,819,30.5,2060,121.4
2021,"DHB","Whanganui","agegrp1","30-34",230,819,28.1,2130,108
2021,"DHB","Whanganui","agegrp1","35-39",101,819,12.3,1910,52.9
2021,"DHB","Whanganui","agegrp1","40+",22,819,2.7,1750,12.6
2021,"DHB","Whanganui","agegrp1","<20",47,819,5.7,2060,22.8
2022,"DHB","Auckland","agegrp1","20-24",400,4953,8.1,17110,23.4
2022,"DHB","Auckland","agegrp1","25-29",932,4953,18.8,22550,41.3
2022,"DHB","Auckland","agegrp1","30-34",1957,4953,39.5,23440,83.5
2022,"DHB","Auckland","agegrp1","35-39",1280,4953,25.8,18540,69
2022,"DHB","Auckland","agegrp1","40+",294,4953,5.9,15970,18.4
2022,"DHB","Auckland","agegrp1","<20",90,4953,1.8,13920,6.5
2022,"DHB","Bay of Plenty","agegrp1","20-24",422,3147,13.4,5990,70.5
2022,"DHB","Bay of Plenty","agegrp1","25-29",861,3147,27.4,7620,113
2022,"DHB","Bay of Plenty","agegrp1","30-34",1046,3147,33.2,9280,112.7
2022,"DHB","Bay of Plenty","agegrp1","35-39",568,3147,18,8740,65
2022,"DHB","Bay of Plenty","agegrp1","40+",104,3147,3.3,8070,12.9
2022,"DHB","Bay of Plenty","agegrp1","<20",146,3147,4.6,7590,19.2
2022,"DHB","Canterbury","agegrp1","20-24",647,6453,10,18340,35.3
2022,"DHB","Canterbury","agegrp1","25-29",1636,6453,25.4,20030,81.7
2022,"DHB","Canterbury","agegrp1","30-34",2505,6453,38.8,22710,110.3
2022,"DHB","Canterbury","agegrp1","35-39",1271,6453,19.7,20110,63.2
2022,"DHB","Canterbury","agegrp1","40+",274,6453,4.2,18560,14.8
2022,"DHB","Canterbury","agegrp1","<20",120,6453,1.9,16970,7.1
2022,"DHB","Capital & Coast","agegrp1","20-24",227,2892,7.8,15950,14.2
2022,"DHB","Capital & Coast","agegrp1","25-29",591,2892,20.4,14060,42
2022,"DHB","Capital & Coast","agegrp1","30-34",1117,2892,38.6,12830,87.1
2022,"DHB","Capital & Coast","agegrp1","35-39",743,2892,25.7,11250,66
2022,"DHB","Capital & Coast","agegrp1","40+",158,2892,5.5,10560,15
2022,"DHB","Capital & Coast","agegrp1","<20",56,2892,1.9,11440,4.9
2022,"DHB","Counties Manukau","agegrp1","20-24",1276,8052,15.8,19570,65.2
2022,"DHB","Counties Manukau","agegrp1","25-29",2240,8052,27.8,22430,99.9
2022,"DHB","Counties Manukau","agegrp1","30-34",2651,8052,32.9,24760,107.1
2022,"DHB","Counties Manukau","agegrp1","35-39",1301,8052,16.2,22120,58.8
2022,"DHB","Counties Manukau","agegrp1","40+",285,8052,3.5,19690,14.5
2022,"DHB","Counties Manukau","agegrp1","<20",299,8052,3.7,19970,15
2022,"DHB","Hawke's Bay","agegrp1","20-24",361,2046,17.6,4440,81.3
2022,"DHB","Hawke's Bay","agegrp1","25-29",584,2046,28.5,4960,117.7
2022,"DHB","Hawke's Bay","agegrp1","30-34",657,2046,32.1,6010,109.3
2022,"DHB","Hawke's Bay","agegrp1","35-39",300,2046,14.7,5240,57.3
2022,"DHB","Hawke's Bay","agegrp1","40+",66,2046,3.2,5200,12.7
2022,"DHB","Hawke's Bay","agegrp1","<20",78,2046,3.8,5330,14.6
2022,"DHB","Hutt Valley","agegrp1","20-24",236,1844,12.8,4600,51.3
2022,"DHB","Hutt Valley","agegrp1","25-29",460,1844,24.9,5350,86
2022,"DHB","Hutt Valley","agegrp1","30-34",670,1844,36.3,6340,105.7
2022,"DHB","Hutt Valley","agegrp1","35-39",356,1844,19.3,5980,59.5
2022,"DHB","Hutt Valley","agegrp1","40+",69,1844,3.7,5470,12.6
2022,"DHB","Hutt Valley","agegrp1","<20",53,1844,2.9,4460,11.9
2022,"DHB","Lakes","agegrp1","20-24",318,1560,20.4,3000,106
2022,"DHB","Lakes","agegrp1","25-29",456,1560,29.2,3400,134.1
2022,"DHB","Lakes","agegrp1","30-34",444,1560,28.5,4220,105.2
2022,"DHB","Lakes","agegrp1","35-39",213,1560,13.7,3790,56.2
2022,"DHB","Lakes","agegrp1","40+",45,1560,2.9,3660,12.3
2022,"DHB","Lakes","agegrp1","<20",84,1560,5.4,3470,24.2
2022,"DHB","MidCentral","agegrp1","20-24",367,2157,17,6240,58.8
2022,"DHB","MidCentral","agegrp1","25-29",658,2157,30.5,6090,108
2022,"DHB","MidCentral","agegrp1","30-34",650,2157,30.1,6460,100.6
2022,"DHB","MidCentral","agegrp1","35-39",345,2157,16,5740,60.1
2022,"DHB","MidCentral","agegrp1","40+",55,2157,2.5,5350,10.3
2022,"DHB","MidCentral","agegrp1","<20",82,2157,3.8,6080,13.5
2022,"DHB","Nelson Marlborough","agegrp1","20-24",176,1387,12.7,3530,49.9
2022,"DHB","Nelson Marlborough","agegrp1","25-29",365,1387,26.3,3810,95.8
2022,"DHB","Nelson Marlborough","agegrp1","30-34",508,1387,36.6,4750,106.9
2022,"DHB","Nelson Marlborough","agegrp1","35-39",237,1387,17.1,4750,49.9
2022,"DHB","Nelson Marlborough","agegrp1","40+",55,1387,4,4800,11.5
2022,"DHB","Nelson Marlborough","agegrp1","<20",46,1387,3.3,4260,10.8
2022,"DHB","Northland","agegrp1","20-24",460,2366,19.4,4250,108.2
2022,"DHB","Northland","agegrp1","25-29",639,2366,27,5050,126.5
2022,"DHB","Northland","agegrp1","30-34",714,2366,30.2,6150,116.1
2022,"DHB","Northland","agegrp1","35-39",356,2366,15,5620,63.3
2022,"DHB","Northland","agegrp1","40+",79,2366,3.3,5170,15.3
2022,"DHB","Northland","agegrp1","<20",118,2366,5,5620,21
2022,"DHB","South Canterbury","agegrp1","20-24",82,578,14.2,1220,67.2
2022,"DHB","South Canterbury","agegrp1","25-29",154,578,26.6,1650,93.3
2022,"DHB","South Canterbury","agegrp1","30-34",220,578,38.1,2060,106.8
2022,"DHB","South Canterbury","agegrp1","35-39",89,578,15.4,1700,52.4
2022,"DHB","South Canterbury","agegrp1","40+",23,578,4,1680,13.7
2022,"DHB","South Canterbury","agegrp1","<20",10,578,1.7,1530,6.5
2022,"DHB","Southern","agegrp1","20-24",397,3319,12,12680,31.3
2022,"DHB","Southern","agegrp1","25-29",827,3319,24.9,11270,73.4
2022,"DHB","Southern","agegrp1","30-34",1217,3319,36.7,12880,94.5
2022,"DHB","Southern","agegrp1","35-39",653,3319,19.7,11480,56.9
2022,"DHB","Southern","agegrp1","40+",145,3319,4.4,10480,13.8
2022,"DHB","Southern","agegrp1","<20",80,3319,2.4,12270,6.5
2022,"DHB","Tairawhiti","agegrp1","20-24",157,715,22,1320,118.9
2022,"DHB","Tairawhiti","agegrp1","25-29",184,715,25.7,1480,124.3
2022,"DHB","Tairawhiti","agegrp1","30-34",188,715,26.3,1770,106.2
2022,"DHB","Tairawhiti","agegrp1","35-39",94,715,13.1,1580,59.5
2022,"DHB","Tairawhiti","agegrp1","40+",32,715,4.5,1490,21.5
2022,"DHB","Tairawhiti","agegrp1","<20",60,715,8.4,1600,37.5
2022,"DHB","Taranaki","agegrp1","20-24",221,1397,15.8,2900,76.2
2022,"DHB","Taranaki","agegrp1","25-29",370,1397,26.5,3340,110.8
2022,"DHB","Taranaki","agegrp1","30-34",489,1397,35,4240,115.3
2022,"DHB","Taranaki","agegrp1","35-39",225,1397,16.1,4160,54.1
2022,"DHB","Taranaki","agegrp1","40+",46,1397,3.3,3840,12
2022,"DHB","Taranaki","agegrp1","<20",46,1397,3.3,3510,13.1
2022,"DHB","Unknown","agegrp1","20-24",92,694,NA,NA,NA
2022,"DHB","Unknown","agegrp1","25-29",177,694,NA,NA,NA
2022,"DHB","Unknown","agegrp1","30-34",238,694,NA,NA,NA
2022,"DHB","Unknown","agegrp1","35-39",119,694,NA,NA,NA
2022,"DHB","Unknown","agegrp1","40+",48,694,NA,NA,NA
2022,"DHB","Unknown","agegrp1","<20",20,694,NA,NA,NA
2022,"DHB","Waikato","agegrp1","20-24",919,5411,17,13360,68.8
2022,"DHB","Waikato","agegrp1","25-29",1536,5411,28.4,14240,107.9
2022,"DHB","Waikato","agegrp1","30-34",1784,5411,33,16440,108.5
2022,"DHB","Waikato","agegrp1","35-39",786,5411,14.5,14680,53.5
2022,"DHB","Waikato","agegrp1","40+",175,5411,3.2,13220,13.2
2022,"DHB","Waikato","agegrp1","<20",211,5411,3.9,13900,15.2
2022,"DHB","Wairarapa","agegrp1","20-24",95,525,18.1,1130,84.1
2022,"DHB","Wairarapa","agegrp1","25-29",179,525,34.1,1180,151.7
2022,"DHB","Wairarapa","agegrp1","30-34",154,525,29.3,1450,106.2
2022,"DHB","Wairarapa","agegrp1","35-39",63,525,12,1320,47.7
2022,"DHB","Wairarapa","agegrp1","40+",11,525,2.1,1450,7.6
2022,"DHB","Wairarapa","agegrp1","<20",23,525,4.4,1370,16.8
2022,"DHB","Waitemata","agegrp1","20-24",591,7353,8,18400,32.1
2022,"DHB","Waitemata","agegrp1","25-29",1733,7353,23.6,20260,85.5
2022,"DHB","Waitemata","agegrp1","30-34",2872,7353,39.1,24960,115.1
2022,"DHB","Waitemata","agegrp1","35-39",1664,7353,22.6,24980,66.6
2022,"DHB","Waitemata","agegrp1","40+",373,7353,5.1,22510,16.6
2022,"DHB","Waitemata","agegrp1","<20",120,7353,1.6,18040,6.7
2022,"DHB","West Coast","agegrp1","20-24",46,294,15.6,650,70.8
2022,"DHB","West Coast","agegrp1","25-29",81,294,27.6,870,93.1
2022,"DHB","West Coast","agegrp1","30-34",109,294,37.1,1070,101.9
2022,"DHB","West Coast","agegrp1","35-39",43,294,14.6,860,50
2022,"DHB","West Coast","agegrp1","40+",12,294,4.1,780,15.4
2022,"DHB","West Coast","agegrp1","<20",3,294,1,720,4.2
2022,"DHB","Whanganui","agegrp1","20-24",154,814,18.9,1720,89.5
2022,"DHB","Whanganui","agegrp1","25-29",247,814,30.3,2030,121.7
2022,"DHB","Whanganui","agegrp1","30-34",226,814,27.8,2170,104.1
2022,"DHB","Whanganui","agegrp1","35-39",115,814,14.1,1960,58.7
2022,"DHB","Whanganui","agegrp1","40+",23,814,2.8,1790,12.8
2022,"DHB","Whanganui","agegrp1","<20",49,814,6,1970,24.9
2008,"DHB","Auckland","depquin","1",771,6683,11.5,16870,45.7
2008,"DHB","Auckland","depquin","2",1256,6683,18.8,22795,55.1
2008,"DHB","Auckland","depquin","3",1445,6683,21.6,27671,52.2
2008,"DHB","Auckland","depquin","4",1357,6683,20.3,22674,59.8
2008,"DHB","Auckland","depquin","5",1854,6683,27.7,20340,91.2
2008,"DHB","Auckland","depquin",NA,1,6683,NA,NA,NA
2008,"DHB","Bay of Plenty","depquin","1",105,2974,3.5,5602,18.7
2008,"DHB","Bay of Plenty","depquin","2",530,2974,17.8,6780,78.2
2008,"DHB","Bay of Plenty","depquin","3",594,2974,20,7741,76.7
2008,"DHB","Bay of Plenty","depquin","4",883,2974,29.7,9161,96.4
2008,"DHB","Bay of Plenty","depquin","5",862,2974,29,9145,94.3
2008,"DHB","Canterbury","depquin","1",1389,6650,20.9,27076,51.3
2008,"DHB","Canterbury","depquin","2",1357,6650,20.4,21671,62.6
2008,"DHB","Canterbury","depquin","3",1139,6650,17.1,21265,53.6
2008,"DHB","Canterbury","depquin","4",1748,6650,26.3,21731,80.4
2008,"DHB","Canterbury","depquin","5",1017,6650,15.3,12607,80.7
2008,"DHB","Canterbury","depquin",NA,1,6650,NA,NA,NA
2008,"DHB","Capital & Coast","depquin","1",1200,4074,29.5,19109,62.8
2008,"DHB","Capital & Coast","depquin","2",676,4074,16.6,16397,41.2
2008,"DHB","Capital & Coast","depquin","3",996,4074,24.4,15291,65.1
2008,"DHB","Capital & Coast","depquin","4",205,4074,5,10098,20.3
2008,"DHB","Capital & Coast","depquin","5",997,4074,24.5,8126,122.7
2008,"DHB","Capital & Coast","depquin",NA,4,4074,NA,NA,NA
2008,"DHB","Counties Manukau","depquin","1",936,8828,10.6,13440,69.6
2008,"DHB","Counties Manukau","depquin","2",542,8828,6.1,16176,33.5
2008,"DHB","Counties Manukau","depquin","3",1165,8828,13.2,15730,74.1
2008,"DHB","Counties Manukau","depquin","4",822,8828,9.3,18279,45
2008,"DHB","Counties Manukau","depquin","5",5363,8828,60.7,40825,131.4
2008,"DHB","Counties Manukau","depquin",NA,3,8828,NA,NA,NA
2008,"DHB","Hawke's Bay","depquin","1",156,2360,6.6,3862,40.4
2008,"DHB","Hawke's Bay","depquin","2",315,2360,13.3,3862,81.6
2008,"DHB","Hawke's Bay","depquin","3",191,2360,8.1,5050,37.8
2008,"DHB","Hawke's Bay","depquin","4",690,2360,29.2,6957,99.2
2008,"DHB","Hawke's Bay","depquin","5",1008,2360,42.7,9659,104.4
2008,"DHB","Hutt Valley","depquin","1",381,2252,16.9,6787,56.1
2008,"DHB","Hutt Valley","depquin","2",130,2252,5.8,4404,29.5
2008,"DHB","Hutt Valley","depquin","3",317,2252,14.1,5349,59.3
2008,"DHB","Hutt Valley","depquin","4",856,2252,38,6752,126.8
2008,"DHB","Hutt Valley","depquin","5",568,2252,25.2,6638,85.6
2008,"DHB","Lakes","depquin","1",190,1745,10.9,2110,90
2008,"DHB","Lakes","depquin","2",148,1745,8.5,2796,52.9
2008,"DHB","Lakes","depquin","3",284,1745,16.3,2824,100.6
2008,"DHB","Lakes","depquin","4",345,1745,19.8,4805,71.8
2008,"DHB","Lakes","depquin","5",778,1745,44.6,7905,98.4
2008,"DHB","MidCentral","depquin","1",162,2363,6.9,3802,42.6
2008,"DHB","MidCentral","depquin","2",293,2363,12.4,5085,57.6
2008,"DHB","MidCentral","depquin","3",512,2363,21.7,6386,80.2
2008,"DHB","MidCentral","depquin","4",573,2363,24.2,9151,62.6
2008,"DHB","MidCentral","depquin","5",823,2363,34.8,9416,87.4
2008,"DHB","Nelson Marlborough","depquin","1",155,1738,8.9,4334,35.8
2008,"DHB","Nelson Marlborough","depquin","2",502,1738,28.9,5286,95
2008,"DHB","Nelson Marlborough","depquin","3",346,1738,19.9,6351,54.5
2008,"DHB","Nelson Marlborough","depquin","4",620,1738,35.7,5940,104.4
2008,"DHB","Nelson Marlborough","depquin","5",115,1738,6.6,2938,39.1
2008,"DHB","Northland","depquin","1",55,2284,2.4,1812,30.4
2008,"DHB","Northland","depquin","2",218,2284,9.5,2770,78.7
2008,"DHB","Northland","depquin","3",377,2284,16.5,4582,82.3
2008,"DHB","Northland","depquin","4",550,2284,24.1,6122,89.8
2008,"DHB","Northland","depquin","5",1084,2284,47.5,12844,84.4
2008,"DHB","South Canterbury","depquin","1",53,662,8,1222,43.4
2008,"DHB","South Canterbury","depquin","2",108,662,16.3,2340,46.2
2008,"DHB","South Canterbury","depquin","3",201,662,30.4,2565,78.4
2008,"DHB","South Canterbury","depquin","4",248,662,37.5,2187,113.4
2008,"DHB","South Canterbury","depquin","5",52,662,7.9,1216,42.8
2008,"DHB","South Canterbury","depquin",NA,7,662,NA,NA,NA
2008,"DHB","Southern","depquin","1",725,3709,19.5,12930,56.1
2008,"DHB","Southern","depquin","2",834,3709,22.5,13130,63.5
2008,"DHB","Southern","depquin","3",803,3709,21.7,11586,69.3
2008,"DHB","Southern","depquin","4",898,3709,24.2,14665,61.2
2008,"DHB","Southern","depquin","5",449,3709,12.1,10859,41.3
2008,"DHB","Southern","depquin",NA,6,3709,NA,NA,NA
2008,"DHB","Tairawhiti","depquin","1",28,845,3.3,576,48.6
2008,"DHB","Tairawhiti","depquin","2",66,845,7.8,706,93.5
2008,"DHB","Tairawhiti","depquin","3",79,845,9.3,1051,75.2
2008,"DHB","Tairawhiti","depquin","4",30,845,3.6,1932,15.5
2008,"DHB","Tairawhiti","depquin","5",642,845,76,4824,133.1
2008,"DHB","Taranaki","depquin","1",81,1633,5,2407,33.7
2008,"DHB","Taranaki","depquin","2",146,1633,8.9,3063,47.7
2008,"DHB","Taranaki","depquin","3",421,1633,25.8,4629,90.9
2008,"DHB","Taranaki","depquin","4",756,1633,46.3,5804,130.3
2008,"DHB","Taranaki","depquin","5",229,1633,14,4957,46.2
2008,"DHB","Unknown","depquin",NA,484,NA,NA,NA,NA
2008,"DHB","Waikato","depquin","1",558,5676,9.8,8672,64.3
2008,"DHB","Waikato","depquin","2",595,5676,10.5,10927,54.5
2008,"DHB","Waikato","depquin","3",1161,5676,20.5,13344,87
2008,"DHB","Waikato","depquin","4",1543,5676,27.2,18745,82.3
2008,"DHB","Waikato","depquin","5",1819,5676,32,22352,81.4
2008,"DHB","Waikato","depquin",NA,2,5676,NA,NA,NA
2008,"DHB","Wairarapa","depquin","1",33,512,6.4,923,35.8
2008,"DHB","Wairarapa","depquin","2",71,512,13.9,1301,54.6
2008,"DHB","Wairarapa","depquin","3",58,512,11.3,1421,40.8
2008,"DHB","Wairarapa","depquin","4",245,512,47.9,2049,119.6
2008,"DHB","Wairarapa","depquin","5",105,512,20.5,1296,81
2008,"DHB","Waitemata","depquin","1",1619,7738,20.9,25784,62.8
2008,"DHB","Waitemata","depquin","2",1503,7738,19.4,29481,51
2008,"DHB","Waitemata","depquin","3",1608,7738,20.8,25546,62.9
2008,"DHB","Waitemata","depquin","4",2412,7738,31.2,21480,112.3
2008,"DHB","Waitemata","depquin","5",596,7738,7.7,11630,51.2
2008,"DHB","Waitemata","depquin",NA,52,7738,NA,NA,NA
2008,"DHB","West Coast","depquin","1",31,433,7.2,444,69.8
2008,"DHB","West Coast","depquin","2",47,433,10.9,347,135.4
2008,"DHB","West Coast","depquin","3",82,433,18.9,1717,47.8
2008,"DHB","West Coast","depquin","4",122,433,28.2,2130,57.3
2008,"DHB","West Coast","depquin","5",151,433,34.9,1412,106.9
2008,"DHB","West Coast","depquin",NA,1,433,NA,NA,NA
2008,"DHB","Whanganui","depquin","1",37,915,4,499,74.1
2008,"DHB","Whanganui","depquin","2",91,915,9.9,1009,90.2
2008,"DHB","Whanganui","depquin","3",84,915,9.2,2111,39.8
2008,"DHB","Whanganui","depquin","4",305,915,33.3,2860,106.6
2008,"DHB","Whanganui","depquin","5",398,915,43.5,5151,77.3
2009,"DHB","Auckland","depquin","1",815,6849,11.9,16921,48.2
2009,"DHB","Auckland","depquin","2",1266,6849,18.5,22839,55.4
2009,"DHB","Auckland","depquin","3",1503,6849,21.9,27719,54.2
2009,"DHB","Auckland","depquin","4",1453,6849,21.2,22713,64
2009,"DHB","Auckland","depquin","5",1812,6849,26.5,20398,88.8
2009,"DHB","Bay of Plenty","depquin","1",68,2996,2.3,5608,12.1
2009,"DHB","Bay of Plenty","depquin","2",473,2996,15.8,6789,69.7
2009,"DHB","Bay of Plenty","depquin","3",659,2996,22,7761,84.9
2009,"DHB","Bay of Plenty","depquin","4",884,2996,29.5,9189,96.2
2009,"DHB","Bay of Plenty","depquin","5",912,2996,30.4,9183,99.3
2009,"DHB","Canterbury","depquin","1",1429,6557,21.8,27053,52.8
2009,"DHB","Canterbury","depquin","2",1378,6557,21,21657,63.6
2009,"DHB","Canterbury","depquin","3",1081,6557,16.5,21253,50.9
2009,"DHB","Canterbury","depquin","4",1612,6557,24.6,21724,74.2
2009,"DHB","Canterbury","depquin","5",1057,6557,16.1,12603,83.9
2009,"DHB","Canterbury","depquin",NA,1,6557,NA,NA,NA
2009,"DHB","Capital & Coast","depquin","1",1201,4055,29.6,19108,62.9
2009,"DHB","Capital & Coast","depquin","2",703,4055,17.3,16389,42.9
2009,"DHB","Capital & Coast","depquin","3",993,4055,24.5,15290,64.9
2009,"DHB","Capital & Coast","depquin","4",223,4055,5.5,10102,22.1
2009,"DHB","Capital & Coast","depquin","5",935,4055,23.1,8131,115
2009,"DHB","Capital & Coast","depquin",NA,1,4055,NA,NA,NA
2009,"DHB","Counties Manukau","depquin","1",1019,8612,11.8,13489,75.5
2009,"DHB","Counties Manukau","depquin","2",459,8612,5.3,16232,28.3
2009,"DHB","Counties Manukau","depquin","3",1119,8612,13,15786,70.9
2009,"DHB","Counties Manukau","depquin","4",833,8612,9.7,18351,45.4
2009,"DHB","Counties Manukau","depquin","5",5182,8612,60.2,41041,126.3
2009,"DHB","Hawke's Bay","depquin","1",163,2441,6.7,3817,42.7
2009,"DHB","Hawke's Bay","depquin","2",374,2441,15.3,3821,97.9
2009,"DHB","Hawke's Bay","depquin","3",256,2441,10.5,5001,51.2
2009,"DHB","Hawke's Bay","depquin","4",656,2441,26.9,6895,95.1
2009,"DHB","Hawke's Bay","depquin","5",992,2441,40.6,9586,103.5
2009,"DHB","Hutt Valley","depquin","1",389,2235,17.4,6740,57.7
2009,"DHB","Hutt Valley","depquin","2",124,2235,5.5,4377,28.3
2009,"DHB","Hutt Valley","depquin","3",367,2235,16.4,5319,69
2009,"DHB","Hutt Valley","depquin","4",784,2235,35.1,6720,116.7
2009,"DHB","Hutt Valley","depquin","5",571,2235,25.5,6604,86.5
2009,"DHB","Lakes","depquin","1",203,1683,12.1,2083,97.5
2009,"DHB","Lakes","depquin","2",175,1683,10.4,2762,63.4
2009,"DHB","Lakes","depquin","3",289,1683,17.2,2790,103.6
2009,"DHB","Lakes","depquin","4",332,1683,19.7,4753,69.9
2009,"DHB","Lakes","depquin","5",684,1683,40.6,7822,87.4
2009,"DHB","MidCentral","depquin","1",153,2211,6.9,3774,40.5
2009,"DHB","MidCentral","depquin","2",296,2211,13.4,5051,58.6
2009,"DHB","MidCentral","depquin","3",476,2211,21.5,6350,75
2009,"DHB","MidCentral","depquin","4",572,2211,25.9,9104,62.8
2009,"DHB","MidCentral","depquin","5",714,2211,32.3,9371,76.2
2009,"DHB","Nelson Marlborough","depquin","1",158,1696,9.3,4301,36.7
2009,"DHB","Nelson Marlborough","depquin","2",465,1696,27.4,5251,88.6
2009,"DHB","Nelson Marlborough","depquin","3",396,1696,23.3,6309,62.8
2009,"DHB","Nelson Marlborough","depquin","4",563,1696,33.2,5906,95.3
2009,"DHB","Nelson Marlborough","depquin","5",114,1696,6.7,2924,39
2009,"DHB","Northland","depquin","1",69,2311,3,1809,38.1
2009,"DHB","Northland","depquin","2",196,2311,8.5,2768,70.8
2009,"DHB","Northland","depquin","3",338,2311,14.6,4582,73.8
2009,"DHB","Northland","depquin","4",611,2311,26.4,6125,99.8
2009,"DHB","Northland","depquin","5",1097,2311,47.5,12876,85.2
2009,"DHB","Northland","depquin",NA,1,2311,NA,NA,NA
2009,"DHB","South Canterbury","depquin","1",61,660,9.2,1210,50.4
2009,"DHB","South Canterbury","depquin","2",113,660,17.1,2318,48.7
2009,"DHB","South Canterbury","depquin","3",199,660,30.2,2547,78.1
2009,"DHB","South Canterbury","depquin","4",240,660,36.4,2174,110.4
2009,"DHB","South Canterbury","depquin","5",47,660,7.1,1210,38.8
2009,"DHB","South Canterbury","depquin",NA,1,660,NA,NA,NA
2009,"DHB","Southern","depquin","1",839,3757,22.3,12837,65.4
2009,"DHB","Southern","depquin","2",831,3757,22.1,13045,63.7
2009,"DHB","Southern","depquin","3",788,3757,21,11516,68.4
2009,"DHB","Southern","depquin","4",882,3757,23.5,14599,60.4
2009,"DHB","Southern","depquin","5",417,3757,11.1,10822,38.5
2009,"DHB","Tairawhiti","depquin","1",17,764,2.2,575,29.6
2009,"DHB","Tairawhiti","depquin","2",57,764,7.5,703,81.1
2009,"DHB","Tairawhiti","depquin","3",88,764,11.5,1050,83.8
2009,"DHB","Tairawhiti","depquin","4",41,764,5.4,1927,21.3
2009,"DHB","Tairawhiti","depquin","5",561,764,73.4,4814,116.5
2009,"DHB","Taranaki","depquin","1",114,1630,7,2405,47.4
2009,"DHB","Taranaki","depquin","2",152,1630,9.3,3061,49.7
2009,"DHB","Taranaki","depquin","3",440,1630,27,4633,95
2009,"DHB","Taranaki","depquin","4",686,1630,42.1,5816,118
2009,"DHB","Taranaki","depquin","5",238,1630,14.6,4966,47.9
2009,"DHB","Taranaki","depquin",NA,1,1630,NA,NA,NA
2009,"DHB","Unknown","depquin",NA,475,NA,NA,NA,NA
2009,"DHB","Waikato","depquin","1",557,5558,10,8659,64.3
2009,"DHB","Waikato","depquin","2",553,5558,9.9,10922,50.6
2009,"DHB","Waikato","depquin","3",1116,5558,20.1,13350,83.6
2009,"DHB","Waikato","depquin","4",1547,5558,27.8,18764,82.4
2009,"DHB","Waikato","depquin","5",1785,5558,32.1,22395,79.7
2009,"DHB","Wairarapa","depquin","1",40,543,7.4,923,43.3
2009,"DHB","Wairarapa","depquin","2",63,543,11.6,1303,48.3
2009,"DHB","Wairarapa","depquin","3",58,543,10.7,1425,40.7
2009,"DHB","Wairarapa","depquin","4",265,543,48.8,2057,128.8
2009,"DHB","Wairarapa","depquin","5",117,543,21.5,1302,89.9
2009,"DHB","Wairarapa","depquin",NA,1,543,NA,NA,NA
2009,"DHB","Waitemata","depquin","1",1588,7841,20.3,25866,61.4
2009,"DHB","Waitemata","depquin","2",1604,7841,20.5,29579,54.2
2009,"DHB","Waitemata","depquin","3",1620,7841,20.7,25629,63.2
2009,"DHB","Waitemata","depquin","4",2382,7841,30.4,21554,110.5
2009,"DHB","Waitemata","depquin","5",647,7841,8.3,11682,55.4
2009,"DHB","Waitemata","depquin",NA,2,7841,NA,NA,NA
2009,"DHB","West Coast","depquin","1",31,429,7.2,440,70.5
2009,"DHB","West Coast","depquin","2",47,429,11,345,136.2
2009,"DHB","West Coast","depquin","3",94,429,21.9,1708,55
2009,"DHB","West Coast","depquin","4",116,429,27,2113,54.9
2009,"DHB","West Coast","depquin","5",141,429,32.9,1404,100.4
2009,"DHB","Whanganui","depquin","1",47,930,5.1,488,96.3
2009,"DHB","Whanganui","depquin","2",90,930,9.7,992,90.7
2009,"DHB","Whanganui","depquin","3",71,930,7.6,2077,34.2
2009,"DHB","Whanganui","depquin","4",334,930,35.9,2821,118.4
2009,"DHB","Whanganui","depquin","5",388,930,41.7,5093,76.2
2010,"DHB","Auckland","depquin","1",795,6778,11.7,16998,46.8
2010,"DHB","Auckland","depquin","2",1291,6778,19,22936,56.3
2010,"DHB","Auckland","depquin","3",1420,6778,21,27842,51
2010,"DHB","Auckland","depquin","4",1430,6778,21.1,22823,62.7
2010,"DHB","Auckland","depquin","5",1842,6778,27.2,20511,89.8
2010,"DHB","Bay of Plenty","depquin","1",69,3024,2.3,5626,12.3
2010,"DHB","Bay of Plenty","depquin","2",512,3024,16.9,6810,75.2
2010,"DHB","Bay of Plenty","depquin","3",608,3024,20.1,7794,78
2010,"DHB","Bay of Plenty","depquin","4",899,3024,29.7,9229,97.4
2010,"DHB","Bay of Plenty","depquin","5",936,3024,31,9231,101.4
2010,"DHB","Canterbury","depquin","1",1467,6691,21.9,27065,54.2
2010,"DHB","Canterbury","depquin","2",1457,6691,21.8,21678,67.2
2010,"DHB","Canterbury","depquin","3",1079,6691,16.1,21284,50.7
2010,"DHB","Canterbury","depquin","4",1638,6691,24.5,21765,75.3
2010,"DHB","Canterbury","depquin","5",1050,6691,15.7,12628,83.1
2010,"DHB","Capital & Coast","depquin","1",1177,3988,29.5,19114,61.6
2010,"DHB","Capital & Coast","depquin","2",698,3988,17.5,16388,42.6
2010,"DHB","Capital & Coast","depquin","3",1008,3988,25.3,15306,65.9
2010,"DHB","Capital & Coast","depquin","4",213,3988,5.3,10122,21
2010,"DHB","Capital & Coast","depquin","5",892,3988,22.4,8140,109.6
2010,"DHB","Counties Manukau","depquin","1",1074,8805,12.2,13554,79.2
2010,"DHB","Counties Manukau","depquin","2",509,8805,5.8,16316,31.2
2010,"DHB","Counties Manukau","depquin","3",1137,8805,12.9,15876,71.6
2010,"DHB","Counties Manukau","depquin","4",807,8805,9.2,18473,43.7
2010,"DHB","Counties Manukau","depquin","5",5278,8805,59.9,41380,127.5
2010,"DHB","Hawke's Bay","depquin","1",197,2342,8.4,3797,51.9
2010,"DHB","Hawke's Bay","depquin","2",334,2342,14.3,3806,87.8
2010,"DHB","Hawke's Bay","depquin","3",264,2342,11.3,4984,53
2010,"DHB","Hawke's Bay","depquin","4",582,2342,24.9,6880,84.6
2010,"DHB","Hawke's Bay","depquin","5",965,2342,41.2,9572,100.8
2010,"DHB","Hutt Valley","depquin","1",379,2158,17.6,6731,56.3
2010,"DHB","Hutt Valley","depquin","2",108,2158,5,4373,24.7
2010,"DHB","Hutt Valley","depquin","3",358,2158,16.6,5315,67.4
2010,"DHB","Hutt Valley","depquin","4",751,2158,34.8,6718,111.8
2010,"DHB","Hutt Valley","depquin","5",562,2158,26,6604,85.1
2010,"DHB","Lakes","depquin","1",172,1615,10.7,2067,83.2
2010,"DHB","Lakes","depquin","2",134,1615,8.3,2745,48.8
2010,"DHB","Lakes","depquin","3",240,1615,14.9,2774,86.5
2010,"DHB","Lakes","depquin","4",329,1615,20.4,4731,69.5
2010,"DHB","Lakes","depquin","5",740,1615,45.8,7793,95
2010,"DHB","MidCentral","depquin","1",164,2352,7,3765,43.6
2010,"DHB","MidCentral","depquin","2",330,2352,14,5042,65.5
2010,"DHB","MidCentral","depquin","3",516,2352,21.9,6345,81.3
2010,"DHB","MidCentral","depquin","4",553,2352,23.5,9104,60.7
2010,"DHB","MidCentral","depquin","5",789,2352,33.5,9374,84.2
2010,"DHB","Nelson Marlborough","depquin","1",173,1705,10.1,4273,40.5
2010,"DHB","Nelson Marlborough","depquin","2",430,1705,25.2,5220,82.4
2010,"DHB","Nelson Marlborough","depquin","3",394,1705,23.1,6269,62.8
2010,"DHB","Nelson Marlborough","depquin","4",578,1705,33.9,5875,98.4
2010,"DHB","Nelson Marlborough","depquin","5",130,1705,7.6,2913,44.6
2010,"DHB","Nelson Marlborough","depquin",NA,1,1705,NA,NA,NA
2010,"DHB","Northland","depquin","1",61,2479,2.5,1802,33.9
2010,"DHB","Northland","depquin","2",240,2479,9.7,2762,86.9
2010,"DHB","Northland","depquin","3",405,2479,16.3,4574,88.5
2010,"DHB","Northland","depquin","4",639,2479,25.8,6123,104.4
2010,"DHB","Northland","depquin","5",1134,2479,45.7,12899,87.9
2010,"DHB","South Canterbury","depquin","1",58,670,8.7,1213,47.8
2010,"DHB","South Canterbury","depquin","2",121,670,18.1,2325,52
2010,"DHB","South Canterbury","depquin","3",216,670,32.2,2558,84.4
2010,"DHB","South Canterbury","depquin","4",213,670,31.8,2187,97.4
2010,"DHB","South Canterbury","depquin","5",62,670,9.3,1218,50.9
2010,"DHB","Southern","depquin","1",768,3689,20.8,12817,59.9
2010,"DHB","Southern","depquin","2",847,3689,23,13031,65
2010,"DHB","Southern","depquin","3",722,3689,19.6,11510,62.7
2010,"DHB","Southern","depquin","4",921,3689,25,14605,63.1
2010,"DHB","Southern","depquin","5",431,3689,11.7,10837,39.8
2010,"DHB","Tairawhiti","depquin","1",15,765,2,573,26.2
2010,"DHB","Tairawhiti","depquin","2",65,765,8.5,703,92.5
2010,"DHB","Tairawhiti","depquin","3",98,765,12.8,1051,93.2
2010,"DHB","Tairawhiti","depquin","4",31,765,4.1,1930,16.1
2010,"DHB","Tairawhiti","depquin","5",556,765,72.7,4833,115
2010,"DHB","Taranaki","depquin","1",110,1592,6.9,2411,45.6
2010,"DHB","Taranaki","depquin","2",155,1592,9.7,3072,50.5
2010,"DHB","Taranaki","depquin","3",413,1592,25.9,4657,88.7
2010,"DHB","Taranaki","depquin","4",700,1592,44,5852,119.6
2010,"DHB","Taranaki","depquin","5",214,1592,13.4,4998,42.8
2010,"DHB","Unknown","depquin",NA,386,NA,NA,NA,NA
2010,"DHB","Waikato","depquin","1",561,5635,10,8689,64.6
2010,"DHB","Waikato","depquin","2",583,5635,10.3,10974,53.1
2010,"DHB","Waikato","depquin","3",1214,5635,21.5,13425,90.4
2010,"DHB","Waikato","depquin","4",1592,5635,28.3,18885,84.3
2010,"DHB","Waikato","depquin","5",1685,5635,29.9,22567,74.7
2010,"DHB","Waikato","depquin",NA,3,5635,NA,NA,NA
2010,"DHB","Wairarapa","depquin","1",47,542,8.7,926,50.8
2010,"DHB","Wairarapa","depquin","2",87,542,16.1,1307,66.6
2010,"DHB","Wairarapa","depquin","3",47,542,8.7,1431,32.8
2010,"DHB","Wairarapa","depquin","4",238,542,43.9,2068,115.1
2010,"DHB","Wairarapa","depquin","5",123,542,22.7,1308,94
2010,"DHB","Waitemata","depquin","1",1572,7943,19.8,26020,60.4
2010,"DHB","Waitemata","depquin","2",1617,7943,20.4,29774,54.3
2010,"DHB","Waitemata","depquin","3",1696,7943,21.4,25804,65.7
2010,"DHB","Waitemata","depquin","4",2424,7943,30.5,21706,111.7
2010,"DHB","Waitemata","depquin","5",634,7943,8,11776,53.8
2010,"DHB","Waitemata","depquin",NA,1,7943,NA,NA,NA
2010,"DHB","West Coast","depquin","1",27,409,6.6,437,61.8
2010,"DHB","West Coast","depquin","2",55,409,13.4,344,159.9
2010,"DHB","West Coast","depquin","3",97,409,23.7,1704,56.9
2010,"DHB","West Coast","depquin","4",117,409,28.6,2104,55.6
2010,"DHB","West Coast","depquin","5",113,409,27.6,1401,80.7
2010,"DHB","Whanganui","depquin","1",39,896,4.4,477,81.8
2010,"DHB","Whanganui","depquin","2",100,896,11.2,971,103
2010,"DHB","Whanganui","depquin","3",74,896,8.3,2039,36.3
2010,"DHB","Whanganui","depquin","4",321,896,35.8,2776,115.6
2010,"DHB","Whanganui","depquin","5",362,896,40.4,5017,72.2
2011,"DHB","Auckland","depquin","1",774,6573,11.8,17034,45.4
2011,"DHB","Auckland","depquin","2",1255,6573,19.1,23003,54.6
2011,"DHB","Auckland","depquin","3",1318,6573,20.1,27940,47.2
2011,"DHB","Auckland","depquin","4",1465,6573,22.3,22911,63.9
2011,"DHB","Auckland","depquin","5",1761,6573,26.8,20582,85.6
2011,"DHB","Auckland","depquin",NA,1,6573,NA,NA,NA
2011,"DHB","Bay of Plenty","depquin","1",52,2864,1.8,5581,9.3
2011,"DHB","Bay of Plenty","depquin","2",476,2864,16.6,6760,70.4
2011,"DHB","Bay of Plenty","depquin","3",596,2864,20.8,7753,76.9
2011,"DHB","Bay of Plenty","depquin","4",883,2864,30.8,9182,96.2
2011,"DHB","Bay of Plenty","depquin","5",857,2864,29.9,9194,93.2
2011,"DHB","Bay of Plenty","depquin",NA,2,2864,NA,NA,NA
2011,"DHB","Canterbury","depquin","1",1306,6069,21.5,26245,49.8
2011,"DHB","Canterbury","depquin","2",1350,6069,22.2,21029,64.2
2011,"DHB","Canterbury","depquin","3",956,6069,15.8,20654,46.3
2011,"DHB","Canterbury","depquin","4",1507,6069,24.8,21132,71.3
2011,"DHB","Canterbury","depquin","5",950,6069,15.7,12260,77.5
2011,"DHB","Canterbury","depquin",NA,8,6069,NA,NA,NA
2011,"DHB","Capital & Coast","depquin","1",1137,3881,29.3,19061,59.7
2011,"DHB","Capital & Coast","depquin","2",704,3881,18.1,16353,43.1
2011,"DHB","Capital & Coast","depquin","3",916,3881,23.6,15301,59.9
2011,"DHB","Capital & Coast","depquin","4",238,3881,6.1,10132,23.5
2011,"DHB","Capital & Coast","depquin","5",886,3881,22.8,8134,108.9
2011,"DHB","Counties Manukau","depquin","1",1087,8769,12.4,13632,79.7
2011,"DHB","Counties Manukau","depquin","2",499,8769,5.7,16415,30.4
2011,"DHB","Counties Manukau","depquin","3",1141,8769,13,15983,71.4
2011,"DHB","Counties Manukau","depquin","4",856,8769,9.8,18611,46
2011,"DHB","Counties Manukau","depquin","5",5186,8769,59.1,41718,124.3
2011,"DHB","Hawke's Bay","depquin","1",166,2258,7.4,3776,44
2011,"DHB","Hawke's Bay","depquin","2",345,2258,15.3,3786,91.1
2011,"DHB","Hawke's Bay","depquin","3",254,2258,11.2,4958,51.2
2011,"DHB","Hawke's Bay","depquin","4",545,2258,24.1,6850,79.6
2011,"DHB","Hawke's Bay","depquin","5",948,2258,42,9539,99.4
2011,"DHB","Hutt Valley","depquin","1",367,2061,17.8,6712,54.7
2011,"DHB","Hutt Valley","depquin","2",145,2061,7,4360,33.3
2011,"DHB","Hutt Valley","depquin","3",309,2061,15,5300,58.3
2011,"DHB","Hutt Valley","depquin","4",741,2061,36,6700,110.6
2011,"DHB","Hutt Valley","depquin","5",499,2061,24.2,6588,75.7
2011,"DHB","Lakes","depquin","1",187,1592,11.7,2055,91
2011,"DHB","Lakes","depquin","2",141,1592,8.9,2727,51.7
2011,"DHB","Lakes","depquin","3",277,1592,17.4,2757,100.5
2011,"DHB","Lakes","depquin","4",286,1592,18,4706,60.8
2011,"DHB","Lakes","depquin","5",701,1592,44,7755,90.4
2011,"DHB","MidCentral","depquin","1",175,2300,7.6,3747,46.7
2011,"DHB","MidCentral","depquin","2",289,2300,12.6,5020,57.6
2011,"DHB","MidCentral","depquin","3",516,2300,22.4,6325,81.6
2011,"DHB","MidCentral","depquin","4",613,2300,26.7,9077,67.5
2011,"DHB","MidCentral","depquin","5",707,2300,30.7,9352,75.6
2011,"DHB","Nelson Marlborough","depquin","1",171,1648,10.4,4259,40.2
2011,"DHB","Nelson Marlborough","depquin","2",433,1648,26.3,5202,83.2
2011,"DHB","Nelson Marlborough","depquin","3",403,1648,24.5,6246,64.5
2011,"DHB","Nelson Marlborough","depquin","4",538,1648,32.6,5856,91.9
2011,"DHB","Nelson Marlborough","depquin","5",103,1648,6.2,2907,35.4
2011,"DHB","Nelson Marlborough","depquin",NA,2,1648,NA,NA,NA
2011,"DHB","Northland","depquin","1",74,2308,3.2,1795,41.2
2011,"DHB","Northland","depquin","2",227,2308,9.8,2754,82.4
2011,"DHB","Northland","depquin","3",384,2308,16.6,4561,84.2
2011,"DHB","Northland","depquin","4",628,2308,27.2,6109,102.8
2011,"DHB","Northland","depquin","5",995,2308,43.1,12901,77.1
2011,"DHB","South Canterbury","depquin","1",53,573,9.2,1214,43.7
2011,"DHB","South Canterbury","depquin","2",91,573,15.9,2328,39.1
2011,"DHB","South Canterbury","depquin","3",193,573,33.7,2562,75.3
2011,"DHB","South Canterbury","depquin","4",194,573,33.9,2193,88.5
2011,"DHB","South Canterbury","depquin","5",42,573,7.3,1223,34.3
2011,"DHB","Southern","depquin","1",761,3678,20.7,12809,59.4
2011,"DHB","Southern","depquin","2",838,3678,22.8,13025,64.3
2011,"DHB","Southern","depquin","3",747,3678,20.3,11510,64.9
2011,"DHB","Southern","depquin","4",944,3678,25.7,14621,64.6
2011,"DHB","Southern","depquin","5",388,3678,10.5,10865,35.7
2011,"DHB","Southern","depquin",NA,1,3678,NA,NA,NA
2011,"DHB","Tairawhiti","depquin","1",27,740,3.6,569,47.5
2011,"DHB","Tairawhiti","depquin","2",50,740,6.8,698,71.6
2011,"DHB","Tairawhiti","depquin","3",96,740,13,1046,91.8
2011,"DHB","Tairawhiti","depquin","4",31,740,4.2,1920,16.1
2011,"DHB","Tairawhiti","depquin","5",536,740,72.4,4817,111.3
2011,"DHB","Taranaki","depquin","1",125,1567,8,2411,51.8
2011,"DHB","Taranaki","depquin","2",150,1567,9.6,3076,48.8
2011,"DHB","Taranaki","depquin","3",410,1567,26.2,4668,87.8
2011,"DHB","Taranaki","depquin","4",654,1567,41.7,5871,111.4
2011,"DHB","Taranaki","depquin","5",228,1567,14.6,5015,45.5
2011,"DHB","Unknown","depquin",NA,352,NA,NA,NA,NA
2011,"DHB","Waikato","depquin","1",551,5379,10.2,8696,63.4
2011,"DHB","Waikato","depquin","2",581,5379,10.8,10995,52.8
2011,"DHB","Waikato","depquin","3",1114,5379,20.7,13467,82.7
2011,"DHB","Waikato","depquin","4",1490,5379,27.7,18956,78.6
2011,"DHB","Waikato","depquin","5",1643,5379,30.5,22675,72.5
2011,"DHB","Waikato","depquin",NA,9,5379,NA,NA,NA
2011,"DHB","Wairarapa","depquin","1",41,529,7.8,926,44.3
2011,"DHB","Wairarapa","depquin","2",76,529,14.4,1306,58.2
2011,"DHB","Wairarapa","depquin","3",57,529,10.8,1434,39.7
2011,"DHB","Wairarapa","depquin","4",246,529,46.5,2074,118.6
2011,"DHB","Wairarapa","depquin","5",109,529,20.6,1310,83.2
2011,"DHB","Wairarapa","depquin",NA,1,529,NA,NA,NA
2011,"DHB","Waitemata","depquin","1",1571,7897,19.9,26144,60.1
2011,"DHB","Waitemata","depquin","2",1643,7897,20.8,29931,54.9
2011,"DHB","Waitemata","depquin","3",1680,7897,21.3,25949,64.7
2011,"DHB","Waitemata","depquin","4",2378,7897,30.1,21827,108.9
2011,"DHB","Waitemata","depquin","5",625,7897,7.9,11849,52.7
2011,"DHB","Waitemata","depquin",NA,1,7897,NA,NA,NA
2011,"DHB","West Coast","depquin","1",24,410,5.9,435,55.2
2011,"DHB","West Coast","depquin","2",50,410,12.2,343,145.8
2011,"DHB","West Coast","depquin","3",102,410,24.9,1702,59.9
2011,"DHB","West Coast","depquin","4",123,410,30,2099,58.6
2011,"DHB","West Coast","depquin","5",111,410,27.1,1401,79.2
2011,"DHB","Whanganui","depquin","1",52,833,6.2,468,111.1
2011,"DHB","Whanganui","depquin","2",101,833,12.1,953,106
2011,"DHB","Whanganui","depquin","3",71,833,8.5,2005,35.4
2011,"DHB","Whanganui","depquin","4",276,833,33.1,2735,100.9
2011,"DHB","Whanganui","depquin","5",333,833,40,4950,67.3
2012,"DHB","Auckland","depquin","1",756,6720,11.2,17052,44.3
2012,"DHB","Auckland","depquin","2",1197,6720,17.8,23037,52
2012,"DHB","Auckland","depquin","3",1472,6720,21.9,27997,52.6
2012,"DHB","Auckland","depquin","4",1423,6720,21.2,22961,62
2012,"DHB","Auckland","depquin","5",1872,6720,27.9,20623,90.8
2012,"DHB","Auckland","depquin",NA,1,6720,NA,NA,NA
2012,"DHB","Bay of Plenty","depquin","1",56,2980,1.9,5526,10.1
2012,"DHB","Bay of Plenty","depquin","2",480,2980,16.1,6694,71.7
2012,"DHB","Bay of Plenty","depquin","3",670,2980,22.5,7686,87.2
2012,"DHB","Bay of Plenty","depquin","4",931,2980,31.2,9103,102.3
2012,"DHB","Bay of Plenty","depquin","5",843,2980,28.3,9121,92.4
2012,"DHB","Canterbury","depquin","1",1312,6003,21.9,25709,51
2012,"DHB","Canterbury","depquin","2",1281,6003,21.3,20604,62.2
2012,"DHB","Canterbury","depquin","3",963,6003,16,20239,47.6
2012,"DHB","Canterbury","depquin","4",1539,6003,25.6,20719,74.3
2012,"DHB","Canterbury","depquin","5",908,6003,15.1,12019,75.5
2012,"DHB","Canterbury","depquin",NA,1,6003,NA,NA,NA
2012,"DHB","Capital & Coast","depquin","1",1226,3880,31.6,18932,64.8
2012,"DHB","Capital & Coast","depquin","2",678,3880,17.5,16262,41.7
2012,"DHB","Capital & Coast","depquin","3",950,3880,24.5,15245,62.3
2012,"DHB","Capital & Coast","depquin","4",181,3880,4.7,10104,17.9
2012,"DHB","Capital & Coast","depquin","5",845,3880,21.8,8096,104.4
2012,"DHB","Capital & Coast","depquin",NA,1,3880,NA,NA,NA
2012,"DHB","Counties Manukau","depquin","1",1166,8790,13.3,13681,85.2
2012,"DHB","Counties Manukau","depquin","2",563,8790,6.4,16478,34.2
2012,"DHB","Counties Manukau","depquin","3",1126,8790,12.8,16057,70.1
2012,"DHB","Counties Manukau","depquin","4",822,8790,9.4,18709,43.9
2012,"DHB","Counties Manukau","depquin","5",5113,8790,58.2,41955,121.9
2012,"DHB","Counties Manukau","depquin",NA,9,8790,NA,NA,NA
2012,"DHB","Hawke's Bay","depquin","1",189,2258,8.4,3740,50.5
2012,"DHB","Hawke's Bay","depquin","2",354,2258,15.7,3746,94.5
2012,"DHB","Hawke's Bay","depquin","3",251,2258,11.1,4902,51.2
2012,"DHB","Hawke's Bay","depquin","4",567,2258,25.1,6774,83.7
2012,"DHB","Hawke's Bay","depquin","5",897,2258,39.7,9438,95
2012,"DHB","Hutt Valley","depquin","1",362,2016,18,6617,54.7
2012,"DHB","Hutt Valley","depquin","2",135,2016,6.7,4301,31.4
2012,"DHB","Hutt Valley","depquin","3",325,2016,16.1,5228,62.2
2012,"DHB","Hutt Valley","depquin","4",737,2016,36.6,6612,111.5
2012,"DHB","Hutt Valley","depquin","5",457,2016,22.7,6502,70.3
2012,"DHB","Lakes","depquin","1",168,1559,10.8,2029,82.8
2012,"DHB","Lakes","depquin","2",144,1559,9.2,2693,53.5
2012,"DHB","Lakes","depquin","3",239,1559,15.3,2725,87.7
2012,"DHB","Lakes","depquin","4",299,1559,19.2,4656,64.2
2012,"DHB","Lakes","depquin","5",709,1559,45.5,7678,92.3
2012,"DHB","MidCentral","depquin","1",159,2158,7.4,3726,42.7
2012,"DHB","MidCentral","depquin","2",308,2158,14.3,4995,61.7
2012,"DHB","MidCentral","depquin","3",466,2158,21.6,6300,74
2012,"DHB","MidCentral","depquin","4",546,2158,25.3,9045,60.4
2012,"DHB","MidCentral","depquin","5",679,2158,31.5,9324,72.8
2012,"DHB","Nelson Marlborough","depquin","1",180,1531,11.8,4207,42.8
2012,"DHB","Nelson Marlborough","depquin","2",419,1531,27.4,5136,81.6
2012,"DHB","Nelson Marlborough","depquin","3",353,1531,23.1,6166,57.2
2012,"DHB","Nelson Marlborough","depquin","4",480,1531,31.4,5781,83
2012,"DHB","Nelson Marlborough","depquin","5",99,1531,6.5,2870,34.5
2012,"DHB","Northland","depquin","1",70,2300,3,1772,39.5
2012,"DHB","Northland","depquin","2",217,2300,9.4,2722,79.7
2012,"DHB","Northland","depquin","3",374,2300,16.3,4509,82.9
2012,"DHB","Northland","depquin","4",608,2300,26.4,6042,100.6
2012,"DHB","Northland","depquin","5",1031,2300,44.8,12775,80.7
2012,"DHB","South Canterbury","depquin","1",35,648,5.4,1207,29
2012,"DHB","South Canterbury","depquin","2",120,648,18.5,2318,51.8
2012,"DHB","South Canterbury","depquin","3",203,648,31.3,2551,79.6
2012,"DHB","South Canterbury","depquin","4",237,648,36.6,2185,108.5
2012,"DHB","South Canterbury","depquin","5",53,648,8.2,1220,43.4
2012,"DHB","Southern","depquin","1",757,3598,21,12709,59.6
2012,"DHB","Southern","depquin","2",882,3598,24.5,12923,68.3
2012,"DHB","Southern","depquin","3",717,3598,19.9,11425,62.8
2012,"DHB","Southern","depquin","4",855,3598,23.8,14550,58.8
2012,"DHB","Southern","depquin","5",387,3598,10.8,10823,35.8
2012,"DHB","Tairawhiti","depquin","1",29,735,3.9,565,51.3
2012,"DHB","Tairawhiti","depquin","2",64,735,8.7,696,92
2012,"DHB","Tairawhiti","depquin","3",113,735,15.4,1039,108.8
2012,"DHB","Tairawhiti","depquin","4",23,735,3.1,1910,12
2012,"DHB","Tairawhiti","depquin","5",506,735,68.8,4790,105.6
2012,"DHB","Taranaki","depquin","1",133,1562,8.5,2396,55.5
2012,"DHB","Taranaki","depquin","2",136,1562,8.7,3059,44.5
2012,"DHB","Taranaki","depquin","3",454,1562,29.1,4642,97.8
2012,"DHB","Taranaki","depquin","4",632,1562,40.5,5842,108.2
2012,"DHB","Taranaki","depquin","5",207,1562,13.3,4991,41.5
2012,"DHB","Unknown","depquin",NA,322,NA,NA,NA,NA
2012,"DHB","Waikato","depquin","1",613,5494,11.2,8674,70.7
2012,"DHB","Waikato","depquin","2",523,5494,9.5,10976,47.6
2012,"DHB","Waikato","depquin","3",1087,5494,19.8,13459,80.8
2012,"DHB","Waikato","depquin","4",1541,5494,28,18954,81.3
2012,"DHB","Waikato","depquin","5",1730,5494,31.5,22686,76.3
2012,"DHB","Waikato","depquin",NA,1,5494,NA,NA,NA
2012,"DHB","Wairarapa","depquin","1",56,510,11,928,60.3
2012,"DHB","Wairarapa","depquin","2",70,510,13.7,1309,53.5
2012,"DHB","Wairarapa","depquin","3",55,510,10.8,1435,38.3
2012,"DHB","Wairarapa","depquin","4",229,510,44.9,2077,110.3
2012,"DHB","Wairarapa","depquin","5",100,510,19.6,1311,76.3
2012,"DHB","Waitemata","depquin","1",1511,7995,18.9,26218,57.6
2012,"DHB","Waitemata","depquin","2",1702,7995,21.3,30022,56.7
2012,"DHB","Waitemata","depquin","3",1658,7995,20.7,26032,63.7
2012,"DHB","Waitemata","depquin","4",2488,7995,31.1,21895,113.6
2012,"DHB","Waitemata","depquin","5",636,7995,8,11893,53.5
2012,"DHB","Waitemata","depquin",NA,5,7995,NA,NA,NA
2012,"DHB","West Coast","depquin","1",25,410,6.1,425,58.8
2012,"DHB","West Coast","depquin","2",55,410,13.4,337,163.2
2012,"DHB","West Coast","depquin","3",95,410,23.2,1673,56.8
2012,"DHB","West Coast","depquin","4",104,410,25.4,2059,50.5
2012,"DHB","West Coast","depquin","5",131,410,32,1377,95.1
2012,"DHB","Whanganui","depquin","1",51,876,5.8,456,111.8
2012,"DHB","Whanganui","depquin","2",92,876,10.5,926,99.4
2012,"DHB","Whanganui","depquin","3",61,876,7,1956,31.2
2012,"DHB","Whanganui","depquin","4",298,876,34,2670,111.6
2012,"DHB","Whanganui","depquin","5",374,876,42.7,4831,77.4
2013,"DHB","Auckland","depquin","1",866,6256,13.8,17097,50.7
2013,"DHB","Auckland","depquin","2",1269,6256,20.3,23158,54.8
2013,"DHB","Auckland","depquin","3",1336,6256,21.4,28175,47.4
2013,"DHB","Auckland","depquin","4",1036,6256,16.6,23133,44.8
2013,"DHB","Auckland","depquin","5",1749,6256,28,20747,84.3
2013,"DHB","Auckland","depquin",NA,1,6256,NA,NA,NA
2013,"DHB","Bay of Plenty","depquin","1",133,2757,4.8,5491,24.2
2013,"DHB","Bay of Plenty","depquin","2",257,2757,9.3,6650,38.6
2013,"DHB","Bay of Plenty","depquin","3",586,2757,21.3,7647,76.6
2013,"DHB","Bay of Plenty","depquin","4",883,2757,32,9055,97.5
2013,"DHB","Bay of Plenty","depquin","5",898,2757,32.6,9077,98.9
2013,"DHB","Bay of Plenty","depquin",NA,1,2757,NA,NA,NA
2013,"DHB","Canterbury","depquin","1",1278,5830,21.9,25698,49.7
2013,"DHB","Canterbury","depquin","2",1306,5830,22.4,20603,63.4
2013,"DHB","Canterbury","depquin","3",1027,5830,17.6,20243,50.7
2013,"DHB","Canterbury","depquin","4",1756,5830,30.1,20738,84.7
2013,"DHB","Canterbury","depquin","5",463,5830,7.9,12028,38.5
2013,"DHB","Capital & Coast","depquin","1",1141,3634,31.4,18810,60.7
2013,"DHB","Capital & Coast","depquin","2",638,3634,17.6,16181,39.4
2013,"DHB","Capital & Coast","depquin","3",641,3634,17.6,15197,42.2
2013,"DHB","Capital & Coast","depquin","4",686,3634,18.9,10081,68
2013,"DHB","Capital & Coast","depquin","5",528,3634,14.5,8061,65.5
2013,"DHB","Counties Manukau","depquin","1",789,8163,9.7,13690,57.6
2013,"DHB","Counties Manukau","depquin","2",781,8163,9.6,16501,47.3
2013,"DHB","Counties Manukau","depquin","3",759,8163,9.3,16102,47.1
2013,"DHB","Counties Manukau","depquin","4",1079,8163,13.2,18782,57.4
2013,"DHB","Counties Manukau","depquin","5",4755,8163,58.3,42115,112.9
2013,"DHB","Counties Manukau","depquin",NA,23,8163,NA,NA,NA
2013,"DHB","Hawke's Bay","depquin","1",147,2154,6.8,3704,39.7
2013,"DHB","Hawke's Bay","depquin","2",314,2154,14.6,3704,84.8
2013,"DHB","Hawke's Bay","depquin","3",190,2154,8.8,4846,39.2
2013,"DHB","Hawke's Bay","depquin","4",490,2154,22.7,6698,73.2
2013,"DHB","Hawke's Bay","depquin","5",1013,2154,47,9337,108.5
2013,"DHB","Hutt Valley","depquin","1",341,1918,17.8,6547,52.1
2013,"DHB","Hutt Valley","depquin","2",206,1918,10.7,4259,48.4
2013,"DHB","Hutt Valley","depquin","3",342,1918,17.8,5178,66
2013,"DHB","Hutt Valley","depquin","4",643,1918,33.5,6552,98.1
2013,"DHB","Hutt Valley","depquin","5",386,1918,20.1,6444,59.9
2013,"DHB","Lakes","depquin","1",40,1422,2.8,2007,19.9
2013,"DHB","Lakes","depquin","2",188,1422,13.2,2662,70.6
2013,"DHB","Lakes","depquin","3",137,1422,9.6,2696,50.8
2013,"DHB","Lakes","depquin","4",300,1422,21.1,4609,65.1
2013,"DHB","Lakes","depquin","5",757,1422,53.2,7607,99.5
2013,"DHB","MidCentral","depquin","1",99,2123,4.7,3694,26.8
2013,"DHB","MidCentral","depquin","2",301,2123,14.2,4958,60.7
2013,"DHB","MidCentral","depquin","3",385,2123,18.1,6260,61.5
2013,"DHB","MidCentral","depquin","4",429,2123,20.2,8993,47.7
2013,"DHB","MidCentral","depquin","5",909,2123,42.8,9275,98
2013,"DHB","Nelson Marlborough","depquin","1",106,1552,6.8,4184,25.3
2013,"DHB","Nelson Marlborough","depquin","2",461,1552,29.7,5105,90.3
2013,"DHB","Nelson Marlborough","depquin","3",306,1552,19.7,6127,49.9
2013,"DHB","Nelson Marlborough","depquin","4",581,1552,37.4,5743,101.2
2013,"DHB","Nelson Marlborough","depquin","5",98,1552,6.3,2851,34.4
2013,"DHB","Northland","depquin","1",10,2130,0.5,1751,5.7
2013,"DHB","Northland","depquin","2",161,2130,7.6,2694,59.8
2013,"DHB","Northland","depquin","3",258,2130,12.1,4464,57.8
2013,"DHB","Northland","depquin","4",525,2130,24.6,5986,87.7
2013,"DHB","Northland","depquin","5",1176,2130,55.2,12685,92.7
2013,"DHB","South Canterbury","depquin","1",75,641,11.7,1200,62.5
2013,"DHB","South Canterbury","depquin","2",99,641,15.4,2306,42.9
2013,"DHB","South Canterbury","depquin","3",221,641,34.5,2540,87
2013,"DHB","South Canterbury","depquin","4",177,641,27.6,2178,81.3
2013,"DHB","South Canterbury","depquin","5",69,641,10.8,1216,56.7
2013,"DHB","Southern","depquin","1",734,3448,21.3,12671,57.9
2013,"DHB","Southern","depquin","2",744,3448,21.6,12890,57.7
2013,"DHB","Southern","depquin","3",830,3448,24.1,11399,72.8
2013,"DHB","Southern","depquin","4",742,3448,21.5,14531,51.1
2013,"DHB","Southern","depquin","5",398,3448,11.5,10810,36.8
2013,"DHB","Southern","depquin",NA,1,3448,NA,NA,NA
2013,"DHB","Tairawhiti","depquin","1",28,707,4,558,50.2
2013,"DHB","Tairawhiti","depquin","2",59,707,8.3,689,85.6
2013,"DHB","Tairawhiti","depquin","3",92,707,13,1030,89.3
2013,"DHB","Tairawhiti","depquin","4",35,707,5,1894,18.5
2013,"DHB","Tairawhiti","depquin","5",493,707,69.7,4759,103.6
2013,"DHB","Taranaki","depquin","1",168,1523,11,2391,70.3
2013,"DHB","Taranaki","depquin","2",111,1523,7.3,3055,36.3
2013,"DHB","Taranaki","depquin","3",575,1523,37.8,4631,124.2
2013,"DHB","Taranaki","depquin","4",409,1523,26.9,5832,70.1
2013,"DHB","Taranaki","depquin","5",260,1523,17.1,4981,52.2
2013,"DHB","Unknown","depquin",NA,369,NA,NA,NA,NA
2013,"DHB","Waikato","depquin","1",559,5221,10.7,8664,64.5
2013,"DHB","Waikato","depquin","2",373,5221,7.1,10967,34
2013,"DHB","Waikato","depquin","3",1014,5221,19.4,13460,75.3
2013,"DHB","Waikato","depquin","4",1511,5221,28.9,18961,79.7
2013,"DHB","Waikato","depquin","5",1764,5221,33.8,22699,77.7
2013,"DHB","Wairarapa","depquin","1",48,501,9.6,924,51.9
2013,"DHB","Wairarapa","depquin","2",52,501,10.4,1303,39.9
2013,"DHB","Wairarapa","depquin","3",47,501,9.4,1431,32.8
2013,"DHB","Wairarapa","depquin","4",233,501,46.5,2074,112.3
2013,"DHB","Wairarapa","depquin","5",121,501,24.2,1309,92.4
2013,"DHB","Waitemata","depquin","1",1592,7666,20.8,26307,60.5
2013,"DHB","Waitemata","depquin","2",1802,7666,23.5,30152,59.8
2013,"DHB","Waitemata","depquin","3",1748,7666,22.8,26160,66.8
2013,"DHB","Waitemata","depquin","4",1509,7666,19.7,22004,68.6
2013,"DHB","Waitemata","depquin","5",1015,7666,13.2,11956,84.9
2013,"DHB","Waitemata","depquin",NA,7,7666,NA,NA,NA
2013,"DHB","West Coast","depquin","1",25,377,6.6,412,60.7
2013,"DHB","West Coast","depquin","2",77,377,20.4,330,233.3
2013,"DHB","West Coast","depquin","3",70,377,18.6,1634,42.8
2013,"DHB","West Coast","depquin","4",165,377,43.8,2010,82.1
2013,"DHB","West Coast","depquin","5",40,377,10.6,1345,29.7
2013,"DHB","Whanganui","depquin","1",8,827,1,449,17.8
2013,"DHB","Whanganui","depquin","2",64,827,7.7,911,70.3
2013,"DHB","Whanganui","depquin","3",73,827,8.8,1930,37.8
2013,"DHB","Whanganui","depquin","4",247,827,29.9,2639,93.6
2013,"DHB","Whanganui","depquin","5",435,827,52.6,4771,91.2
2014,"DHB","Auckland","depquin","1",909,6305,14.4,17136,53
2014,"DHB","Auckland","depquin","2",1192,6305,18.9,23253,51.3
2014,"DHB","Auckland","depquin","3",1437,6305,22.8,28302,50.8
2014,"DHB","Auckland","depquin","4",946,6305,15,23252,40.7
2014,"DHB","Auckland","depquin","5",1821,6305,28.9,20827,87.4
2014,"DHB","Auckland","depquin",NA,2,6305,NA,NA,NA
2014,"DHB","Bay of Plenty","depquin","1",115,2791,4.1,5587,20.6
2014,"DHB","Bay of Plenty","depquin","2",262,2791,9.4,6778,38.7
2014,"DHB","Bay of Plenty","depquin","3",627,2791,22.5,7812,80.3
2014,"DHB","Bay of Plenty","depquin","4",799,2791,28.6,9262,86.3
2014,"DHB","Bay of Plenty","depquin","5",988,2791,35.4,9282,106.4
2014,"DHB","Canterbury","depquin","1",1366,6000,22.8,25886,52.8
2014,"DHB","Canterbury","depquin","2",1314,6000,21.9,20809,63.1
2014,"DHB","Canterbury","depquin","3",1030,6000,17.2,20490,50.3
2014,"DHB","Canterbury","depquin","4",1797,6000,30,21013,85.5
2014,"DHB","Canterbury","depquin","5",493,6000,8.2,12192,40.4
2014,"DHB","Canterbury","depquin",NA,1,6000,NA,NA,NA
2014,"DHB","Capital & Coast","depquin","1",1087,3530,30.8,18930,57.4
2014,"DHB","Capital & Coast","depquin","2",621,3530,17.6,16330,38
2014,"DHB","Capital & Coast","depquin","3",657,3530,18.6,15361,42.8
2014,"DHB","Capital & Coast","depquin","4",687,3530,19.5,10190,67.4
2014,"DHB","Capital & Coast","depquin","5",478,3530,13.5,8138,58.7
2014,"DHB","Counties Manukau","depquin","1",815,8277,9.8,13874,58.7
2014,"DHB","Counties Manukau","depquin","2",906,8277,10.9,16750,54.1
2014,"DHB","Counties Manukau","depquin","3",743,8277,9,16376,45.4
2014,"DHB","Counties Manukau","depquin","4",1121,8277,13.5,19138,58.6
2014,"DHB","Counties Manukau","depquin","5",4692,8277,56.7,42921,109.3
2014,"DHB","Counties Manukau","depquin",NA,14,8277,NA,NA,NA
2014,"DHB","Hawke's Bay","depquin","1",163,2067,7.9,3738,43.6
2014,"DHB","Hawke's Bay","depquin","2",302,2067,14.6,3740,80.7
2014,"DHB","Hawke's Bay","depquin","3",151,2067,7.3,4900,30.8
2014,"DHB","Hawke's Bay","depquin","4",442,2067,21.4,6780,65.2
2014,"DHB","Hawke's Bay","depquin","5",1009,2067,48.8,9451,106.8
2014,"DHB","Hutt Valley","depquin","1",360,1857,19.4,6586,54.7
2014,"DHB","Hutt Valley","depquin","2",191,1857,10.3,4294,44.5
2014,"DHB","Hutt Valley","depquin","3",321,1857,17.3,5225,61.4
2014,"DHB","Hutt Valley","depquin","4",620,1857,33.4,6620,93.7
2014,"DHB","Hutt Valley","depquin","5",365,1857,19.7,6514,56
2014,"DHB","Lakes","depquin","1",40,1394,2.9,2021,19.8
2014,"DHB","Lakes","depquin","2",171,1394,12.3,2683,63.7
2014,"DHB","Lakes","depquin","3",162,1394,11.6,2722,59.5
2014,"DHB","Lakes","depquin","4",267,1394,19.2,4665,57.2
2014,"DHB","Lakes","depquin","5",754,1394,54.1,7709,97.8
2014,"DHB","MidCentral","depquin","1",111,2095,5.3,3699,30
2014,"DHB","MidCentral","depquin","2",283,2095,13.5,4969,57
2014,"DHB","MidCentral","depquin","3",352,2095,16.8,6279,56.1
2014,"DHB","MidCentral","depquin","4",438,2095,20.9,9018,48.6
2014,"DHB","MidCentral","depquin","5",911,2095,43.5,9305,97.9
2014,"DHB","Nelson Marlborough","depquin","1",121,1422,8.5,4202,28.8
2014,"DHB","Nelson Marlborough","depquin","2",419,1422,29.5,5137,81.6
2014,"DHB","Nelson Marlborough","depquin","3",231,1422,16.2,6167,37.5
2014,"DHB","Nelson Marlborough","depquin","4",549,1422,38.6,5787,94.9
2014,"DHB","Nelson Marlborough","depquin","5",102,1422,7.2,2877,35.5
2014,"DHB","Northland","depquin","1",16,2101,0.8,1761,9.1
2014,"DHB","Northland","depquin","2",170,2101,8.1,2717,62.6
2014,"DHB","Northland","depquin","3",239,2101,11.4,4507,53
2014,"DHB","Northland","depquin","4",524,2101,24.9,6050,86.6
2014,"DHB","Northland","depquin","5",1152,2101,54.8,12865,89.5
2014,"DHB","South Canterbury","depquin","1",72,651,11.1,1209,59.6
2014,"DHB","South Canterbury","depquin","2",110,651,16.9,2327,47.3
2014,"DHB","South Canterbury","depquin","3",255,651,39.2,2564,99.5
2014,"DHB","South Canterbury","depquin","4",171,651,26.3,2202,77.7
2014,"DHB","South Canterbury","depquin","5",43,651,6.6,1228,35
2014,"DHB","South Canterbury","depquin",NA,1,651,NA,NA,NA
2014,"DHB","Southern","depquin","1",707,3281,21.5,12749,55.5
2014,"DHB","Southern","depquin","2",689,3281,21,13009,53
2014,"DHB","Southern","depquin","3",809,3281,24.7,11520,70.2
2014,"DHB","Southern","depquin","4",705,3281,21.5,14685,48
2014,"DHB","Southern","depquin","5",371,3281,11.3,10937,33.9
2014,"DHB","Southern","depquin",NA,3,3281,NA,NA,NA
2014,"DHB","Tairawhiti","depquin","1",25,687,3.6,556,45
2014,"DHB","Tairawhiti","depquin","2",64,687,9.3,687,93.2
2014,"DHB","Tairawhiti","depquin","3",85,687,12.4,1027,82.8
2014,"DHB","Tairawhiti","depquin","4",29,687,4.2,1888,15.4
2014,"DHB","Tairawhiti","depquin","5",484,687,70.5,4742,102.1
2014,"DHB","Taranaki","depquin","1",152,1518,10,2401,63.3
2014,"DHB","Taranaki","depquin","2",97,1518,6.4,3071,31.6
2014,"DHB","Taranaki","depquin","3",520,1518,34.3,4656,111.7
2014,"DHB","Taranaki","depquin","4",464,1518,30.6,5863,79.1
2014,"DHB","Taranaki","depquin","5",285,1518,18.8,5010,56.9
2014,"DHB","Unknown","depquin",NA,439,NA,NA,NA,NA
2014,"DHB","Waikato","depquin","1",580,5255,11,8738,66.4
2014,"DHB","Waikato","depquin","2",391,5255,7.4,11077,35.3
2014,"DHB","Waikato","depquin","3",998,5255,19,13616,73.3
2014,"DHB","Waikato","depquin","4",1530,5255,29.1,19197,79.7
2014,"DHB","Waikato","depquin","5",1756,5255,33.4,22992,76.4
2014,"DHB","Wairarapa","depquin","1",58,473,12.3,923,62.8
2014,"DHB","Wairarapa","depquin","2",55,473,11.6,1302,42.2
2014,"DHB","Wairarapa","depquin","3",34,473,7.2,1436,23.7
2014,"DHB","Wairarapa","depquin","4",222,473,46.9,2084,106.5
2014,"DHB","Wairarapa","depquin","5",104,473,22,1315,79.1
2014,"DHB","Waitemata","depquin","1",1745,7854,22.2,26574,65.7
2014,"DHB","Waitemata","depquin","2",1821,7854,23.2,30537,59.6
2014,"DHB","Waitemata","depquin","3",1749,7854,22.3,26535,65.9
2014,"DHB","Waitemata","depquin","4",1540,7854,19.6,22332,69
2014,"DHB","Waitemata","depquin","5",999,7854,12.7,12141,82.3
2014,"DHB","Waitemata","depquin",NA,3,7854,NA,NA,NA
2014,"DHB","West Coast","depquin","1",23,351,6.6,399,57.6
2014,"DHB","West Coast","depquin","2",56,351,16,321,174.5
2014,"DHB","West Coast","depquin","3",72,351,20.5,1594,45.2
2014,"DHB","West Coast","depquin","4",170,351,48.4,1955,87
2014,"DHB","West Coast","depquin","5",30,351,8.5,1312,22.9
2014,"DHB","Whanganui","depquin","1",8,817,1,447,17.9
2014,"DHB","Whanganui","depquin","2",61,817,7.5,906,67.3
2014,"DHB","Whanganui","depquin","3",91,817,11.1,1926,47.2
2014,"DHB","Whanganui","depquin","4",260,817,31.8,2639,98.5
2014,"DHB","Whanganui","depquin","5",397,817,48.6,4771,83.2
2015,"DHB","Auckland","depquin","1",828,5898,14,17267,48
2015,"DHB","Auckland","depquin","2",1123,5898,19,23481,47.8
2015,"DHB","Auckland","depquin","3",1326,5898,22.5,28596,46.4
2015,"DHB","Auckland","depquin","4",943,5898,16,23519,40.1
2015,"DHB","Auckland","depquin","5",1678,5898,28.5,21038,79.8
2015,"DHB","Auckland","depquin",NA,1,5898,NA,NA,NA
2015,"DHB","Bay of Plenty","depquin","1",131,2792,4.7,5685,23
2015,"DHB","Bay of Plenty","depquin","2",261,2792,9.3,6913,37.8
2015,"DHB","Bay of Plenty","depquin","3",647,2792,23.2,7990,81
2015,"DHB","Bay of Plenty","depquin","4",833,2792,29.8,9487,87.8
2015,"DHB","Bay of Plenty","depquin","5",920,2792,33,9505,96.8
2015,"DHB","Canterbury","depquin","1",1390,6207,22.4,26512,52.4
2015,"DHB","Canterbury","depquin","2",1345,6207,21.7,21375,62.9
2015,"DHB","Canterbury","depquin","3",1048,6207,16.9,21093,49.7
2015,"DHB","Canterbury","depquin","4",1921,6207,30.9,21652,88.7
2015,"DHB","Canterbury","depquin","5",503,6207,8.1,12568,40
2015,"DHB","Capital & Coast","depquin","1",1047,3532,29.6,19154,54.7
2015,"DHB","Capital & Coast","depquin","2",682,3532,19.3,16563,41.2
2015,"DHB","Capital & Coast","depquin","3",683,3532,19.3,15604,43.8
2015,"DHB","Capital & Coast","depquin","4",613,3532,17.4,10357,59.2
2015,"DHB","Capital & Coast","depquin","5",507,3532,14.4,8263,61.4
2015,"DHB","Counties Manukau","depquin","1",748,8141,9.2,14186,52.7
2015,"DHB","Counties Manukau","depquin","2",977,8141,12,17161,56.9
2015,"DHB","Counties Manukau","depquin","3",710,8141,8.7,16819,42.2
2015,"DHB","Counties Manukau","depquin","4",1107,8141,13.6,19694,56.2
2015,"DHB","Counties Manukau","depquin","5",4599,8141,56.5,44150,104.2
2015,"DHB","Counties Manukau","depquin",NA,61,8141,NA,NA,NA
2015,"DHB","Hawke's Bay","depquin","1",121,1991,6.1,3781,32
2015,"DHB","Hawke's Bay","depquin","2",301,1991,15.1,3789,79.4
2015,"DHB","Hawke's Bay","depquin","3",196,1991,9.8,4974,39.4
2015,"DHB","Hawke's Bay","depquin","4",406,1991,20.4,6894,58.9
2015,"DHB","Hawke's Bay","depquin","5",967,1991,48.6,9612,100.6
2015,"DHB","Hutt Valley","depquin","1",368,1968,18.7,6641,55.4
2015,"DHB","Hutt Valley","depquin","2",177,1968,9,4343,40.8
2015,"DHB","Hutt Valley","depquin","3",328,1968,16.7,5288,62
2015,"DHB","Hutt Valley","depquin","4",675,1968,34.3,6712,100.6
2015,"DHB","Hutt Valley","depquin","5",420,1968,21.3,6607,63.6
2015,"DHB","Lakes","depquin","1",68,1509,4.5,2045,33.3
2015,"DHB","Lakes","depquin","2",198,1509,13.1,2716,72.9
2015,"DHB","Lakes","depquin","3",170,1509,11.3,2762,61.5
2015,"DHB","Lakes","depquin","4",291,1509,19.3,4739,61.4
2015,"DHB","Lakes","depquin","5",782,1509,51.8,7840,99.7
2015,"DHB","MidCentral","depquin","1",124,2109,5.9,3714,33.4
2015,"DHB","MidCentral","depquin","2",345,2109,16.4,5001,69
2015,"DHB","MidCentral","depquin","3",384,2109,18.2,6332,60.6
2015,"DHB","MidCentral","depquin","4",454,2109,21.5,9098,49.9
2015,"DHB","MidCentral","depquin","5",802,2109,38,9395,85.4
2015,"DHB","Nelson Marlborough","depquin","1",134,1418,9.4,4223,31.7
2015,"DHB","Nelson Marlborough","depquin","2",423,1418,29.8,5178,81.7
2015,"DHB","Nelson Marlborough","depquin","3",268,1418,18.9,6222,43.1
2015,"DHB","Nelson Marlborough","depquin","4",489,1418,34.5,5846,83.6
2015,"DHB","Nelson Marlborough","depquin","5",104,1418,7.3,2911,35.7
2015,"DHB","Northland","depquin","1",14,2136,0.7,1779,7.9
2015,"DHB","Northland","depquin","2",175,2136,8.2,2753,63.6
2015,"DHB","Northland","depquin","3",252,2136,11.8,4570,55.1
2015,"DHB","Northland","depquin","4",551,2136,25.8,6141,89.7
2015,"DHB","Northland","depquin","5",1144,2136,53.6,13088,87.4
2015,"DHB","South Canterbury","depquin","1",66,659,10,1215,54.3
2015,"DHB","South Canterbury","depquin","2",136,659,20.6,2343,58
2015,"DHB","South Canterbury","depquin","3",215,659,32.6,2587,83.1
2015,"DHB","South Canterbury","depquin","4",184,659,27.9,2225,82.7
2015,"DHB","South Canterbury","depquin","5",58,659,8.8,1240,46.8
2015,"DHB","South Canterbury","depquin",NA,1,659,NA,NA,NA
2015,"DHB","Southern","depquin","1",787,3412,23.1,12924,60.9
2015,"DHB","Southern","depquin","2",750,3412,22,13228,56.7
2015,"DHB","Southern","depquin","3",788,3412,23.1,11729,67.2
2015,"DHB","Southern","depquin","4",711,3412,20.8,14933,47.6
2015,"DHB","Southern","depquin","5",376,3412,11,11136,33.8
2015,"DHB","Southern","depquin",NA,3,3412,NA,NA,NA
2015,"DHB","Tairawhiti","depquin","1",36,735,4.9,554,65
2015,"DHB","Tairawhiti","depquin","2",62,735,8.4,687,90.2
2015,"DHB","Tairawhiti","depquin","3",84,735,11.4,1028,81.7
2015,"DHB","Tairawhiti","depquin","4",27,735,3.7,1891,14.3
2015,"DHB","Tairawhiti","depquin","5",526,735,71.6,4761,110.5
2015,"DHB","Taranaki","depquin","1",157,1516,10.4,2408,65.2
2015,"DHB","Taranaki","depquin","2",113,1516,7.5,3085,36.6
2015,"DHB","Taranaki","depquin","3",512,1516,33.8,4685,109.3
2015,"DHB","Taranaki","depquin","4",438,1516,28.9,5907,74.1
2015,"DHB","Taranaki","depquin","5",296,1516,19.5,5046,58.7
2015,"DHB","Unknown","depquin",NA,380,NA,NA,NA,NA
2015,"DHB","Waikato","depquin","1",555,5275,10.5,8861,62.6
2015,"DHB","Waikato","depquin","2",394,5275,7.5,11254,35
2015,"DHB","Waikato","depquin","3",1065,5275,20.2,13862,76.8
2015,"DHB","Waikato","depquin","4",1457,5275,27.6,19561,74.5
2015,"DHB","Waikato","depquin","5",1804,5275,34.2,23441,77
2015,"DHB","Wairarapa","depquin","1",51,462,11,931,54.8
2015,"DHB","Wairarapa","depquin","2",43,462,9.3,1315,32.7
2015,"DHB","Wairarapa","depquin","3",45,462,9.7,1455,30.9
2015,"DHB","Wairarapa","depquin","4",215,462,46.5,2113,101.8
2015,"DHB","Wairarapa","depquin","5",108,462,23.4,1335,80.9
2015,"DHB","Waitemata","depquin","1",1589,7516,21.1,27057,58.7
2015,"DHB","Waitemata","depquin","2",1721,7516,22.9,31170,55.2
2015,"DHB","Waitemata","depquin","3",1678,7516,22.3,27129,61.9
2015,"DHB","Waitemata","depquin","4",1506,7516,20,22848,65.9
2015,"DHB","Waitemata","depquin","5",1022,7516,13.6,12426,82.2
2015,"DHB","Waitemata","depquin",NA,48,7516,NA,NA,NA
2015,"DHB","West Coast","depquin","1",19,358,5.3,390,48.7
2015,"DHB","West Coast","depquin","2",57,358,15.9,316,180.4
2015,"DHB","West Coast","depquin","3",79,358,22.1,1567,50.4
2015,"DHB","West Coast","depquin","4",176,358,49.2,1918,91.8
2015,"DHB","West Coast","depquin","5",27,358,7.5,1289,20.9
2015,"DHB","Whanganui","depquin","1",10,816,1.2,448,22.3
2015,"DHB","Whanganui","depquin","2",55,816,6.7,910,60.4
2015,"DHB","Whanganui","depquin","3",106,816,13,1941,54.6
2015,"DHB","Whanganui","depquin","4",253,816,31,2669,94.8
2015,"DHB","Whanganui","depquin","5",392,816,48,4822,81.3
2016,"DHB","Auckland","depquin","1",897,5913,15.2,17501,51.3
2016,"DHB","Auckland","depquin","2",1134,5913,19.2,23885,47.5
2016,"DHB","Auckland","depquin","3",1252,5913,21.2,29113,43
2016,"DHB","Auckland","depquin","4",969,5913,16.4,23989,40.4
2016,"DHB","Auckland","depquin","5",1661,5913,28.1,21412,77.6
2016,"DHB","Auckland","depquin",NA,1,5913,NA,NA,NA
2016,"DHB","Bay of Plenty","depquin","1",167,2899,5.8,5820,28.7
2016,"DHB","Bay of Plenty","depquin","2",278,2899,9.6,7104,39.1
2016,"DHB","Bay of Plenty","depquin","3",652,2899,22.5,8229,79.2
2016,"DHB","Bay of Plenty","depquin","4",846,2899,29.2,9793,86.4
2016,"DHB","Bay of Plenty","depquin","5",956,2899,33,9795,97.6
2016,"DHB","Canterbury","depquin","1",1552,6312,24.6,27242,57
2016,"DHB","Canterbury","depquin","2",1399,6312,22.2,22049,63.4
2016,"DHB","Canterbury","depquin","3",1054,6312,16.7,21827,48.3
2016,"DHB","Canterbury","depquin","4",1834,6312,29.1,22433,81.8
2016,"DHB","Canterbury","depquin","5",473,6312,7.5,13029,36.3
2016,"DHB","Capital & Coast","depquin","1",1029,3459,29.7,19325,53.2
2016,"DHB","Capital & Coast","depquin","2",640,3459,18.5,16787,38.1
2016,"DHB","Capital & Coast","depquin","3",638,3459,18.4,15850,40.3
2016,"DHB","Capital & Coast","depquin","4",658,3459,19,10524,62.5
2016,"DHB","Capital & Coast","depquin","5",494,3459,14.3,8384,58.9
2016,"DHB","Counties Manukau","depquin","1",729,8244,8.8,14574,50
2016,"DHB","Counties Manukau","depquin","2",1121,8244,13.6,17666,63.5
2016,"DHB","Counties Manukau","depquin","3",727,8244,8.8,17357,41.9
2016,"DHB","Counties Manukau","depquin","4",1091,8244,13.2,20356,53.6
2016,"DHB","Counties Manukau","depquin","5",4576,8244,55.5,45576,100.4
2016,"DHB","Counties Manukau","depquin",NA,4,8244,NA,NA,NA
2016,"DHB","Hawke's Bay","depquin","1",162,2056,7.9,3801,42.6
2016,"DHB","Hawke's Bay","depquin","2",336,2056,16.3,3822,87.9
2016,"DHB","Hawke's Bay","depquin","3",188,2056,9.1,5037,37.3
2016,"DHB","Hawke's Bay","depquin","4",414,2056,20.1,6999,59.2
2016,"DHB","Hawke's Bay","depquin","5",956,2056,46.5,9761,97.9
2016,"DHB","Hawke's Bay","depquin",NA,1,2056,NA,NA,NA
2016,"DHB","Hutt Valley","depquin","1",369,1968,18.8,6745,54.7
2016,"DHB","Hutt Valley","depquin","2",187,1968,9.5,4423,42.3
2016,"DHB","Hutt Valley","depquin","3",351,1968,17.8,5389,65.1
2016,"DHB","Hutt Valley","depquin","4",628,1968,31.9,6853,91.6
2016,"DHB","Hutt Valley","depquin","5",433,1968,22,6750,64.1
2016,"DHB","Lakes","depquin","1",54,1545,3.5,2079,26
2016,"DHB","Lakes","depquin","2",202,1545,13.1,2764,73.1
2016,"DHB","Lakes","depquin","3",189,1545,12.2,2820,67
2016,"DHB","Lakes","depquin","4",320,1545,20.7,4847,66
2016,"DHB","Lakes","depquin","5",780,1545,50.5,8030,97.1
2016,"DHB","MidCentral","depquin","1",128,2077,6.2,3745,34.2
2016,"DHB","MidCentral","depquin","2",300,2077,14.4,5052,59.4
2016,"DHB","MidCentral","depquin","3",420,2077,20.2,6406,65.6
2016,"DHB","MidCentral","depquin","4",423,2077,20.4,9211,45.9
2016,"DHB","MidCentral","depquin","5",806,2077,38.8,9516,84.7
2016,"DHB","Nelson Marlborough","depquin","1",144,1548,9.3,4266,33.8
2016,"DHB","Nelson Marlborough","depquin","2",453,1548,29.3,5250,86.3
2016,"DHB","Nelson Marlborough","depquin","3",273,1548,17.6,6315,43.2
2016,"DHB","Nelson Marlborough","depquin","4",580,1548,37.5,5939,97.7
2016,"DHB","Nelson Marlborough","depquin","5",98,1548,6.3,2960,33.1
2016,"DHB","Northland","depquin","1",11,2262,0.5,1792,6.1
2016,"DHB","Northland","depquin","2",178,2262,7.9,2785,63.9
2016,"DHB","Northland","depquin","3",296,2262,13.1,4631,63.9
2016,"DHB","Northland","depquin","4",565,2262,25,6232,90.7
2016,"DHB","Northland","depquin","5",1212,2262,53.6,13311,91.1
2016,"DHB","Northland","depquin",NA,2,2262,NA,NA,NA
2016,"DHB","South Canterbury","depquin","1",58,650,8.9,1219,47.6
2016,"DHB","South Canterbury","depquin","2",122,650,18.8,2361,51.7
2016,"DHB","South Canterbury","depquin","3",254,650,39.1,2613,97.2
2016,"DHB","South Canterbury","depquin","4",174,650,26.8,2252,77.3
2016,"DHB","South Canterbury","depquin","5",42,650,6.5,1255,33.5
2016,"DHB","South Canterbury","depquin",NA,1,650,NA,NA,NA
2016,"DHB","Southern","depquin","1",833,3315,25.1,13195,63.1
2016,"DHB","Southern","depquin","2",698,3315,21.1,13555,51.5
2016,"DHB","Southern","depquin","3",756,3315,22.8,12032,62.8
2016,"DHB","Southern","depquin","4",631,3315,19,15287,41.3
2016,"DHB","Southern","depquin","5",397,3315,12,11402,34.8
2016,"DHB","Tairawhiti","depquin","1",28,773,3.6,554,50.5
2016,"DHB","Tairawhiti","depquin","2",53,773,6.9,687,77.1
2016,"DHB","Tairawhiti","depquin","3",105,773,13.6,1033,101.6
2016,"DHB","Tairawhiti","depquin","4",32,773,4.1,1900,16.8
2016,"DHB","Tairawhiti","depquin","5",555,773,71.8,4795,115.7
2016,"DHB","Taranaki","depquin","1",148,1435,10.3,2421,61.1
2016,"DHB","Taranaki","depquin","2",104,1435,7.2,3108,33.5
2016,"DHB","Taranaki","depquin","3",480,1435,33.4,4731,101.5
2016,"DHB","Taranaki","depquin","4",423,1435,29.5,5971,70.8
2016,"DHB","Taranaki","depquin","5",280,1435,19.5,5099,54.9
2016,"DHB","Unknown","depquin",NA,450,NA,NA,NA,NA
2016,"DHB","Waikato","depquin","1",569,5358,10.6,8972,63.4
2016,"DHB","Waikato","depquin","2",431,5358,8,11428,37.7
2016,"DHB","Waikato","depquin","3",1099,5358,20.5,14110,77.9
2016,"DHB","Waikato","depquin","4",1479,5358,27.6,19940,74.2
2016,"DHB","Waikato","depquin","5",1780,5358,33.2,23910,74.4
2016,"DHB","Waikato","depquin",NA,1,5358,NA,NA,NA
2016,"DHB","Wairarapa","depquin","1",48,459,10.5,940,51.1
2016,"DHB","Wairarapa","depquin","2",49,459,10.7,1330,36.8
2016,"DHB","Wairarapa","depquin","3",29,459,6.3,1477,19.6
2016,"DHB","Wairarapa","depquin","4",219,459,47.7,2146,102.1
2016,"DHB","Wairarapa","depquin","5",114,459,24.8,1358,83.9
2016,"DHB","Wairarapa","depquin",NA,1,459,NA,NA,NA
2016,"DHB","Waitemata","depquin","1",1723,7935,21.7,27629,62.4
2016,"DHB","Waitemata","depquin","2",1892,7935,23.8,31916,59.3
2016,"DHB","Waitemata","depquin","3",1786,7935,22.5,27832,64.2
2016,"DHB","Waitemata","depquin","4",1594,7935,20.1,23461,67.9
2016,"DHB","Waitemata","depquin","5",940,7935,11.8,12761,73.7
2016,"DHB","Waitemata","depquin",NA,1,7935,NA,NA,NA
2016,"DHB","West Coast","depquin","1",21,317,6.6,383,54.8
2016,"DHB","West Coast","depquin","2",59,317,18.6,313,188.5
2016,"DHB","West Coast","depquin","3",71,317,22.4,1551,45.8
2016,"DHB","West Coast","depquin","4",151,317,47.6,1897,79.6
2016,"DHB","West Coast","depquin","5",15,317,4.7,1276,11.8
2016,"DHB","West Coast","depquin",NA,1,317,NA,NA,NA
2016,"DHB","Whanganui","depquin","1",9,800,1.1,449,20
2016,"DHB","Whanganui","depquin","2",43,800,5.4,914,47
2016,"DHB","Whanganui","depquin","3",102,800,12.8,1958,52.1
2016,"DHB","Whanganui","depquin","4",250,800,31.2,2698,92.7
2016,"DHB","Whanganui","depquin","5",396,800,49.5,4871,81.3
2017,"DHB","Auckland","depquin","1",777,5631,13.8,17677,44
2017,"DHB","Auckland","depquin","2",1110,5631,19.7,24230,45.8
2017,"DHB","Auckland","depquin","3",1247,5631,22.1,29559,42.2
2017,"DHB","Auckland","depquin","4",895,5631,15.9,24396,36.7
2017,"DHB","Auckland","depquin","5",1602,5631,28.4,21708,73.8
2017,"DHB","Auckland","depquin",NA,1,5631,NA,NA,NA
2017,"DHB","Bay of Plenty","depquin","1",198,3102,6.4,5998,33
2017,"DHB","Bay of Plenty","depquin","2",290,3102,9.3,7342,39.5
2017,"DHB","Bay of Plenty","depquin","3",745,3102,24,8512,87.5
2017,"DHB","Bay of Plenty","depquin","4",886,3102,28.6,10145,87.3
2017,"DHB","Bay of Plenty","depquin","5",983,3102,31.7,10124,97.1
2017,"DHB","Canterbury","depquin","1",1644,6395,25.7,27779,59.2
2017,"DHB","Canterbury","depquin","2",1415,6395,22.1,22546,62.8
2017,"DHB","Canterbury","depquin","3",1025,6395,16,22363,45.8
2017,"DHB","Canterbury","depquin","4",1818,6395,28.4,22999,79
2017,"DHB","Canterbury","depquin","5",493,6395,7.7,13363,36.9
2017,"DHB","Canterbury","depquin",NA,2,6395,NA,NA,NA
2017,"DHB","Capital & Coast","depquin","1",1056,3496,30.2,19511,54.1
2017,"DHB","Capital & Coast","depquin","2",673,3496,19.3,17009,39.6
2017,"DHB","Capital & Coast","depquin","3",604,3496,17.3,16075,37.6
2017,"DHB","Capital & Coast","depquin","4",689,3496,19.7,10670,64.6
2017,"DHB","Capital & Coast","depquin","5",474,3496,13.6,8496,55.8
2017,"DHB","Counties Manukau","depquin","1",762,8278,9.2,14938,51
2017,"DHB","Counties Manukau","depquin","2",1093,8278,13.2,18137,60.3
2017,"DHB","Counties Manukau","depquin","3",744,8278,9,17855,41.7
2017,"DHB","Counties Manukau","depquin","4",1068,8278,12.9,20962,50.9
2017,"DHB","Counties Manukau","depquin","5",4611,8278,55.7,46847,98.4
2017,"DHB","Counties Manukau","depquin",NA,6,8278,NA,NA,NA
2017,"DHB","Hawke's Bay","depquin","1",128,2120,6,3816,33.5
2017,"DHB","Hawke's Bay","depquin","2",316,2120,14.9,3849,82.1
2017,"DHB","Hawke's Bay","depquin","3",190,2120,9,5089,37.3
2017,"DHB","Hawke's Bay","depquin","4",428,2120,20.2,7083,60.4
2017,"DHB","Hawke's Bay","depquin","5",1058,2120,49.9,9872,107.2
2017,"DHB","Hawke's Bay","depquin",NA,14,2120,NA,NA,NA
2017,"DHB","Hutt Valley","depquin","1",364,1946,18.7,6851,53.1
2017,"DHB","Hutt Valley","depquin","2",194,1946,10,4498,43.1
2017,"DHB","Hutt Valley","depquin","3",342,1946,17.6,5483,62.4
2017,"DHB","Hutt Valley","depquin","4",654,1946,33.6,6975,93.8
2017,"DHB","Hutt Valley","depquin","5",392,1946,20.1,6873,57
2017,"DHB","Lakes","depquin","1",60,1556,3.9,2109,28.4
2017,"DHB","Lakes","depquin","2",199,1556,12.8,2807,70.9
2017,"DHB","Lakes","depquin","3",159,1556,10.2,2871,55.4
2017,"DHB","Lakes","depquin","4",344,1556,22.1,4935,69.7
2017,"DHB","Lakes","depquin","5",794,1556,51,8177,97.1
2017,"DHB","MidCentral","depquin","1",139,2132,6.5,3758,37
2017,"DHB","MidCentral","depquin","2",350,2132,16.4,5080,68.9
2017,"DHB","MidCentral","depquin","3",406,2132,19,6456,62.9
2017,"DHB","MidCentral","depquin","4",463,2132,21.7,9286,49.9
2017,"DHB","MidCentral","depquin","5",774,2132,36.3,9600,80.6
2017,"DHB","Nelson Marlborough","depquin","1",130,1426,9.1,4275,30.4
2017,"DHB","Nelson Marlborough","depquin","2",428,1426,30,5278,81.1
2017,"DHB","Nelson Marlborough","depquin","3",266,1426,18.7,6358,41.8
2017,"DHB","Nelson Marlborough","depquin","4",496,1426,34.8,5985,82.9
2017,"DHB","Nelson Marlborough","depquin","5",106,1426,7.4,2984,35.5
2017,"DHB","Northland","depquin","1",19,2238,0.8,1813,10.5
2017,"DHB","Northland","depquin","2",198,2238,8.8,2823,70.1
2017,"DHB","Northland","depquin","3",307,2238,13.7,4699,65.3
2017,"DHB","Northland","depquin","4",520,2238,23.2,6331,82.1
2017,"DHB","Northland","depquin","5",1194,2238,53.4,13534,88.2
2017,"DHB","South Canterbury","depquin","1",69,633,10.9,1225,56.3
2017,"DHB","South Canterbury","depquin","2",121,633,19.1,2383,50.8
2017,"DHB","South Canterbury","depquin","3",233,633,36.8,2641,88.2
2017,"DHB","South Canterbury","depquin","4",163,633,25.8,2280,71.5
2017,"DHB","South Canterbury","depquin","5",47,633,7.4,1270,37
2017,"DHB","Southern","depquin","1",899,3437,26.2,13468,66.8
2017,"DHB","Southern","depquin","2",720,3437,20.9,13881,51.9
2017,"DHB","Southern","depquin","3",778,3437,22.6,12330,63.1
2017,"DHB","Southern","depquin","4",675,3437,19.6,15615,43.2
2017,"DHB","Southern","depquin","5",365,3437,10.6,11636,31.4
2017,"DHB","Southern","depquin",NA,1,3437,NA,NA,NA
2017,"DHB","Tairawhiti","depquin","1",37,704,5.3,551,67.2
2017,"DHB","Tairawhiti","depquin","2",53,704,7.5,682,77.7
2017,"DHB","Tairawhiti","depquin","3",78,704,11.1,1030,75.7
2017,"DHB","Tairawhiti","depquin","4",44,704,6.2,1890,23.3
2017,"DHB","Tairawhiti","depquin","5",492,704,69.9,4777,103
2017,"DHB","Taranaki","depquin","1",136,1401,9.7,2428,56
2017,"DHB","Taranaki","depquin","2",117,1401,8.4,3119,37.5
2017,"DHB","Taranaki","depquin","3",505,1401,36,4753,106.2
2017,"DHB","Taranaki","depquin","4",397,1401,28.3,5998,66.2
2017,"DHB","Taranaki","depquin","5",246,1401,17.6,5121,48
2017,"DHB","Taranaki","depquin",NA,1,1401,NA,NA,NA
2017,"DHB","Unknown","depquin",NA,405,NA,NA,NA,NA
2017,"DHB","Waikato","depquin","1",602,5322,11.3,9128,66
2017,"DHB","Waikato","depquin","2",361,5322,6.8,11648,31
2017,"DHB","Waikato","depquin","3",1081,5322,20.3,14404,75
2017,"DHB","Waikato","depquin","4",1474,5322,27.7,20369,72.4
2017,"DHB","Waikato","depquin","5",1804,5322,33.9,24421,73.9
2017,"DHB","Wairarapa","depquin","1",71,536,13.2,942,75.4
2017,"DHB","Wairarapa","depquin","2",62,536,11.6,1335,46.4
2017,"DHB","Wairarapa","depquin","3",41,536,7.6,1491,27.5
2017,"DHB","Wairarapa","depquin","4",251,536,46.8,2169,115.7
2017,"DHB","Wairarapa","depquin","5",111,536,20.7,1373,80.8
2017,"DHB","Waitemata","depquin","1",1670,7720,21.6,28203,59.2
2017,"DHB","Waitemata","depquin","2",1807,7720,23.4,32647,55.3
2017,"DHB","Waitemata","depquin","3",1806,7720,23.4,28514,63.3
2017,"DHB","Waitemata","depquin","4",1507,7720,19.5,24048,62.7
2017,"DHB","Waitemata","depquin","5",930,7720,12,13069,71.2
2017,"DHB","Waitemata","depquin",NA,2,7720,NA,NA,NA
2017,"DHB","West Coast","depquin","1",21,355,5.9,373,56.3
2017,"DHB","West Coast","depquin","2",67,355,18.9,309,216.8
2017,"DHB","West Coast","depquin","3",79,355,22.3,1522,51.9
2017,"DHB","West Coast","depquin","4",169,355,47.6,1862,90.8
2017,"DHB","West Coast","depquin","5",19,355,5.4,1254,15.2
2017,"DHB","Whanganui","depquin","1",7,843,0.8,451,15.5
2017,"DHB","Whanganui","depquin","2",45,843,5.3,920,48.9
2017,"DHB","Whanganui","depquin","3",114,843,13.5,1976,57.7
2017,"DHB","Whanganui","depquin","4",258,843,30.6,2731,94.5
2017,"DHB","Whanganui","depquin","5",419,843,49.7,4922,85.1
2018,"DHB","Auckland","depquin","1",599,5432,11,17873,33.5
2018,"DHB","Auckland","depquin","2",1142,5432,21,24595,46.4
2018,"DHB","Auckland","depquin","3",1300,5432,23.9,30025,43.3
2018,"DHB","Auckland","depquin","4",1229,5432,22.6,24804,49.5
2018,"DHB","Auckland","depquin","5",1162,5432,21.4,22003,52.8
2018,"DHB","Bay of Plenty","depquin","1",261,3008,8.7,6158,42.4
2018,"DHB","Bay of Plenty","depquin","2",593,3008,19.7,7559,78.4
2018,"DHB","Bay of Plenty","depquin","3",667,3008,22.2,8758,76.2
2018,"DHB","Bay of Plenty","depquin","4",701,3008,23.3,10448,67.1
2018,"DHB","Bay of Plenty","depquin","5",786,3008,26.1,10397,75.6
2018,"DHB","Canterbury","depquin","1",1487,6248,23.8,28194,52.7
2018,"DHB","Canterbury","depquin","2",1447,6248,23.2,22924,63.1
2018,"DHB","Canterbury","depquin","3",916,6248,14.7,22764,40.2
2018,"DHB","Canterbury","depquin","4",1807,6248,28.9,23405,77.2
2018,"DHB","Canterbury","depquin","5",591,6248,9.5,13603,43.4
2018,"DHB","Canterbury","depquin",NA,1,6248,NA,NA,NA
2018,"DHB","Capital & Coast","depquin","1",1050,3198,32.8,19740,53.2
2018,"DHB","Capital & Coast","depquin","2",692,3198,21.6,17260,40.1
2018,"DHB","Capital & Coast","depquin","3",730,3198,22.8,16330,44.7
2018,"DHB","Capital & Coast","depquin","4",320,3198,10,10840,29.5
2018,"DHB","Capital & Coast","depquin","5",406,3198,12.7,8620,47.1
2018,"DHB","Counties Manukau","depquin","1",586,8159,7.2,15226,38.5
2018,"DHB","Counties Manukau","depquin","2",1044,8159,12.8,18507,56.4
2018,"DHB","Counties Manukau","depquin","3",777,8159,9.5,18247,42.6
2018,"DHB","Counties Manukau","depquin","4",1703,8159,20.9,21429,79.5
2018,"DHB","Counties Manukau","depquin","5",4049,8159,49.6,47771,84.8
2018,"DHB","Counties Manukau","depquin",NA,12,8159,NA,NA,NA
2018,"DHB","Hawke's Bay","depquin","1",202,2105,9.6,3853,52.4
2018,"DHB","Hawke's Bay","depquin","2",362,2105,17.2,3893,93
2018,"DHB","Hawke's Bay","depquin","3",102,2105,4.8,5154,19.8
2018,"DHB","Hawke's Bay","depquin","4",495,2105,23.5,7175,69
2018,"DHB","Hawke's Bay","depquin","5",944,2105,44.8,9996,94.4
2018,"DHB","Hawke's Bay","depquin",NA,5,2105,NA,NA,NA
2018,"DHB","Hutt Valley","depquin","1",373,1943,19.2,6897,54.1
2018,"DHB","Hutt Valley","depquin","2",255,1943,13.1,4534,56.2
2018,"DHB","Hutt Valley","depquin","3",219,1943,11.3,5525,39.6
2018,"DHB","Hutt Valley","depquin","4",715,1943,36.8,7027,101.8
2018,"DHB","Hutt Valley","depquin","5",381,1943,19.6,6927,55
2018,"DHB","Lakes","depquin","1",100,1527,6.5,2134,46.9
2018,"DHB","Lakes","depquin","2",213,1527,13.9,2845,74.9
2018,"DHB","Lakes","depquin","3",151,1527,9.9,2916,51.8
2018,"DHB","Lakes","depquin","4",327,1527,21.4,5009,65.3
2018,"DHB","Lakes","depquin","5",736,1527,48.2,8296,88.7
2018,"DHB","MidCentral","depquin","1",140,2158,6.5,3771,37.1
2018,"DHB","MidCentral","depquin","2",342,2158,15.8,5101,67
2018,"DHB","MidCentral","depquin","3",447,2158,20.7,6492,68.9
2018,"DHB","MidCentral","depquin","4",557,2158,25.8,9333,59.7
2018,"DHB","MidCentral","depquin","5",672,2158,31.1,9653,69.6
2018,"DHB","Nelson Marlborough","depquin","1",229,1495,15.3,4308,53.2
2018,"DHB","Nelson Marlborough","depquin","2",266,1495,17.8,5329,49.9
2018,"DHB","Nelson Marlborough","depquin","3",468,1495,31.3,6430,72.8
2018,"DHB","Nelson Marlborough","depquin","4",499,1495,33.4,6049,82.5
2018,"DHB","Nelson Marlborough","depquin","5",33,1495,2.2,3014,10.9
2018,"DHB","Nelson Marlborough","depquin",NA,1,1495,NA,NA,NA
2018,"DHB","Northland","depquin","1",17,2195,0.8,1840,9.2
2018,"DHB","Northland","depquin","2",112,2195,5.1,2869,39
2018,"DHB","Northland","depquin","3",369,2195,16.8,4779,77.2
2018,"DHB","Northland","depquin","4",476,2195,21.7,6438,73.9
2018,"DHB","Northland","depquin","5",1221,2195,55.6,13745,88.8
2018,"DHB","South Canterbury","depquin","1",52,602,8.6,1225,42.4
2018,"DHB","South Canterbury","depquin","2",125,602,20.8,2391,52.3
2018,"DHB","South Canterbury","depquin","3",223,602,37,2649,84.2
2018,"DHB","South Canterbury","depquin","4",163,602,27.1,2290,71.2
2018,"DHB","South Canterbury","depquin","5",39,602,6.5,1275,30.6
2018,"DHB","South Canterbury","depquin",NA,1,602,NA,NA,NA
2018,"DHB","Southern","depquin","1",756,3269,23.1,13795,54.8
2018,"DHB","Southern","depquin","2",779,3269,23.8,14247,54.7
2018,"DHB","Southern","depquin","3",690,3269,21.1,12656,54.5
2018,"DHB","Southern","depquin","4",672,3269,20.6,15933,42.2
2018,"DHB","Southern","depquin","5",372,3269,11.4,11859,31.4
2018,"DHB","Southern","depquin",NA,1,3269,NA,NA,NA
2018,"DHB","Tairawhiti","depquin","1",28,699,4,549,51
2018,"DHB","Tairawhiti","depquin","2",51,699,7.3,679,75.1
2018,"DHB","Tairawhiti","depquin","3",74,699,10.6,1029,71.9
2018,"DHB","Tairawhiti","depquin","4",52,699,7.4,1888,27.5
2018,"DHB","Tairawhiti","depquin","5",494,699,70.7,4775,103.5
2018,"DHB","Taranaki","depquin","1",116,1565,7.4,2428,47.8
2018,"DHB","Taranaki","depquin","2",158,1565,10.1,3118,50.7
2018,"DHB","Taranaki","depquin","3",382,1565,24.4,4748,80.5
2018,"DHB","Taranaki","depquin","4",489,1565,31.2,5987,81.7
2018,"DHB","Taranaki","depquin","5",420,1565,26.8,5108,82.2
2018,"DHB","Unknown","depquin",NA,504,NA,NA,NA,NA
2018,"DHB","Waikato","depquin","1",549,5383,10.2,9257,59.3
2018,"DHB","Waikato","depquin","2",434,5383,8.1,11827,36.7
2018,"DHB","Waikato","depquin","3",1064,5383,19.8,14636,72.7
2018,"DHB","Waikato","depquin","4",1513,5383,28.1,20705,73.1
2018,"DHB","Waikato","depquin","5",1823,5383,33.9,24815,73.5
2018,"DHB","Wairarapa","depquin","1",86,496,17.3,963,89.3
2018,"DHB","Wairarapa","depquin","2",80,496,16.1,1365,58.6
2018,"DHB","Wairarapa","depquin","3",50,496,10.1,1526,32.8
2018,"DHB","Wairarapa","depquin","4",212,496,42.7,2220,95.5
2018,"DHB","Wairarapa","depquin","5",68,496,13.7,1406,48.4
2018,"DHB","Waitemata","depquin","1",1626,7424,21.9,28741,56.6
2018,"DHB","Waitemata","depquin","2",1741,7424,23.5,33310,52.3
2018,"DHB","Waitemata","depquin","3",1671,7424,22.5,29121,57.4
2018,"DHB","Waitemata","depquin","4",1699,7424,22.9,24562,69.2
2018,"DHB","Waitemata","depquin","5",687,7424,9.3,13326,51.6
2018,"DHB","Waitemata","depquin",NA,1,7424,NA,NA,NA
2018,"DHB","West Coast","depquin","1",12,328,3.7,359,33.4
2018,"DHB","West Coast","depquin","2",29,328,8.8,299,97
2018,"DHB","West Coast","depquin","3",111,328,33.8,1474,75.3
2018,"DHB","West Coast","depquin","4",73,328,22.3,1803,40.5
2018,"DHB","West Coast","depquin","5",103,328,31.4,1215,84.8
2018,"DHB","Whanganui","depquin","1",32,804,4,450,71.1
2018,"DHB","Whanganui","depquin","2",22,804,2.7,921,23.9
2018,"DHB","Whanganui","depquin","3",137,804,17,1982,69.1
2018,"DHB","Whanganui","depquin","4",138,804,17.2,2743,50.3
2018,"DHB","Whanganui","depquin","5",475,804,59.1,4935,96.3
2018,"DHB","Whanganui","depquin",NA,2,804,NA,NA,NA
2019,"DHB","Auckland","depquin","1",589,5586,10.5,17987,32.7
2019,"DHB","Auckland","depquin","2",1185,5586,21.2,24817,47.7
2019,"DHB","Auckland","depquin","3",1287,5586,23,30285,42.5
2019,"DHB","Auckland","depquin","4",1296,5586,23.2,25018,51.8
2019,"DHB","Auckland","depquin","5",1229,5586,22,22122,55.6
2019,"DHB","Auckland","depquin",NA,1,5586,NA,NA,NA
2019,"DHB","Bay of Plenty","depquin","1",288,3105,9.3,6313,45.6
2019,"DHB","Bay of Plenty","depquin","2",618,3105,19.9,7752,79.7
2019,"DHB","Bay of Plenty","depquin","3",697,3105,22.4,8968,77.7
2019,"DHB","Bay of Plenty","depquin","4",720,3105,23.2,10695,67.3
2019,"DHB","Bay of Plenty","depquin","5",782,3105,25.2,10633,73.5
2019,"DHB","Canterbury","depquin","1",1618,6441,25.1,28606,56.6
2019,"DHB","Canterbury","depquin","2",1513,6441,23.5,23277,65
2019,"DHB","Canterbury","depquin","3",998,6441,15.5,23128,43.2
2019,"DHB","Canterbury","depquin","4",1728,6441,26.8,23771,72.7
2019,"DHB","Canterbury","depquin","5",584,6441,9.1,13818,42.3
2019,"DHB","Capital & Coast","depquin","1",1076,3182,33.8,20068,53.6
2019,"DHB","Capital & Coast","depquin","2",665,3182,20.9,17593,37.8
2019,"DHB","Capital & Coast","depquin","3",693,3182,21.8,16696,41.5
2019,"DHB","Capital & Coast","depquin","4",314,3182,9.9,11102,28.3
2019,"DHB","Capital & Coast","depquin","5",434,3182,13.6,8801,49.3
2019,"DHB","Counties Manukau","depquin","1",671,8409,8,15524,43.2
2019,"DHB","Counties Manukau","depquin","2",1056,8409,12.6,18874,55.9
2019,"DHB","Counties Manukau","depquin","3",790,8409,9.4,18620,42.4
2019,"DHB","Counties Manukau","depquin","4",1715,8409,20.4,21859,78.5
2019,"DHB","Counties Manukau","depquin","5",4177,8409,49.7,48622,85.9
2019,"DHB","Counties Manukau","depquin",NA,9,8409,NA,NA,NA
2019,"DHB","Hawke's Bay","depquin","1",198,2013,9.8,3879,51
2019,"DHB","Hawke's Bay","depquin","2",357,2013,17.7,3929,90.9
2019,"DHB","Hawke's Bay","depquin","3",112,2013,5.6,5209,21.5
2019,"DHB","Hawke's Bay","depquin","4",483,2013,24,7256,66.6
2019,"DHB","Hawke's Bay","depquin","5",863,2013,42.9,10106,85.4
2019,"DHB","Hawke's Bay","depquin",NA,7,2013,NA,NA,NA
2019,"DHB","Hutt Valley","depquin","1",375,1960,19.1,6976,53.8
2019,"DHB","Hutt Valley","depquin","2",259,1960,13.2,4587,56.5
2019,"DHB","Hutt Valley","depquin","3",227,1960,11.6,5586,40.6
2019,"DHB","Hutt Valley","depquin","4",752,1960,38.4,7101,105.9
2019,"DHB","Hutt Valley","depquin","5",347,1960,17.7,7001,49.6
2019,"DHB","Lakes","depquin","1",104,1536,6.8,2163,48.1
2019,"DHB","Lakes","depquin","2",234,1536,15.2,2885,81.1
2019,"DHB","Lakes","depquin","3",144,1536,9.4,2957,48.7
2019,"DHB","Lakes","depquin","4",299,1536,19.5,5073,58.9
2019,"DHB","Lakes","depquin","5",755,1536,49.2,8393,90
2019,"DHB","MidCentral","depquin","1",153,2164,7.1,3817,40.1
2019,"DHB","MidCentral","depquin","2",338,2164,15.6,5165,65.4
2019,"DHB","MidCentral","depquin","3",463,2164,21.4,6576,70.4
2019,"DHB","MidCentral","depquin","4",502,2164,23.2,9453,53.1
2019,"DHB","MidCentral","depquin","5",708,2164,32.7,9779,72.4
2019,"DHB","Nelson Marlborough","depquin","1",242,1450,16.7,4349,55.6
2019,"DHB","Nelson Marlborough","depquin","2",265,1450,18.3,5387,49.2
2019,"DHB","Nelson Marlborough","depquin","3",504,1450,34.8,6501,77.5
2019,"DHB","Nelson Marlborough","depquin","4",422,1450,29.1,6116,69
2019,"DHB","Nelson Marlborough","depquin","5",17,1450,1.2,3047,5.6
2019,"DHB","Northland","depquin","1",25,2310,1.1,1867,13.4
2019,"DHB","Northland","depquin","2",150,2310,6.5,2913,51.5
2019,"DHB","Northland","depquin","3",426,2310,18.4,4854,87.8
2019,"DHB","Northland","depquin","4",492,2310,21.3,6535,75.3
2019,"DHB","Northland","depquin","5",1217,2310,52.7,13941,87.3
2019,"DHB","Northland","depquin",NA,1,2310,NA,NA,NA
2019,"DHB","South Canterbury","depquin","1",77,621,12.4,1228,62.7
2019,"DHB","South Canterbury","depquin","2",133,621,21.4,2403,55.3
2019,"DHB","South Canterbury","depquin","3",217,621,34.9,2660,81.6
2019,"DHB","South Canterbury","depquin","4",155,621,25,2299,67.4
2019,"DHB","South Canterbury","depquin","5",39,621,6.3,1280,30.5
2019,"DHB","Southern","depquin","1",853,3442,24.8,14075,60.6
2019,"DHB","Southern","depquin","2",806,3442,23.4,14553,55.4
2019,"DHB","Southern","depquin","3",734,3442,21.3,12918,56.8
2019,"DHB","Southern","depquin","4",668,3442,19.4,16159,41.3
2019,"DHB","Southern","depquin","5",381,3442,11.1,11976,31.8
2019,"DHB","Tairawhiti","depquin","1",28,683,4.1,554,50.5
2019,"DHB","Tairawhiti","depquin","2",64,683,9.4,682,93.8
2019,"DHB","Tairawhiti","depquin","3",64,683,9.4,1035,61.8
2019,"DHB","Tairawhiti","depquin","4",46,683,6.7,1896,24.3
2019,"DHB","Tairawhiti","depquin","5",481,683,70.4,4782,100.6
2019,"DHB","Taranaki","depquin","1",110,1508,7.3,2432,45.2
2019,"DHB","Taranaki","depquin","2",134,1508,8.9,3122,42.9
2019,"DHB","Taranaki","depquin","3",376,1508,24.9,4751,79.1
2019,"DHB","Taranaki","depquin","4",486,1508,32.2,5989,81.1
2019,"DHB","Taranaki","depquin","5",402,1508,26.7,5106,78.7
2019,"DHB","Unknown","depquin",NA,445,NA,NA,NA,NA
2019,"DHB","Waikato","depquin","1",581,5445,10.7,9412,61.7
2019,"DHB","Waikato","depquin","2",486,5445,8.9,12032,40.4
2019,"DHB","Waikato","depquin","3",1087,5445,20,14892,73
2019,"DHB","Waikato","depquin","4",1471,5445,27,21068,69.8
2019,"DHB","Waikato","depquin","5",1820,5445,33.4,25235,72.1
2019,"DHB","Wairarapa","depquin","1",75,518,14.5,965,77.7
2019,"DHB","Wairarapa","depquin","2",98,518,18.9,1367,71.7
2019,"DHB","Wairarapa","depquin","3",66,518,12.7,1528,43.2
2019,"DHB","Wairarapa","depquin","4",205,518,39.6,2223,92.2
2019,"DHB","Wairarapa","depquin","5",74,518,14.3,1406,52.6
2019,"DHB","Waitemata","depquin","1",1785,7775,23,29012,61.5
2019,"DHB","Waitemata","depquin","2",1780,7775,22.9,33608,53
2019,"DHB","Waitemata","depquin","3",1779,7775,22.9,29389,60.5
2019,"DHB","Waitemata","depquin","4",1741,7775,22.4,24783,70.2
2019,"DHB","Waitemata","depquin","5",690,7775,8.9,13419,51.4
2019,"DHB","Waitemata","depquin",NA,3,7775,NA,NA,NA
2019,"DHB","West Coast","depquin","1",10,345,2.9,350,28.6
2019,"DHB","West Coast","depquin","2",29,345,8.4,293,99
2019,"DHB","West Coast","depquin","3",115,345,33.3,1448,79.4
2019,"DHB","West Coast","depquin","4",98,345,28.4,1774,55.2
2019,"DHB","West Coast","depquin","5",93,345,27,1196,77.8
2019,"DHB","West Coast","depquin",NA,1,345,NA,NA,NA
2019,"DHB","Whanganui","depquin","1",26,863,3,457,56.9
2019,"DHB","Whanganui","depquin","2",30,863,3.5,933,32.2
2019,"DHB","Whanganui","depquin","3",176,863,20.4,2011,87.5
2019,"DHB","Whanganui","depquin","4",165,863,19.1,2781,59.3
2019,"DHB","Whanganui","depquin","5",466,863,54,4987,93.4
2020,"DHB","Auckland","depquin","1",548,5155,10.6,18167,30.2
2020,"DHB","Auckland","depquin","2",1093,5155,21.2,25091,43.6
2020,"DHB","Auckland","depquin","3",1187,5155,23,30596,38.8
2020,"DHB","Auckland","depquin","4",1194,5155,23.2,25262,47.3
2020,"DHB","Auckland","depquin","5",1133,5155,22,22294,50.8
2020,"DHB","Bay of Plenty","depquin","1",284,3131,9.1,6566,43.3
2020,"DHB","Bay of Plenty","depquin","2",662,3131,21.1,8090,81.8
2020,"DHB","Bay of Plenty","depquin","3",678,3131,21.7,9371,72.4
2020,"DHB","Bay of Plenty","depquin","4",749,3131,23.9,11197,66.9
2020,"DHB","Bay of Plenty","depquin","5",758,3131,24.2,11126,68.1
2020,"DHB","Canterbury","depquin","1",1761,6171,28.5,29268,60.2
2020,"DHB","Canterbury","depquin","2",1478,6171,24,23835,62
2020,"DHB","Canterbury","depquin","3",885,6171,14.3,23698,37.3
2020,"DHB","Canterbury","depquin","4",1543,6171,25,24352,63.4
2020,"DHB","Canterbury","depquin","5",504,6171,8.2,14157,35.6
2020,"DHB","Capital & Coast","depquin","1",989,3093,32,20478,48.3
2020,"DHB","Capital & Coast","depquin","2",655,3093,21.2,18001,36.4
2020,"DHB","Capital & Coast","depquin","3",692,3093,22.4,17092,40.5
2020,"DHB","Capital & Coast","depquin","4",329,3093,10.6,11361,29
2020,"DHB","Capital & Coast","depquin","5",428,3093,13.8,8997,47.6
2020,"DHB","Counties Manukau","depquin","1",621,8405,7.4,15999,38.8
2020,"DHB","Counties Manukau","depquin","2",1106,8405,13.2,19457,56.8
2020,"DHB","Counties Manukau","depquin","3",779,8405,9.3,19213,40.5
2020,"DHB","Counties Manukau","depquin","4",1808,8405,21.5,22547,80.2
2020,"DHB","Counties Manukau","depquin","5",4091,8405,48.7,50005,81.8
2020,"DHB","Counties Manukau","depquin",NA,1,8405,NA,NA,NA
2020,"DHB","Hawke's Bay","depquin","1",214,2067,10.4,3941,54.3
2020,"DHB","Hawke's Bay","depquin","2",346,2067,16.7,4007,86.3
2020,"DHB","Hawke's Bay","depquin","3",101,2067,4.9,5326,19
2020,"DHB","Hawke's Bay","depquin","4",497,2067,24,7429,66.9
2020,"DHB","Hawke's Bay","depquin","5",909,2067,44,10337,87.9
2020,"DHB","Hawke's Bay","depquin",NA,2,2067,NA,NA,NA
2020,"DHB","Hutt Valley","depquin","1",400,2011,19.9,7118,56.2
2020,"DHB","Hutt Valley","depquin","2",247,2011,12.3,4687,52.7
2020,"DHB","Hutt Valley","depquin","3",234,2011,11.6,5705,41
2020,"DHB","Hutt Valley","depquin","4",789,2011,39.2,7252,108.8
2020,"DHB","Hutt Valley","depquin","5",341,2011,17,7147,47.7
2020,"DHB","Lakes","depquin","1",95,1430,6.6,2205,43.1
2020,"DHB","Lakes","depquin","2",194,1430,13.6,2946,65.9
2020,"DHB","Lakes","depquin","3",118,1430,8.3,3021,39.1
2020,"DHB","Lakes","depquin","4",311,1430,21.7,5186,60
2020,"DHB","Lakes","depquin","5",712,1430,49.8,8581,83
2020,"DHB","MidCentral","depquin","1",147,2159,6.8,3893,37.8
2020,"DHB","MidCentral","depquin","2",353,2159,16.4,5271,67
2020,"DHB","MidCentral","depquin","3",435,2159,20.1,6717,64.8
2020,"DHB","MidCentral","depquin","4",547,2159,25.3,9646,56.7
2020,"DHB","MidCentral","depquin","5",677,2159,31.4,9982,67.8
2020,"DHB","Nelson Marlborough","depquin","1",283,1415,20,4482,63.1
2020,"DHB","Nelson Marlborough","depquin","2",245,1415,17.3,5580,43.9
2020,"DHB","Nelson Marlborough","depquin","3",497,1415,35.1,6745,73.7
2020,"DHB","Nelson Marlborough","depquin","4",371,1415,26.2,6353,58.4
2020,"DHB","Nelson Marlborough","depquin","5",19,1415,1.3,3171,6
2020,"DHB","Nelson Marlborough","depquin",NA,1,1415,NA,NA,NA
2020,"DHB","Northland","depquin","1",16,2379,0.7,1921,8.3
2020,"DHB","Northland","depquin","2",131,2379,5.5,3004,43.6
2020,"DHB","Northland","depquin","3",424,2379,17.8,5008,84.7
2020,"DHB","Northland","depquin","4",505,2379,21.2,6746,74.9
2020,"DHB","Northland","depquin","5",1303,2379,54.8,14380,90.6
2020,"DHB","South Canterbury","depquin","1",56,589,9.5,1242,45.1
2020,"DHB","South Canterbury","depquin","2",130,589,22.1,2439,53.3
2020,"DHB","South Canterbury","depquin","3",222,589,37.7,2694,82.4
2020,"DHB","South Canterbury","depquin","4",144,589,24.4,2328,61.9
2020,"DHB","South Canterbury","depquin","5",37,589,6.3,1298,28.5
2020,"DHB","Southern","depquin","1",794,3275,24.2,14433,55
2020,"DHB","Southern","depquin","2",770,3275,23.5,14934,51.6
2020,"DHB","Southern","depquin","3",684,3275,20.9,13247,51.6
2020,"DHB","Southern","depquin","4",655,3275,20,16468,39.8
2020,"DHB","Southern","depquin","5",372,3275,11.4,12168,30.6
2020,"DHB","Tairawhiti","depquin","1",23,708,3.2,568,40.5
2020,"DHB","Tairawhiti","depquin","2",57,708,8.1,699,81.5
2020,"DHB","Tairawhiti","depquin","3",83,708,11.7,1065,77.9
2020,"DHB","Tairawhiti","depquin","4",62,708,8.8,1948,31.8
2020,"DHB","Tairawhiti","depquin","5",483,708,68.2,4920,98.2
2020,"DHB","Taranaki","depquin","1",119,1451,8.2,2475,48.1
2020,"DHB","Taranaki","depquin","2",136,1451,9.4,3176,42.8
2020,"DHB","Taranaki","depquin","3",350,1451,24.1,4838,72.3
2020,"DHB","Taranaki","depquin","4",481,1451,33.1,6096,78.9
2020,"DHB","Taranaki","depquin","5",365,1451,25.2,5196,70.2
2020,"DHB","Taranaki","depquin",NA,1,1451,NA,NA,NA
2020,"DHB","Unknown","depquin",NA,570,NA,NA,NA,NA
2020,"DHB","Waikato","depquin","1",561,5566,10.1,9720,57.7
2020,"DHB","Waikato","depquin","2",513,5566,9.2,12432,41.3
2020,"DHB","Waikato","depquin","3",1094,5566,19.7,15384,71.1
2020,"DHB","Waikato","depquin","4",1519,5566,27.3,21759,69.8
2020,"DHB","Waikato","depquin","5",1879,5566,33.8,26035,72.2
2020,"DHB","Wairarapa","depquin","1",77,526,14.6,995,77.4
2020,"DHB","Wairarapa","depquin","2",98,526,18.6,1410,69.5
2020,"DHB","Wairarapa","depquin","3",57,526,10.8,1580,36.1
2020,"DHB","Wairarapa","depquin","4",226,526,43,2300,98.3
2020,"DHB","Wairarapa","depquin","5",68,526,12.9,1454,46.8
2020,"DHB","Waitemata","depquin","1",1668,7478,22.3,29421,56.7
2020,"DHB","Waitemata","depquin","2",1724,7478,23.1,34069,50.6
2020,"DHB","Waitemata","depquin","3",1770,7478,23.7,29799,59.4
2020,"DHB","Waitemata","depquin","4",1649,7478,22.1,25123,65.6
2020,"DHB","Waitemata","depquin","5",667,7478,8.9,13578,49.1
2020,"DHB","West Coast","depquin","1",7,289,2.4,350,20
2020,"DHB","West Coast","depquin","2",34,289,11.8,293,116
2020,"DHB","West Coast","depquin","3",84,289,29.1,1453,57.8
2020,"DHB","West Coast","depquin","4",73,289,25.3,1782,41
2020,"DHB","West Coast","depquin","5",91,289,31.5,1202,75.7
2020,"DHB","Whanganui","depquin","1",32,819,3.9,467,68.5
2020,"DHB","Whanganui","depquin","2",19,819,2.3,959,19.8
2020,"DHB","Whanganui","depquin","3",135,819,16.5,2065,65.4
2020,"DHB","Whanganui","depquin","4",166,819,20.3,2860,58
2020,"DHB","Whanganui","depquin","5",467,819,57,5129,91.1
2020,"DHB","Whanganui","depquin",NA,1,819,NA,NA,NA
2021,"DHB","Auckland","depquin","1",607,5438,11.2,17538,34.6
2021,"DHB","Auckland","depquin","2",1138,5438,20.9,24151,47.1
2021,"DHB","Auckland","depquin","3",1218,5438,22.4,29404,41.4
2021,"DHB","Auckland","depquin","4",1343,5438,24.7,24216,55.5
2021,"DHB","Auckland","depquin","5",1132,5438,20.8,21381,52.9
2021,"DHB","Auckland","depquin",NA,1,5438,NA,NA,NA
2021,"DHB","Bay of Plenty","depquin","1",344,3382,10.2,6679,51.5
2021,"DHB","Bay of Plenty","depquin","2",705,3382,20.8,8234,85.6
2021,"DHB","Bay of Plenty","depquin","3",683,3382,20.2,9507,71.8
2021,"DHB","Bay of Plenty","depquin","4",788,3382,23.3,11352,69.4
2021,"DHB","Bay of Plenty","depquin","5",862,3382,25.5,11258,76.6
2021,"DHB","Canterbury","depquin","1",2047,6793,30.1,29513,69.4
2021,"DHB","Canterbury","depquin","2",1605,6793,23.6,23996,66.9
2021,"DHB","Canterbury","depquin","3",995,6793,14.6,23824,41.8
2021,"DHB","Canterbury","depquin","4",1581,6793,23.3,24440,64.7
2021,"DHB","Canterbury","depquin","5",565,6793,8.3,14206,39.8
2021,"DHB","Canterbury","depquin",NA,1,6793,NA,NA,NA
2021,"DHB","Capital & Coast","depquin","1",1113,3320,33.5,20585,54.1
2021,"DHB","Capital & Coast","depquin","2",703,3320,21.2,18118,38.8
2021,"DHB","Capital & Coast","depquin","3",794,3320,23.9,17222,46.1
2021,"DHB","Capital & Coast","depquin","4",290,3320,8.7,11455,25.3
2021,"DHB","Capital & Coast","depquin","5",420,3320,12.7,9060,46.4
2021,"DHB","Counties Manukau","depquin","1",688,8788,7.8,16114,42.7
2021,"DHB","Counties Manukau","depquin","2",1249,8788,14.2,19580,63.8
2021,"DHB","Counties Manukau","depquin","3",865,8788,9.8,19322,44.8
2021,"DHB","Counties Manukau","depquin","4",1992,8788,22.7,22635,88
2021,"DHB","Counties Manukau","depquin","5",3994,8788,45.4,50069,79.8
2021,"DHB","Hawke's Bay","depquin","1",227,2258,10.1,3958,57.4
2021,"DHB","Hawke's Bay","depquin","2",414,2258,18.3,4031,102.7
2021,"DHB","Hawke's Bay","depquin","3",141,2258,6.2,5356,26.3
2021,"DHB","Hawke's Bay","depquin","4",485,2258,21.5,7469,64.9
2021,"DHB","Hawke's Bay","depquin","5",991,2258,43.9,10376,95.5
2021,"DHB","Hawke's Bay","depquin",NA,3,2258,NA,NA,NA
2021,"DHB","Hutt Valley","depquin","1",414,2050,20.2,7169,57.7
2021,"DHB","Hutt Valley","depquin","2",287,2050,14,4723,60.8
2021,"DHB","Hutt Valley","depquin","3",243,2050,11.9,5746,42.3
2021,"DHB","Hutt Valley","depquin","4",761,2050,37.1,7300,104.2
2021,"DHB","Hutt Valley","depquin","5",345,2050,16.8,7192,48
2021,"DHB","Lakes","depquin","1",81,1626,5,2190,37
2021,"DHB","Lakes","depquin","2",259,1626,15.9,2928,88.5
2021,"DHB","Lakes","depquin","3",153,1626,9.4,2998,51
2021,"DHB","Lakes","depquin","4",350,1626,21.5,5137,68.1
2021,"DHB","Lakes","depquin","5",783,1626,48.2,8486,92.3
2021,"DHB","MidCentral","depquin","1",183,2310,7.9,3946,46.4
2021,"DHB","MidCentral","depquin","2",366,2310,15.8,5333,68.6
2021,"DHB","MidCentral","depquin","3",483,2310,20.9,6787,71.2
2021,"DHB","MidCentral","depquin","4",523,2310,22.6,9740,53.7
2021,"DHB","MidCentral","depquin","5",755,2310,32.7,10074,74.9
2021,"DHB","Nelson Marlborough","depquin","1",249,1510,16.5,4465,55.8
2021,"DHB","Nelson Marlborough","depquin","2",260,1510,17.2,5554,46.8
2021,"DHB","Nelson Marlborough","depquin","3",532,1510,35.2,6715,79.2
2021,"DHB","Nelson Marlborough","depquin","4",454,1510,30.1,6316,71.9
2021,"DHB","Nelson Marlborough","depquin","5",15,1510,1,3150,4.8
2021,"DHB","Northland","depquin","1",12,2425,0.5,1957,6.1
2021,"DHB","Northland","depquin","2",142,2425,5.9,3056,46.5
2021,"DHB","Northland","depquin","3",434,2425,17.9,5095,85.2
2021,"DHB","Northland","depquin","4",518,2425,21.4,6860,75.5
2021,"DHB","Northland","depquin","5",1319,2425,54.4,14572,90.5
2021,"DHB","South Canterbury","depquin","1",61,636,9.6,1224,49.8
2021,"DHB","South Canterbury","depquin","2",149,636,23.4,2410,61.8
2021,"DHB","South Canterbury","depquin","3",240,636,37.7,2655,90.4
2021,"DHB","South Canterbury","depquin","4",150,636,23.6,2292,65.4
2021,"DHB","South Canterbury","depquin","5",36,636,5.7,1280,28.1
2021,"DHB","Southern","depquin","1",983,3529,27.9,14442,68.1
2021,"DHB","Southern","depquin","2",832,3529,23.6,14898,55.8
2021,"DHB","Southern","depquin","3",694,3529,19.7,13195,52.6
2021,"DHB","Southern","depquin","4",644,3529,18.2,16375,39.3
2021,"DHB","Southern","depquin","5",376,3529,10.7,12089,31.1
2021,"DHB","Tairawhiti","depquin","1",27,753,3.6,572,47.2
2021,"DHB","Tairawhiti","depquin","2",69,753,9.2,702,98.3
2021,"DHB","Tairawhiti","depquin","3",77,753,10.2,1070,72
2021,"DHB","Tairawhiti","depquin","4",51,753,6.8,1958,26
2021,"DHB","Tairawhiti","depquin","5",529,753,70.3,4937,107.2
2021,"DHB","Taranaki","depquin","1",136,1580,8.6,2499,54.4
2021,"DHB","Taranaki","depquin","2",174,1580,11,3203,54.3
2021,"DHB","Taranaki","depquin","3",416,1580,26.3,4873,85.4
2021,"DHB","Taranaki","depquin","4",489,1580,30.9,6136,79.7
2021,"DHB","Taranaki","depquin","5",365,1580,23.1,5228,69.8
2021,"DHB","Unknown","depquin",NA,484,NA,NA,NA,NA
2021,"DHB","Waikato","depquin","1",619,5957,10.4,9796,63.2
2021,"DHB","Waikato","depquin","2",561,5957,9.4,12515,44.8
2021,"DHB","Waikato","depquin","3",1191,5957,20,15461,77
2021,"DHB","Waikato","depquin","4",1627,5957,27.3,21843,74.5
2021,"DHB","Waikato","depquin","5",1959,5957,32.9,26084,75.1
2021,"DHB","Wairarapa","depquin","1",102,571,17.9,1009,101.1
2021,"DHB","Wairarapa","depquin","2",104,571,18.2,1428,72.8
2021,"DHB","Wairarapa","depquin","3",57,571,10,1598,35.7
2021,"DHB","Wairarapa","depquin","4",229,571,40.1,2327,98.4
2021,"DHB","Wairarapa","depquin","5",79,571,13.8,1468,53.8
2021,"DHB","Waitemata","depquin","1",1883,7871,23.9,29178,64.5
2021,"DHB","Waitemata","depquin","2",1791,7871,22.8,33733,53.1
2021,"DHB","Waitemata","depquin","3",1847,7871,23.5,29497,62.6
2021,"DHB","Waitemata","depquin","4",1682,7871,21.4,24856,67.7
2021,"DHB","Waitemata","depquin","5",668,7871,8.5,13407,49.8
2021,"DHB","West Coast","depquin","1",13,336,3.9,343,37.9
2021,"DHB","West Coast","depquin","2",29,336,8.6,287,101
2021,"DHB","West Coast","depquin","3",107,336,31.8,1429,74.9
2021,"DHB","West Coast","depquin","4",72,336,21.4,1756,41
2021,"DHB","West Coast","depquin","5",115,336,34.2,1185,97
2021,"DHB","Whanganui","depquin","1",19,819,2.3,470,40.4
2021,"DHB","Whanganui","depquin","2",36,819,4.4,971,37.1
2021,"DHB","Whanganui","depquin","3",153,819,18.7,2086,73.3
2021,"DHB","Whanganui","depquin","4",167,819,20.4,2891,57.8
2021,"DHB","Whanganui","depquin","5",444,819,54.2,5182,85.7
2022,"DHB","Auckland","depquin","1",480,4953,9.7,16863,28.5
2022,"DHB","Auckland","depquin","2",1085,4953,21.9,23111,46.9
2022,"DHB","Auckland","depquin","3",1143,4953,23.1,28090,40.7
2022,"DHB","Auckland","depquin","4",1169,4953,23.6,23063,50.7
2022,"DHB","Auckland","depquin","5",1076,4953,21.7,20404,52.7
2022,"DHB","Bay of Plenty","depquin","1",317,3147,10.1,6741,47
2022,"DHB","Bay of Plenty","depquin","2",613,3147,19.5,8301,73.8
2022,"DHB","Bay of Plenty","depquin","3",659,3147,20.9,9555,69
2022,"DHB","Bay of Plenty","depquin","4",774,3147,24.6,11397,67.9
2022,"DHB","Bay of Plenty","depquin","5",784,3147,24.9,11296,69.4
2022,"DHB","Canterbury","depquin","1",1919,6453,29.7,29785,64.4
2022,"DHB","Canterbury","depquin","2",1545,6453,23.9,24167,63.9
2022,"DHB","Canterbury","depquin","3",975,6453,15.1,23955,40.7
2022,"DHB","Canterbury","depquin","4",1481,6453,23,24549,60.3
2022,"DHB","Canterbury","depquin","5",533,6453,8.3,14265,37.4
2022,"DHB","Capital & Coast","depquin","1",968,2892,33.5,20485,47.3
2022,"DHB","Capital & Coast","depquin","2",595,2892,20.6,18024,33
2022,"DHB","Capital & Coast","depquin","3",642,2892,22.2,17142,37.5
2022,"DHB","Capital & Coast","depquin","4",301,2892,10.4,11415,26.4
2022,"DHB","Capital & Coast","depquin","5",386,2892,13.3,9023,42.8
2022,"DHB","Counties Manukau","depquin","1",694,8052,8.6,16265,42.7
2022,"DHB","Counties Manukau","depquin","2",1138,8052,14.1,19743,57.6
2022,"DHB","Counties Manukau","depquin","3",795,8052,9.9,19471,40.8
2022,"DHB","Counties Manukau","depquin","4",1741,8052,21.6,22774,76.4
2022,"DHB","Counties Manukau","depquin","5",3684,8052,45.8,50287,73.3
2022,"DHB","Hawke's Bay","depquin","1",178,2042,8.7,3964,44.9
2022,"DHB","Hawke's Bay","depquin","2",405,2042,19.8,4039,100.3
2022,"DHB","Hawke's Bay","depquin","3",107,2042,5.2,5359,20
2022,"DHB","Hawke's Bay","depquin","4",450,2042,22,7461,60.3
2022,"DHB","Hawke's Bay","depquin","5",902,2042,44.2,10357,87.1
2022,"DHB","Hawke's Bay","depquin",NA,4,2042,NA,NA,NA
2022,"DHB","Hutt Valley","depquin","1",347,1844,18.8,7192,48.2
2022,"DHB","Hutt Valley","depquin","2",242,1844,13.1,4737,51.1
2022,"DHB","Hutt Valley","depquin","3",205,1844,11.1,5760,35.6
2022,"DHB","Hutt Valley","depquin","4",729,1844,39.5,7311,99.7
2022,"DHB","Hutt Valley","depquin","5",321,1844,17.4,7200,44.6
2022,"DHB","Lakes","depquin","1",83,1560,5.3,2183,38
2022,"DHB","Lakes","depquin","2",226,1560,14.5,2916,77.5
2022,"DHB","Lakes","depquin","3",165,1560,10.6,2977,55.4
2022,"DHB","Lakes","depquin","4",343,1560,22,5084,67.5
2022,"DHB","Lakes","depquin","5",743,1560,47.6,8381,88.7
2022,"DHB","MidCentral","depquin","1",170,2157,7.9,3964,42.9
2022,"DHB","MidCentral","depquin","2",339,2157,15.7,5354,63.3
2022,"DHB","MidCentral","depquin","3",492,2157,22.8,6803,72.3
2022,"DHB","MidCentral","depquin","4",529,2157,24.5,9755,54.2
2022,"DHB","MidCentral","depquin","5",627,2157,29.1,10084,62.2
2022,"DHB","Nelson Marlborough","depquin","1",244,1382,17.7,4427,55.1
2022,"DHB","Nelson Marlborough","depquin","2",242,1382,17.5,5495,44
2022,"DHB","Nelson Marlborough","depquin","3",490,1382,35.5,6634,73.9
2022,"DHB","Nelson Marlborough","depquin","4",389,1382,28.1,6235,62.4
2022,"DHB","Nelson Marlborough","depquin","5",17,1382,1.2,3108,5.5
2022,"DHB","Nelson Marlborough","depquin",NA,5,1382,NA,NA,NA
2022,"DHB","Northland","depquin","1",20,2366,0.8,1983,10.1
2022,"DHB","Northland","depquin","2",159,2366,6.7,3093,51.4
2022,"DHB","Northland","depquin","3",446,2366,18.9,5154,86.5
2022,"DHB","Northland","depquin","4",493,2366,20.8,6932,71.1
2022,"DHB","Northland","depquin","5",1248,2366,52.7,14697,84.9
2022,"DHB","South Canterbury","depquin","1",63,578,10.9,1223,51.5
2022,"DHB","South Canterbury","depquin","2",109,578,18.9,2407,45.3
2022,"DHB","South Canterbury","depquin","3",238,578,41.2,2650,89.8
2022,"DHB","South Canterbury","depquin","4",141,578,24.4,2284,61.7
2022,"DHB","South Canterbury","depquin","5",27,578,4.7,1275,21.2
2022,"DHB","Southern","depquin","1",859,3319,25.9,14496,59.3
2022,"DHB","Southern","depquin","2",808,3319,24.3,14902,54.2
2022,"DHB","Southern","depquin","3",612,3319,18.4,13179,46.4
2022,"DHB","Southern","depquin","4",687,3319,20.7,16387,41.9
2022,"DHB","Southern","depquin","5",353,3319,10.6,12096,29.2
2022,"DHB","Tairawhiti","depquin","1",29,715,4.1,577,50.3
2022,"DHB","Tairawhiti","depquin","2",41,715,5.7,706,58.1
2022,"DHB","Tairawhiti","depquin","3",74,715,10.3,1072,69
2022,"DHB","Tairawhiti","depquin","4",63,715,8.8,1960,32.1
2022,"DHB","Tairawhiti","depquin","5",508,715,71,4924,103.2
2022,"DHB","Taranaki","depquin","1",113,1397,8.1,2514,44.9
2022,"DHB","Taranaki","depquin","2",122,1397,8.7,3215,37.9
2022,"DHB","Taranaki","depquin","3",356,1397,25.5,4886,72.9
2022,"DHB","Taranaki","depquin","4",445,1397,31.9,6142,72.5
2022,"DHB","Taranaki","depquin","5",361,1397,25.8,5232,69
2022,"DHB","Unknown","depquin",NA,694,NA,NA,NA,NA
2022,"DHB","Waikato","depquin","1",592,5411,10.9,9858,60.1
2022,"DHB","Waikato","depquin","2",602,5411,11.1,12572,47.9
2022,"DHB","Waikato","depquin","3",1057,5411,19.5,15493,68.2
2022,"DHB","Waikato","depquin","4",1432,5411,26.5,21860,65.5
2022,"DHB","Waikato","depquin","5",1728,5411,31.9,26056,66.3
2022,"DHB","Wairarapa","depquin","1",102,525,19.4,1020,100
2022,"DHB","Wairarapa","depquin","2",84,525,16,1442,58.3
2022,"DHB","Wairarapa","depquin","3",72,525,13.7,1613,44.6
2022,"DHB","Wairarapa","depquin","4",205,525,39,2347,87.3
2022,"DHB","Wairarapa","depquin","5",62,525,11.8,1479,41.9
2022,"DHB","Waitemata","depquin","1",1757,7353,23.9,28907,60.8
2022,"DHB","Waitemata","depquin","2",1598,7353,21.7,33347,47.9
2022,"DHB","Waitemata","depquin","3",1738,7353,23.6,29134,59.7
2022,"DHB","Waitemata","depquin","4",1631,7353,22.2,24539,66.5
2022,"DHB","Waitemata","depquin","5",629,7353,8.6,13222,47.6
2022,"DHB","West Coast","depquin","1",16,294,5.4,341,46.9
2022,"DHB","West Coast","depquin","2",26,294,8.8,282,92.2
2022,"DHB","West Coast","depquin","3",87,294,29.6,1414,61.5
2022,"DHB","West Coast","depquin","4",80,294,27.2,1741,46
2022,"DHB","West Coast","depquin","5",85,294,28.9,1173,72.5
2022,"DHB","Whanganui","depquin","1",27,814,3.3,471,57.3
2022,"DHB","Whanganui","depquin","2",23,814,2.8,976,23.6
2022,"DHB","Whanganui","depquin","3",168,814,20.6,2092,80.3
2022,"DHB","Whanganui","depquin","4",143,814,17.6,2900,49.3
2022,"DHB","Whanganui","depquin","5",453,814,55.7,5200,87.1
2008,"DHB","Auckland","eth.mpao","Euro/Oth",2906,6683,43.5,54490,53.3
2008,"DHB","Auckland","eth.mpao","Maori",856,6683,12.8,9320,91.8
2008,"DHB","Auckland","eth.mpao","Asian",1478,6683,22.1,34010,43.5
2008,"DHB","Auckland","eth.mpao","Pacific",1443,6683,21.6,12510,115.3
2008,"DHB","Auckland","eth.mpao","Unknown",1,6683,NA,NA,NA
2008,"DHB","Bay of Plenty","eth.mpao","Euro/Oth",1550,2974,52.1,24780,62.6
2008,"DHB","Bay of Plenty","eth.mpao","Maori",1209,2974,40.7,11230,107.7
2008,"DHB","Bay of Plenty","eth.mpao","Asian",139,2974,4.7,1780,78.1
2008,"DHB","Bay of Plenty","eth.mpao","Pacific",76,2974,2.6,610,124.6
2008,"DHB","Canterbury","eth.mpao","Euro/Oth",4906,6650,73.8,82110,59.7
2008,"DHB","Canterbury","eth.mpao","Maori",945,6650,14.2,8940,105.7
2008,"DHB","Canterbury","eth.mpao","Asian",510,6650,7.7,10780,47.3
2008,"DHB","Canterbury","eth.mpao","Pacific",289,6650,4.3,2510,115.1
2008,"DHB","Canterbury","eth.mpao","Unknown",1,6650,NA,NA,NA
2008,"DHB","Capital & Coast","eth.mpao","Euro/Oth",2494,4077,61.2,46800,53.3
2008,"DHB","Capital & Coast","eth.mpao","Maori",735,4077,18,8060,91.2
2008,"DHB","Capital & Coast","eth.mpao","Asian",428,4077,10.5,8850,48.4
2008,"DHB","Capital & Coast","eth.mpao","Pacific",420,4077,10.3,5330,78.8
2008,"DHB","Capital & Coast","eth.mpao","Unknown",1,4077,NA,NA,NA
2008,"DHB","Counties Manukau","eth.mpao","Euro/Oth",2210,8828,25,39630,55.8
2008,"DHB","Counties Manukau","eth.mpao","Maori",2355,8828,26.7,18500,127.3
2008,"DHB","Counties Manukau","eth.mpao","Asian",1204,8828,13.6,22560,53.4
2008,"DHB","Counties Manukau","eth.mpao","Pacific",3059,8828,34.7,23770,128.7
2008,"DHB","Counties Manukau","eth.mpao","Unknown",3,8828,NA,NA,NA
2008,"DHB","Hawke's Bay","eth.mpao","Euro/Oth",1094,2359,46.4,18830,58.1
2008,"DHB","Hawke's Bay","eth.mpao","Maori",1092,2359,46.3,8490,128.6
2008,"DHB","Hawke's Bay","eth.mpao","Asian",60,2359,2.5,1030,58.3
2008,"DHB","Hawke's Bay","eth.mpao","Pacific",113,2359,4.8,1040,108.7
2008,"DHB","Hawke's Bay","eth.mpao","Unknown",1,2359,NA,NA,NA
2008,"DHB","Hutt Valley","eth.mpao","Euro/Oth",1228,2251,54.6,18940,64.8
2008,"DHB","Hutt Valley","eth.mpao","Maori",571,2251,25.4,5560,102.7
2008,"DHB","Hutt Valley","eth.mpao","Asian",167,2251,7.4,2840,58.8
2008,"DHB","Hutt Valley","eth.mpao","Pacific",285,2251,12.7,2550,111.8
2008,"DHB","Hutt Valley","eth.mpao","Unknown",1,2251,NA,NA,NA
2008,"DHB","Lakes","eth.mpao","Euro/Oth",678,1745,38.9,10800,62.8
2008,"DHB","Lakes","eth.mpao","Maori",947,1745,54.3,7910,119.7
2008,"DHB","Lakes","eth.mpao","Asian",77,1745,4.4,1150,67
2008,"DHB","Lakes","eth.mpao","Pacific",43,1745,2.5,570,75.4
2008,"DHB","MidCentral","eth.mpao","Euro/Oth",1398,2363,59.2,23470,59.6
2008,"DHB","MidCentral","eth.mpao","Maori",763,2363,32.3,6990,109.2
2008,"DHB","MidCentral","eth.mpao","Asian",107,2363,4.5,2440,43.9
2008,"DHB","MidCentral","eth.mpao","Pacific",95,2363,4,930,102.2
2008,"DHB","Nelson Marlborough","eth.mpao","Euro/Oth",1319,1738,75.9,20790,63.4
2008,"DHB","Nelson Marlborough","eth.mpao","Maori",316,1738,18.2,2780,113.7
2008,"DHB","Nelson Marlborough","eth.mpao","Asian",65,1738,3.7,920,70.7
2008,"DHB","Nelson Marlborough","eth.mpao","Pacific",38,1738,2.2,350,108.6
2008,"DHB","Northland","eth.mpao","Euro/Oth",923,2283,40.4,16030,57.6
2008,"DHB","Northland","eth.mpao","Maori",1285,2283,56.3,10680,120.3
2008,"DHB","Northland","eth.mpao","Asian",33,2283,1.4,900,36.7
2008,"DHB","Northland","eth.mpao","Pacific",42,2283,1.8,550,76.4
2008,"DHB","Northland","eth.mpao","Unknown",1,2283,NA,NA,NA
2008,"DHB","South Canterbury","eth.mpao","Euro/Oth",547,669,81.8,8330,65.7
2008,"DHB","South Canterbury","eth.mpao","Maori",94,669,14.1,830,113.3
2008,"DHB","South Canterbury","eth.mpao","Asian",19,669,2.8,280,67.9
2008,"DHB","South Canterbury","eth.mpao","Pacific",9,669,1.3,80,112.5
2008,"DHB","Southern","eth.mpao","Euro/Oth",2798,3714,75.3,51750,54.1
2008,"DHB","Southern","eth.mpao","Maori",654,3714,17.6,6230,105
2008,"DHB","Southern","eth.mpao","Asian",148,3714,4,4030,36.7
2008,"DHB","Southern","eth.mpao","Pacific",114,3714,3.1,1150,99.1
2008,"DHB","Southern","eth.mpao","Unknown",1,3714,NA,NA,NA
2008,"DHB","Tairawhiti","eth.mpao","Euro/Oth",222,845,26.3,3780,58.7
2008,"DHB","Tairawhiti","eth.mpao","Maori",595,845,70.4,4880,121.9
2008,"DHB","Tairawhiti","eth.mpao","Asian",12,845,1.4,210,57.1
2008,"DHB","Tairawhiti","eth.mpao","Pacific",16,845,1.9,205,78
2008,"DHB","Taranaki","eth.mpao","Euro/Oth",1064,1633,65.2,15950,66.7
2008,"DHB","Taranaki","eth.mpao","Maori",498,1633,30.5,3910,127.4
2008,"DHB","Taranaki","eth.mpao","Asian",46,1633,2.8,780,59
2008,"DHB","Taranaki","eth.mpao","Pacific",25,1633,1.5,240,104.2
2008,"DHB","Unknown","eth.mpao","Euro/Oth",191,426,NA,NA,NA
2008,"DHB","Unknown","eth.mpao","Maori",144,426,NA,NA,NA
2008,"DHB","Unknown","eth.mpao","Asian",33,426,NA,NA,NA
2008,"DHB","Unknown","eth.mpao","Pacific",58,426,NA,NA,NA
2008,"DHB","Unknown","eth.mpao","Unknown",58,426,NA,NA,NA
2008,"DHB","Waikato","eth.mpao","Euro/Oth",2708,5677,47.7,47830,56.6
2008,"DHB","Waikato","eth.mpao","Maori",2154,5677,37.9,17970,119.9
2008,"DHB","Waikato","eth.mpao","Asian",304,5677,5.4,6110,49.8
2008,"DHB","Waikato","eth.mpao","Pacific",511,5677,9,2140,238.8
2008,"DHB","Waikato","eth.mpao","Unknown",1,5677,NA,NA,NA
2008,"DHB","Wairarapa","eth.mpao","Euro/Oth",330,512,64.5,5320,62
2008,"DHB","Wairarapa","eth.mpao","Maori",164,512,32,1370,119.7
2008,"DHB","Wairarapa","eth.mpao","Asian",8,512,1.6,165,48.5
2008,"DHB","Wairarapa","eth.mpao","Pacific",10,512,2,145,69
2008,"DHB","Waitemata","eth.mpao","Euro/Oth",4031,7790,51.7,70650,57.1
2008,"DHB","Waitemata","eth.mpao","Maori",1535,7790,19.7,12020,127.7
2008,"DHB","Waitemata","eth.mpao","Asian",1157,7790,14.9,22710,50.9
2008,"DHB","Waitemata","eth.mpao","Pacific",1067,7790,13.7,8540,124.9
2008,"DHB","West Coast","eth.mpao","Euro/Oth",341,434,78.6,5100,66.9
2008,"DHB","West Coast","eth.mpao","Maori",71,434,16.4,710,100
2008,"DHB","West Coast","eth.mpao","Asian",16,434,3.7,160,100
2008,"DHB","West Coast","eth.mpao","Pacific",6,434,1.4,60,100
2008,"DHB","Whanganui","eth.mpao","Euro/Oth",484,915,52.9,7550,64.1
2008,"DHB","Whanganui","eth.mpao","Maori",384,915,42,3500,109.7
2008,"DHB","Whanganui","eth.mpao","Asian",18,915,2,335,53.7
2008,"DHB","Whanganui","eth.mpao","Pacific",29,915,3.2,245,118.4
2009,"DHB","Auckland","eth.mpao","Euro/Oth",2892,6849,42.2,54450,53.1
2009,"DHB","Auckland","eth.mpao","Maori",927,6849,13.5,9370,98.9
2009,"DHB","Auckland","eth.mpao","Asian",1635,6849,23.9,34280,47.7
2009,"DHB","Auckland","eth.mpao","Pacific",1395,6849,20.4,12500,111.6
2009,"DHB","Bay of Plenty","eth.mpao","Euro/Oth",1511,2996,50.4,24710,61.1
2009,"DHB","Bay of Plenty","eth.mpao","Maori",1249,2996,41.7,11220,111.3
2009,"DHB","Bay of Plenty","eth.mpao","Asian",151,2996,5,1970,76.6
2009,"DHB","Bay of Plenty","eth.mpao","Pacific",85,2996,2.8,640,132.8
2009,"DHB","Canterbury","eth.mpao","Euro/Oth",4858,6557,74.1,81500,59.6
2009,"DHB","Canterbury","eth.mpao","Maori",917,6557,14,9110,100.7
2009,"DHB","Canterbury","eth.mpao","Asian",517,6557,7.9,11120,46.5
2009,"DHB","Canterbury","eth.mpao","Pacific",265,6557,4,2580,102.7
2009,"DHB","Canterbury","eth.mpao","Unknown",1,6557,NA,NA,NA
2009,"DHB","Capital & Coast","eth.mpao","Euro/Oth",2511,4055,61.9,46630,53.8
2009,"DHB","Capital & Coast","eth.mpao","Maori",674,4055,16.6,8100,83.2
2009,"DHB","Capital & Coast","eth.mpao","Asian",436,4055,10.8,9020,48.3
2009,"DHB","Capital & Coast","eth.mpao","Pacific",434,4055,10.7,5280,82.2
2009,"DHB","Capital & Coast","eth.mpao","Unknown",1,4055,NA,NA,NA
2009,"DHB","Counties Manukau","eth.mpao","Euro/Oth",2075,8611,24.1,38960,53.3
2009,"DHB","Counties Manukau","eth.mpao","Maori",2302,8611,26.7,18440,124.8
2009,"DHB","Counties Manukau","eth.mpao","Asian",1205,8611,14,23480,51.3
2009,"DHB","Counties Manukau","eth.mpao","Pacific",3029,8611,35.2,24010,126.2
2009,"DHB","Counties Manukau","eth.mpao","Unknown",1,8611,NA,NA,NA
2009,"DHB","Hawke's Bay","eth.mpao","Euro/Oth",1117,2441,45.8,18500,60.4
2009,"DHB","Hawke's Bay","eth.mpao","Maori",1122,2441,46,8480,132.3
2009,"DHB","Hawke's Bay","eth.mpao","Asian",76,2441,3.1,1100,69.1
2009,"DHB","Hawke's Bay","eth.mpao","Pacific",126,2441,5.2,1060,118.9
2009,"DHB","Hutt Valley","eth.mpao","Euro/Oth",1167,2235,52.2,18750,62.2
2009,"DHB","Hutt Valley","eth.mpao","Maori",596,2235,26.7,5540,107.6
2009,"DHB","Hutt Valley","eth.mpao","Asian",211,2235,9.4,2940,71.8
2009,"DHB","Hutt Valley","eth.mpao","Pacific",261,2235,11.7,2550,102.4
2009,"DHB","Lakes","eth.mpao","Euro/Oth",728,1683,43.3,10570,68.9
2009,"DHB","Lakes","eth.mpao","Maori",851,1683,50.6,7860,108.3
2009,"DHB","Lakes","eth.mpao","Asian",57,1683,3.4,1220,46.7
2009,"DHB","Lakes","eth.mpao","Pacific",47,1683,2.8,580,81
2009,"DHB","MidCentral","eth.mpao","Euro/Oth",1268,2211,57.3,23180,54.7
2009,"DHB","MidCentral","eth.mpao","Maori",745,2211,33.7,6990,106.6
2009,"DHB","MidCentral","eth.mpao","Asian",94,2211,4.3,2530,37.2
2009,"DHB","MidCentral","eth.mpao","Pacific",104,2211,4.7,950,109.5
2009,"DHB","Nelson Marlborough","eth.mpao","Euro/Oth",1303,1696,76.8,20520,63.5
2009,"DHB","Nelson Marlborough","eth.mpao","Maori",279,1696,16.5,2820,98.9
2009,"DHB","Nelson Marlborough","eth.mpao","Asian",67,1696,4,980,68.4
2009,"DHB","Nelson Marlborough","eth.mpao","Pacific",47,1696,2.8,355,132.4
2009,"DHB","Northland","eth.mpao","Euro/Oth",868,2312,37.5,15850,54.8
2009,"DHB","Northland","eth.mpao","Maori",1356,2312,58.7,10770,125.9
2009,"DHB","Northland","eth.mpao","Asian",53,2312,2.3,960,55.2
2009,"DHB","Northland","eth.mpao","Pacific",35,2312,1.5,580,60.3
2009,"DHB","South Canterbury","eth.mpao","Euro/Oth",536,661,81.1,8210,65.3
2009,"DHB","South Canterbury","eth.mpao","Maori",95,661,14.4,850,111.8
2009,"DHB","South Canterbury","eth.mpao","Asian",21,661,3.2,305,68.9
2009,"DHB","South Canterbury","eth.mpao","Pacific",9,661,1.4,100,90
2009,"DHB","Southern","eth.mpao","Euro/Oth",2862,3757,76.2,51170,55.9
2009,"DHB","Southern","eth.mpao","Maori",608,3757,16.2,6250,97.3
2009,"DHB","Southern","eth.mpao","Asian",165,3757,4.4,4200,39.3
2009,"DHB","Southern","eth.mpao","Pacific",122,3757,3.2,1200,101.7
2009,"DHB","Tairawhiti","eth.mpao","Euro/Oth",196,764,25.7,3730,52.5
2009,"DHB","Tairawhiti","eth.mpao","Maori",541,764,70.8,4900,110.4
2009,"DHB","Tairawhiti","eth.mpao","Asian",21,764,2.7,220,95.5
2009,"DHB","Tairawhiti","eth.mpao","Pacific",6,764,0.8,220,27.3
2009,"DHB","Taranaki","eth.mpao","Euro/Oth",1070,1631,65.6,15830,67.6
2009,"DHB","Taranaki","eth.mpao","Maori",483,1631,29.6,3960,122
2009,"DHB","Taranaki","eth.mpao","Asian",41,1631,2.5,840,48.8
2009,"DHB","Taranaki","eth.mpao","Pacific",37,1631,2.3,250,148
2009,"DHB","Unknown","eth.mpao","Euro/Oth",181,430,NA,NA,NA
2009,"DHB","Unknown","eth.mpao","Maori",167,430,NA,NA,NA
2009,"DHB","Unknown","eth.mpao","Asian",16,430,NA,NA,NA
2009,"DHB","Unknown","eth.mpao","Pacific",66,430,NA,NA,NA
2009,"DHB","Unknown","eth.mpao","Unknown",45,430,NA,NA,NA
2009,"DHB","Waikato","eth.mpao","Euro/Oth",2893,5557,52.1,47460,61
2009,"DHB","Waikato","eth.mpao","Maori",2077,5557,37.4,18090,114.8
2009,"DHB","Waikato","eth.mpao","Asian",331,5557,6,6350,52.1
2009,"DHB","Waikato","eth.mpao","Pacific",256,5557,4.6,2190,116.9
2009,"DHB","Waikato","eth.mpao","Unknown",1,5557,NA,NA,NA
2009,"DHB","Wairarapa","eth.mpao","Euro/Oth",348,544,64,5320,65.4
2009,"DHB","Wairarapa","eth.mpao","Maori",171,544,31.4,1370,124.8
2009,"DHB","Wairarapa","eth.mpao","Asian",8,544,1.5,170,47.1
2009,"DHB","Wairarapa","eth.mpao","Pacific",17,544,3.1,145,117.2
2009,"DHB","Waitemata","eth.mpao","Euro/Oth",3944,7843,50.3,70120,56.2
2009,"DHB","Waitemata","eth.mpao","Maori",1577,7843,20.1,12120,130.1
2009,"DHB","Waitemata","eth.mpao","Asian",1232,7843,15.7,23440,52.6
2009,"DHB","Waitemata","eth.mpao","Pacific",1090,7843,13.9,8620,126.5
2009,"DHB","West Coast","eth.mpao","Euro/Oth",343,429,80,5030,68.2
2009,"DHB","West Coast","eth.mpao","Maori",67,429,15.6,730,91.8
2009,"DHB","West Coast","eth.mpao","Asian",10,429,2.3,175,57.1
2009,"DHB","West Coast","eth.mpao","Pacific",9,429,2.1,70,128.6
2009,"DHB","Whanganui","eth.mpao","Euro/Oth",499,930,53.7,7390,67.5
2009,"DHB","Whanganui","eth.mpao","Maori",385,930,41.4,3470,111
2009,"DHB","Whanganui","eth.mpao","Asian",20,930,2.2,340,58.8
2009,"DHB","Whanganui","eth.mpao","Pacific",26,930,2.8,250,104
2010,"DHB","Auckland","eth.mpao","Euro/Oth",2854,6777,42.1,54560,52.3
2010,"DHB","Auckland","eth.mpao","Maori",828,6777,12.2,9440,87.7
2010,"DHB","Auckland","eth.mpao","Asian",1663,6777,24.5,34580,48.1
2010,"DHB","Auckland","eth.mpao","Pacific",1432,6777,21.1,12520,114.4
2010,"DHB","Auckland","eth.mpao","Unknown",1,6777,NA,NA,NA
2010,"DHB","Bay of Plenty","eth.mpao","Euro/Oth",1508,3024,49.9,24620,61.3
2010,"DHB","Bay of Plenty","eth.mpao","Maori",1247,3024,41.2,11270,110.6
2010,"DHB","Bay of Plenty","eth.mpao","Asian",169,3024,5.6,2120,79.7
2010,"DHB","Bay of Plenty","eth.mpao","Pacific",100,3024,3.3,670,149.3
2010,"DHB","Canterbury","eth.mpao","Euro/Oth",4872,6691,72.8,81070,60.1
2010,"DHB","Canterbury","eth.mpao","Maori",929,6691,13.9,9320,99.7
2010,"DHB","Canterbury","eth.mpao","Asian",585,6691,8.7,11410,51.3
2010,"DHB","Canterbury","eth.mpao","Pacific",305,6691,4.6,2610,116.9
2010,"DHB","Capital & Coast","eth.mpao","Euro/Oth",2412,3987,60.5,46440,51.9
2010,"DHB","Capital & Coast","eth.mpao","Maori",675,3987,16.9,8130,83
2010,"DHB","Capital & Coast","eth.mpao","Asian",489,3987,12.3,9250,52.9
2010,"DHB","Capital & Coast","eth.mpao","Pacific",411,3987,10.3,5240,78.4
2010,"DHB","Capital & Coast","eth.mpao","Unknown",1,3987,NA,NA,NA
2010,"DHB","Counties Manukau","eth.mpao","Euro/Oth",2165,8802,24.6,38590,56.1
2010,"DHB","Counties Manukau","eth.mpao","Maori",2276,8802,25.9,18520,122.9
2010,"DHB","Counties Manukau","eth.mpao","Asian",1301,8802,14.8,24340,53.5
2010,"DHB","Counties Manukau","eth.mpao","Pacific",3060,8802,34.8,24160,126.7
2010,"DHB","Counties Manukau","eth.mpao","Unknown",3,8802,NA,NA,NA
2010,"DHB","Hawke's Bay","eth.mpao","Euro/Oth",1043,2342,44.5,18360,56.8
2010,"DHB","Hawke's Bay","eth.mpao","Maori",1075,2342,45.9,8450,127.2
2010,"DHB","Hawke's Bay","eth.mpao","Asian",93,2342,4,1180,78.8
2010,"DHB","Hawke's Bay","eth.mpao","Pacific",131,2342,5.6,1060,123.6
2010,"DHB","Hutt Valley","eth.mpao","Euro/Oth",1113,2158,51.6,18620,59.8
2010,"DHB","Hutt Valley","eth.mpao","Maori",597,2158,27.7,5540,107.8
2010,"DHB","Hutt Valley","eth.mpao","Asian",187,2158,8.7,3030,61.7
2010,"DHB","Hutt Valley","eth.mpao","Pacific",261,2158,12.1,2560,102
2010,"DHB","Lakes","eth.mpao","Euro/Oth",668,1615,41.4,10420,64.1
2010,"DHB","Lakes","eth.mpao","Maori",841,1615,52.1,7820,107.5
2010,"DHB","Lakes","eth.mpao","Asian",62,1615,3.8,1290,48.1
2010,"DHB","Lakes","eth.mpao","Pacific",44,1615,2.7,560,78.6
2010,"DHB","MidCentral","eth.mpao","Euro/Oth",1289,2352,54.8,22980,56.1
2010,"DHB","MidCentral","eth.mpao","Maori",808,2352,34.4,7070,114.3
2010,"DHB","MidCentral","eth.mpao","Asian",144,2352,6.1,2630,54.8
2010,"DHB","MidCentral","eth.mpao","Pacific",111,2352,4.7,940,118.1
2010,"DHB","Nelson Marlborough","eth.mpao","Euro/Oth",1281,1705,75.1,20280,63.2
2010,"DHB","Nelson Marlborough","eth.mpao","Maori",267,1705,15.7,2840,94
2010,"DHB","Nelson Marlborough","eth.mpao","Asian",106,1705,6.2,1050,101
2010,"DHB","Nelson Marlborough","eth.mpao","Pacific",51,1705,3,380,134.2
2010,"DHB","Nelson Marlborough","eth.mpao","Unknown",1,1705,NA,NA,NA
2010,"DHB","Northland","eth.mpao","Euro/Oth",913,2479,36.8,15730,58
2010,"DHB","Northland","eth.mpao","Maori",1455,2479,58.7,10840,134.2
2010,"DHB","Northland","eth.mpao","Asian",68,2479,2.7,1000,68
2010,"DHB","Northland","eth.mpao","Pacific",43,2479,1.7,590,72.9
2010,"DHB","South Canterbury","eth.mpao","Euro/Oth",539,670,80.4,8210,65.7
2010,"DHB","South Canterbury","eth.mpao","Maori",100,670,14.9,860,116.3
2010,"DHB","South Canterbury","eth.mpao","Asian",13,670,1.9,330,39.4
2010,"DHB","South Canterbury","eth.mpao","Pacific",18,670,2.7,95,189.5
2010,"DHB","Southern","eth.mpao","Euro/Oth",2763,3689,74.9,50860,54.3
2010,"DHB","Southern","eth.mpao","Maori",622,3689,16.9,6360,97.8
2010,"DHB","Southern","eth.mpao","Asian",181,3689,4.9,4360,41.5
2010,"DHB","Southern","eth.mpao","Pacific",123,3689,3.3,1220,100.8
2010,"DHB","Tairawhiti","eth.mpao","Euro/Oth",224,765,29.3,3730,60.1
2010,"DHB","Tairawhiti","eth.mpao","Maori",510,765,66.7,4890,104.3
2010,"DHB","Tairawhiti","eth.mpao","Asian",13,765,1.7,240,54.2
2010,"DHB","Tairawhiti","eth.mpao","Pacific",18,765,2.4,220,81.8
2010,"DHB","Taranaki","eth.mpao","Euro/Oth",1043,1591,65.6,15790,66.1
2010,"DHB","Taranaki","eth.mpao","Maori",468,1591,29.4,4050,115.6
2010,"DHB","Taranaki","eth.mpao","Asian",52,1591,3.3,910,57.1
2010,"DHB","Taranaki","eth.mpao","Pacific",28,1591,1.8,245,114.3
2010,"DHB","Taranaki","eth.mpao","Unknown",1,1591,NA,NA,NA
2010,"DHB","Unknown","eth.mpao","Euro/Oth",120,342,NA,NA,NA
2010,"DHB","Unknown","eth.mpao","Maori",164,342,NA,NA,NA
2010,"DHB","Unknown","eth.mpao","Asian",22,342,NA,NA,NA
2010,"DHB","Unknown","eth.mpao","Pacific",36,342,NA,NA,NA
2010,"DHB","Unknown","eth.mpao","Unknown",44,342,NA,NA,NA
2010,"DHB","Waikato","eth.mpao","Euro/Oth",2974,5638,52.7,47250,62.9
2010,"DHB","Waikato","eth.mpao","Maori",2028,5638,36,18430,110
2010,"DHB","Waikato","eth.mpao","Asian",378,5638,6.7,6620,57.1
2010,"DHB","Waikato","eth.mpao","Pacific",258,5638,4.6,2240,115.2
2010,"DHB","Wairarapa","eth.mpao","Euro/Oth",344,542,63.5,5320,64.7
2010,"DHB","Wairarapa","eth.mpao","Maori",176,542,32.5,1390,126.6
2010,"DHB","Wairarapa","eth.mpao","Asian",7,542,1.3,185,37.8
2010,"DHB","Wairarapa","eth.mpao","Pacific",15,542,2.8,145,103.4
2010,"DHB","Waitemata","eth.mpao","Euro/Oth",3938,7944,49.6,70060,56.2
2010,"DHB","Waitemata","eth.mpao","Maori",1549,7944,19.5,12240,126.6
2010,"DHB","Waitemata","eth.mpao","Asian",1385,7944,17.4,24120,57.4
2010,"DHB","Waitemata","eth.mpao","Pacific",1072,7944,13.5,8650,123.9
2010,"DHB","West Coast","eth.mpao","Euro/Oth",314,409,76.8,4950,63.4
2010,"DHB","West Coast","eth.mpao","Maori",74,409,18.1,750,98.7
2010,"DHB","West Coast","eth.mpao","Asian",12,409,2.9,200,60
2010,"DHB","West Coast","eth.mpao","Pacific",9,409,2.2,75,120
2010,"DHB","Whanganui","eth.mpao","Euro/Oth",470,896,52.5,7230,65
2010,"DHB","Whanganui","eth.mpao","Maori",373,896,41.6,3410,109.4
2010,"DHB","Whanganui","eth.mpao","Asian",19,896,2.1,345,55.1
2010,"DHB","Whanganui","eth.mpao","Pacific",34,896,3.8,265,128.3
2011,"DHB","Auckland","eth.mpao","Euro/Oth",2719,6574,41.4,54170,50.2
2011,"DHB","Auckland","eth.mpao","Maori",870,6574,13.2,9480,91.8
2011,"DHB","Auckland","eth.mpao","Asian",1684,6574,25.6,35330,47.7
2011,"DHB","Auckland","eth.mpao","Pacific",1301,6574,19.8,12510,104
2011,"DHB","Bay of Plenty","eth.mpao","Euro/Oth",1423,2866,49.7,24200,58.8
2011,"DHB","Bay of Plenty","eth.mpao","Maori",1187,2866,41.4,11290,105.1
2011,"DHB","Bay of Plenty","eth.mpao","Asian",174,2866,6.1,2270,76.7
2011,"DHB","Bay of Plenty","eth.mpao","Pacific",82,2866,2.9,700,117.1
2011,"DHB","Canterbury","eth.mpao","Euro/Oth",4370,6075,71.9,78500,55.7
2011,"DHB","Canterbury","eth.mpao","Maori",837,6075,13.8,9350,89.5
2011,"DHB","Canterbury","eth.mpao","Asian",604,6075,9.9,10860,55.6
2011,"DHB","Canterbury","eth.mpao","Pacific",264,6075,4.3,2620,100.8
2011,"DHB","Canterbury","eth.mpao","Unknown",2,6075,NA,NA,NA
2011,"DHB","Capital & Coast","eth.mpao","Euro/Oth",2326,3879,60,46090,50.5
2011,"DHB","Capital & Coast","eth.mpao","Maori",637,3879,16.4,8180,77.9
2011,"DHB","Capital & Coast","eth.mpao","Asian",506,3879,13,9510,53.2
2011,"DHB","Capital & Coast","eth.mpao","Pacific",410,3879,10.6,5220,78.5
2011,"DHB","Capital & Coast","eth.mpao","Unknown",2,3879,NA,NA,NA
2011,"DHB","Counties Manukau","eth.mpao","Euro/Oth",2072,8768,23.6,37780,54.8
2011,"DHB","Counties Manukau","eth.mpao","Maori",2278,8768,26,18570,122.7
2011,"DHB","Counties Manukau","eth.mpao","Asian",1394,8768,15.9,25540,54.6
2011,"DHB","Counties Manukau","eth.mpao","Pacific",3024,8768,34.5,24450,123.7
2011,"DHB","Counties Manukau","eth.mpao","Unknown",1,8768,NA,NA,NA
2011,"DHB","Hawke's Bay","eth.mpao","Euro/Oth",1029,2258,45.6,18090,56.9
2011,"DHB","Hawke's Bay","eth.mpao","Maori",1031,2258,45.7,8500,121.3
2011,"DHB","Hawke's Bay","eth.mpao","Asian",92,2258,4.1,1230,74.8
2011,"DHB","Hawke's Bay","eth.mpao","Pacific",106,2258,4.7,1110,95.5
2011,"DHB","Hutt Valley","eth.mpao","Euro/Oth",1080,2061,52.4,18380,58.8
2011,"DHB","Hutt Valley","eth.mpao","Maori",554,2061,26.9,5500,100.7
2011,"DHB","Hutt Valley","eth.mpao","Asian",190,2061,9.2,3200,59.4
2011,"DHB","Hutt Valley","eth.mpao","Pacific",237,2061,11.5,2580,91.9
2011,"DHB","Lakes","eth.mpao","Euro/Oth",651,1592,40.9,10250,63.5
2011,"DHB","Lakes","eth.mpao","Maori",820,1592,51.5,7810,105
2011,"DHB","Lakes","eth.mpao","Asian",71,1592,4.5,1380,51.4
2011,"DHB","Lakes","eth.mpao","Pacific",50,1592,3.1,560,89.3
2011,"DHB","MidCentral","eth.mpao","Euro/Oth",1292,2300,56.2,22680,57
2011,"DHB","MidCentral","eth.mpao","Maori",765,2300,33.3,7110,107.6
2011,"DHB","MidCentral","eth.mpao","Asian",130,2300,5.7,2750,47.3
2011,"DHB","MidCentral","eth.mpao","Pacific",113,2300,4.9,970,116.5
2011,"DHB","Nelson Marlborough","eth.mpao","Euro/Oth",1195,1650,72.4,20020,59.7
2011,"DHB","Nelson Marlborough","eth.mpao","Maori",326,1650,19.8,2900,112.4
2011,"DHB","Nelson Marlborough","eth.mpao","Asian",80,1650,4.8,1140,70.2
2011,"DHB","Nelson Marlborough","eth.mpao","Pacific",49,1650,3,395,124.1
2011,"DHB","Northland","eth.mpao","Euro/Oth",869,2308,37.7,15510,56
2011,"DHB","Northland","eth.mpao","Maori",1335,2308,57.8,10940,122
2011,"DHB","Northland","eth.mpao","Asian",73,2308,3.2,1070,68.2
2011,"DHB","Northland","eth.mpao","Pacific",31,2308,1.3,620,50
2011,"DHB","South Canterbury","eth.mpao","Euro/Oth",468,573,81.7,8180,57.2
2011,"DHB","South Canterbury","eth.mpao","Maori",87,573,15.2,870,100
2011,"DHB","South Canterbury","eth.mpao","Asian",8,573,1.4,365,21.9
2011,"DHB","South Canterbury","eth.mpao","Pacific",10,573,1.7,100,100
2011,"DHB","Southern","eth.mpao","Euro/Oth",2722,3679,74,50580,53.8
2011,"DHB","Southern","eth.mpao","Maori",641,3679,17.4,6450,99.4
2011,"DHB","Southern","eth.mpao","Asian",181,3679,4.9,4560,39.7
2011,"DHB","Southern","eth.mpao","Pacific",135,3679,3.7,1260,107.1
2011,"DHB","Tairawhiti","eth.mpao","Euro/Oth",220,740,29.7,3670,59.9
2011,"DHB","Tairawhiti","eth.mpao","Maori",487,740,65.8,4930,98.8
2011,"DHB","Tairawhiti","eth.mpao","Asian",17,740,2.3,245,69.4
2011,"DHB","Tairawhiti","eth.mpao","Pacific",16,740,2.2,220,72.7
2011,"DHB","Taranaki","eth.mpao","Euro/Oth",1036,1567,66.1,15660,66.2
2011,"DHB","Taranaki","eth.mpao","Maori",449,1567,28.7,4130,108.7
2011,"DHB","Taranaki","eth.mpao","Asian",57,1567,3.6,1000,57
2011,"DHB","Taranaki","eth.mpao","Pacific",25,1567,1.6,255,98
2011,"DHB","Unknown","eth.mpao","Euro/Oth",143,302,NA,NA,NA
2011,"DHB","Unknown","eth.mpao","Maori",121,302,NA,NA,NA
2011,"DHB","Unknown","eth.mpao","Asian",11,302,NA,NA,NA
2011,"DHB","Unknown","eth.mpao","Pacific",27,302,NA,NA,NA
2011,"DHB","Unknown","eth.mpao","Unknown",50,302,NA,NA,NA
2011,"DHB","Waikato","eth.mpao","Euro/Oth",2851,5388,52.9,46870,60.8
2011,"DHB","Waikato","eth.mpao","Maori",1959,5388,36.4,18710,104.7
2011,"DHB","Waikato","eth.mpao","Asian",367,5388,6.8,6950,52.8
2011,"DHB","Waikato","eth.mpao","Pacific",211,5388,3.9,2270,93
2011,"DHB","Wairarapa","eth.mpao","Euro/Oth",321,530,60.6,5290,60.7
2011,"DHB","Wairarapa","eth.mpao","Maori",181,530,34.2,1430,126.6
2011,"DHB","Wairarapa","eth.mpao","Asian",15,530,2.8,195,76.9
2011,"DHB","Wairarapa","eth.mpao","Pacific",13,530,2.5,150,86.7
2011,"DHB","Waitemata","eth.mpao","Euro/Oth",3907,7898,49.5,69520,56.2
2011,"DHB","Waitemata","eth.mpao","Maori",1472,7898,18.6,12350,119.2
2011,"DHB","Waitemata","eth.mpao","Asian",1489,7898,18.9,25120,59.3
2011,"DHB","Waitemata","eth.mpao","Pacific",1030,7898,13,8720,118.1
2011,"DHB","West Coast","eth.mpao","Euro/Oth",313,410,76.3,4920,63.6
2011,"DHB","West Coast","eth.mpao","Maori",78,410,19,750,104
2011,"DHB","West Coast","eth.mpao","Asian",10,410,2.4,215,46.5
2011,"DHB","West Coast","eth.mpao","Pacific",9,410,2.2,80,112.5
2011,"DHB","Whanganui","eth.mpao","Euro/Oth",448,833,53.8,7040,63.6
2011,"DHB","Whanganui","eth.mpao","Maori",333,833,40,3440,96.8
2011,"DHB","Whanganui","eth.mpao","Asian",18,833,2.2,360,50
2011,"DHB","Whanganui","eth.mpao","Pacific",34,833,4.1,275,123.6
2012,"DHB","Auckland","eth.mpao","Euro/Oth",2673,6721,39.8,53370,50.1
2012,"DHB","Auckland","eth.mpao","Maori",796,6721,11.8,9520,83.6
2012,"DHB","Auckland","eth.mpao","Asian",1934,6721,28.8,36310,53.3
2012,"DHB","Auckland","eth.mpao","Pacific",1318,6721,19.6,12480,105.6
2012,"DHB","Bay of Plenty","eth.mpao","Euro/Oth",1500,2980,50.3,23580,63.6
2012,"DHB","Bay of Plenty","eth.mpao","Maori",1196,2980,40.1,11340,105.5
2012,"DHB","Bay of Plenty","eth.mpao","Asian",196,2980,6.6,2480,79
2012,"DHB","Bay of Plenty","eth.mpao","Pacific",88,2980,3,730,120.5
2012,"DHB","Canterbury","eth.mpao","Euro/Oth",4233,6004,70.5,76310,55.5
2012,"DHB","Canterbury","eth.mpao","Maori",808,6004,13.5,9480,85.2
2012,"DHB","Canterbury","eth.mpao","Asian",671,6004,11.2,10840,61.9
2012,"DHB","Canterbury","eth.mpao","Pacific",292,6004,4.9,2670,109.4
2012,"DHB","Capital & Coast","eth.mpao","Euro/Oth",2288,3881,59,45500,50.3
2012,"DHB","Capital & Coast","eth.mpao","Maori",624,3881,16.1,8220,75.9
2012,"DHB","Capital & Coast","eth.mpao","Asian",565,3881,14.6,9750,57.9
2012,"DHB","Capital & Coast","eth.mpao","Pacific",404,3881,10.4,5190,77.8
2012,"DHB","Counties Manukau","eth.mpao","Euro/Oth",2047,8799,23.3,36800,55.6
2012,"DHB","Counties Manukau","eth.mpao","Maori",2279,8799,25.9,18580,122.7
2012,"DHB","Counties Manukau","eth.mpao","Asian",1617,8799,18.4,26720,60.5
2012,"DHB","Counties Manukau","eth.mpao","Pacific",2856,8799,32.5,24770,115.3
2012,"DHB","Hawke's Bay","eth.mpao","Euro/Oth",1044,2258,46.2,17590,59.4
2012,"DHB","Hawke's Bay","eth.mpao","Maori",1004,2258,44.5,8570,117.2
2012,"DHB","Hawke's Bay","eth.mpao","Asian",96,2258,4.3,1320,72.7
2012,"DHB","Hawke's Bay","eth.mpao","Pacific",114,2258,5,1120,101.8
2012,"DHB","Hutt Valley","eth.mpao","Euro/Oth",995,2016,49.4,17890,55.6
2012,"DHB","Hutt Valley","eth.mpao","Maori",553,2016,27.4,5450,101.5
2012,"DHB","Hutt Valley","eth.mpao","Asian",253,2016,12.5,3320,76.2
2012,"DHB","Hutt Valley","eth.mpao","Pacific",215,2016,10.7,2600,82.7
2012,"DHB","Lakes","eth.mpao","Euro/Oth",631,1559,40.5,9940,63.5
2012,"DHB","Lakes","eth.mpao","Maori",818,1559,52.5,7820,104.6
2012,"DHB","Lakes","eth.mpao","Asian",67,1559,4.3,1470,45.6
2012,"DHB","Lakes","eth.mpao","Pacific",43,1559,2.8,550,78.2
2012,"DHB","MidCentral","eth.mpao","Euro/Oth",1126,2158,52.2,22290,50.5
2012,"DHB","MidCentral","eth.mpao","Maori",769,2158,35.6,7180,107.1
2012,"DHB","MidCentral","eth.mpao","Asian",151,2158,7,2900,52.1
2012,"DHB","MidCentral","eth.mpao","Pacific",112,2158,5.2,1010,110.9
2012,"DHB","Nelson Marlborough","eth.mpao","Euro/Oth",1126,1531,73.5,19570,57.5
2012,"DHB","Nelson Marlborough","eth.mpao","Maori",275,1531,18,2920,94.2
2012,"DHB","Nelson Marlborough","eth.mpao","Asian",87,1531,5.7,1250,69.6
2012,"DHB","Nelson Marlborough","eth.mpao","Pacific",43,1531,2.8,415,103.6
2012,"DHB","Northland","eth.mpao","Euro/Oth",809,2300,35.2,15000,53.9
2012,"DHB","Northland","eth.mpao","Maori",1376,2300,59.8,11060,124.4
2012,"DHB","Northland","eth.mpao","Asian",76,2300,3.3,1130,67.3
2012,"DHB","Northland","eth.mpao","Pacific",39,2300,1.7,630,61.9
2012,"DHB","South Canterbury","eth.mpao","Euro/Oth",487,648,75.2,8080,60.3
2012,"DHB","South Canterbury","eth.mpao","Maori",113,648,17.4,890,127
2012,"DHB","South Canterbury","eth.mpao","Asian",33,648,5.1,395,83.5
2012,"DHB","South Canterbury","eth.mpao","Pacific",15,648,2.3,110,136.4
2012,"DHB","Southern","eth.mpao","Euro/Oth",2651,3598,73.7,49780,53.3
2012,"DHB","Southern","eth.mpao","Maori",613,3598,17,6560,93.4
2012,"DHB","Southern","eth.mpao","Asian",210,3598,5.8,4770,44
2012,"DHB","Southern","eth.mpao","Pacific",124,3598,3.4,1310,94.7
2012,"DHB","Tairawhiti","eth.mpao","Euro/Oth",220,735,29.9,3590,61.3
2012,"DHB","Tairawhiti","eth.mpao","Maori",474,735,64.5,4920,96.3
2012,"DHB","Tairawhiti","eth.mpao","Asian",19,735,2.6,260,73.1
2012,"DHB","Tairawhiti","eth.mpao","Pacific",22,735,3,225,97.8
2012,"DHB","Taranaki","eth.mpao","Euro/Oth",1000,1562,64,15430,64.8
2012,"DHB","Taranaki","eth.mpao","Maori",433,1562,27.7,4180,103.6
2012,"DHB","Taranaki","eth.mpao","Asian",103,1562,6.6,1060,97.2
2012,"DHB","Taranaki","eth.mpao","Pacific",26,1562,1.7,265,98.1
2012,"DHB","Unknown","eth.mpao","Euro/Oth",123,281,NA,NA,NA
2012,"DHB","Unknown","eth.mpao","Maori",101,281,NA,NA,NA
2012,"DHB","Unknown","eth.mpao","Asian",18,281,NA,NA,NA
2012,"DHB","Unknown","eth.mpao","Pacific",39,281,NA,NA,NA
2012,"DHB","Unknown","eth.mpao","Unknown",41,281,NA,NA,NA
2012,"DHB","Waikato","eth.mpao","Euro/Oth",2745,5493,50,46230,59.4
2012,"DHB","Waikato","eth.mpao","Maori",2016,5493,36.7,18860,106.9
2012,"DHB","Waikato","eth.mpao","Asian",490,5493,8.9,7310,67
2012,"DHB","Waikato","eth.mpao","Pacific",242,5493,4.4,2330,103.9
2012,"DHB","Waikato","eth.mpao","Unknown",2,5493,NA,NA,NA
2012,"DHB","Wairarapa","eth.mpao","Euro/Oth",304,510,59.6,5220,58.2
2012,"DHB","Wairarapa","eth.mpao","Maori",180,510,35.3,1470,122.4
2012,"DHB","Wairarapa","eth.mpao","Asian",12,510,2.4,220,54.5
2012,"DHB","Wairarapa","eth.mpao","Pacific",14,510,2.7,155,90.3
2012,"DHB","Waitemata","eth.mpao","Euro/Oth",3782,8000,47.3,68580,55.1
2012,"DHB","Waitemata","eth.mpao","Maori",1411,8000,17.6,12470,113.2
2012,"DHB","Waitemata","eth.mpao","Asian",1860,8000,23.2,26170,71.1
2012,"DHB","Waitemata","eth.mpao","Pacific",947,8000,11.8,8860,106.9
2012,"DHB","West Coast","eth.mpao","Euro/Oth",310,410,75.6,4770,65
2012,"DHB","West Coast","eth.mpao","Maori",73,410,17.8,760,96.1
2012,"DHB","West Coast","eth.mpao","Asian",18,410,4.4,245,73.5
2012,"DHB","West Coast","eth.mpao","Pacific",9,410,2.2,85,105.9
2012,"DHB","Whanganui","eth.mpao","Euro/Oth",411,876,46.9,6760,60.8
2012,"DHB","Whanganui","eth.mpao","Maori",415,876,47.4,3400,122.1
2012,"DHB","Whanganui","eth.mpao","Asian",26,876,3,375,69.3
2012,"DHB","Whanganui","eth.mpao","Pacific",24,876,2.7,295,81.4
2013,"DHB","Auckland","eth.mpao","Euro/Oth",2477,6257,39.6,52970,46.8
2013,"DHB","Auckland","eth.mpao","Maori",772,6257,12.3,9590,80.5
2013,"DHB","Auckland","eth.mpao","Asian",1845,6257,29.5,37280,49.5
2013,"DHB","Auckland","eth.mpao","Pacific",1163,6257,18.6,12490,93.1
2013,"DHB","Bay of Plenty","eth.mpao","Euro/Oth",1392,2758,50.5,23150,60.1
2013,"DHB","Bay of Plenty","eth.mpao","Maori",1094,2758,39.7,11330,96.6
2013,"DHB","Bay of Plenty","eth.mpao","Asian",209,2758,7.6,2670,78.3
2013,"DHB","Bay of Plenty","eth.mpao","Pacific",63,2758,2.3,760,82.9
2013,"DHB","Canterbury","eth.mpao","Euro/Oth",4051,5830,69.5,76010,53.3
2013,"DHB","Canterbury","eth.mpao","Maori",811,5830,13.9,9680,83.8
2013,"DHB","Canterbury","eth.mpao","Asian",697,5830,12,10920,63.8
2013,"DHB","Canterbury","eth.mpao","Pacific",271,5830,4.6,2700,100.4
2013,"DHB","Capital & Coast","eth.mpao","Euro/Oth",2127,3634,58.5,44940,47.3
2013,"DHB","Capital & Coast","eth.mpao","Maori",584,3634,16.1,8260,70.7
2013,"DHB","Capital & Coast","eth.mpao","Asian",536,3634,14.7,10050,53.3
2013,"DHB","Capital & Coast","eth.mpao","Pacific",387,3634,10.6,5100,75.9
2013,"DHB","Counties Manukau","eth.mpao","Euro/Oth",1964,8186,24,35700,55
2013,"DHB","Counties Manukau","eth.mpao","Maori",2039,8186,24.9,18580,109.7
2013,"DHB","Counties Manukau","eth.mpao","Asian",1539,8186,18.8,27790,55.4
2013,"DHB","Counties Manukau","eth.mpao","Pacific",2644,8186,32.3,25120,105.3
2013,"DHB","Hawke's Bay","eth.mpao","Euro/Oth",1031,2153,47.9,17140,60.2
2013,"DHB","Hawke's Bay","eth.mpao","Maori",906,2153,42.1,8580,105.6
2013,"DHB","Hawke's Bay","eth.mpao","Asian",109,2153,5.1,1420,76.8
2013,"DHB","Hawke's Bay","eth.mpao","Pacific",107,2153,5,1150,93
2013,"DHB","Hawke's Bay","eth.mpao","Unknown",1,2153,NA,NA,NA
2013,"DHB","Hutt Valley","eth.mpao","Euro/Oth",906,1918,47.2,17510,51.7
2013,"DHB","Hutt Valley","eth.mpao","Maori",562,1918,29.3,5390,104.3
2013,"DHB","Hutt Valley","eth.mpao","Asian",225,1918,11.7,3460,65
2013,"DHB","Hutt Valley","eth.mpao","Pacific",225,1918,11.7,2610,86.2
2013,"DHB","Lakes","eth.mpao","Euro/Oth",568,1422,39.9,9690,58.6
2013,"DHB","Lakes","eth.mpao","Maori",734,1422,51.6,7800,94.1
2013,"DHB","Lakes","eth.mpao","Asian",81,1422,5.7,1580,51.3
2013,"DHB","Lakes","eth.mpao","Pacific",39,1422,2.7,530,73.6
2013,"DHB","MidCentral","eth.mpao","Euro/Oth",1106,2123,52.1,21830,50.7
2013,"DHB","MidCentral","eth.mpao","Maori",737,2123,34.7,7260,101.5
2013,"DHB","MidCentral","eth.mpao","Asian",175,2123,8.2,3050,57.4
2013,"DHB","MidCentral","eth.mpao","Pacific",105,2123,4.9,1030,101.9
2013,"DHB","Nelson Marlborough","eth.mpao","Euro/Oth",1106,1552,71.3,19240,57.5
2013,"DHB","Nelson Marlborough","eth.mpao","Maori",310,1552,20,2970,104.4
2013,"DHB","Nelson Marlborough","eth.mpao","Asian",88,1552,5.7,1350,65.2
2013,"DHB","Nelson Marlborough","eth.mpao","Pacific",48,1552,3.1,440,109.1
2013,"DHB","Northland","eth.mpao","Euro/Oth",762,2130,35.8,14650,52
2013,"DHB","Northland","eth.mpao","Maori",1262,2130,59.2,11130,113.4
2013,"DHB","Northland","eth.mpao","Asian",63,2130,3,1180,53.4
2013,"DHB","Northland","eth.mpao","Pacific",43,2130,2,640,67.2
2013,"DHB","South Canterbury","eth.mpao","Euro/Oth",480,641,74.9,8010,59.9
2013,"DHB","South Canterbury","eth.mpao","Maori",118,641,18.4,900,131.1
2013,"DHB","South Canterbury","eth.mpao","Asian",21,641,3.3,420,50
2013,"DHB","South Canterbury","eth.mpao","Pacific",22,641,3.4,105,209.5
2013,"DHB","Southern","eth.mpao","Euro/Oth",2549,3449,73.9,49260,51.7
2013,"DHB","Southern","eth.mpao","Maori",594,3449,17.2,6670,89.1
2013,"DHB","Southern","eth.mpao","Asian",176,3449,5.1,5020,35.1
2013,"DHB","Southern","eth.mpao","Pacific",130,3449,3.8,1340,97
2013,"DHB","Tairawhiti","eth.mpao","Euro/Oth",225,707,31.8,3480,64.7
2013,"DHB","Tairawhiti","eth.mpao","Maori",450,707,63.6,4930,91.3
2013,"DHB","Tairawhiti","eth.mpao","Asian",13,707,1.8,275,47.3
2013,"DHB","Tairawhiti","eth.mpao","Pacific",19,707,2.7,225,84.4
2013,"DHB","Taranaki","eth.mpao","Euro/Oth",998,1523,65.5,15270,65.4
2013,"DHB","Taranaki","eth.mpao","Maori",414,1523,27.2,4270,97
2013,"DHB","Taranaki","eth.mpao","Asian",87,1523,5.7,1110,78.4
2013,"DHB","Taranaki","eth.mpao","Pacific",24,1523,1.6,270,88.9
2013,"DHB","Unknown","eth.mpao","Euro/Oth",147,333,NA,NA,NA
2013,"DHB","Unknown","eth.mpao","Maori",136,333,NA,NA,NA
2013,"DHB","Unknown","eth.mpao","Asian",12,333,NA,NA,NA
2013,"DHB","Unknown","eth.mpao","Pacific",38,333,NA,NA,NA
2013,"DHB","Unknown","eth.mpao","Unknown",36,333,NA,NA,NA
2013,"DHB","Waikato","eth.mpao","Euro/Oth",2686,5221,51.4,45630,58.9
2013,"DHB","Waikato","eth.mpao","Maori",1889,5221,36.2,19060,99.1
2013,"DHB","Waikato","eth.mpao","Asian",422,5221,8.1,7690,54.9
2013,"DHB","Waikato","eth.mpao","Pacific",224,5221,4.3,2380,94.1
2013,"DHB","Wairarapa","eth.mpao","Euro/Oth",304,501,60.7,5150,59
2013,"DHB","Wairarapa","eth.mpao","Maori",170,501,33.9,1490,114.1
2013,"DHB","Wairarapa","eth.mpao","Asian",20,501,4,230,87
2013,"DHB","Wairarapa","eth.mpao","Pacific",7,501,1.4,160,43.8
2013,"DHB","Waitemata","eth.mpao","Euro/Oth",3882,7673,50.6,67910,57.2
2013,"DHB","Waitemata","eth.mpao","Maori",1138,7673,14.8,12600,90.3
2013,"DHB","Waitemata","eth.mpao","Asian",1797,7673,23.4,27080,66.4
2013,"DHB","Waitemata","eth.mpao","Pacific",856,7673,11.2,9010,95
2013,"DHB","West Coast","eth.mpao","Euro/Oth",278,377,73.7,4620,60.2
2013,"DHB","West Coast","eth.mpao","Maori",78,377,20.7,770,101.3
2013,"DHB","West Coast","eth.mpao","Asian",10,377,2.7,270,37
2013,"DHB","West Coast","eth.mpao","Pacific",11,377,2.9,80,137.5
2013,"DHB","Whanganui","eth.mpao","Euro/Oth",388,827,46.9,6630,58.5
2013,"DHB","Whanganui","eth.mpao","Maori",378,827,45.7,3370,112.2
2013,"DHB","Whanganui","eth.mpao","Asian",30,827,3.6,395,75.9
2013,"DHB","Whanganui","eth.mpao","Pacific",31,827,3.7,305,101.6
2014,"DHB","Auckland","eth.mpao","Euro/Oth",2407,6307,38.2,52430,45.9
2014,"DHB","Auckland","eth.mpao","Maori",763,6307,12.1,9540,80
2014,"DHB","Auckland","eth.mpao","Asian",2069,6307,32.8,38350,54
2014,"DHB","Auckland","eth.mpao","Pacific",1068,6307,16.9,12450,85.8
2014,"DHB","Bay of Plenty","eth.mpao","Euro/Oth",1439,2791,51.6,23290,61.8
2014,"DHB","Bay of Plenty","eth.mpao","Maori",1091,2791,39.1,11700,93.2
2014,"DHB","Bay of Plenty","eth.mpao","Asian",181,2791,6.5,2930,61.8
2014,"DHB","Bay of Plenty","eth.mpao","Pacific",80,2791,2.9,810,98.8
2014,"DHB","Canterbury","eth.mpao","Euro/Oth",4133,6001,68.9,75360,54.8
2014,"DHB","Canterbury","eth.mpao","Maori",814,6001,13.6,10030,81.2
2014,"DHB","Canterbury","eth.mpao","Asian",767,6001,12.8,12140,63.2
2014,"DHB","Canterbury","eth.mpao","Pacific",287,6001,4.8,2880,99.7
2014,"DHB","Capital & Coast","eth.mpao","Euro/Oth",2040,3530,57.8,45040,45.3
2014,"DHB","Capital & Coast","eth.mpao","Maori",545,3530,15.4,8350,65.3
2014,"DHB","Capital & Coast","eth.mpao","Asian",599,3530,17,10450,57.3
2014,"DHB","Capital & Coast","eth.mpao","Pacific",346,3530,9.8,5130,67.4
2014,"DHB","Counties Manukau","eth.mpao","Euro/Oth",1974,8290,23.8,35060,56.3
2014,"DHB","Counties Manukau","eth.mpao","Maori",1992,8290,24,18910,105.3
2014,"DHB","Counties Manukau","eth.mpao","Asian",1752,8290,21.1,29250,59.9
2014,"DHB","Counties Manukau","eth.mpao","Pacific",2572,8290,31,25850,99.5
2014,"DHB","Counties Manukau","eth.mpao","Unknown",1,8290,NA,NA,NA
2014,"DHB","Hawke's Bay","eth.mpao","Euro/Oth",962,2067,46.5,17030,56.5
2014,"DHB","Hawke's Bay","eth.mpao","Maori",894,2067,43.3,8840,101.1
2014,"DHB","Hawke's Bay","eth.mpao","Asian",94,2067,4.5,1530,61.4
2014,"DHB","Hawke's Bay","eth.mpao","Pacific",117,2067,5.7,1220,95.9
2014,"DHB","Hutt Valley","eth.mpao","Euro/Oth",959,1857,51.6,17440,55
2014,"DHB","Hutt Valley","eth.mpao","Maori",463,1857,24.9,5460,84.8
2014,"DHB","Hutt Valley","eth.mpao","Asian",258,1857,13.9,3700,69.7
2014,"DHB","Hutt Valley","eth.mpao","Pacific",177,1857,9.5,2630,67.3
2014,"DHB","Lakes","eth.mpao","Euro/Oth",552,1394,39.6,9640,57.3
2014,"DHB","Lakes","eth.mpao","Maori",717,1394,51.4,7930,90.4
2014,"DHB","Lakes","eth.mpao","Asian",92,1394,6.6,1710,53.8
2014,"DHB","Lakes","eth.mpao","Pacific",33,1394,2.4,540,61.1
2014,"DHB","MidCentral","eth.mpao","Euro/Oth",1084,2095,51.7,21560,50.3
2014,"DHB","MidCentral","eth.mpao","Maori",730,2095,34.8,7430,98.3
2014,"DHB","MidCentral","eth.mpao","Asian",177,2095,8.4,3170,55.8
2014,"DHB","MidCentral","eth.mpao","Pacific",104,2095,5,1100,94.5
2014,"DHB","Nelson Marlborough","eth.mpao","Euro/Oth",1000,1422,70.3,19190,52.1
2014,"DHB","Nelson Marlborough","eth.mpao","Maori",277,1422,19.5,3040,91.1
2014,"DHB","Nelson Marlborough","eth.mpao","Asian",102,1422,7.2,1490,68.5
2014,"DHB","Nelson Marlborough","eth.mpao","Pacific",43,1422,3,480,89.6
2014,"DHB","Northland","eth.mpao","Euro/Oth",755,2101,35.9,14470,52.2
2014,"DHB","Northland","eth.mpao","Maori",1231,2101,58.6,11510,107
2014,"DHB","Northland","eth.mpao","Asian",75,2101,3.6,1260,59.5
2014,"DHB","Northland","eth.mpao","Pacific",40,2101,1.9,660,60.6
2014,"DHB","South Canterbury","eth.mpao","Euro/Oth",507,652,77.8,7970,63.6
2014,"DHB","South Canterbury","eth.mpao","Maori",93,652,14.3,940,98.9
2014,"DHB","South Canterbury","eth.mpao","Asian",31,652,4.8,495,62.6
2014,"DHB","South Canterbury","eth.mpao","Pacific",21,652,3.2,120,175
2014,"DHB","Southern","eth.mpao","Euro/Oth",2381,3284,72.5,49210,48.4
2014,"DHB","Southern","eth.mpao","Maori",560,3284,17.1,6870,81.5
2014,"DHB","Southern","eth.mpao","Asian",220,3284,6.7,5400,40.7
2014,"DHB","Southern","eth.mpao","Pacific",123,3284,3.7,1420,86.6
2014,"DHB","Tairawhiti","eth.mpao","Euro/Oth",198,687,28.8,3410,58.1
2014,"DHB","Tairawhiti","eth.mpao","Maori",442,687,64.3,5010,88.2
2014,"DHB","Tairawhiti","eth.mpao","Asian",16,687,2.3,275,58.2
2014,"DHB","Tairawhiti","eth.mpao","Pacific",31,687,4.5,225,137.8
2014,"DHB","Taranaki","eth.mpao","Euro/Oth",985,1518,64.9,15180,64.9
2014,"DHB","Taranaki","eth.mpao","Maori",414,1518,27.3,4400,94.1
2014,"DHB","Taranaki","eth.mpao","Asian",84,1518,5.5,1150,73
2014,"DHB","Taranaki","eth.mpao","Pacific",35,1518,2.3,280,125
2014,"DHB","Unknown","eth.mpao","Euro/Oth",191,410,NA,NA,NA
2014,"DHB","Unknown","eth.mpao","Maori",160,410,NA,NA,NA
2014,"DHB","Unknown","eth.mpao","Asian",29,410,NA,NA,NA
2014,"DHB","Unknown","eth.mpao","Pacific",30,410,NA,NA,NA
2014,"DHB","Unknown","eth.mpao","Unknown",29,410,NA,NA,NA
2014,"DHB","Waikato","eth.mpao","Euro/Oth",2620,5254,49.9,45310,57.8
2014,"DHB","Waikato","eth.mpao","Maori",1868,5254,35.6,19580,95.4
2014,"DHB","Waikato","eth.mpao","Asian",530,5254,10.1,8250,64.2
2014,"DHB","Waikato","eth.mpao","Pacific",236,5254,4.5,2500,94.4
2014,"DHB","Waikato","eth.mpao","Unknown",1,5254,NA,NA,NA
2014,"DHB","Wairarapa","eth.mpao","Euro/Oth",282,473,59.6,5120,55.1
2014,"DHB","Wairarapa","eth.mpao","Maori",169,473,35.7,1550,109
2014,"DHB","Wairarapa","eth.mpao","Asian",13,473,2.7,255,51
2014,"DHB","Wairarapa","eth.mpao","Pacific",9,473,1.9,165,54.5
2014,"DHB","Waitemata","eth.mpao","Euro/Oth",3810,7857,48.5,67160,56.7
2014,"DHB","Waitemata","eth.mpao","Maori",1105,7857,14.1,12750,86.7
2014,"DHB","Waitemata","eth.mpao","Asian",2112,7857,26.9,29030,72.8
2014,"DHB","Waitemata","eth.mpao","Pacific",830,7857,10.6,9170,90.5
2014,"DHB","West Coast","eth.mpao","Euro/Oth",251,351,71.5,4470,56.2
2014,"DHB","West Coast","eth.mpao","Maori",75,351,21.4,740,101.4
2014,"DHB","West Coast","eth.mpao","Asian",20,351,5.7,290,69
2014,"DHB","West Coast","eth.mpao","Pacific",5,351,1.4,90,55.6
2014,"DHB","Whanganui","eth.mpao","Euro/Oth",378,817,46.3,6550,57.7
2014,"DHB","Whanganui","eth.mpao","Maori",367,817,44.9,3440,106.7
2014,"DHB","Whanganui","eth.mpao","Asian",32,817,3.9,420,76.2
2014,"DHB","Whanganui","eth.mpao","Pacific",40,817,4.9,315,127
2015,"DHB","Auckland","eth.mpao","Euro/Oth",2355,5899,39.9,51630,45.6
2015,"DHB","Auckland","eth.mpao","Maori",682,5899,11.6,9530,71.6
2015,"DHB","Auckland","eth.mpao","Asian",1874,5899,31.8,40240,46.6
2015,"DHB","Auckland","eth.mpao","Pacific",988,5899,16.7,12490,79.1
2015,"DHB","Bay of Plenty","eth.mpao","Euro/Oth",1442,2792,51.6,23430,61.5
2015,"DHB","Bay of Plenty","eth.mpao","Maori",1056,2792,37.8,12070,87.5
2015,"DHB","Bay of Plenty","eth.mpao","Asian",215,2792,7.7,3260,66
2015,"DHB","Bay of Plenty","eth.mpao","Pacific",79,2792,2.8,830,95.2
2015,"DHB","Canterbury","eth.mpao","Euro/Oth",4171,6207,67.2,75870,55
2015,"DHB","Canterbury","eth.mpao","Maori",856,6207,13.8,10520,81.4
2015,"DHB","Canterbury","eth.mpao","Asian",838,6207,13.5,13780,60.8
2015,"DHB","Canterbury","eth.mpao","Pacific",342,6207,5.5,3040,112.5
2015,"DHB","Capital & Coast","eth.mpao","Euro/Oth",2052,3532,58.1,45180,45.4
2015,"DHB","Capital & Coast","eth.mpao","Maori",526,3532,14.9,8540,61.6
2015,"DHB","Capital & Coast","eth.mpao","Asian",600,3532,17,11060,54.2
2015,"DHB","Capital & Coast","eth.mpao","Pacific",354,3532,10,5140,68.9
2015,"DHB","Counties Manukau","eth.mpao","Euro/Oth",1921,8200,23.4,34430,55.8
2015,"DHB","Counties Manukau","eth.mpao","Maori",1917,8200,23.4,19350,99.1
2015,"DHB","Counties Manukau","eth.mpao","Asian",1844,8200,22.5,31510,58.5
2015,"DHB","Counties Manukau","eth.mpao","Pacific",2518,8200,30.7,26700,94.3
2015,"DHB","Counties Manukau","eth.mpao","Unknown",2,8200,NA,NA,NA
2015,"DHB","Hawke's Bay","eth.mpao","Euro/Oth",823,1991,41.3,16910,48.7
2015,"DHB","Hawke's Bay","eth.mpao","Maori",958,1991,48.1,9160,104.6
2015,"DHB","Hawke's Bay","eth.mpao","Asian",115,1991,5.8,1670,68.9
2015,"DHB","Hawke's Bay","eth.mpao","Pacific",95,1991,4.8,1280,74.2
2015,"DHB","Hutt Valley","eth.mpao","Euro/Oth",1033,1968,52.5,17270,59.8
2015,"DHB","Hutt Valley","eth.mpao","Maori",488,1968,24.8,5610,87
2015,"DHB","Hutt Valley","eth.mpao","Asian",248,1968,12.6,4060,61.1
2015,"DHB","Hutt Valley","eth.mpao","Pacific",199,1968,10.1,2640,75.4
2015,"DHB","Lakes","eth.mpao","Euro/Oth",561,1509,37.2,9510,59
2015,"DHB","Lakes","eth.mpao","Maori",786,1509,52.1,8160,96.3
2015,"DHB","Lakes","eth.mpao","Asian",114,1509,7.6,1880,60.6
2015,"DHB","Lakes","eth.mpao","Pacific",48,1509,3.2,560,85.7
2015,"DHB","MidCentral","eth.mpao","Euro/Oth",1057,2109,50.1,21440,49.3
2015,"DHB","MidCentral","eth.mpao","Maori",745,2109,35.3,7630,97.6
2015,"DHB","MidCentral","eth.mpao","Asian",180,2109,8.5,3310,54.4
2015,"DHB","MidCentral","eth.mpao","Pacific",127,2109,6,1150,110.4
2015,"DHB","Nelson Marlborough","eth.mpao","Euro/Oth",968,1418,68.3,19050,50.8
2015,"DHB","Nelson Marlborough","eth.mpao","Maori",296,1418,20.9,3140,94.3
2015,"DHB","Nelson Marlborough","eth.mpao","Asian",121,1418,8.5,1690,71.6
2015,"DHB","Nelson Marlborough","eth.mpao","Pacific",33,1418,2.3,500,66
2015,"DHB","Northland","eth.mpao","Euro/Oth",728,2136,34.1,14340,50.8
2015,"DHB","Northland","eth.mpao","Maori",1286,2136,60.2,11950,107.6
2015,"DHB","Northland","eth.mpao","Asian",84,2136,3.9,1360,61.8
2015,"DHB","Northland","eth.mpao","Pacific",38,2136,1.8,670,56.7
2015,"DHB","South Canterbury","eth.mpao","Euro/Oth",484,660,73.3,7910,61.2
2015,"DHB","South Canterbury","eth.mpao","Maori",126,660,19.1,970,129.9
2015,"DHB","South Canterbury","eth.mpao","Asian",35,660,5.3,570,61.4
2015,"DHB","South Canterbury","eth.mpao","Pacific",15,660,2.3,125,120
2015,"DHB","Southern","eth.mpao","Euro/Oth",2424,3415,71,49340,49.1
2015,"DHB","Southern","eth.mpao","Maori",607,3415,17.8,7120,85.3
2015,"DHB","Southern","eth.mpao","Asian",231,3415,6.8,5960,38.8
2015,"DHB","Southern","eth.mpao","Pacific",153,3415,4.5,1510,101.3
2015,"DHB","Tairawhiti","eth.mpao","Euro/Oth",205,735,27.9,3310,61.9
2015,"DHB","Tairawhiti","eth.mpao","Maori",478,735,65,5100,93.7
2015,"DHB","Tairawhiti","eth.mpao","Asian",30,735,4.1,280,107.1
2015,"DHB","Tairawhiti","eth.mpao","Pacific",22,735,3,225,97.8
2015,"DHB","Taranaki","eth.mpao","Euro/Oth",997,1516,65.8,15030,66.3
2015,"DHB","Taranaki","eth.mpao","Maori",410,1516,27,4550,90.1
2015,"DHB","Taranaki","eth.mpao","Asian",86,1516,5.7,1230,69.9
2015,"DHB","Taranaki","eth.mpao","Pacific",23,1516,1.5,300,76.7
2015,"DHB","Unknown","eth.mpao","Euro/Oth",155,345,NA,NA,NA
2015,"DHB","Unknown","eth.mpao","Maori",126,345,NA,NA,NA
2015,"DHB","Unknown","eth.mpao","Asian",30,345,NA,NA,NA
2015,"DHB","Unknown","eth.mpao","Pacific",34,345,NA,NA,NA
2015,"DHB","Unknown","eth.mpao","Unknown",35,345,NA,NA,NA
2015,"DHB","Waikato","eth.mpao","Euro/Oth",2652,5275,50.3,45060,58.9
2015,"DHB","Waikato","eth.mpao","Maori",1887,5275,35.8,20260,93.1
2015,"DHB","Waikato","eth.mpao","Asian",547,5275,10.4,9060,60.4
2015,"DHB","Waikato","eth.mpao","Pacific",189,5275,3.6,2590,73
2015,"DHB","Wairarapa","eth.mpao","Euro/Oth",264,462,57.1,5100,51.8
2015,"DHB","Wairarapa","eth.mpao","Maori",150,462,32.5,1610,93.2
2015,"DHB","Wairarapa","eth.mpao","Asian",27,462,5.8,280,96.4
2015,"DHB","Wairarapa","eth.mpao","Pacific",21,462,4.5,165,127.3
2015,"DHB","Waitemata","eth.mpao","Euro/Oth",3588,7564,47.4,66370,54.1
2015,"DHB","Waitemata","eth.mpao","Maori",1206,7564,15.9,13050,92.4
2015,"DHB","Waitemata","eth.mpao","Asian",1968,7564,26,31820,61.8
2015,"DHB","Waitemata","eth.mpao","Pacific",802,7564,10.6,9410,85.2
2015,"DHB","West Coast","eth.mpao","Euro/Oth",270,358,75.4,4340,62.2
2015,"DHB","West Coast","eth.mpao","Maori",67,358,18.7,730,91.8
2015,"DHB","West Coast","eth.mpao","Asian",15,358,4.2,310,48.4
2015,"DHB","West Coast","eth.mpao","Pacific",6,358,1.7,90,66.7
2015,"DHB","Whanganui","eth.mpao","Euro/Oth",367,816,45,6460,56.8
2015,"DHB","Whanganui","eth.mpao","Maori",374,816,45.8,3520,106.2
2015,"DHB","Whanganui","eth.mpao","Asian",40,816,4.9,465,86
2015,"DHB","Whanganui","eth.mpao","Pacific",35,816,4.3,330,106.1
2016,"DHB","Auckland","eth.mpao","Euro/Oth",2213,5914,37.4,51520,43
2016,"DHB","Auckland","eth.mpao","Maori",665,5914,11.2,9530,69.8
2016,"DHB","Auckland","eth.mpao","Asian",2093,5914,35.4,42330,49.4
2016,"DHB","Auckland","eth.mpao","Pacific",943,5914,15.9,12520,75.3
2016,"DHB","Bay of Plenty","eth.mpao","Euro/Oth",1466,2899,50.6,23730,61.8
2016,"DHB","Bay of Plenty","eth.mpao","Maori",1146,2899,39.5,12510,91.6
2016,"DHB","Bay of Plenty","eth.mpao","Asian",221,2899,7.6,3620,61
2016,"DHB","Bay of Plenty","eth.mpao","Pacific",66,2899,2.3,870,75.9
2016,"DHB","Canterbury","eth.mpao","Euro/Oth",4099,6312,64.9,76690,53.4
2016,"DHB","Canterbury","eth.mpao","Maori",855,6312,13.5,11010,77.7
2016,"DHB","Canterbury","eth.mpao","Asian",1043,6312,16.5,15640,66.7
2016,"DHB","Canterbury","eth.mpao","Pacific",315,6312,5,3250,96.9
2016,"DHB","Capital & Coast","eth.mpao","Euro/Oth",1953,3459,56.5,45220,43.2
2016,"DHB","Capital & Coast","eth.mpao","Maori",534,3459,15.4,8740,61.1
2016,"DHB","Capital & Coast","eth.mpao","Asian",632,3459,18.3,11740,53.8
2016,"DHB","Capital & Coast","eth.mpao","Pacific",340,3459,9.8,5170,65.8
2016,"DHB","Counties Manukau","eth.mpao","Euro/Oth",1948,8248,23.6,33870,57.5
2016,"DHB","Counties Manukau","eth.mpao","Maori",1857,8248,22.5,19860,93.5
2016,"DHB","Counties Manukau","eth.mpao","Asian",2080,8248,25.2,34160,60.9
2016,"DHB","Counties Manukau","eth.mpao","Pacific",2363,8248,28.6,27630,85.5
2016,"DHB","Hawke's Bay","eth.mpao","Euro/Oth",840,2057,40.8,16770,50.1
2016,"DHB","Hawke's Bay","eth.mpao","Maori",979,2057,47.6,9460,103.5
2016,"DHB","Hawke's Bay","eth.mpao","Asian",113,2057,5.5,1840,61.4
2016,"DHB","Hawke's Bay","eth.mpao","Pacific",125,2057,6.1,1340,93.3
2016,"DHB","Hutt Valley","eth.mpao","Euro/Oth",963,1968,48.9,17260,55.8
2016,"DHB","Hutt Valley","eth.mpao","Maori",520,1968,26.4,5730,90.8
2016,"DHB","Hutt Valley","eth.mpao","Asian",296,1968,15,4460,66.4
2016,"DHB","Hutt Valley","eth.mpao","Pacific",189,1968,9.6,2680,70.5
2016,"DHB","Lakes","eth.mpao","Euro/Oth",581,1545,37.6,9460,61.4
2016,"DHB","Lakes","eth.mpao","Maori",772,1545,50,8420,91.7
2016,"DHB","Lakes","eth.mpao","Asian",137,1545,8.9,2110,64.9
2016,"DHB","Lakes","eth.mpao","Pacific",55,1545,3.6,570,96.5
2016,"DHB","MidCentral","eth.mpao","Euro/Oth",1034,2077,49.8,21390,48.3
2016,"DHB","MidCentral","eth.mpao","Maori",755,2077,36.4,7860,96.1
2016,"DHB","MidCentral","eth.mpao","Asian",190,2077,9.1,3490,54.4
2016,"DHB","MidCentral","eth.mpao","Pacific",98,2077,4.7,1190,82.4
2016,"DHB","Nelson Marlborough","eth.mpao","Euro/Oth",1067,1547,69,19110,55.8
2016,"DHB","Nelson Marlborough","eth.mpao","Maori",314,1547,20.3,3230,97.2
2016,"DHB","Nelson Marlborough","eth.mpao","Asian",128,1547,8.3,1890,67.7
2016,"DHB","Nelson Marlborough","eth.mpao","Pacific",38,1547,2.5,520,73.1
2016,"DHB","Nelson Marlborough","eth.mpao","Unknown",1,1547,NA,NA,NA
2016,"DHB","Northland","eth.mpao","Euro/Oth",786,2264,34.7,14260,55.1
2016,"DHB","Northland","eth.mpao","Maori",1316,2264,58.1,12300,107
2016,"DHB","Northland","eth.mpao","Asian",124,2264,5.5,1470,84.4
2016,"DHB","Northland","eth.mpao","Pacific",38,2264,1.7,710,53.5
2016,"DHB","South Canterbury","eth.mpao","Euro/Oth",469,651,72,7870,59.6
2016,"DHB","South Canterbury","eth.mpao","Maori",106,651,16.3,1020,103.9
2016,"DHB","South Canterbury","eth.mpao","Asian",55,651,8.4,680,80.9
2016,"DHB","South Canterbury","eth.mpao","Pacific",21,651,3.2,145,144.8
2016,"DHB","Southern","eth.mpao","Euro/Oth",2362,3315,71.3,49840,47.4
2016,"DHB","Southern","eth.mpao","Maori",547,3315,16.5,7450,73.4
2016,"DHB","Southern","eth.mpao","Asian",264,3315,8,6570,40.2
2016,"DHB","Southern","eth.mpao","Pacific",142,3315,4.3,1600,88.8
2016,"DHB","Tairawhiti","eth.mpao","Euro/Oth",204,773,26.4,3250,62.8
2016,"DHB","Tairawhiti","eth.mpao","Maori",538,773,69.6,5210,103.3
2016,"DHB","Tairawhiti","eth.mpao","Asian",11,773,1.4,285,38.6
2016,"DHB","Tairawhiti","eth.mpao","Pacific",20,773,2.6,220,90.9
2016,"DHB","Taranaki","eth.mpao","Euro/Oth",879,1435,61.3,14950,58.8
2016,"DHB","Taranaki","eth.mpao","Maori",422,1435,29.4,4730,89.2
2016,"DHB","Taranaki","eth.mpao","Asian",106,1435,7.4,1310,80.9
2016,"DHB","Taranaki","eth.mpao","Pacific",28,1435,2,325,86.2
2016,"DHB","Unknown","eth.mpao","Euro/Oth",167,420,NA,NA,NA
2016,"DHB","Unknown","eth.mpao","Maori",164,420,NA,NA,NA
2016,"DHB","Unknown","eth.mpao","Asian",43,420,NA,NA,NA
2016,"DHB","Unknown","eth.mpao","Pacific",46,420,NA,NA,NA
2016,"DHB","Unknown","eth.mpao","Unknown",30,420,NA,NA,NA
2016,"DHB","Waikato","eth.mpao","Euro/Oth",2560,5359,47.8,44810,57.1
2016,"DHB","Waikato","eth.mpao","Maori",1932,5359,36.1,20880,92.5
2016,"DHB","Waikato","eth.mpao","Asian",647,5359,12.1,10000,64.7
2016,"DHB","Waikato","eth.mpao","Pacific",220,5359,4.1,2690,81.8
2016,"DHB","Wairarapa","eth.mpao","Euro/Oth",250,460,54.3,5080,49.2
2016,"DHB","Wairarapa","eth.mpao","Maori",165,460,35.9,1680,98.2
2016,"DHB","Wairarapa","eth.mpao","Asian",25,460,5.4,305,82
2016,"DHB","Wairarapa","eth.mpao","Pacific",20,460,4.3,170,117.6
2016,"DHB","Waitemata","eth.mpao","Euro/Oth",3599,7936,45.4,65790,54.7
2016,"DHB","Waitemata","eth.mpao","Maori",1231,7936,15.5,13290,92.6
2016,"DHB","Waitemata","eth.mpao","Asian",2321,7936,29.2,34920,66.5
2016,"DHB","Waitemata","eth.mpao","Pacific",785,7936,9.9,9620,81.6
2016,"DHB","West Coast","eth.mpao","Euro/Oth",238,318,74.8,4270,55.7
2016,"DHB","West Coast","eth.mpao","Maori",64,318,20.1,750,85.3
2016,"DHB","West Coast","eth.mpao","Asian",12,318,3.8,330,36.4
2016,"DHB","West Coast","eth.mpao","Pacific",4,318,1.3,90,44.4
2016,"DHB","Whanganui","eth.mpao","Euro/Oth",368,800,46,6430,57.2
2016,"DHB","Whanganui","eth.mpao","Maori",356,800,44.5,3630,98.1
2016,"DHB","Whanganui","eth.mpao","Asian",35,800,4.4,520,67.3
2016,"DHB","Whanganui","eth.mpao","Pacific",41,800,5.1,345,118.8
2017,"DHB","Auckland","eth.mpao","Euro/Oth",2093,5632,37.2,51330,40.8
2017,"DHB","Auckland","eth.mpao","Maori",643,5632,11.4,9570,67.2
2017,"DHB","Auckland","eth.mpao","Asian",1991,5632,35.4,44110,45.1
2017,"DHB","Auckland","eth.mpao","Pacific",905,5632,16.1,12550,72.1
2017,"DHB","Bay of Plenty","eth.mpao","Euro/Oth",1562,3102,50.4,24310,64.3
2017,"DHB","Bay of Plenty","eth.mpao","Maori",1194,3102,38.5,12920,92.4
2017,"DHB","Bay of Plenty","eth.mpao","Asian",263,3102,8.5,3980,66.1
2017,"DHB","Bay of Plenty","eth.mpao","Pacific",83,3102,2.7,920,90.2
2017,"DHB","Canterbury","eth.mpao","Euro/Oth",4122,6396,64.4,76740,53.7
2017,"DHB","Canterbury","eth.mpao","Maori",899,6396,14.1,11480,78.3
2017,"DHB","Canterbury","eth.mpao","Asian",1033,6396,16.2,17400,59.4
2017,"DHB","Canterbury","eth.mpao","Pacific",342,6396,5.3,3430,99.7
2017,"DHB","Canterbury","eth.mpao","Unknown",1,6396,NA,NA,NA
2017,"DHB","Capital & Coast","eth.mpao","Euro/Oth",1992,3496,57,45300,44
2017,"DHB","Capital & Coast","eth.mpao","Maori",523,3496,15,8910,58.7
2017,"DHB","Capital & Coast","eth.mpao","Asian",653,3496,18.7,12360,52.8
2017,"DHB","Capital & Coast","eth.mpao","Pacific",328,3496,9.4,5190,63.2
2017,"DHB","Counties Manukau","eth.mpao","Euro/Oth",1830,8283,22.1,33480,54.7
2017,"DHB","Counties Manukau","eth.mpao","Maori",1802,8283,21.8,20320,88.7
2017,"DHB","Counties Manukau","eth.mpao","Asian",2164,8283,26.1,36410,59.4
2017,"DHB","Counties Manukau","eth.mpao","Pacific",2487,8283,30,28520,87.2
2017,"DHB","Counties Manukau","eth.mpao","Unknown",1,8283,NA,NA,NA
2017,"DHB","Hawke's Bay","eth.mpao","Euro/Oth",902,2134,42.3,16530,54.6
2017,"DHB","Hawke's Bay","eth.mpao","Maori",963,2134,45.1,9780,98.5
2017,"DHB","Hawke's Bay","eth.mpao","Asian",135,2134,6.3,2020,66.8
2017,"DHB","Hawke's Bay","eth.mpao","Pacific",134,2134,6.3,1390,96.4
2017,"DHB","Hutt Valley","eth.mpao","Euro/Oth",927,1946,47.6,17220,53.8
2017,"DHB","Hutt Valley","eth.mpao","Maori",506,1946,26,5910,85.6
2017,"DHB","Hutt Valley","eth.mpao","Asian",318,1946,16.3,4820,66
2017,"DHB","Hutt Valley","eth.mpao","Pacific",195,1946,10,2740,71.2
2017,"DHB","Lakes","eth.mpao","Euro/Oth",575,1556,37,9350,61.5
2017,"DHB","Lakes","eth.mpao","Maori",806,1556,51.8,8650,93.2
2017,"DHB","Lakes","eth.mpao","Asian",141,1556,9.1,2310,61
2017,"DHB","Lakes","eth.mpao","Pacific",34,1556,2.2,600,56.7
2017,"DHB","MidCentral","eth.mpao","Euro/Oth",1096,2132,51.4,21250,51.6
2017,"DHB","MidCentral","eth.mpao","Maori",725,2132,34,8090,89.6
2017,"DHB","MidCentral","eth.mpao","Asian",206,2132,9.7,3640,56.6
2017,"DHB","MidCentral","eth.mpao","Pacific",105,2132,4.9,1240,84.7
2017,"DHB","Nelson Marlborough","eth.mpao","Euro/Oth",949,1426,66.5,18920,50.2
2017,"DHB","Nelson Marlborough","eth.mpao","Maori",311,1426,21.8,3330,93.4
2017,"DHB","Nelson Marlborough","eth.mpao","Asian",110,1426,7.7,2060,53.4
2017,"DHB","Nelson Marlborough","eth.mpao","Pacific",56,1426,3.9,570,98.2
2017,"DHB","Northland","eth.mpao","Euro/Oth",806,2238,36,14230,56.6
2017,"DHB","Northland","eth.mpao","Maori",1263,2238,56.4,12680,99.6
2017,"DHB","Northland","eth.mpao","Asian",111,2238,5,1570,70.7
2017,"DHB","Northland","eth.mpao","Pacific",58,2238,2.6,730,79.5
2017,"DHB","South Canterbury","eth.mpao","Euro/Oth",450,633,71.1,7830,57.5
2017,"DHB","South Canterbury","eth.mpao","Maori",118,633,18.6,1050,112.4
2017,"DHB","South Canterbury","eth.mpao","Asian",50,633,7.9,770,64.9
2017,"DHB","South Canterbury","eth.mpao","Pacific",15,633,2.4,155,96.8
2017,"DHB","Southern","eth.mpao","Euro/Oth",2461,3438,71.6,50350,48.9
2017,"DHB","Southern","eth.mpao","Maori",550,3438,16,7710,71.3
2017,"DHB","Southern","eth.mpao","Asian",297,3438,8.6,7150,41.5
2017,"DHB","Southern","eth.mpao","Pacific",130,3438,3.8,1700,76.5
2017,"DHB","Tairawhiti","eth.mpao","Euro/Oth",180,704,25.6,3130,57.5
2017,"DHB","Tairawhiti","eth.mpao","Maori",488,704,69.3,5280,92.4
2017,"DHB","Tairawhiti","eth.mpao","Asian",21,704,3,290,72.4
2017,"DHB","Tairawhiti","eth.mpao","Pacific",15,704,2.1,220,68.2
2017,"DHB","Taranaki","eth.mpao","Euro/Oth",868,1402,61.9,14840,58.5
2017,"DHB","Taranaki","eth.mpao","Maori",418,1402,29.8,4880,85.7
2017,"DHB","Taranaki","eth.mpao","Asian",96,1402,6.8,1370,70.1
2017,"DHB","Taranaki","eth.mpao","Pacific",20,1402,1.4,340,58.8
2017,"DHB","Unknown","eth.mpao","Euro/Oth",150,378,NA,NA,NA
2017,"DHB","Unknown","eth.mpao","Maori",139,378,NA,NA,NA
2017,"DHB","Unknown","eth.mpao","Asian",39,378,NA,NA,NA
2017,"DHB","Unknown","eth.mpao","Pacific",50,378,NA,NA,NA
2017,"DHB","Unknown","eth.mpao","Unknown",27,378,NA,NA,NA
2017,"DHB","Waikato","eth.mpao","Euro/Oth",2503,5322,47,44840,55.8
2017,"DHB","Waikato","eth.mpao","Maori",2014,5322,37.8,21510,93.6
2017,"DHB","Waikato","eth.mpao","Asian",592,5322,11.1,10850,54.6
2017,"DHB","Waikato","eth.mpao","Pacific",213,5322,4,2770,76.9
2017,"DHB","Wairarapa","eth.mpao","Euro/Oth",309,536,57.6,5050,61.2
2017,"DHB","Wairarapa","eth.mpao","Maori",190,536,35.4,1740,109.2
2017,"DHB","Wairarapa","eth.mpao","Asian",25,536,4.7,320,78.1
2017,"DHB","Wairarapa","eth.mpao","Pacific",12,536,2.2,195,61.5
2017,"DHB","Waitemata","eth.mpao","Euro/Oth",3447,7722,44.6,65320,52.8
2017,"DHB","Waitemata","eth.mpao","Maori",1167,7722,15.1,13540,86.2
2017,"DHB","Waitemata","eth.mpao","Asian",2299,7722,29.8,37790,60.8
2017,"DHB","Waitemata","eth.mpao","Pacific",809,7722,10.5,9840,82.2
2017,"DHB","West Coast","eth.mpao","Euro/Oth",254,355,71.5,4170,60.9
2017,"DHB","West Coast","eth.mpao","Maori",81,355,22.8,730,111
2017,"DHB","West Coast","eth.mpao","Asian",16,355,4.5,340,47.1
2017,"DHB","West Coast","eth.mpao","Pacific",4,355,1.1,90,44.4
2017,"DHB","Whanganui","eth.mpao","Euro/Oth",394,843,46.7,6360,61.9
2017,"DHB","Whanganui","eth.mpao","Maori",371,843,44,3720,99.7
2017,"DHB","Whanganui","eth.mpao","Asian",43,843,5.1,540,79.6
2017,"DHB","Whanganui","eth.mpao","Pacific",35,843,4.2,360,97.2
2018,"DHB","Auckland","eth.mpao","Euro/Oth",1972,5432,36.3,51280,38.5
2018,"DHB","Auckland","eth.mpao","Maori",643,5432,11.8,9660,66.6
2018,"DHB","Auckland","eth.mpao","Asian",1953,5432,36,45720,42.7
2018,"DHB","Auckland","eth.mpao","Pacific",864,5432,15.9,12640,68.4
2018,"DHB","Bay of Plenty","eth.mpao","Euro/Oth",1478,3008,49.1,24850,59.5
2018,"DHB","Bay of Plenty","eth.mpao","Maori",1127,3008,37.5,13260,85
2018,"DHB","Bay of Plenty","eth.mpao","Asian",307,3008,10.2,4270,71.9
2018,"DHB","Bay of Plenty","eth.mpao","Pacific",96,3008,3.2,970,99
2018,"DHB","Canterbury","eth.mpao","Euro/Oth",3907,6248,62.5,76350,51.2
2018,"DHB","Canterbury","eth.mpao","Maori",927,6248,14.8,11910,77.8
2018,"DHB","Canterbury","eth.mpao","Asian",1073,6248,17.2,19010,56.4
2018,"DHB","Canterbury","eth.mpao","Pacific",341,6248,5.5,3610,94.5
2018,"DHB","Canterbury","eth.mpao","Unknown",1,6248,NA,NA,NA
2018,"DHB","Capital & Coast","eth.mpao","Euro/Oth",1821,3198,56.9,45560,40
2018,"DHB","Capital & Coast","eth.mpao","Maori",497,3198,15.5,9140,54.4
2018,"DHB","Capital & Coast","eth.mpao","Asian",597,3198,18.7,12870,46.4
2018,"DHB","Capital & Coast","eth.mpao","Pacific",283,3198,8.8,5180,54.6
2018,"DHB","Counties Manukau","eth.mpao","Euro/Oth",1773,8171,21.7,32610,54.4
2018,"DHB","Counties Manukau","eth.mpao","Maori",1791,8171,21.9,20790,86.1
2018,"DHB","Counties Manukau","eth.mpao","Asian",2121,8171,26,38380,55.3
2018,"DHB","Counties Manukau","eth.mpao","Pacific",2486,8171,30.4,29420,84.5
2018,"DHB","Hawke's Bay","eth.mpao","Euro/Oth",955,2110,45.3,16390,58.3
2018,"DHB","Hawke's Bay","eth.mpao","Maori",898,2110,42.6,10060,89.3
2018,"DHB","Hawke's Bay","eth.mpao","Asian",139,2110,6.6,2170,64.1
2018,"DHB","Hawke's Bay","eth.mpao","Pacific",118,2110,5.6,1450,81.4
2018,"DHB","Hutt Valley","eth.mpao","Euro/Oth",840,1943,43.2,17000,49.4
2018,"DHB","Hutt Valley","eth.mpao","Maori",578,1943,29.7,6050,95.5
2018,"DHB","Hutt Valley","eth.mpao","Asian",333,1943,17.1,5120,65
2018,"DHB","Hutt Valley","eth.mpao","Pacific",192,1943,9.9,2730,70.3
2018,"DHB","Lakes","eth.mpao","Euro/Oth",549,1527,36,9180,59.8
2018,"DHB","Lakes","eth.mpao","Maori",773,1527,50.6,8890,87
2018,"DHB","Lakes","eth.mpao","Asian",159,1527,10.4,2480,64.1
2018,"DHB","Lakes","eth.mpao","Pacific",46,1527,3,620,74.2
2018,"DHB","MidCentral","eth.mpao","Euro/Oth",1099,2158,50.9,21070,52.2
2018,"DHB","MidCentral","eth.mpao","Maori",737,2158,34.2,8260,89.2
2018,"DHB","MidCentral","eth.mpao","Asian",226,2158,10.5,3750,60.3
2018,"DHB","MidCentral","eth.mpao","Pacific",96,2158,4.4,1270,75.6
2018,"DHB","Nelson Marlborough","eth.mpao","Euro/Oth",970,1496,64.8,18890,51.3
2018,"DHB","Nelson Marlborough","eth.mpao","Maori",345,1496,23.1,3410,101.2
2018,"DHB","Nelson Marlborough","eth.mpao","Asian",131,1496,8.8,2210,59.3
2018,"DHB","Nelson Marlborough","eth.mpao","Pacific",50,1496,3.3,590,84.7
2018,"DHB","Northland","eth.mpao","Euro/Oth",796,2195,36.3,14230,55.9
2018,"DHB","Northland","eth.mpao","Maori",1223,2195,55.7,12990,94.1
2018,"DHB","Northland","eth.mpao","Asian",124,2195,5.6,1700,72.9
2018,"DHB","Northland","eth.mpao","Pacific",52,2195,2.4,730,71.2
2018,"DHB","South Canterbury","eth.mpao","Euro/Oth",429,603,71.1,7720,55.6
2018,"DHB","South Canterbury","eth.mpao","Maori",96,603,15.9,1080,88.9
2018,"DHB","South Canterbury","eth.mpao","Asian",51,603,8.5,860,59.3
2018,"DHB","South Canterbury","eth.mpao","Pacific",27,603,4.5,165,163.6
2018,"DHB","Southern","eth.mpao","Euro/Oth",2286,3270,69.9,51030,44.8
2018,"DHB","Southern","eth.mpao","Maori",520,3270,15.9,7970,65.2
2018,"DHB","Southern","eth.mpao","Asian",303,3270,9.3,7660,39.6
2018,"DHB","Southern","eth.mpao","Pacific",161,3270,4.9,1830,88
2018,"DHB","Tairawhiti","eth.mpao","Euro/Oth",207,699,29.6,3010,68.8
2018,"DHB","Tairawhiti","eth.mpao","Maori",449,699,64.2,5400,83.1
2018,"DHB","Tairawhiti","eth.mpao","Asian",25,699,3.6,285,87.7
2018,"DHB","Tairawhiti","eth.mpao","Pacific",18,699,2.6,225,80
2018,"DHB","Taranaki","eth.mpao","Euro/Oth",960,1565,61.3,14570,65.9
2018,"DHB","Taranaki","eth.mpao","Maori",460,1565,29.4,5050,91.1
2018,"DHB","Taranaki","eth.mpao","Asian",115,1565,7.3,1430,80.4
2018,"DHB","Taranaki","eth.mpao","Pacific",30,1565,1.9,345,87
2018,"DHB","Unknown","eth.mpao","Euro/Oth",201,469,NA,NA,NA
2018,"DHB","Unknown","eth.mpao","Maori",181,469,NA,NA,NA
2018,"DHB","Unknown","eth.mpao","Asian",30,469,NA,NA,NA
2018,"DHB","Unknown","eth.mpao","Pacific",57,469,NA,NA,NA
2018,"DHB","Unknown","eth.mpao","Unknown",35,469,NA,NA,NA
2018,"DHB","Waikato","eth.mpao","Euro/Oth",2516,5382,46.7,44760,56.2
2018,"DHB","Waikato","eth.mpao","Maori",1907,5382,35.4,22010,86.6
2018,"DHB","Waikato","eth.mpao","Asian",706,5382,13.1,11580,61
2018,"DHB","Waikato","eth.mpao","Pacific",253,5382,4.7,2870,88.2
2018,"DHB","Waikato","eth.mpao","Unknown",1,5382,NA,NA,NA
2018,"DHB","Wairarapa","eth.mpao","Euro/Oth",293,496,59.1,5120,57.2
2018,"DHB","Wairarapa","eth.mpao","Maori",166,496,33.5,1800,92.2
2018,"DHB","Wairarapa","eth.mpao","Asian",25,496,5,345,72.5
2018,"DHB","Wairarapa","eth.mpao","Pacific",12,496,2.4,200,60
2018,"DHB","Waitemata","eth.mpao","Euro/Oth",3368,7425,45.4,64640,52.1
2018,"DHB","Waitemata","eth.mpao","Maori",1110,7425,14.9,13880,80
2018,"DHB","Waitemata","eth.mpao","Asian",2147,7425,28.9,40420,53.1
2018,"DHB","Waitemata","eth.mpao","Pacific",800,7425,10.8,10110,79.1
2018,"DHB","West Coast","eth.mpao","Euro/Oth",248,328,75.6,3980,62.3
2018,"DHB","West Coast","eth.mpao","Maori",56,328,17.1,740,75.7
2018,"DHB","West Coast","eth.mpao","Asian",19,328,5.8,355,53.5
2018,"DHB","West Coast","eth.mpao","Pacific",5,328,1.5,85,58.8
2018,"DHB","Whanganui","eth.mpao","Euro/Oth",358,806,44.4,6280,57
2018,"DHB","Whanganui","eth.mpao","Maori",364,806,45.2,3790,96
2018,"DHB","Whanganui","eth.mpao","Asian",40,806,5,590,67.8
2018,"DHB","Whanganui","eth.mpao","Pacific",44,806,5.5,375,117.3
2019,"DHB","Auckland","eth.mpao","Euro/Oth",1971,5587,35.3,50840,38.8
2019,"DHB","Auckland","eth.mpao","Maori",719,5587,12.9,9570,75.1
2019,"DHB","Auckland","eth.mpao","Asian",1982,5587,35.5,45790,43.3
2019,"DHB","Auckland","eth.mpao","Pacific",915,5587,16.4,12740,71.8
2019,"DHB","Bay of Plenty","eth.mpao","Euro/Oth",1535,3105,49.4,25140,61.1
2019,"DHB","Bay of Plenty","eth.mpao","Maori",1181,3105,38,13570,87
2019,"DHB","Bay of Plenty","eth.mpao","Asian",310,3105,10,4770,65
2019,"DHB","Bay of Plenty","eth.mpao","Pacific",79,3105,2.5,970,81.4
2019,"DHB","Canterbury","eth.mpao","Euro/Oth",3889,6441,60.4,76920,50.6
2019,"DHB","Canterbury","eth.mpao","Maori",988,6441,15.3,12150,81.3
2019,"DHB","Canterbury","eth.mpao","Asian",1200,6441,18.6,19770,60.7
2019,"DHB","Canterbury","eth.mpao","Pacific",364,6441,5.7,3790,96
2019,"DHB","Capital & Coast","eth.mpao","Euro/Oth",1767,3181,55.5,46490,38
2019,"DHB","Capital & Coast","eth.mpao","Maori",491,3181,15.4,9300,52.8
2019,"DHB","Capital & Coast","eth.mpao","Asian",618,3181,19.4,13150,47
2019,"DHB","Capital & Coast","eth.mpao","Pacific",305,3181,9.6,5250,58.1
2019,"DHB","Capital & Coast","eth.mpao","Unknown",1,3181,NA,NA,NA
2019,"DHB","Counties Manukau","eth.mpao","Euro/Oth",1702,8418,20.2,31480,54.1
2019,"DHB","Counties Manukau","eth.mpao","Maori",1843,8418,21.9,21210,86.9
2019,"DHB","Counties Manukau","eth.mpao","Asian",2307,8418,27.4,40340,57.2
2019,"DHB","Counties Manukau","eth.mpao","Pacific",2566,8418,30.5,30530,84
2019,"DHB","Hawke's Bay","eth.mpao","Euro/Oth",872,2020,43.2,16150,54
2019,"DHB","Hawke's Bay","eth.mpao","Maori",857,2020,42.4,10270,83.4
2019,"DHB","Hawke's Bay","eth.mpao","Asian",167,2020,8.3,2370,70.5
2019,"DHB","Hawke's Bay","eth.mpao","Pacific",124,2020,6.1,1500,82.7
2019,"DHB","Hutt Valley","eth.mpao","Euro/Oth",806,1960,41.1,17040,47.3
2019,"DHB","Hutt Valley","eth.mpao","Maori",603,1960,30.8,6190,97.4
2019,"DHB","Hutt Valley","eth.mpao","Asian",354,1960,18.1,5310,66.7
2019,"DHB","Hutt Valley","eth.mpao","Pacific",197,1960,10.1,2730,72.2
2019,"DHB","Lakes","eth.mpao","Euro/Oth",537,1536,35,9080,59.1
2019,"DHB","Lakes","eth.mpao","Maori",778,1536,50.7,9090,85.6
2019,"DHB","Lakes","eth.mpao","Asian",174,1536,11.3,2620,66.4
2019,"DHB","Lakes","eth.mpao","Pacific",47,1536,3.1,610,77
2019,"DHB","MidCentral","eth.mpao","Euro/Oth",1151,2164,53.2,21160,54.4
2019,"DHB","MidCentral","eth.mpao","Maori",695,2164,32.1,8410,82.6
2019,"DHB","MidCentral","eth.mpao","Asian",216,2164,10,3930,55
2019,"DHB","MidCentral","eth.mpao","Pacific",102,2164,4.7,1330,76.7
2019,"DHB","Nelson Marlborough","eth.mpao","Euro/Oth",960,1450,66.2,18990,50.6
2019,"DHB","Nelson Marlborough","eth.mpao","Maori",304,1450,21,3500,86.9
2019,"DHB","Nelson Marlborough","eth.mpao","Asian",145,1450,10,2290,63.3
2019,"DHB","Nelson Marlborough","eth.mpao","Pacific",41,1450,2.8,620,66.1
2019,"DHB","Northland","eth.mpao","Euro/Oth",834,2311,36.1,14230,58.6
2019,"DHB","Northland","eth.mpao","Maori",1275,2311,55.2,13250,96.2
2019,"DHB","Northland","eth.mpao","Asian",146,2311,6.3,1820,80.2
2019,"DHB","Northland","eth.mpao","Pacific",56,2311,2.4,780,71.8
2019,"DHB","South Canterbury","eth.mpao","Euro/Oth",447,621,72,7690,58.1
2019,"DHB","South Canterbury","eth.mpao","Maori",97,621,15.6,1110,87.4
2019,"DHB","South Canterbury","eth.mpao","Asian",66,621,10.6,900,73.3
2019,"DHB","South Canterbury","eth.mpao","Pacific",11,621,1.8,175,62.9
2019,"DHB","Southern","eth.mpao","Euro/Oth",2364,3442,68.7,51550,45.9
2019,"DHB","Southern","eth.mpao","Maori",559,3442,16.2,8190,68.3
2019,"DHB","Southern","eth.mpao","Asian",361,3442,10.5,8050,44.8
2019,"DHB","Southern","eth.mpao","Pacific",158,3442,4.6,1910,82.7
2019,"DHB","Tairawhiti","eth.mpao","Euro/Oth",198,683,29,2960,66.9
2019,"DHB","Tairawhiti","eth.mpao","Maori",451,683,66,5490,82.1
2019,"DHB","Tairawhiti","eth.mpao","Asian",20,683,2.9,290,69
2019,"DHB","Tairawhiti","eth.mpao","Pacific",14,683,2,225,62.2
2019,"DHB","Taranaki","eth.mpao","Euro/Oth",910,1507,60.4,14490,62.8
2019,"DHB","Taranaki","eth.mpao","Maori",466,1507,30.9,5160,90.3
2019,"DHB","Taranaki","eth.mpao","Asian",108,1507,7.2,1530,70.6
2019,"DHB","Taranaki","eth.mpao","Pacific",23,1507,1.5,365,63
2019,"DHB","Taranaki","eth.mpao","Unknown",1,1507,NA,NA,NA
2019,"DHB","Unknown","eth.mpao","Euro/Oth",177,418,NA,NA,NA
2019,"DHB","Unknown","eth.mpao","Maori",159,418,NA,NA,NA
2019,"DHB","Unknown","eth.mpao","Asian",31,418,NA,NA,NA
2019,"DHB","Unknown","eth.mpao","Pacific",51,418,NA,NA,NA
2019,"DHB","Unknown","eth.mpao","Unknown",27,418,NA,NA,NA
2019,"DHB","Waikato","eth.mpao","Euro/Oth",2525,5445,46.4,44310,57
2019,"DHB","Waikato","eth.mpao","Maori",1934,5445,35.5,22590,85.6
2019,"DHB","Waikato","eth.mpao","Asian",746,5445,13.7,12740,58.6
2019,"DHB","Waikato","eth.mpao","Pacific",240,5445,4.4,3010,79.7
2019,"DHB","Wairarapa","eth.mpao","Euro/Oth",318,518,61.4,5100,62.4
2019,"DHB","Wairarapa","eth.mpao","Maori",166,518,32,1830,90.7
2019,"DHB","Wairarapa","eth.mpao","Asian",22,518,4.2,370,59.5
2019,"DHB","Wairarapa","eth.mpao","Pacific",12,518,2.3,195,61.5
2019,"DHB","Waitemata","eth.mpao","Euro/Oth",3355,7778,43.1,63820,52.6
2019,"DHB","Waitemata","eth.mpao","Maori",1116,7778,14.3,14070,79.3
2019,"DHB","Waitemata","eth.mpao","Asian",2453,7778,31.5,41610,59
2019,"DHB","Waitemata","eth.mpao","Pacific",854,7778,11,10390,82.2
2019,"DHB","West Coast","eth.mpao","Euro/Oth",249,346,72,3890,64
2019,"DHB","West Coast","eth.mpao","Maori",69,346,19.9,750,92
2019,"DHB","West Coast","eth.mpao","Asian",21,346,6.1,375,56
2019,"DHB","West Coast","eth.mpao","Pacific",7,346,2,85,82.4
2019,"DHB","Whanganui","eth.mpao","Euro/Oth",386,861,44.8,6350,60.8
2019,"DHB","Whanganui","eth.mpao","Maori",384,861,44.6,3890,98.7
2019,"DHB","Whanganui","eth.mpao","Asian",53,861,6.2,600,88.3
2019,"DHB","Whanganui","eth.mpao","Pacific",38,861,4.4,400,95
2019,"DHB","Whanganui","eth.mpao","Unknown",2,861,NA,NA,NA
2020,"DHB","Auckland","eth.mpao","Euro/Oth",1771,5154,34.4,51270,34.5
2020,"DHB","Auckland","eth.mpao","Maori",661,5154,12.8,9520,69.4
2020,"DHB","Auckland","eth.mpao","Asian",1866,5154,36.2,46150,40.4
2020,"DHB","Auckland","eth.mpao","Pacific",856,5154,16.6,12900,66.4
2020,"DHB","Auckland","eth.mpao","Unknown",1,5154,NA,NA,NA
2020,"DHB","Bay of Plenty","eth.mpao","Euro/Oth",1528,3131,48.8,25500,59.9
2020,"DHB","Bay of Plenty","eth.mpao","Maori",1181,3131,37.7,14010,84.3
2020,"DHB","Bay of Plenty","eth.mpao","Asian",330,3131,10.5,5300,62.3
2020,"DHB","Bay of Plenty","eth.mpao","Pacific",92,3131,2.9,1040,88.5
2020,"DHB","Canterbury","eth.mpao","Euro/Oth",3724,6170,60.4,77790,47.9
2020,"DHB","Canterbury","eth.mpao","Maori",944,6170,15.3,12510,75.5
2020,"DHB","Canterbury","eth.mpao","Asian",1161,6170,18.8,20680,56.1
2020,"DHB","Canterbury","eth.mpao","Pacific",341,6170,5.5,4040,84.4
2020,"DHB","Canterbury","eth.mpao","Unknown",1,6170,NA,NA,NA
2020,"DHB","Capital & Coast","eth.mpao","Euro/Oth",1629,3093,52.7,47720,34.1
2020,"DHB","Capital & Coast","eth.mpao","Maori",560,3093,18.1,9490,59
2020,"DHB","Capital & Coast","eth.mpao","Asian",590,3093,19.1,13430,43.9
2020,"DHB","Capital & Coast","eth.mpao","Pacific",314,3093,10.2,5320,59
2020,"DHB","Counties Manukau","eth.mpao","Euro/Oth",1656,8405,19.7,30660,54
2020,"DHB","Counties Manukau","eth.mpao","Maori",1879,8405,22.4,21850,86
2020,"DHB","Counties Manukau","eth.mpao","Asian",2290,8405,27.2,42500,53.9
2020,"DHB","Counties Manukau","eth.mpao","Pacific",2580,8405,30.7,32000,80.6
2020,"DHB","Counties Manukau","eth.mpao","Unknown",1,8405,NA,NA,NA
2020,"DHB","Hawke's Bay","eth.mpao","Euro/Oth",880,2068,42.6,16230,54.2
2020,"DHB","Hawke's Bay","eth.mpao","Maori",897,2068,43.4,10530,85.2
2020,"DHB","Hawke's Bay","eth.mpao","Asian",183,2068,8.8,2630,69.6
2020,"DHB","Hawke's Bay","eth.mpao","Pacific",108,2068,5.2,1590,67.9
2020,"DHB","Hawke's Bay","eth.mpao","Unknown",1,2068,NA,NA,NA
2020,"DHB","Hutt Valley","eth.mpao","Euro/Oth",850,2011,42.3,17230,49.3
2020,"DHB","Hutt Valley","eth.mpao","Maori",571,2011,28.4,6360,89.8
2020,"DHB","Hutt Valley","eth.mpao","Asian",397,2011,19.7,5500,72.2
2020,"DHB","Hutt Valley","eth.mpao","Pacific",193,2011,9.6,2750,70.2
2020,"DHB","Lakes","eth.mpao","Euro/Oth",454,1430,31.7,9040,50.2
2020,"DHB","Lakes","eth.mpao","Maori",773,1430,54.1,9260,83.5
2020,"DHB","Lakes","eth.mpao","Asian",165,1430,11.5,2770,59.6
2020,"DHB","Lakes","eth.mpao","Pacific",38,1430,2.7,630,60.3
2020,"DHB","MidCentral","eth.mpao","Euro/Oth",1051,2159,48.7,21280,49.4
2020,"DHB","MidCentral","eth.mpao","Maori",756,2159,35,8660,87.3
2020,"DHB","MidCentral","eth.mpao","Asian",250,2159,11.6,4170,60
2020,"DHB","MidCentral","eth.mpao","Pacific",102,2159,4.7,1390,73.4
2020,"DHB","Nelson Marlborough","eth.mpao","Euro/Oth",952,1416,67.2,19380,49.1
2020,"DHB","Nelson Marlborough","eth.mpao","Maori",299,1416,21.1,3600,83.1
2020,"DHB","Nelson Marlborough","eth.mpao","Asian",130,1416,9.2,2360,55.1
2020,"DHB","Nelson Marlborough","eth.mpao","Pacific",35,1416,2.5,680,51.5
2020,"DHB","Northland","eth.mpao","Euro/Oth",830,2379,34.9,14430,57.5
2020,"DHB","Northland","eth.mpao","Maori",1326,2379,55.7,13570,97.7
2020,"DHB","Northland","eth.mpao","Asian",170,2379,7.1,1950,87.2
2020,"DHB","Northland","eth.mpao","Pacific",53,2379,2.2,840,63.1
2020,"DHB","South Canterbury","eth.mpao","Euro/Oth",409,589,69.4,7660,53.4
2020,"DHB","South Canterbury","eth.mpao","Maori",94,589,16,1160,81
2020,"DHB","South Canterbury","eth.mpao","Asian",62,589,10.5,930,66.7
2020,"DHB","South Canterbury","eth.mpao","Pacific",24,589,4.1,195,123.1
2020,"DHB","Southern","eth.mpao","Euro/Oth",2215,3275,67.6,52090,42.5
2020,"DHB","Southern","eth.mpao","Maori",530,3275,16.2,8490,62.4
2020,"DHB","Southern","eth.mpao","Asian",384,3275,11.7,8460,45.4
2020,"DHB","Southern","eth.mpao","Pacific",146,3275,4.5,2020,72.3
2020,"DHB","Tairawhiti","eth.mpao","Euro/Oth",195,708,27.5,2920,66.8
2020,"DHB","Tairawhiti","eth.mpao","Maori",458,708,64.7,5630,81.3
2020,"DHB","Tairawhiti","eth.mpao","Asian",32,708,4.5,310,103.2
2020,"DHB","Tairawhiti","eth.mpao","Pacific",23,708,3.2,235,97.9
2020,"DHB","Taranaki","eth.mpao","Euro/Oth",889,1452,61.2,14520,61.2
2020,"DHB","Taranaki","eth.mpao","Maori",415,1452,28.6,5320,78
2020,"DHB","Taranaki","eth.mpao","Asian",126,1452,8.7,1650,76.4
2020,"DHB","Taranaki","eth.mpao","Pacific",22,1452,1.5,390,56.4
2020,"DHB","Unknown","eth.mpao","Euro/Oth",238,547,NA,NA,NA
2020,"DHB","Unknown","eth.mpao","Maori",218,547,NA,NA,NA
2020,"DHB","Unknown","eth.mpao","Asian",35,547,NA,NA,NA
2020,"DHB","Unknown","eth.mpao","Pacific",56,547,NA,NA,NA
2020,"DHB","Unknown","eth.mpao","Unknown",23,547,NA,NA,NA
2020,"DHB","Waikato","eth.mpao","Euro/Oth",2498,5566,44.9,44370,56.3
2020,"DHB","Waikato","eth.mpao","Maori",1994,5566,35.8,23190,86
2020,"DHB","Waikato","eth.mpao","Asian",823,5566,14.8,14040,58.6
2020,"DHB","Waikato","eth.mpao","Pacific",251,5566,4.5,3140,79.9
2020,"DHB","Wairarapa","eth.mpao","Euro/Oth",327,526,62.2,5160,63.4
2020,"DHB","Wairarapa","eth.mpao","Maori",158,526,30,1890,83.6
2020,"DHB","Wairarapa","eth.mpao","Asian",25,526,4.8,410,61
2020,"DHB","Wairarapa","eth.mpao","Pacific",16,526,3,210,76.2
2020,"DHB","Waitemata","eth.mpao","Euro/Oth",3173,7477,42.4,63670,49.8
2020,"DHB","Waitemata","eth.mpao","Maori",1191,7477,15.9,14390,82.8
2020,"DHB","Waitemata","eth.mpao","Asian",2305,7477,30.8,42960,53.7
2020,"DHB","Waitemata","eth.mpao","Pacific",808,7477,10.8,10820,74.7
2020,"DHB","Waitemata","eth.mpao","Unknown",1,7477,NA,NA,NA
2020,"DHB","West Coast","eth.mpao","Euro/Oth",206,289,71.3,3890,53
2020,"DHB","West Coast","eth.mpao","Maori",62,289,21.5,760,81.6
2020,"DHB","West Coast","eth.mpao","Asian",17,289,5.9,395,43
2020,"DHB","West Coast","eth.mpao","Pacific",4,289,1.4,90,44.4
2020,"DHB","Whanganui","eth.mpao","Euro/Oth",342,819,41.8,6460,52.9
2020,"DHB","Whanganui","eth.mpao","Maori",387,819,47.3,4010,96.5
2020,"DHB","Whanganui","eth.mpao","Asian",45,819,5.5,640,70.3
2020,"DHB","Whanganui","eth.mpao","Pacific",45,819,5.5,430,104.7
2020,"DHB","Whanganui","eth.mpao","Unknown",1,819,NA,NA,NA
2021,"DHB","Auckland","eth.mpao","Euro/Oth",1974,5436,36.3,47410,41.6
2021,"DHB","Auckland","eth.mpao","Maori",758,5436,13.9,9530,79.5
2021,"DHB","Auckland","eth.mpao","Asian",1896,5436,34.9,46180,41.1
2021,"DHB","Auckland","eth.mpao","Pacific",808,5436,14.9,13020,62.1
2021,"DHB","Auckland","eth.mpao","Unknown",3,5436,NA,NA,NA
2021,"DHB","Bay of Plenty","eth.mpao","Euro/Oth",1610,3382,47.6,26030,61.9
2021,"DHB","Bay of Plenty","eth.mpao","Maori",1308,3382,38.7,14450,90.5
2021,"DHB","Bay of Plenty","eth.mpao","Asian",383,3382,11.3,5280,72.5
2021,"DHB","Bay of Plenty","eth.mpao","Pacific",81,3382,2.4,1070,75.7
2021,"DHB","Canterbury","eth.mpao","Euro/Oth",4055,6793,59.7,78860,51.4
2021,"DHB","Canterbury","eth.mpao","Maori",1170,6793,17.2,12880,90.8
2021,"DHB","Canterbury","eth.mpao","Asian",1226,6793,18,20400,60.1
2021,"DHB","Canterbury","eth.mpao","Pacific",342,6793,5,4130,82.8
2021,"DHB","Canterbury","eth.mpao","Unknown",1,6793,NA,NA,NA
2021,"DHB","Capital & Coast","eth.mpao","Euro/Oth",1814,3318,54.7,48040,37.8
2021,"DHB","Capital & Coast","eth.mpao","Maori",526,3318,15.9,9680,54.3
2021,"DHB","Capital & Coast","eth.mpao","Asian",674,3318,20.3,13280,50.8
2021,"DHB","Capital & Coast","eth.mpao","Pacific",304,3318,9.2,5370,56.6
2021,"DHB","Capital & Coast","eth.mpao","Unknown",2,3318,NA,NA,NA
2021,"DHB","Counties Manukau","eth.mpao","Euro/Oth",1915,8785,21.8,30070,63.7
2021,"DHB","Counties Manukau","eth.mpao","Maori",1959,8785,22.3,22500,87.1
2021,"DHB","Counties Manukau","eth.mpao","Asian",2406,8785,27.4,42710,56.3
2021,"DHB","Counties Manukau","eth.mpao","Pacific",2505,8785,28.5,32740,76.5
2021,"DHB","Counties Manukau","eth.mpao","Unknown",3,8785,NA,NA,NA
2021,"DHB","Hawke's Bay","eth.mpao","Euro/Oth",987,2260,43.7,16270,60.7
2021,"DHB","Hawke's Bay","eth.mpao","Maori",968,2260,42.8,10870,89.1
2021,"DHB","Hawke's Bay","eth.mpao","Asian",188,2260,8.3,2640,71.2
2021,"DHB","Hawke's Bay","eth.mpao","Pacific",117,2260,5.2,1600,73.1
2021,"DHB","Hawke's Bay","eth.mpao","Unknown",1,2260,NA,NA,NA
2021,"DHB","Hutt Valley","eth.mpao","Euro/Oth",863,2050,42.1,17400,49.6
2021,"DHB","Hutt Valley","eth.mpao","Maori",559,2050,27.3,6520,85.7
2021,"DHB","Hutt Valley","eth.mpao","Asian",406,2050,19.8,5400,75.2
2021,"DHB","Hutt Valley","eth.mpao","Pacific",222,2050,10.8,2760,80.4
2021,"DHB","Lakes","eth.mpao","Euro/Oth",566,1626,34.8,8820,64.2
2021,"DHB","Lakes","eth.mpao","Maori",832,1626,51.2,9510,87.5
2021,"DHB","Lakes","eth.mpao","Asian",187,1626,11.5,2720,68.8
2021,"DHB","Lakes","eth.mpao","Pacific",41,1626,2.5,630,65.1
2021,"DHB","MidCentral","eth.mpao","Euro/Oth",1173,2310,50.8,21470,54.6
2021,"DHB","MidCentral","eth.mpao","Maori",773,2310,33.5,8900,86.9
2021,"DHB","MidCentral","eth.mpao","Asian",243,2310,10.5,4140,58.7
2021,"DHB","MidCentral","eth.mpao","Pacific",121,2310,5.2,1420,85.2
2021,"DHB","Nelson Marlborough","eth.mpao","Euro/Oth",1001,1510,66.3,19490,51.4
2021,"DHB","Nelson Marlborough","eth.mpao","Maori",301,1510,19.9,3670,82
2021,"DHB","Nelson Marlborough","eth.mpao","Asian",161,1510,10.7,2300,70
2021,"DHB","Nelson Marlborough","eth.mpao","Pacific",47,1510,3.1,710,66.2
2021,"DHB","Northland","eth.mpao","Euro/Oth",891,2424,36.8,14660,60.8
2021,"DHB","Northland","eth.mpao","Maori",1327,2424,54.7,13970,95
2021,"DHB","Northland","eth.mpao","Asian",156,2424,6.4,1940,80.4
2021,"DHB","Northland","eth.mpao","Pacific",50,2424,2.1,850,58.8
2021,"DHB","Northland","eth.mpao","Unknown",1,2424,NA,NA,NA
2021,"DHB","South Canterbury","eth.mpao","Euro/Oth",445,636,70,7590,58.6
2021,"DHB","South Canterbury","eth.mpao","Maori",104,636,16.4,1210,86
2021,"DHB","South Canterbury","eth.mpao","Asian",57,636,9,900,63.3
2021,"DHB","South Canterbury","eth.mpao","Pacific",30,636,4.7,200,150
2021,"DHB","Southern","eth.mpao","Euro/Oth",2436,3529,69,52250,46.6
2021,"DHB","Southern","eth.mpao","Maori",596,3529,16.9,8760,68
2021,"DHB","Southern","eth.mpao","Asian",370,3529,10.5,8380,44.2
2021,"DHB","Southern","eth.mpao","Pacific",127,3529,3.6,2060,61.7
2021,"DHB","Tairawhiti","eth.mpao","Euro/Oth",217,753,28.8,2870,75.6
2021,"DHB","Tairawhiti","eth.mpao","Maori",485,753,64.4,5730,84.6
2021,"DHB","Tairawhiti","eth.mpao","Asian",34,753,4.5,310,109.7
2021,"DHB","Tairawhiti","eth.mpao","Pacific",17,753,2.3,235,72.3
2021,"DHB","Taranaki","eth.mpao","Euro/Oth",973,1580,61.6,14520,67
2021,"DHB","Taranaki","eth.mpao","Maori",468,1580,29.6,5490,85.2
2021,"DHB","Taranaki","eth.mpao","Asian",110,1580,7,1620,67.9
2021,"DHB","Taranaki","eth.mpao","Pacific",29,1580,1.8,390,74.4
2021,"DHB","Unknown","eth.mpao","Euro/Oth",195,464,NA,NA,NA
2021,"DHB","Unknown","eth.mpao","Maori",197,464,NA,NA,NA
2021,"DHB","Unknown","eth.mpao","Asian",31,464,NA,NA,NA
2021,"DHB","Unknown","eth.mpao","Pacific",41,464,NA,NA,NA
2021,"DHB","Unknown","eth.mpao","Unknown",20,464,NA,NA,NA
2021,"DHB","Waikato","eth.mpao","Euro/Oth",2733,5956,45.9,44610,61.3
2021,"DHB","Waikato","eth.mpao","Maori",2154,5956,36.2,23860,90.3
2021,"DHB","Waikato","eth.mpao","Asian",841,5956,14.1,14100,59.6
2021,"DHB","Waikato","eth.mpao","Pacific",228,5956,3.8,3180,71.7
2021,"DHB","Waikato","eth.mpao","Unknown",1,5956,NA,NA,NA
2021,"DHB","Wairarapa","eth.mpao","Euro/Oth",360,571,63,5250,68.6
2021,"DHB","Wairarapa","eth.mpao","Maori",163,571,28.5,1930,84.5
2021,"DHB","Wairarapa","eth.mpao","Asian",32,571,5.6,405,79
2021,"DHB","Wairarapa","eth.mpao","Pacific",16,571,2.8,215,74.4
2021,"DHB","Waitemata","eth.mpao","Euro/Oth",3557,7871,45.2,62540,56.9
2021,"DHB","Waitemata","eth.mpao","Maori",1213,7871,15.4,14790,82
2021,"DHB","Waitemata","eth.mpao","Asian",2264,7871,28.8,42660,53.1
2021,"DHB","Waitemata","eth.mpao","Pacific",837,7871,10.6,11020,76
2021,"DHB","West Coast","eth.mpao","Euro/Oth",227,336,67.6,3870,58.7
2021,"DHB","West Coast","eth.mpao","Maori",75,336,22.3,780,96.2
2021,"DHB","West Coast","eth.mpao","Asian",26,336,7.7,380,68.4
2021,"DHB","West Coast","eth.mpao","Pacific",8,336,2.4,85,94.1
2021,"DHB","Whanganui","eth.mpao","Euro/Oth",372,819,45.4,6490,57.3
2021,"DHB","Whanganui","eth.mpao","Maori",373,819,45.5,4080,91.4
2021,"DHB","Whanganui","eth.mpao","Asian",47,819,5.7,630,74.6
2021,"DHB","Whanganui","eth.mpao","Pacific",27,819,3.3,430,62.8
2022,"DHB","Auckland","eth.mpao","Euro/Oth",1792,4953,36.2,43780,40.9
2022,"DHB","Auckland","eth.mpao","Maori",687,4953,13.9,9570,71.8
2022,"DHB","Auckland","eth.mpao","Asian",1656,4953,33.4,46420,35.7
2022,"DHB","Auckland","eth.mpao","Pacific",818,4953,16.5,13120,62.3
2022,"DHB","Bay of Plenty","eth.mpao","Euro/Oth",1548,3147,49.2,26080,59.4
2022,"DHB","Bay of Plenty","eth.mpao","Maori",1158,3147,36.8,14920,77.6
2022,"DHB","Bay of Plenty","eth.mpao","Asian",357,3147,11.3,5290,67.5
2022,"DHB","Bay of Plenty","eth.mpao","Pacific",84,3147,2.7,1090,77.1
2022,"DHB","Canterbury","eth.mpao","Euro/Oth",3722,6450,57.7,79820,46.6
2022,"DHB","Canterbury","eth.mpao","Maori",1143,6450,17.7,13210,86.5
2022,"DHB","Canterbury","eth.mpao","Asian",1249,6450,19.4,20200,61.8
2022,"DHB","Canterbury","eth.mpao","Pacific",336,6450,5.2,4270,78.7
2022,"DHB","Canterbury","eth.mpao","Unknown",3,6450,NA,NA,NA
2022,"DHB","Capital & Coast","eth.mpao","Euro/Oth",1524,2892,52.7,47810,31.9
2022,"DHB","Capital & Coast","eth.mpao","Maori",497,2892,17.2,9910,50.2
2022,"DHB","Capital & Coast","eth.mpao","Asian",567,2892,19.6,13200,43
2022,"DHB","Capital & Coast","eth.mpao","Pacific",304,2892,10.5,5410,56.2
2022,"DHB","Counties Manukau","eth.mpao","Euro/Oth",1622,8051,20.1,29590,54.8
2022,"DHB","Counties Manukau","eth.mpao","Maori",1749,8051,21.7,23050,75.9
2022,"DHB","Counties Manukau","eth.mpao","Asian",2246,8051,27.9,42940,52.3
2022,"DHB","Counties Manukau","eth.mpao","Pacific",2434,8051,30.2,33420,72.8
2022,"DHB","Counties Manukau","eth.mpao","Unknown",1,8051,NA,NA,NA
2022,"DHB","Hawke's Bay","eth.mpao","Euro/Oth",913,2046,44.6,16140,56.6
2022,"DHB","Hawke's Bay","eth.mpao","Maori",868,2046,42.4,11090,78.3
2022,"DHB","Hawke's Bay","eth.mpao","Asian",166,2046,8.1,2640,62.9
2022,"DHB","Hawke's Bay","eth.mpao","Pacific",99,2046,4.8,1650,60
2022,"DHB","Hutt Valley","eth.mpao","Euro/Oth",747,1844,40.5,17510,42.7
2022,"DHB","Hutt Valley","eth.mpao","Maori",556,1844,30.2,6670,83.4
2022,"DHB","Hutt Valley","eth.mpao","Asian",356,1844,19.3,5290,67.3
2022,"DHB","Hutt Valley","eth.mpao","Pacific",185,1844,10,2770,66.8
2022,"DHB","Lakes","eth.mpao","Euro/Oth",507,1560,32.5,8600,59
2022,"DHB","Lakes","eth.mpao","Maori",841,1560,53.9,9710,86.6
2022,"DHB","Lakes","eth.mpao","Asian",165,1560,10.6,2690,61.3
2022,"DHB","Lakes","eth.mpao","Pacific",47,1560,3,650,72.3
2022,"DHB","MidCentral","eth.mpao","Euro/Oth",1112,2157,51.6,21440,51.9
2022,"DHB","MidCentral","eth.mpao","Maori",732,2157,33.9,9100,80.4
2022,"DHB","MidCentral","eth.mpao","Asian",214,2157,9.9,4110,52.1
2022,"DHB","MidCentral","eth.mpao","Pacific",99,2157,4.6,1460,67.8
2022,"DHB","Nelson Marlborough","eth.mpao","Euro/Oth",915,1387,66,19430,47.1
2022,"DHB","Nelson Marlborough","eth.mpao","Maori",271,1387,19.5,3760,72.1
2022,"DHB","Nelson Marlborough","eth.mpao","Asian",137,1387,9.9,2260,60.6
2022,"DHB","Nelson Marlborough","eth.mpao","Pacific",64,1387,4.6,710,90.1
2022,"DHB","Northland","eth.mpao","Euro/Oth",825,2365,34.9,14660,56.3
2022,"DHB","Northland","eth.mpao","Maori",1335,2365,56.4,14330,93.2
2022,"DHB","Northland","eth.mpao","Asian",142,2365,6,1920,74
2022,"DHB","Northland","eth.mpao","Pacific",63,2365,2.7,880,71.6
2022,"DHB","Northland","eth.mpao","Unknown",1,2365,NA,NA,NA
2022,"DHB","South Canterbury","eth.mpao","Euro/Oth",383,578,66.3,7610,50.3
2022,"DHB","South Canterbury","eth.mpao","Maori",94,578,16.3,1250,75.2
2022,"DHB","South Canterbury","eth.mpao","Asian",71,578,12.3,870,81.6
2022,"DHB","South Canterbury","eth.mpao","Pacific",30,578,5.2,205,146.3
2022,"DHB","Southern","eth.mpao","Euro/Oth",2206,3319,66.5,52600,41.9
2022,"DHB","Southern","eth.mpao","Maori",607,3319,18.3,9010,67.4
2022,"DHB","Southern","eth.mpao","Asian",346,3319,10.4,8260,41.9
2022,"DHB","Southern","eth.mpao","Pacific",160,3319,4.8,2080,76.9
2022,"DHB","Tairawhiti","eth.mpao","Euro/Oth",178,714,24.9,2800,63.6
2022,"DHB","Tairawhiti","eth.mpao","Maori",492,714,68.9,5880,83.7
2022,"DHB","Tairawhiti","eth.mpao","Asian",32,714,4.5,305,104.9
2022,"DHB","Tairawhiti","eth.mpao","Pacific",12,714,1.7,230,52.2
2022,"DHB","Tairawhiti","eth.mpao","Unknown",1,714,NA,NA,NA
2022,"DHB","Taranaki","eth.mpao","Euro/Oth",846,1397,60.6,14410,58.7
2022,"DHB","Taranaki","eth.mpao","Maori",406,1397,29.1,5670,71.6
2022,"DHB","Taranaki","eth.mpao","Asian",112,1397,8,1600,70
2022,"DHB","Taranaki","eth.mpao","Pacific",33,1397,2.4,400,82.5
2022,"DHB","Unknown","eth.mpao","Euro/Oth",338,679,NA,NA,NA
2022,"DHB","Unknown","eth.mpao","Maori",260,679,NA,NA,NA
2022,"DHB","Unknown","eth.mpao","Asian",36,679,NA,NA,NA
2022,"DHB","Unknown","eth.mpao","Pacific",45,679,NA,NA,NA
2022,"DHB","Unknown","eth.mpao","Unknown",15,679,NA,NA,NA
2022,"DHB","Waikato","eth.mpao","Euro/Oth",2504,5409,46.3,44620,56.1
2022,"DHB","Waikato","eth.mpao","Maori",1908,5409,35.3,24470,78
2022,"DHB","Waikato","eth.mpao","Asian",812,5409,15,14140,57.4
2022,"DHB","Waikato","eth.mpao","Pacific",185,5409,3.4,3250,56.9
2022,"DHB","Waikato","eth.mpao","Unknown",2,5409,NA,NA,NA
2022,"DHB","Wairarapa","eth.mpao","Euro/Oth",339,525,64.6,5280,64.2
2022,"DHB","Wairarapa","eth.mpao","Maori",149,525,28.4,1990,74.9
2022,"DHB","Wairarapa","eth.mpao","Asian",24,525,4.6,390,61.5
2022,"DHB","Wairarapa","eth.mpao","Pacific",13,525,2.5,220,59.1
2022,"DHB","Waitemata","eth.mpao","Euro/Oth",3261,7353,44.3,61410,53.1
2022,"DHB","Waitemata","eth.mpao","Maori",1156,7353,15.7,15110,76.5
2022,"DHB","Waitemata","eth.mpao","Asian",2123,7353,28.9,42420,50
2022,"DHB","Waitemata","eth.mpao","Pacific",813,7353,11.1,11260,72.2
2022,"DHB","West Coast","eth.mpao","Euro/Oth",195,294,66.3,3800,51.3
2022,"DHB","West Coast","eth.mpao","Maori",75,294,25.5,780,96.2
2022,"DHB","West Coast","eth.mpao","Asian",21,294,7.1,390,53.8
2022,"DHB","West Coast","eth.mpao","Pacific",3,294,1,90,33.3
2022,"DHB","Whanganui","eth.mpao","Euro/Oth",360,814,44.2,6440,55.9
2022,"DHB","Whanganui","eth.mpao","Maori",373,814,45.8,4180,89.2
2022,"DHB","Whanganui","eth.mpao","Asian",44,814,5.4,620,71
2022,"DHB","Whanganui","eth.mpao","Pacific",37,814,4.5,430,86
2008,"DHB","Auckland","parity_summary","0",2366,5531,42.8,NA,NA
2008,"DHB","Auckland","parity_summary","1",1939,5531,35.1,NA,NA
2008,"DHB","Auckland","parity_summary","2",694,5531,12.5,NA,NA
2008,"DHB","Auckland","parity_summary","3+",532,5531,9.6,NA,NA
2008,"DHB","Auckland","parity_summary","Unknown",1010,5531,NA,NA,NA
2008,"DHB","Bay of Plenty","parity_summary","0",1095,2960,37,NA,NA
2008,"DHB","Bay of Plenty","parity_summary","1",987,2960,33.3,NA,NA
2008,"DHB","Bay of Plenty","parity_summary","2",502,2960,17,NA,NA
2008,"DHB","Bay of Plenty","parity_summary","3+",376,2960,12.7,NA,NA
2008,"DHB","Bay of Plenty","parity_summary","Unknown",1,2960,NA,NA,NA
2008,"DHB","Canterbury","parity_summary","0",2725,6091,44.7,NA,NA
2008,"DHB","Canterbury","parity_summary","1",2084,6091,34.2,NA,NA
2008,"DHB","Canterbury","parity_summary","2",847,6091,13.9,NA,NA
2008,"DHB","Canterbury","parity_summary","3+",435,6091,7.1,NA,NA
2008,"DHB","Canterbury","parity_summary","Unknown",420,6091,NA,NA,NA
2008,"DHB","Capital & Coast","parity_summary","0",1814,3937,46.1,NA,NA
2008,"DHB","Capital & Coast","parity_summary","1",1302,3937,33.1,NA,NA
2008,"DHB","Capital & Coast","parity_summary","2",510,3937,13,NA,NA
2008,"DHB","Capital & Coast","parity_summary","3+",311,3937,7.9,NA,NA
2008,"DHB","Capital & Coast","parity_summary","Unknown",6,3937,NA,NA,NA
2008,"DHB","Counties Manukau","parity_summary","0",2006,6826,29.4,NA,NA
2008,"DHB","Counties Manukau","parity_summary","1",2293,6826,33.6,NA,NA
2008,"DHB","Counties Manukau","parity_summary","2",1261,6826,18.5,NA,NA
2008,"DHB","Counties Manukau","parity_summary","3+",1266,6826,18.5,NA,NA
2008,"DHB","Counties Manukau","parity_summary","Unknown",1242,6826,NA,NA,NA
2008,"DHB","Hawke's Bay","parity_summary","0",817,2124,38.5,NA,NA
2008,"DHB","Hawke's Bay","parity_summary","1",625,2124,29.4,NA,NA
2008,"DHB","Hawke's Bay","parity_summary","2",358,2124,16.9,NA,NA
2008,"DHB","Hawke's Bay","parity_summary","3+",324,2124,15.3,NA,NA
2008,"DHB","Hawke's Bay","parity_summary","Unknown",44,2124,NA,NA,NA
2008,"DHB","Hutt Valley","parity_summary","0",782,1847,42.3,NA,NA
2008,"DHB","Hutt Valley","parity_summary","1",581,1847,31.5,NA,NA
2008,"DHB","Hutt Valley","parity_summary","2",292,1847,15.8,NA,NA
2008,"DHB","Hutt Valley","parity_summary","3+",192,1847,10.4,NA,NA
2008,"DHB","Hutt Valley","parity_summary","Unknown",316,1847,NA,NA,NA
2008,"DHB","Lakes","parity_summary","0",572,1536,37.2,NA,NA
2008,"DHB","Lakes","parity_summary","1",479,1536,31.2,NA,NA
2008,"DHB","Lakes","parity_summary","2",243,1536,15.8,NA,NA
2008,"DHB","Lakes","parity_summary","3+",242,1536,15.8,NA,NA
2008,"DHB","Lakes","parity_summary","Unknown",128,1536,NA,NA,NA
2008,"DHB","MidCentral","parity_summary","0",905,2257,40.1,NA,NA
2008,"DHB","MidCentral","parity_summary","1",753,2257,33.4,NA,NA
2008,"DHB","MidCentral","parity_summary","2",340,2257,15.1,NA,NA
2008,"DHB","MidCentral","parity_summary","3+",259,2257,11.5,NA,NA
2008,"DHB","MidCentral","parity_summary","Unknown",2,2257,NA,NA,NA
2008,"DHB","Nelson Marlborough","parity_summary","0",517,1381,37.4,NA,NA
2008,"DHB","Nelson Marlborough","parity_summary","1",504,1381,36.5,NA,NA
2008,"DHB","Nelson Marlborough","parity_summary","2",246,1381,17.8,NA,NA
2008,"DHB","Nelson Marlborough","parity_summary","3+",114,1381,8.3,NA,NA
2008,"DHB","Northland","parity_summary","0",676,1987,34,NA,NA
2008,"DHB","Northland","parity_summary","1",642,1987,32.3,NA,NA
2008,"DHB","Northland","parity_summary","2",325,1987,16.4,NA,NA
2008,"DHB","Northland","parity_summary","3+",344,1987,17.3,NA,NA
2008,"DHB","Northland","parity_summary","Unknown",64,1987,NA,NA,NA
2008,"DHB","South Canterbury","parity_summary","0",248,613,40.5,NA,NA
2008,"DHB","South Canterbury","parity_summary","1",204,613,33.3,NA,NA
2008,"DHB","South Canterbury","parity_summary","2",101,613,16.5,NA,NA
2008,"DHB","South Canterbury","parity_summary","3+",60,613,9.8,NA,NA
2008,"DHB","South Canterbury","parity_summary","Unknown",1,613,NA,NA,NA
2008,"DHB","Southern","parity_summary","0",1421,3414,41.6,NA,NA
2008,"DHB","Southern","parity_summary","1",1201,3414,35.2,NA,NA
2008,"DHB","Southern","parity_summary","2",502,3414,14.7,NA,NA
2008,"DHB","Southern","parity_summary","3+",290,3414,8.5,NA,NA
2008,"DHB","Southern","parity_summary","Unknown",3,3414,NA,NA,NA
2008,"DHB","Tairawhiti","parity_summary","0",289,834,34.7,NA,NA
2008,"DHB","Tairawhiti","parity_summary","1",229,834,27.5,NA,NA
2008,"DHB","Tairawhiti","parity_summary","2",156,834,18.7,NA,NA
2008,"DHB","Tairawhiti","parity_summary","3+",160,834,19.2,NA,NA
2008,"DHB","Taranaki","parity_summary","0",662,1611,41.1,NA,NA
2008,"DHB","Taranaki","parity_summary","1",497,1611,30.9,NA,NA
2008,"DHB","Taranaki","parity_summary","2",269,1611,16.7,NA,NA
2008,"DHB","Taranaki","parity_summary","3+",183,1611,11.4,NA,NA
2008,"DHB","Unknown","parity_summary","0",61,231,NA,NA,NA
2008,"DHB","Unknown","parity_summary","1",73,231,NA,NA,NA
2008,"DHB","Unknown","parity_summary","2",45,231,NA,NA,NA
2008,"DHB","Unknown","parity_summary","3+",52,231,NA,NA,NA
2008,"DHB","Unknown","parity_summary","Unknown",15,231,NA,NA,NA
2008,"DHB","Waikato","parity_summary","0",2029,5175,39.2,NA,NA
2008,"DHB","Waikato","parity_summary","1",1617,5175,31.2,NA,NA
2008,"DHB","Waikato","parity_summary","2",827,5175,16,NA,NA
2008,"DHB","Waikato","parity_summary","3+",702,5175,13.6,NA,NA
2008,"DHB","Waikato","parity_summary","Unknown",5,5175,NA,NA,NA
2008,"DHB","Wairarapa","parity_summary","0",166,422,39.3,NA,NA
2008,"DHB","Wairarapa","parity_summary","1",130,422,30.8,NA,NA
2008,"DHB","Wairarapa","parity_summary","2",85,422,20.1,NA,NA
2008,"DHB","Wairarapa","parity_summary","3+",41,422,9.7,NA,NA
2008,"DHB","Wairarapa","parity_summary","Unknown",1,422,NA,NA,NA
2008,"DHB","Waitemata","parity_summary","0",2810,6546,42.9,NA,NA
2008,"DHB","Waitemata","parity_summary","1",2298,6546,35.1,NA,NA
2008,"DHB","Waitemata","parity_summary","2",890,6546,13.6,NA,NA
2008,"DHB","Waitemata","parity_summary","3+",548,6546,8.4,NA,NA
2008,"DHB","Waitemata","parity_summary","Unknown",305,6546,NA,NA,NA
2008,"DHB","West Coast","parity_summary","0",59,147,40.1,NA,NA
2008,"DHB","West Coast","parity_summary","1",43,147,29.3,NA,NA
2008,"DHB","West Coast","parity_summary","2",22,147,15,NA,NA
2008,"DHB","West Coast","parity_summary","3+",23,147,15.6,NA,NA
2008,"DHB","West Coast","parity_summary","Unknown",25,147,NA,NA,NA
2008,"DHB","Whanganui","parity_summary","0",282,821,34.3,NA,NA
2008,"DHB","Whanganui","parity_summary","1",283,821,34.5,NA,NA
2008,"DHB","Whanganui","parity_summary","2",134,821,16.3,NA,NA
2008,"DHB","Whanganui","parity_summary","3+",122,821,14.9,NA,NA
2008,"DHB","Whanganui","parity_summary","Unknown",5,821,NA,NA,NA
2009,"DHB","Auckland","parity_summary","0",2466,5717,43.1,NA,NA
2009,"DHB","Auckland","parity_summary","1",2017,5717,35.3,NA,NA
2009,"DHB","Auckland","parity_summary","2",739,5717,12.9,NA,NA
2009,"DHB","Auckland","parity_summary","3+",495,5717,8.7,NA,NA
2009,"DHB","Auckland","parity_summary","Unknown",1039,5717,NA,NA,NA
2009,"DHB","Bay of Plenty","parity_summary","0",1121,2974,37.7,NA,NA
2009,"DHB","Bay of Plenty","parity_summary","1",931,2974,31.3,NA,NA
2009,"DHB","Bay of Plenty","parity_summary","2",502,2974,16.9,NA,NA
2009,"DHB","Bay of Plenty","parity_summary","3+",420,2974,14.1,NA,NA
2009,"DHB","Bay of Plenty","parity_summary","Unknown",3,2974,NA,NA,NA
2009,"DHB","Canterbury","parity_summary","0",2616,6173,42.4,NA,NA
2009,"DHB","Canterbury","parity_summary","1",2223,6173,36,NA,NA
2009,"DHB","Canterbury","parity_summary","2",880,6173,14.3,NA,NA
2009,"DHB","Canterbury","parity_summary","3+",454,6173,7.4,NA,NA
2009,"DHB","Canterbury","parity_summary","Unknown",283,6173,NA,NA,NA
2009,"DHB","Capital & Coast","parity_summary","0",1778,3889,45.7,NA,NA
2009,"DHB","Capital & Coast","parity_summary","1",1298,3889,33.4,NA,NA
2009,"DHB","Capital & Coast","parity_summary","2",520,3889,13.4,NA,NA
2009,"DHB","Capital & Coast","parity_summary","3+",293,3889,7.5,NA,NA
2009,"DHB","Capital & Coast","parity_summary","Unknown",4,3889,NA,NA,NA
2009,"DHB","Counties Manukau","parity_summary","0",2053,6846,30,NA,NA
2009,"DHB","Counties Manukau","parity_summary","1",2341,6846,34.2,NA,NA
2009,"DHB","Counties Manukau","parity_summary","2",1186,6846,17.3,NA,NA
2009,"DHB","Counties Manukau","parity_summary","3+",1266,6846,18.5,NA,NA
2009,"DHB","Counties Manukau","parity_summary","Unknown",1119,6846,NA,NA,NA
2009,"DHB","Hawke's Bay","parity_summary","0",796,2230,35.7,NA,NA
2009,"DHB","Hawke's Bay","parity_summary","1",765,2230,34.3,NA,NA
2009,"DHB","Hawke's Bay","parity_summary","2",353,2230,15.8,NA,NA
2009,"DHB","Hawke's Bay","parity_summary","3+",316,2230,14.2,NA,NA
2009,"DHB","Hawke's Bay","parity_summary","Unknown",36,2230,NA,NA,NA
2009,"DHB","Hutt Valley","parity_summary","0",796,1943,41,NA,NA
2009,"DHB","Hutt Valley","parity_summary","1",677,1943,34.8,NA,NA
2009,"DHB","Hutt Valley","parity_summary","2",283,1943,14.6,NA,NA
2009,"DHB","Hutt Valley","parity_summary","3+",187,1943,9.6,NA,NA
2009,"DHB","Hutt Valley","parity_summary","Unknown",186,1943,NA,NA,NA
2009,"DHB","Lakes","parity_summary","0",613,1593,38.5,NA,NA
2009,"DHB","Lakes","parity_summary","1",490,1593,30.8,NA,NA
2009,"DHB","Lakes","parity_summary","2",271,1593,17,NA,NA
2009,"DHB","Lakes","parity_summary","3+",219,1593,13.7,NA,NA
2009,"DHB","Lakes","parity_summary","Unknown",43,1593,NA,NA,NA
2009,"DHB","MidCentral","parity_summary","0",835,2171,38.5,NA,NA
2009,"DHB","MidCentral","parity_summary","1",700,2171,32.2,NA,NA
2009,"DHB","MidCentral","parity_summary","2",336,2171,15.5,NA,NA
2009,"DHB","MidCentral","parity_summary","3+",300,2171,13.8,NA,NA
2009,"DHB","MidCentral","parity_summary","Unknown",2,2171,NA,NA,NA
2009,"DHB","Nelson Marlborough","parity_summary","0",517,1253,41.3,NA,NA
2009,"DHB","Nelson Marlborough","parity_summary","1",431,1253,34.4,NA,NA
2009,"DHB","Nelson Marlborough","parity_summary","2",205,1253,16.4,NA,NA
2009,"DHB","Nelson Marlborough","parity_summary","3+",100,1253,8,NA,NA
2009,"DHB","Northland","parity_summary","0",758,2101,36.1,NA,NA
2009,"DHB","Northland","parity_summary","1",612,2101,29.1,NA,NA
2009,"DHB","Northland","parity_summary","2",359,2101,17.1,NA,NA
2009,"DHB","Northland","parity_summary","3+",372,2101,17.7,NA,NA
2009,"DHB","Northland","parity_summary","Unknown",42,2101,NA,NA,NA
2009,"DHB","South Canterbury","parity_summary","0",243,652,37.3,NA,NA
2009,"DHB","South Canterbury","parity_summary","1",242,652,37.1,NA,NA
2009,"DHB","South Canterbury","parity_summary","2",110,652,16.9,NA,NA
2009,"DHB","South Canterbury","parity_summary","3+",57,652,8.7,NA,NA
2009,"DHB","Southern","parity_summary","0",1503,3587,41.9,NA,NA
2009,"DHB","Southern","parity_summary","1",1199,3587,33.4,NA,NA
2009,"DHB","Southern","parity_summary","2",582,3587,16.2,NA,NA
2009,"DHB","Southern","parity_summary","3+",303,3587,8.4,NA,NA
2009,"DHB","Southern","parity_summary","Unknown",1,3587,NA,NA,NA
2009,"DHB","Tairawhiti","parity_summary","0",254,756,33.6,NA,NA
2009,"DHB","Tairawhiti","parity_summary","1",214,756,28.3,NA,NA
2009,"DHB","Tairawhiti","parity_summary","2",148,756,19.6,NA,NA
2009,"DHB","Tairawhiti","parity_summary","3+",140,756,18.5,NA,NA
2009,"DHB","Taranaki","parity_summary","0",587,1598,36.7,NA,NA
2009,"DHB","Taranaki","parity_summary","1",557,1598,34.9,NA,NA
2009,"DHB","Taranaki","parity_summary","2",272,1598,17,NA,NA
2009,"DHB","Taranaki","parity_summary","3+",182,1598,11.4,NA,NA
2009,"DHB","Taranaki","parity_summary","Unknown",1,1598,NA,NA,NA
2009,"DHB","Unknown","parity_summary","0",65,271,NA,NA,NA
2009,"DHB","Unknown","parity_summary","1",99,271,NA,NA,NA
2009,"DHB","Unknown","parity_summary","2",53,271,NA,NA,NA
2009,"DHB","Unknown","parity_summary","3+",54,271,NA,NA,NA
2009,"DHB","Unknown","parity_summary","Unknown",17,271,NA,NA,NA
2009,"DHB","Waikato","parity_summary","0",1924,5043,38.2,NA,NA
2009,"DHB","Waikato","parity_summary","1",1579,5043,31.3,NA,NA
2009,"DHB","Waikato","parity_summary","2",849,5043,16.8,NA,NA
2009,"DHB","Waikato","parity_summary","3+",691,5043,13.7,NA,NA
2009,"DHB","Waikato","parity_summary","Unknown",7,5043,NA,NA,NA
2009,"DHB","Wairarapa","parity_summary","0",187,469,39.9,NA,NA
2009,"DHB","Wairarapa","parity_summary","1",154,469,32.8,NA,NA
2009,"DHB","Wairarapa","parity_summary","2",76,469,16.2,NA,NA
2009,"DHB","Wairarapa","parity_summary","3+",52,469,11.1,NA,NA
2009,"DHB","Wairarapa","parity_summary","Unknown",2,469,NA,NA,NA
2009,"DHB","Waitemata","parity_summary","0",2906,7065,41.1,NA,NA
2009,"DHB","Waitemata","parity_summary","1",2495,7065,35.3,NA,NA
2009,"DHB","Waitemata","parity_summary","2",1004,7065,14.2,NA,NA
2009,"DHB","Waitemata","parity_summary","3+",660,7065,9.3,NA,NA
2009,"DHB","Waitemata","parity_summary","Unknown",462,7065,NA,NA,NA
2009,"DHB","West Coast","parity_summary","0",47,145,32.4,NA,NA
2009,"DHB","West Coast","parity_summary","1",49,145,33.8,NA,NA
2009,"DHB","West Coast","parity_summary","2",22,145,15.2,NA,NA
2009,"DHB","West Coast","parity_summary","3+",27,145,18.6,NA,NA
2009,"DHB","West Coast","parity_summary","Unknown",13,145,NA,NA,NA
2009,"DHB","Whanganui","parity_summary","0",292,820,35.6,NA,NA
2009,"DHB","Whanganui","parity_summary","1",250,820,30.5,NA,NA
2009,"DHB","Whanganui","parity_summary","2",149,820,18.2,NA,NA
2009,"DHB","Whanganui","parity_summary","3+",129,820,15.7,NA,NA
2009,"DHB","Whanganui","parity_summary","Unknown",2,820,NA,NA,NA
2010,"DHB","Auckland","parity_summary","0",2445,5802,42.1,NA,NA
2010,"DHB","Auckland","parity_summary","1",2084,5802,35.9,NA,NA
2010,"DHB","Auckland","parity_summary","2",752,5802,13,NA,NA
2010,"DHB","Auckland","parity_summary","3+",521,5802,9,NA,NA
2010,"DHB","Auckland","parity_summary","Unknown",873,5802,NA,NA,NA
2010,"DHB","Bay of Plenty","parity_summary","0",1115,3008,37.1,NA,NA
2010,"DHB","Bay of Plenty","parity_summary","1",984,3008,32.7,NA,NA
2010,"DHB","Bay of Plenty","parity_summary","2",478,3008,15.9,NA,NA
2010,"DHB","Bay of Plenty","parity_summary","3+",431,3008,14.3,NA,NA
2010,"DHB","Canterbury","parity_summary","0",2687,6299,42.7,NA,NA
2010,"DHB","Canterbury","parity_summary","1",2281,6299,36.2,NA,NA
2010,"DHB","Canterbury","parity_summary","2",888,6299,14.1,NA,NA
2010,"DHB","Canterbury","parity_summary","3+",443,6299,7,NA,NA
2010,"DHB","Canterbury","parity_summary","Unknown",282,6299,NA,NA,NA
2010,"DHB","Capital & Coast","parity_summary","0",1683,3844,43.8,NA,NA
2010,"DHB","Capital & Coast","parity_summary","1",1315,3844,34.2,NA,NA
2010,"DHB","Capital & Coast","parity_summary","2",561,3844,14.6,NA,NA
2010,"DHB","Capital & Coast","parity_summary","3+",285,3844,7.4,NA,NA
2010,"DHB","Capital & Coast","parity_summary","Unknown",1,3844,NA,NA,NA
2010,"DHB","Counties Manukau","parity_summary","0",2164,7099,30.5,NA,NA
2010,"DHB","Counties Manukau","parity_summary","1",2363,7099,33.3,NA,NA
2010,"DHB","Counties Manukau","parity_summary","2",1241,7099,17.5,NA,NA
2010,"DHB","Counties Manukau","parity_summary","3+",1331,7099,18.7,NA,NA
2010,"DHB","Counties Manukau","parity_summary","Unknown",1066,7099,NA,NA,NA
2010,"DHB","Hawke's Bay","parity_summary","0",793,2146,37,NA,NA
2010,"DHB","Hawke's Bay","parity_summary","1",680,2146,31.7,NA,NA
2010,"DHB","Hawke's Bay","parity_summary","2",363,2146,16.9,NA,NA
2010,"DHB","Hawke's Bay","parity_summary","3+",310,2146,14.4,NA,NA
2010,"DHB","Hawke's Bay","parity_summary","Unknown",87,2146,NA,NA,NA
2010,"DHB","Hutt Valley","parity_summary","0",814,1975,41.2,NA,NA
2010,"DHB","Hutt Valley","parity_summary","1",712,1975,36.1,NA,NA
2010,"DHB","Hutt Valley","parity_summary","2",285,1975,14.4,NA,NA
2010,"DHB","Hutt Valley","parity_summary","3+",164,1975,8.3,NA,NA
2010,"DHB","Hutt Valley","parity_summary","Unknown",89,1975,NA,NA,NA
2010,"DHB","Lakes","parity_summary","0",532,1532,34.7,NA,NA
2010,"DHB","Lakes","parity_summary","1",532,1532,34.7,NA,NA
2010,"DHB","Lakes","parity_summary","2",256,1532,16.7,NA,NA
2010,"DHB","Lakes","parity_summary","3+",212,1532,13.8,NA,NA
2010,"DHB","Lakes","parity_summary","Unknown",44,1532,NA,NA,NA
2010,"DHB","MidCentral","parity_summary","0",870,2318,37.5,NA,NA
2010,"DHB","MidCentral","parity_summary","1",755,2318,32.6,NA,NA
2010,"DHB","MidCentral","parity_summary","2",423,2318,18.2,NA,NA
2010,"DHB","MidCentral","parity_summary","3+",270,2318,11.6,NA,NA
2010,"DHB","MidCentral","parity_summary","Unknown",1,2318,NA,NA,NA
2010,"DHB","Nelson Marlborough","parity_summary","0",507,1327,38.2,NA,NA
2010,"DHB","Nelson Marlborough","parity_summary","1",465,1327,35,NA,NA
2010,"DHB","Nelson Marlborough","parity_summary","2",237,1327,17.9,NA,NA
2010,"DHB","Nelson Marlborough","parity_summary","3+",118,1327,8.9,NA,NA
2010,"DHB","Northland","parity_summary","0",814,2278,35.7,NA,NA
2010,"DHB","Northland","parity_summary","1",658,2278,28.9,NA,NA
2010,"DHB","Northland","parity_summary","2",404,2278,17.7,NA,NA
2010,"DHB","Northland","parity_summary","3+",402,2278,17.6,NA,NA
2010,"DHB","Northland","parity_summary","Unknown",47,2278,NA,NA,NA
2010,"DHB","South Canterbury","parity_summary","0",271,647,41.9,NA,NA
2010,"DHB","South Canterbury","parity_summary","1",207,647,32,NA,NA
2010,"DHB","South Canterbury","parity_summary","2",125,647,19.3,NA,NA
2010,"DHB","South Canterbury","parity_summary","3+",44,647,6.8,NA,NA
2010,"DHB","South Canterbury","parity_summary","Unknown",5,647,NA,NA,NA
2010,"DHB","Southern","parity_summary","0",1544,3597,42.9,NA,NA
2010,"DHB","Southern","parity_summary","1",1175,3597,32.7,NA,NA
2010,"DHB","Southern","parity_summary","2",598,3597,16.6,NA,NA
2010,"DHB","Southern","parity_summary","3+",280,3597,7.8,NA,NA
2010,"DHB","Southern","parity_summary","Unknown",1,3597,NA,NA,NA
2010,"DHB","Tairawhiti","parity_summary","0",266,753,35.3,NA,NA
2010,"DHB","Tairawhiti","parity_summary","1",219,753,29.1,NA,NA
2010,"DHB","Tairawhiti","parity_summary","2",118,753,15.7,NA,NA
2010,"DHB","Tairawhiti","parity_summary","3+",150,753,19.9,NA,NA
2010,"DHB","Tairawhiti","parity_summary","Unknown",1,753,NA,NA,NA
2010,"DHB","Taranaki","parity_summary","0",586,1570,37.3,NA,NA
2010,"DHB","Taranaki","parity_summary","1",577,1570,36.8,NA,NA
2010,"DHB","Taranaki","parity_summary","2",244,1570,15.5,NA,NA
2010,"DHB","Taranaki","parity_summary","3+",163,1570,10.4,NA,NA
2010,"DHB","Taranaki","parity_summary","Unknown",1,1570,NA,NA,NA
2010,"DHB","Unknown","parity_summary","0",53,209,NA,NA,NA
2010,"DHB","Unknown","parity_summary","1",60,209,NA,NA,NA
2010,"DHB","Unknown","parity_summary","2",38,209,NA,NA,NA
2010,"DHB","Unknown","parity_summary","3+",58,209,NA,NA,NA
2010,"DHB","Unknown","parity_summary","Unknown",11,209,NA,NA,NA
2010,"DHB","Waikato","parity_summary","0",2011,5161,39,NA,NA
2010,"DHB","Waikato","parity_summary","1",1637,5161,31.7,NA,NA
2010,"DHB","Waikato","parity_summary","2",841,5161,16.3,NA,NA
2010,"DHB","Waikato","parity_summary","3+",672,5161,13,NA,NA
2010,"DHB","Waikato","parity_summary","Unknown",6,5161,NA,NA,NA
2010,"DHB","Wairarapa","parity_summary","0",186,494,37.7,NA,NA
2010,"DHB","Wairarapa","parity_summary","1",162,494,32.8,NA,NA
2010,"DHB","Wairarapa","parity_summary","2",91,494,18.4,NA,NA
2010,"DHB","Wairarapa","parity_summary","3+",55,494,11.1,NA,NA
2010,"DHB","Waitemata","parity_summary","0",3106,7343,42.3,NA,NA
2010,"DHB","Waitemata","parity_summary","1",2613,7343,35.6,NA,NA
2010,"DHB","Waitemata","parity_summary","2",999,7343,13.6,NA,NA
2010,"DHB","Waitemata","parity_summary","3+",625,7343,8.5,NA,NA
2010,"DHB","Waitemata","parity_summary","Unknown",396,7343,NA,NA,NA
2010,"DHB","West Coast","parity_summary","0",32,119,26.9,NA,NA
2010,"DHB","West Coast","parity_summary","1",40,119,33.6,NA,NA
2010,"DHB","West Coast","parity_summary","2",21,119,17.6,NA,NA
2010,"DHB","West Coast","parity_summary","3+",26,119,21.8,NA,NA
2010,"DHB","West Coast","parity_summary","Unknown",21,119,NA,NA,NA
2010,"DHB","Whanganui","parity_summary","0",311,805,38.6,NA,NA
2010,"DHB","Whanganui","parity_summary","1",247,805,30.7,NA,NA
2010,"DHB","Whanganui","parity_summary","2",132,805,16.4,NA,NA
2010,"DHB","Whanganui","parity_summary","3+",115,805,14.3,NA,NA
2010,"DHB","Whanganui","parity_summary","Unknown",2,805,NA,NA,NA
2011,"DHB","Auckland","parity_summary","0",2459,5776,42.6,NA,NA
2011,"DHB","Auckland","parity_summary","1",2073,5776,35.9,NA,NA
2011,"DHB","Auckland","parity_summary","2",708,5776,12.3,NA,NA
2011,"DHB","Auckland","parity_summary","3+",536,5776,9.3,NA,NA
2011,"DHB","Auckland","parity_summary","Unknown",721,5776,NA,NA,NA
2011,"DHB","Bay of Plenty","parity_summary","0",1067,2856,37.4,NA,NA
2011,"DHB","Bay of Plenty","parity_summary","1",892,2856,31.2,NA,NA
2011,"DHB","Bay of Plenty","parity_summary","2",499,2856,17.5,NA,NA
2011,"DHB","Bay of Plenty","parity_summary","3+",398,2856,13.9,NA,NA
2011,"DHB","Canterbury","parity_summary","0",2432,5746,42.3,NA,NA
2011,"DHB","Canterbury","parity_summary","1",2124,5746,37,NA,NA
2011,"DHB","Canterbury","parity_summary","2",801,5746,13.9,NA,NA
2011,"DHB","Canterbury","parity_summary","3+",389,5746,6.8,NA,NA
2011,"DHB","Canterbury","parity_summary","Unknown",234,5746,NA,NA,NA
2011,"DHB","Capital & Coast","parity_summary","0",1692,3727,45.4,NA,NA
2011,"DHB","Capital & Coast","parity_summary","1",1297,3727,34.8,NA,NA
2011,"DHB","Capital & Coast","parity_summary","2",452,3727,12.1,NA,NA
2011,"DHB","Capital & Coast","parity_summary","3+",286,3727,7.7,NA,NA
2011,"DHB","Capital & Coast","parity_summary","Unknown",2,3727,NA,NA,NA
2011,"DHB","Counties Manukau","parity_summary","0",2132,7241,29.4,NA,NA
2011,"DHB","Counties Manukau","parity_summary","1",2399,7241,33.1,NA,NA
2011,"DHB","Counties Manukau","parity_summary","2",1292,7241,17.8,NA,NA
2011,"DHB","Counties Manukau","parity_summary","3+",1418,7241,19.6,NA,NA
2011,"DHB","Counties Manukau","parity_summary","Unknown",1012,7241,NA,NA,NA
2011,"DHB","Hawke's Bay","parity_summary","0",726,2090,34.7,NA,NA
2011,"DHB","Hawke's Bay","parity_summary","1",651,2090,31.1,NA,NA
2011,"DHB","Hawke's Bay","parity_summary","2",375,2090,17.9,NA,NA
2011,"DHB","Hawke's Bay","parity_summary","3+",338,2090,16.2,NA,NA
2011,"DHB","Hawke's Bay","parity_summary","Unknown",82,2090,NA,NA,NA
2011,"DHB","Hutt Valley","parity_summary","0",742,1855,40,NA,NA
2011,"DHB","Hutt Valley","parity_summary","1",672,1855,36.2,NA,NA
2011,"DHB","Hutt Valley","parity_summary","2",275,1855,14.8,NA,NA
2011,"DHB","Hutt Valley","parity_summary","3+",166,1855,8.9,NA,NA
2011,"DHB","Hutt Valley","parity_summary","Unknown",118,1855,NA,NA,NA
2011,"DHB","Lakes","parity_summary","0",549,1553,35.4,NA,NA
2011,"DHB","Lakes","parity_summary","1",498,1553,32.1,NA,NA
2011,"DHB","Lakes","parity_summary","2",252,1553,16.2,NA,NA
2011,"DHB","Lakes","parity_summary","3+",254,1553,16.4,NA,NA
2011,"DHB","Lakes","parity_summary","Unknown",12,1553,NA,NA,NA
2011,"DHB","MidCentral","parity_summary","0",840,2239,37.5,NA,NA
2011,"DHB","MidCentral","parity_summary","1",703,2239,31.4,NA,NA
2011,"DHB","MidCentral","parity_summary","2",392,2239,17.5,NA,NA
2011,"DHB","MidCentral","parity_summary","3+",304,2239,13.6,NA,NA
2011,"DHB","MidCentral","parity_summary","Unknown",2,2239,NA,NA,NA
2011,"DHB","Nelson Marlborough","parity_summary","0",580,1390,41.7,NA,NA
2011,"DHB","Nelson Marlborough","parity_summary","1",496,1390,35.7,NA,NA
2011,"DHB","Nelson Marlborough","parity_summary","2",201,1390,14.5,NA,NA
2011,"DHB","Nelson Marlborough","parity_summary","3+",113,1390,8.1,NA,NA
2011,"DHB","Northland","parity_summary","0",720,2179,33,NA,NA
2011,"DHB","Northland","parity_summary","1",668,2179,30.7,NA,NA
2011,"DHB","Northland","parity_summary","2",401,2179,18.4,NA,NA
2011,"DHB","Northland","parity_summary","3+",390,2179,17.9,NA,NA
2011,"DHB","Northland","parity_summary","Unknown",26,2179,NA,NA,NA
2011,"DHB","South Canterbury","parity_summary","0",241,570,42.3,NA,NA
2011,"DHB","South Canterbury","parity_summary","1",201,570,35.3,NA,NA
2011,"DHB","South Canterbury","parity_summary","2",80,570,14,NA,NA
2011,"DHB","South Canterbury","parity_summary","3+",48,570,8.4,NA,NA
2011,"DHB","Southern","parity_summary","0",1493,3629,41.1,NA,NA
2011,"DHB","Southern","parity_summary","1",1283,3629,35.4,NA,NA
2011,"DHB","Southern","parity_summary","2",563,3629,15.5,NA,NA
2011,"DHB","Southern","parity_summary","3+",290,3629,8,NA,NA
2011,"DHB","Southern","parity_summary","Unknown",3,3629,NA,NA,NA
2011,"DHB","Tairawhiti","parity_summary","0",261,734,35.6,NA,NA
2011,"DHB","Tairawhiti","parity_summary","1",197,734,26.8,NA,NA
2011,"DHB","Tairawhiti","parity_summary","2",132,734,18,NA,NA
2011,"DHB","Tairawhiti","parity_summary","3+",144,734,19.6,NA,NA
2011,"DHB","Taranaki","parity_summary","0",593,1534,38.7,NA,NA
2011,"DHB","Taranaki","parity_summary","1",490,1534,31.9,NA,NA
2011,"DHB","Taranaki","parity_summary","2",272,1534,17.7,NA,NA
2011,"DHB","Taranaki","parity_summary","3+",179,1534,11.7,NA,NA
2011,"DHB","Taranaki","parity_summary","Unknown",1,1534,NA,NA,NA
2011,"DHB","Unknown","parity_summary","0",49,189,NA,NA,NA
2011,"DHB","Unknown","parity_summary","1",68,189,NA,NA,NA
2011,"DHB","Unknown","parity_summary","2",38,189,NA,NA,NA
2011,"DHB","Unknown","parity_summary","3+",34,189,NA,NA,NA
2011,"DHB","Unknown","parity_summary","Unknown",25,189,NA,NA,NA
2011,"DHB","Waikato","parity_summary","0",1881,4994,37.7,NA,NA
2011,"DHB","Waikato","parity_summary","1",1663,4994,33.3,NA,NA
2011,"DHB","Waikato","parity_summary","2",786,4994,15.7,NA,NA
2011,"DHB","Waikato","parity_summary","3+",664,4994,13.3,NA,NA
2011,"DHB","Waikato","parity_summary","Unknown",1,4994,NA,NA,NA
2011,"DHB","Wairarapa","parity_summary","0",198,516,38.4,NA,NA
2011,"DHB","Wairarapa","parity_summary","1",150,516,29.1,NA,NA
2011,"DHB","Wairarapa","parity_summary","2",96,516,18.6,NA,NA
2011,"DHB","Wairarapa","parity_summary","3+",72,516,14,NA,NA
2011,"DHB","Wairarapa","parity_summary","Unknown",1,516,NA,NA,NA
2011,"DHB","Waitemata","parity_summary","0",3277,7572,43.3,NA,NA
2011,"DHB","Waitemata","parity_summary","1",2640,7572,34.9,NA,NA
2011,"DHB","Waitemata","parity_summary","2",1036,7572,13.7,NA,NA
2011,"DHB","Waitemata","parity_summary","3+",619,7572,8.2,NA,NA
2011,"DHB","Waitemata","parity_summary","Unknown",209,7572,NA,NA,NA
2011,"DHB","West Coast","parity_summary","0",42,137,30.7,NA,NA
2011,"DHB","West Coast","parity_summary","1",48,137,35,NA,NA
2011,"DHB","West Coast","parity_summary","2",23,137,16.8,NA,NA
2011,"DHB","West Coast","parity_summary","3+",24,137,17.5,NA,NA
2011,"DHB","West Coast","parity_summary","Unknown",9,137,NA,NA,NA
2011,"DHB","Whanganui","parity_summary","0",262,716,36.6,NA,NA
2011,"DHB","Whanganui","parity_summary","1",217,716,30.3,NA,NA
2011,"DHB","Whanganui","parity_summary","2",133,716,18.6,NA,NA
2011,"DHB","Whanganui","parity_summary","3+",104,716,14.5,NA,NA
2012,"DHB","Auckland","parity_summary","0",2652,5745,46.2,NA,NA
2012,"DHB","Auckland","parity_summary","1",1964,5745,34.2,NA,NA
2012,"DHB","Auckland","parity_summary","2",683,5745,11.9,NA,NA
2012,"DHB","Auckland","parity_summary","3+",446,5745,7.8,NA,NA
2012,"DHB","Auckland","parity_summary","Unknown",909,5745,NA,NA,NA
2012,"DHB","Bay of Plenty","parity_summary","0",1135,2966,38.3,NA,NA
2012,"DHB","Bay of Plenty","parity_summary","1",939,2966,31.7,NA,NA
2012,"DHB","Bay of Plenty","parity_summary","2",514,2966,17.3,NA,NA
2012,"DHB","Bay of Plenty","parity_summary","3+",378,2966,12.7,NA,NA
2012,"DHB","Bay of Plenty","parity_summary","Unknown",2,2966,NA,NA,NA
2012,"DHB","Canterbury","parity_summary","0",2536,5894,43,NA,NA
2012,"DHB","Canterbury","parity_summary","1",2074,5894,35.2,NA,NA
2012,"DHB","Canterbury","parity_summary","2",869,5894,14.7,NA,NA
2012,"DHB","Canterbury","parity_summary","3+",415,5894,7,NA,NA
2012,"DHB","Canterbury","parity_summary","Unknown",91,5894,NA,NA,NA
2012,"DHB","Capital & Coast","parity_summary","0",1638,3677,44.5,NA,NA
2012,"DHB","Capital & Coast","parity_summary","1",1262,3677,34.3,NA,NA
2012,"DHB","Capital & Coast","parity_summary","2",509,3677,13.8,NA,NA
2012,"DHB","Capital & Coast","parity_summary","3+",268,3677,7.3,NA,NA
2012,"DHB","Capital & Coast","parity_summary","Unknown",1,3677,NA,NA,NA
2012,"DHB","Counties Manukau","parity_summary","0",2232,7300,30.6,NA,NA
2012,"DHB","Counties Manukau","parity_summary","1",2518,7300,34.5,NA,NA
2012,"DHB","Counties Manukau","parity_summary","2",1227,7300,16.8,NA,NA
2012,"DHB","Counties Manukau","parity_summary","3+",1323,7300,18.1,NA,NA
2012,"DHB","Counties Manukau","parity_summary","Unknown",964,7300,NA,NA,NA
2012,"DHB","Hawke's Bay","parity_summary","0",788,2150,36.7,NA,NA
2012,"DHB","Hawke's Bay","parity_summary","1",702,2150,32.7,NA,NA
2012,"DHB","Hawke's Bay","parity_summary","2",361,2150,16.8,NA,NA
2012,"DHB","Hawke's Bay","parity_summary","3+",299,2150,13.9,NA,NA
2012,"DHB","Hawke's Bay","parity_summary","Unknown",48,2150,NA,NA,NA
2012,"DHB","Hutt Valley","parity_summary","0",830,1886,44,NA,NA
2012,"DHB","Hutt Valley","parity_summary","1",667,1886,35.4,NA,NA
2012,"DHB","Hutt Valley","parity_summary","2",236,1886,12.5,NA,NA
2012,"DHB","Hutt Valley","parity_summary","3+",153,1886,8.1,NA,NA
2012,"DHB","Hutt Valley","parity_summary","Unknown",45,1886,NA,NA,NA
2012,"DHB","Lakes","parity_summary","0",549,1535,35.8,NA,NA
2012,"DHB","Lakes","parity_summary","1",467,1535,30.4,NA,NA
2012,"DHB","Lakes","parity_summary","2",295,1535,19.2,NA,NA
2012,"DHB","Lakes","parity_summary","3+",224,1535,14.6,NA,NA
2012,"DHB","Lakes","parity_summary","Unknown",5,1535,NA,NA,NA
2012,"DHB","MidCentral","parity_summary","0",789,2081,37.9,NA,NA
2012,"DHB","MidCentral","parity_summary","1",675,2081,32.4,NA,NA
2012,"DHB","MidCentral","parity_summary","2",361,2081,17.3,NA,NA
2012,"DHB","MidCentral","parity_summary","3+",256,2081,12.3,NA,NA
2012,"DHB","MidCentral","parity_summary","Unknown",37,2081,NA,NA,NA
2012,"DHB","Nelson Marlborough","parity_summary","0",498,1325,37.6,NA,NA
2012,"DHB","Nelson Marlborough","parity_summary","1",492,1325,37.1,NA,NA
2012,"DHB","Nelson Marlborough","parity_summary","2",217,1325,16.4,NA,NA
2012,"DHB","Nelson Marlborough","parity_summary","3+",118,1325,8.9,NA,NA
2012,"DHB","Northland","parity_summary","0",753,2210,34.1,NA,NA
2012,"DHB","Northland","parity_summary","1",664,2210,30,NA,NA
2012,"DHB","Northland","parity_summary","2",343,2210,15.5,NA,NA
2012,"DHB","Northland","parity_summary","3+",450,2210,20.4,NA,NA
2012,"DHB","Northland","parity_summary","Unknown",23,2210,NA,NA,NA
2012,"DHB","South Canterbury","parity_summary","0",268,648,41.4,NA,NA
2012,"DHB","South Canterbury","parity_summary","1",217,648,33.5,NA,NA
2012,"DHB","South Canterbury","parity_summary","2",108,648,16.7,NA,NA
2012,"DHB","South Canterbury","parity_summary","3+",55,648,8.5,NA,NA
2012,"DHB","Southern","parity_summary","0",1438,3535,40.7,NA,NA
2012,"DHB","Southern","parity_summary","1",1263,3535,35.7,NA,NA
2012,"DHB","Southern","parity_summary","2",552,3535,15.6,NA,NA
2012,"DHB","Southern","parity_summary","3+",282,3535,8,NA,NA
2012,"DHB","Southern","parity_summary","Unknown",3,3535,NA,NA,NA
2012,"DHB","Tairawhiti","parity_summary","0",250,731,34.2,NA,NA
2012,"DHB","Tairawhiti","parity_summary","1",203,731,27.8,NA,NA
2012,"DHB","Tairawhiti","parity_summary","2",146,731,20,NA,NA
2012,"DHB","Tairawhiti","parity_summary","3+",132,731,18.1,NA,NA
2012,"DHB","Taranaki","parity_summary","0",597,1539,38.8,NA,NA
2012,"DHB","Taranaki","parity_summary","1",508,1539,33,NA,NA
2012,"DHB","Taranaki","parity_summary","2",249,1539,16.2,NA,NA
2012,"DHB","Taranaki","parity_summary","3+",185,1539,12,NA,NA
2012,"DHB","Taranaki","parity_summary","Unknown",1,1539,NA,NA,NA
2012,"DHB","Unknown","parity_summary","0",49,189,NA,NA,NA
2012,"DHB","Unknown","parity_summary","1",61,189,NA,NA,NA
2012,"DHB","Unknown","parity_summary","2",39,189,NA,NA,NA
2012,"DHB","Unknown","parity_summary","3+",40,189,NA,NA,NA
2012,"DHB","Unknown","parity_summary","Unknown",23,189,NA,NA,NA
2012,"DHB","Waikato","parity_summary","0",1936,5156,37.5,NA,NA
2012,"DHB","Waikato","parity_summary","1",1665,5156,32.3,NA,NA
2012,"DHB","Waikato","parity_summary","2",840,5156,16.3,NA,NA
2012,"DHB","Waikato","parity_summary","3+",715,5156,13.9,NA,NA
2012,"DHB","Waikato","parity_summary","Unknown",2,5156,NA,NA,NA
2012,"DHB","Wairarapa","parity_summary","0",192,504,38.1,NA,NA
2012,"DHB","Wairarapa","parity_summary","1",168,504,33.3,NA,NA
2012,"DHB","Wairarapa","parity_summary","2",80,504,15.9,NA,NA
2012,"DHB","Wairarapa","parity_summary","3+",64,504,12.7,NA,NA
2012,"DHB","Waitemata","parity_summary","0",3317,7616,43.6,NA,NA
2012,"DHB","Waitemata","parity_summary","1",2657,7616,34.9,NA,NA
2012,"DHB","Waitemata","parity_summary","2",1015,7616,13.3,NA,NA
2012,"DHB","Waitemata","parity_summary","3+",627,7616,8.2,NA,NA
2012,"DHB","Waitemata","parity_summary","Unknown",171,7616,NA,NA,NA
2012,"DHB","West Coast","parity_summary","0",42,139,30.2,NA,NA
2012,"DHB","West Coast","parity_summary","1",34,139,24.5,NA,NA
2012,"DHB","West Coast","parity_summary","2",28,139,20.1,NA,NA
2012,"DHB","West Coast","parity_summary","3+",35,139,25.2,NA,NA
2012,"DHB","West Coast","parity_summary","Unknown",140,139,NA,NA,NA
2012,"DHB","Whanganui","parity_summary","0",295,821,35.9,NA,NA
2012,"DHB","Whanganui","parity_summary","1",256,821,31.2,NA,NA
2012,"DHB","Whanganui","parity_summary","2",126,821,15.3,NA,NA
2012,"DHB","Whanganui","parity_summary","3+",144,821,17.5,NA,NA
2012,"DHB","Whanganui","parity_summary","Unknown",2,821,NA,NA,NA
2013,"DHB","Auckland","parity_summary","0",2467,5667,43.5,NA,NA
2013,"DHB","Auckland","parity_summary","1",2014,5667,35.5,NA,NA
2013,"DHB","Auckland","parity_summary","2",718,5667,12.7,NA,NA
2013,"DHB","Auckland","parity_summary","3+",468,5667,8.3,NA,NA
2013,"DHB","Auckland","parity_summary","Unknown",512,5667,NA,NA,NA
2013,"DHB","Bay of Plenty","parity_summary","0",1037,2745,37.8,NA,NA
2013,"DHB","Bay of Plenty","parity_summary","1",897,2745,32.7,NA,NA
2013,"DHB","Bay of Plenty","parity_summary","2",440,2745,16,NA,NA
2013,"DHB","Bay of Plenty","parity_summary","3+",371,2745,13.5,NA,NA
2013,"DHB","Bay of Plenty","parity_summary","Unknown",1,2745,NA,NA,NA
2013,"DHB","Canterbury","parity_summary","0",2466,5814,42.4,NA,NA
2013,"DHB","Canterbury","parity_summary","1",2061,5814,35.4,NA,NA
2013,"DHB","Canterbury","parity_summary","2",870,5814,15,NA,NA
2013,"DHB","Canterbury","parity_summary","3+",417,5814,7.2,NA,NA
2013,"DHB","Canterbury","parity_summary","Unknown",9,5814,NA,NA,NA
2013,"DHB","Capital & Coast","parity_summary","0",1527,3432,44.5,NA,NA
2013,"DHB","Capital & Coast","parity_summary","1",1194,3432,34.8,NA,NA
2013,"DHB","Capital & Coast","parity_summary","2",472,3432,13.8,NA,NA
2013,"DHB","Capital & Coast","parity_summary","3+",239,3432,7,NA,NA
2013,"DHB","Capital & Coast","parity_summary","Unknown",2,3432,NA,NA,NA
2013,"DHB","Counties Manukau","parity_summary","0",2229,6991,31.9,NA,NA
2013,"DHB","Counties Manukau","parity_summary","1",2334,6991,33.4,NA,NA
2013,"DHB","Counties Manukau","parity_summary","2",1187,6991,17,NA,NA
2013,"DHB","Counties Manukau","parity_summary","3+",1241,6991,17.8,NA,NA
2013,"DHB","Counties Manukau","parity_summary","Unknown",820,6991,NA,NA,NA
2013,"DHB","Hawke's Bay","parity_summary","0",722,2044,35.3,NA,NA
2013,"DHB","Hawke's Bay","parity_summary","1",664,2044,32.5,NA,NA
2013,"DHB","Hawke's Bay","parity_summary","2",338,2044,16.5,NA,NA
2013,"DHB","Hawke's Bay","parity_summary","3+",320,2044,15.7,NA,NA
2013,"DHB","Hawke's Bay","parity_summary","Unknown",52,2044,NA,NA,NA
2013,"DHB","Hutt Valley","parity_summary","0",717,1797,39.9,NA,NA
2013,"DHB","Hutt Valley","parity_summary","1",649,1797,36.1,NA,NA
2013,"DHB","Hutt Valley","parity_summary","2",268,1797,14.9,NA,NA
2013,"DHB","Hutt Valley","parity_summary","3+",163,1797,9.1,NA,NA
2013,"DHB","Hutt Valley","parity_summary","Unknown",28,1797,NA,NA,NA
2013,"DHB","Lakes","parity_summary","0",514,1409,36.5,NA,NA
2013,"DHB","Lakes","parity_summary","1",435,1409,30.9,NA,NA
2013,"DHB","Lakes","parity_summary","2",247,1409,17.5,NA,NA
2013,"DHB","Lakes","parity_summary","3+",213,1409,15.1,NA,NA
2013,"DHB","Lakes","parity_summary","Unknown",8,1409,NA,NA,NA
2013,"DHB","MidCentral","parity_summary","0",784,2042,38.4,NA,NA
2013,"DHB","MidCentral","parity_summary","1",670,2042,32.8,NA,NA
2013,"DHB","MidCentral","parity_summary","2",329,2042,16.1,NA,NA
2013,"DHB","MidCentral","parity_summary","3+",259,2042,12.7,NA,NA
2013,"DHB","MidCentral","parity_summary","Unknown",65,2042,NA,NA,NA
2013,"DHB","Nelson Marlborough","parity_summary","0",556,1365,40.7,NA,NA
2013,"DHB","Nelson Marlborough","parity_summary","1",485,1365,35.5,NA,NA
2013,"DHB","Nelson Marlborough","parity_summary","2",204,1365,14.9,NA,NA
2013,"DHB","Nelson Marlborough","parity_summary","3+",120,1365,8.8,NA,NA
2013,"DHB","Northland","parity_summary","0",681,2056,33.1,NA,NA
2013,"DHB","Northland","parity_summary","1",605,2056,29.4,NA,NA
2013,"DHB","Northland","parity_summary","2",352,2056,17.1,NA,NA
2013,"DHB","Northland","parity_summary","3+",418,2056,20.3,NA,NA
2013,"DHB","Northland","parity_summary","Unknown",14,2056,NA,NA,NA
2013,"DHB","South Canterbury","parity_summary","0",250,640,39.1,NA,NA
2013,"DHB","South Canterbury","parity_summary","1",218,640,34.1,NA,NA
2013,"DHB","South Canterbury","parity_summary","2",109,640,17,NA,NA
2013,"DHB","South Canterbury","parity_summary","3+",63,640,9.8,NA,NA
2013,"DHB","Southern","parity_summary","0",1387,3422,40.5,NA,NA
2013,"DHB","Southern","parity_summary","1",1245,3422,36.4,NA,NA
2013,"DHB","Southern","parity_summary","2",512,3422,15,NA,NA
2013,"DHB","Southern","parity_summary","3+",278,3422,8.1,NA,NA
2013,"DHB","Southern","parity_summary","Unknown",1,3422,NA,NA,NA
2013,"DHB","Tairawhiti","parity_summary","0",234,694,33.7,NA,NA
2013,"DHB","Tairawhiti","parity_summary","1",240,694,34.6,NA,NA
2013,"DHB","Tairawhiti","parity_summary","2",109,694,15.7,NA,NA
2013,"DHB","Tairawhiti","parity_summary","3+",111,694,16,NA,NA
2013,"DHB","Taranaki","parity_summary","0",591,1509,39.2,NA,NA
2013,"DHB","Taranaki","parity_summary","1",506,1509,33.5,NA,NA
2013,"DHB","Taranaki","parity_summary","2",242,1509,16,NA,NA
2013,"DHB","Taranaki","parity_summary","3+",170,1509,11.3,NA,NA
2013,"DHB","Unknown","parity_summary","0",63,250,NA,NA,NA
2013,"DHB","Unknown","parity_summary","1",73,250,NA,NA,NA
2013,"DHB","Unknown","parity_summary","2",56,250,NA,NA,NA
2013,"DHB","Unknown","parity_summary","3+",58,250,NA,NA,NA
2013,"DHB","Unknown","parity_summary","Unknown",25,250,NA,NA,NA
2013,"DHB","Waikato","parity_summary","0",1877,4960,37.8,NA,NA
2013,"DHB","Waikato","parity_summary","1",1616,4960,32.6,NA,NA
2013,"DHB","Waikato","parity_summary","2",817,4960,16.5,NA,NA
2013,"DHB","Waikato","parity_summary","3+",650,4960,13.1,NA,NA
2013,"DHB","Waikato","parity_summary","Unknown",3,4960,NA,NA,NA
2013,"DHB","Wairarapa","parity_summary","0",191,482,39.6,NA,NA
2013,"DHB","Wairarapa","parity_summary","1",159,482,33,NA,NA
2013,"DHB","Wairarapa","parity_summary","2",75,482,15.6,NA,NA
2013,"DHB","Wairarapa","parity_summary","3+",57,482,11.8,NA,NA
2013,"DHB","Waitemata","parity_summary","0",3221,7431,43.3,NA,NA
2013,"DHB","Waitemata","parity_summary","1",2617,7431,35.2,NA,NA
2013,"DHB","Waitemata","parity_summary","2",1010,7431,13.6,NA,NA
2013,"DHB","Waitemata","parity_summary","3+",583,7431,7.8,NA,NA
2013,"DHB","Waitemata","parity_summary","Unknown",111,7431,NA,NA,NA
2013,"DHB","West Coast","parity_summary","0",52,160,32.5,NA,NA
2013,"DHB","West Coast","parity_summary","1",43,160,26.9,NA,NA
2013,"DHB","West Coast","parity_summary","2",31,160,19.4,NA,NA
2013,"DHB","West Coast","parity_summary","3+",34,160,21.2,NA,NA
2013,"DHB","West Coast","parity_summary","Unknown",154,160,NA,NA,NA
2013,"DHB","Whanganui","parity_summary","0",252,771,32.7,NA,NA
2013,"DHB","Whanganui","parity_summary","1",251,771,32.6,NA,NA
2013,"DHB","Whanganui","parity_summary","2",147,771,19.1,NA,NA
2013,"DHB","Whanganui","parity_summary","3+",121,771,15.7,NA,NA
2013,"DHB","Whanganui","parity_summary","Unknown",6,771,NA,NA,NA
2014,"DHB","Auckland","parity_summary","0",2472,5688,43.5,NA,NA
2014,"DHB","Auckland","parity_summary","1",2034,5688,35.8,NA,NA
2014,"DHB","Auckland","parity_summary","2",689,5688,12.1,NA,NA
2014,"DHB","Auckland","parity_summary","3+",493,5688,8.7,NA,NA
2014,"DHB","Auckland","parity_summary","Unknown",573,5688,NA,NA,NA
2014,"DHB","Bay of Plenty","parity_summary","0",1046,2772,37.7,NA,NA
2014,"DHB","Bay of Plenty","parity_summary","1",904,2772,32.6,NA,NA
2014,"DHB","Bay of Plenty","parity_summary","2",444,2772,16,NA,NA
2014,"DHB","Bay of Plenty","parity_summary","3+",378,2772,13.6,NA,NA
2014,"DHB","Canterbury","parity_summary","0",2477,5977,41.4,NA,NA
2014,"DHB","Canterbury","parity_summary","1",2149,5977,36,NA,NA
2014,"DHB","Canterbury","parity_summary","2",895,5977,15,NA,NA
2014,"DHB","Canterbury","parity_summary","3+",456,5977,7.6,NA,NA
2014,"DHB","Canterbury","parity_summary","Unknown",1,5977,NA,NA,NA
2014,"DHB","Capital & Coast","parity_summary","0",1544,3361,45.9,NA,NA
2014,"DHB","Capital & Coast","parity_summary","1",1172,3361,34.9,NA,NA
2014,"DHB","Capital & Coast","parity_summary","2",418,3361,12.4,NA,NA
2014,"DHB","Capital & Coast","parity_summary","3+",227,3361,6.8,NA,NA
2014,"DHB","Capital & Coast","parity_summary","Unknown",1,3361,NA,NA,NA
2014,"DHB","Counties Manukau","parity_summary","0",2529,7379,34.3,NA,NA
2014,"DHB","Counties Manukau","parity_summary","1",2444,7379,33.1,NA,NA
2014,"DHB","Counties Manukau","parity_summary","2",1175,7379,15.9,NA,NA
2014,"DHB","Counties Manukau","parity_summary","3+",1231,7379,16.7,NA,NA
2014,"DHB","Counties Manukau","parity_summary","Unknown",637,7379,NA,NA,NA
2014,"DHB","Hawke's Bay","parity_summary","0",721,1984,36.3,NA,NA
2014,"DHB","Hawke's Bay","parity_summary","1",641,1984,32.3,NA,NA
2014,"DHB","Hawke's Bay","parity_summary","2",337,1984,17,NA,NA
2014,"DHB","Hawke's Bay","parity_summary","3+",285,1984,14.4,NA,NA
2014,"DHB","Hawke's Bay","parity_summary","Unknown",38,1984,NA,NA,NA
2014,"DHB","Hutt Valley","parity_summary","0",724,1776,40.8,NA,NA
2014,"DHB","Hutt Valley","parity_summary","1",639,1776,36,NA,NA
2014,"DHB","Hutt Valley","parity_summary","2",259,1776,14.6,NA,NA
2014,"DHB","Hutt Valley","parity_summary","3+",154,1776,8.7,NA,NA
2014,"DHB","Hutt Valley","parity_summary","Unknown",21,1776,NA,NA,NA
2014,"DHB","Lakes","parity_summary","0",506,1379,36.7,NA,NA
2014,"DHB","Lakes","parity_summary","1",422,1379,30.6,NA,NA
2014,"DHB","Lakes","parity_summary","2",230,1379,16.7,NA,NA
2014,"DHB","Lakes","parity_summary","3+",221,1379,16,NA,NA
2014,"DHB","Lakes","parity_summary","Unknown",3,1379,NA,NA,NA
2014,"DHB","MidCentral","parity_summary","0",760,2037,37.3,NA,NA
2014,"DHB","MidCentral","parity_summary","1",661,2037,32.4,NA,NA
2014,"DHB","MidCentral","parity_summary","2",340,2037,16.7,NA,NA
2014,"DHB","MidCentral","parity_summary","3+",276,2037,13.5,NA,NA
2014,"DHB","MidCentral","parity_summary","Unknown",7,2037,NA,NA,NA
2014,"DHB","Nelson Marlborough","parity_summary","0",533,1291,41.3,NA,NA
2014,"DHB","Nelson Marlborough","parity_summary","1",451,1291,34.9,NA,NA
2014,"DHB","Nelson Marlborough","parity_summary","2",202,1291,15.6,NA,NA
2014,"DHB","Nelson Marlborough","parity_summary","3+",105,1291,8.1,NA,NA
2014,"DHB","Northland","parity_summary","0",668,2036,32.8,NA,NA
2014,"DHB","Northland","parity_summary","1",617,2036,30.3,NA,NA
2014,"DHB","Northland","parity_summary","2",362,2036,17.8,NA,NA
2014,"DHB","Northland","parity_summary","3+",389,2036,19.1,NA,NA
2014,"DHB","Northland","parity_summary","Unknown",10,2036,NA,NA,NA
2014,"DHB","South Canterbury","parity_summary","0",250,650,38.5,NA,NA
2014,"DHB","South Canterbury","parity_summary","1",226,650,34.8,NA,NA
2014,"DHB","South Canterbury","parity_summary","2",118,650,18.2,NA,NA
2014,"DHB","South Canterbury","parity_summary","3+",56,650,8.6,NA,NA
2014,"DHB","Southern","parity_summary","0",1270,3266,38.9,NA,NA
2014,"DHB","Southern","parity_summary","1",1201,3266,36.8,NA,NA
2014,"DHB","Southern","parity_summary","2",525,3266,16.1,NA,NA
2014,"DHB","Southern","parity_summary","3+",270,3266,8.3,NA,NA
2014,"DHB","Southern","parity_summary","Unknown",1,3266,NA,NA,NA
2014,"DHB","Tairawhiti","parity_summary","0",221,679,32.5,NA,NA
2014,"DHB","Tairawhiti","parity_summary","1",217,679,32,NA,NA
2014,"DHB","Tairawhiti","parity_summary","2",113,679,16.6,NA,NA
2014,"DHB","Tairawhiti","parity_summary","3+",128,679,18.9,NA,NA
2014,"DHB","Taranaki","parity_summary","0",585,1512,38.7,NA,NA
2014,"DHB","Taranaki","parity_summary","1",512,1512,33.9,NA,NA
2014,"DHB","Taranaki","parity_summary","2",255,1512,16.9,NA,NA
2014,"DHB","Taranaki","parity_summary","3+",160,1512,10.6,NA,NA
2014,"DHB","Taranaki","parity_summary","Unknown",1,1512,NA,NA,NA
2014,"DHB","Unknown","parity_summary","0",111,326,NA,NA,NA
2014,"DHB","Unknown","parity_summary","1",100,326,NA,NA,NA
2014,"DHB","Unknown","parity_summary","2",58,326,NA,NA,NA
2014,"DHB","Unknown","parity_summary","3+",57,326,NA,NA,NA
2014,"DHB","Unknown","parity_summary","Unknown",22,326,NA,NA,NA
2014,"DHB","Waikato","parity_summary","0",1889,5036,37.5,NA,NA
2014,"DHB","Waikato","parity_summary","1",1648,5036,32.7,NA,NA
2014,"DHB","Waikato","parity_summary","2",836,5036,16.6,NA,NA
2014,"DHB","Waikato","parity_summary","3+",663,5036,13.2,NA,NA
2014,"DHB","Waikato","parity_summary","Unknown",4,5036,NA,NA,NA
2014,"DHB","Wairarapa","parity_summary","0",163,471,34.6,NA,NA
2014,"DHB","Wairarapa","parity_summary","1",174,471,36.9,NA,NA
2014,"DHB","Wairarapa","parity_summary","2",80,471,17,NA,NA
2014,"DHB","Wairarapa","parity_summary","3+",54,471,11.5,NA,NA
2014,"DHB","Waitemata","parity_summary","0",3310,7668,43.2,NA,NA
2014,"DHB","Waitemata","parity_summary","1",2847,7668,37.1,NA,NA
2014,"DHB","Waitemata","parity_summary","2",960,7668,12.5,NA,NA
2014,"DHB","Waitemata","parity_summary","3+",551,7668,7.2,NA,NA
2014,"DHB","Waitemata","parity_summary","Unknown",114,7668,NA,NA,NA
2014,"DHB","West Coast","parity_summary","0",48,174,27.6,NA,NA
2014,"DHB","West Coast","parity_summary","1",57,174,32.8,NA,NA
2014,"DHB","West Coast","parity_summary","2",34,174,19.5,NA,NA
2014,"DHB","West Coast","parity_summary","3+",35,174,20.1,NA,NA
2014,"DHB","Whanganui","parity_summary","0",260,776,33.5,NA,NA
2014,"DHB","Whanganui","parity_summary","1",243,776,31.3,NA,NA
2014,"DHB","Whanganui","parity_summary","2",127,776,16.4,NA,NA
2014,"DHB","Whanganui","parity_summary","3+",146,776,18.8,NA,NA
2014,"DHB","Whanganui","parity_summary","Unknown",1,776,NA,NA,NA
2015,"DHB","Auckland","parity_summary","0",2388,5383,44.4,NA,NA
2015,"DHB","Auckland","parity_summary","1",1895,5383,35.2,NA,NA
2015,"DHB","Auckland","parity_summary","2",672,5383,12.5,NA,NA
2015,"DHB","Auckland","parity_summary","3+",428,5383,8,NA,NA
2015,"DHB","Auckland","parity_summary","Unknown",438,5383,NA,NA,NA
2015,"DHB","Bay of Plenty","parity_summary","0",1057,2777,38.1,NA,NA
2015,"DHB","Bay of Plenty","parity_summary","1",939,2777,33.8,NA,NA
2015,"DHB","Bay of Plenty","parity_summary","2",422,2777,15.2,NA,NA
2015,"DHB","Bay of Plenty","parity_summary","3+",359,2777,12.9,NA,NA
2015,"DHB","Canterbury","parity_summary","0",2727,6192,44,NA,NA
2015,"DHB","Canterbury","parity_summary","1",2112,6192,34.1,NA,NA
2015,"DHB","Canterbury","parity_summary","2",878,6192,14.2,NA,NA
2015,"DHB","Canterbury","parity_summary","3+",475,6192,7.7,NA,NA
2015,"DHB","Capital & Coast","parity_summary","0",1524,3409,44.7,NA,NA
2015,"DHB","Capital & Coast","parity_summary","1",1210,3409,35.5,NA,NA
2015,"DHB","Capital & Coast","parity_summary","2",449,3409,13.2,NA,NA
2015,"DHB","Capital & Coast","parity_summary","3+",226,3409,6.6,NA,NA
2015,"DHB","Capital & Coast","parity_summary","Unknown",1,3409,NA,NA,NA
2015,"DHB","Counties Manukau","parity_summary","0",2571,7014,36.7,NA,NA
2015,"DHB","Counties Manukau","parity_summary","1",2306,7014,32.9,NA,NA
2015,"DHB","Counties Manukau","parity_summary","2",1092,7014,15.6,NA,NA
2015,"DHB","Counties Manukau","parity_summary","3+",1045,7014,14.9,NA,NA
2015,"DHB","Counties Manukau","parity_summary","Unknown",328,7014,NA,NA,NA
2015,"DHB","Hawke's Bay","parity_summary","0",654,1904,34.3,NA,NA
2015,"DHB","Hawke's Bay","parity_summary","1",622,1904,32.7,NA,NA
2015,"DHB","Hawke's Bay","parity_summary","2",342,1904,18,NA,NA
2015,"DHB","Hawke's Bay","parity_summary","3+",286,1904,15,NA,NA
2015,"DHB","Hawke's Bay","parity_summary","Unknown",17,1904,NA,NA,NA
2015,"DHB","Hutt Valley","parity_summary","0",797,1871,42.6,NA,NA
2015,"DHB","Hutt Valley","parity_summary","1",618,1871,33,NA,NA
2015,"DHB","Hutt Valley","parity_summary","2",300,1871,16,NA,NA
2015,"DHB","Hutt Valley","parity_summary","3+",156,1871,8.3,NA,NA
2015,"DHB","Hutt Valley","parity_summary","Unknown",42,1871,NA,NA,NA
2015,"DHB","Lakes","parity_summary","0",559,1497,37.3,NA,NA
2015,"DHB","Lakes","parity_summary","1",455,1497,30.4,NA,NA
2015,"DHB","Lakes","parity_summary","2",272,1497,18.2,NA,NA
2015,"DHB","Lakes","parity_summary","3+",211,1497,14.1,NA,NA
2015,"DHB","Lakes","parity_summary","Unknown",1,1497,NA,NA,NA
2015,"DHB","MidCentral","parity_summary","0",789,2034,38.8,NA,NA
2015,"DHB","MidCentral","parity_summary","1",652,2034,32.1,NA,NA
2015,"DHB","MidCentral","parity_summary","2",339,2034,16.7,NA,NA
2015,"DHB","MidCentral","parity_summary","3+",254,2034,12.5,NA,NA
2015,"DHB","Nelson Marlborough","parity_summary","0",486,1237,39.3,NA,NA
2015,"DHB","Nelson Marlborough","parity_summary","1",440,1237,35.6,NA,NA
2015,"DHB","Nelson Marlborough","parity_summary","2",205,1237,16.6,NA,NA
2015,"DHB","Nelson Marlborough","parity_summary","3+",106,1237,8.6,NA,NA
2015,"DHB","Northland","parity_summary","0",680,2068,32.9,NA,NA
2015,"DHB","Northland","parity_summary","1",639,2068,30.9,NA,NA
2015,"DHB","Northland","parity_summary","2",368,2068,17.8,NA,NA
2015,"DHB","Northland","parity_summary","3+",381,2068,18.4,NA,NA
2015,"DHB","Northland","parity_summary","Unknown",6,2068,NA,NA,NA
2015,"DHB","South Canterbury","parity_summary","0",248,657,37.7,NA,NA
2015,"DHB","South Canterbury","parity_summary","1",246,657,37.4,NA,NA
2015,"DHB","South Canterbury","parity_summary","2",98,657,14.9,NA,NA
2015,"DHB","South Canterbury","parity_summary","3+",65,657,9.9,NA,NA
2015,"DHB","Southern","parity_summary","0",1410,3402,41.4,NA,NA
2015,"DHB","Southern","parity_summary","1",1187,3402,34.9,NA,NA
2015,"DHB","Southern","parity_summary","2",539,3402,15.8,NA,NA
2015,"DHB","Southern","parity_summary","3+",266,3402,7.8,NA,NA
2015,"DHB","Tairawhiti","parity_summary","0",244,730,33.4,NA,NA
2015,"DHB","Tairawhiti","parity_summary","1",231,730,31.6,NA,NA
2015,"DHB","Tairawhiti","parity_summary","2",127,730,17.4,NA,NA
2015,"DHB","Tairawhiti","parity_summary","3+",128,730,17.5,NA,NA
2015,"DHB","Taranaki","parity_summary","0",569,1510,37.7,NA,NA
2015,"DHB","Taranaki","parity_summary","1",500,1510,33.1,NA,NA
2015,"DHB","Taranaki","parity_summary","2",281,1510,18.6,NA,NA
2015,"DHB","Taranaki","parity_summary","3+",160,1510,10.6,NA,NA
2015,"DHB","Unknown","parity_summary","0",58,249,NA,NA,NA
2015,"DHB","Unknown","parity_summary","1",90,249,NA,NA,NA
2015,"DHB","Unknown","parity_summary","2",52,249,NA,NA,NA
2015,"DHB","Unknown","parity_summary","3+",49,249,NA,NA,NA
2015,"DHB","Unknown","parity_summary","Unknown",19,249,NA,NA,NA
2015,"DHB","Waikato","parity_summary","0",1946,5129,37.9,NA,NA
2015,"DHB","Waikato","parity_summary","1",1666,5129,32.5,NA,NA
2015,"DHB","Waikato","parity_summary","2",838,5129,16.3,NA,NA
2015,"DHB","Waikato","parity_summary","3+",679,5129,13.2,NA,NA
2015,"DHB","Waikato","parity_summary","Unknown",1,5129,NA,NA,NA
2015,"DHB","Wairarapa","parity_summary","0",183,461,39.7,NA,NA
2015,"DHB","Wairarapa","parity_summary","1",150,461,32.5,NA,NA
2015,"DHB","Wairarapa","parity_summary","2",86,461,18.7,NA,NA
2015,"DHB","Wairarapa","parity_summary","3+",42,461,9.1,NA,NA
2015,"DHB","Waitemata","parity_summary","0",3184,7370,43.2,NA,NA
2015,"DHB","Waitemata","parity_summary","1",2666,7370,36.2,NA,NA
2015,"DHB","Waitemata","parity_summary","2",979,7370,13.3,NA,NA
2015,"DHB","Waitemata","parity_summary","3+",541,7370,7.3,NA,NA
2015,"DHB","Waitemata","parity_summary","Unknown",94,7370,NA,NA,NA
2015,"DHB","West Coast","parity_summary","0",138,345,40,NA,NA
2015,"DHB","West Coast","parity_summary","1",110,345,31.9,NA,NA
2015,"DHB","West Coast","parity_summary","2",45,345,13,NA,NA
2015,"DHB","West Coast","parity_summary","3+",52,345,15.1,NA,NA
2015,"DHB","Whanganui","parity_summary","0",271,775,35,NA,NA
2015,"DHB","Whanganui","parity_summary","1",246,775,31.7,NA,NA
2015,"DHB","Whanganui","parity_summary","2",141,775,18.2,NA,NA
2015,"DHB","Whanganui","parity_summary","3+",117,775,15.1,NA,NA
2016,"DHB","Auckland","parity_summary","0",2367,5344,44.3,NA,NA
2016,"DHB","Auckland","parity_summary","1",1936,5344,36.2,NA,NA
2016,"DHB","Auckland","parity_summary","2",659,5344,12.3,NA,NA
2016,"DHB","Auckland","parity_summary","3+",382,5344,7.1,NA,NA
2016,"DHB","Auckland","parity_summary","Unknown",429,5344,NA,NA,NA
2016,"DHB","Bay of Plenty","parity_summary","0",1071,2878,37.2,NA,NA
2016,"DHB","Bay of Plenty","parity_summary","1",970,2878,33.7,NA,NA
2016,"DHB","Bay of Plenty","parity_summary","2",470,2878,16.3,NA,NA
2016,"DHB","Bay of Plenty","parity_summary","3+",367,2878,12.8,NA,NA
2016,"DHB","Canterbury","parity_summary","0",2721,6286,43.3,NA,NA
2016,"DHB","Canterbury","parity_summary","1",2212,6286,35.2,NA,NA
2016,"DHB","Canterbury","parity_summary","2",859,6286,13.7,NA,NA
2016,"DHB","Canterbury","parity_summary","3+",494,6286,7.9,NA,NA
2016,"DHB","Capital & Coast","parity_summary","0",1482,3351,44.2,NA,NA
2016,"DHB","Capital & Coast","parity_summary","1",1173,3351,35,NA,NA
2016,"DHB","Capital & Coast","parity_summary","2",454,3351,13.5,NA,NA
2016,"DHB","Capital & Coast","parity_summary","3+",242,3351,7.2,NA,NA
2016,"DHB","Counties Manukau","parity_summary","0",2635,6772,38.9,NA,NA
2016,"DHB","Counties Manukau","parity_summary","1",2244,6772,33.1,NA,NA
2016,"DHB","Counties Manukau","parity_summary","2",974,6772,14.4,NA,NA
2016,"DHB","Counties Manukau","parity_summary","3+",919,6772,13.6,NA,NA
2016,"DHB","Counties Manukau","parity_summary","Unknown",48,6772,NA,NA,NA
2016,"DHB","Hawke's Bay","parity_summary","0",712,1988,35.8,NA,NA
2016,"DHB","Hawke's Bay","parity_summary","1",652,1988,32.8,NA,NA
2016,"DHB","Hawke's Bay","parity_summary","2",327,1988,16.4,NA,NA
2016,"DHB","Hawke's Bay","parity_summary","3+",297,1988,14.9,NA,NA
2016,"DHB","Hawke's Bay","parity_summary","Unknown",28,1988,NA,NA,NA
2016,"DHB","Hutt Valley","parity_summary","0",810,1867,43.4,NA,NA
2016,"DHB","Hutt Valley","parity_summary","1",653,1867,35,NA,NA
2016,"DHB","Hutt Valley","parity_summary","2",248,1867,13.3,NA,NA
2016,"DHB","Hutt Valley","parity_summary","3+",156,1867,8.4,NA,NA
2016,"DHB","Hutt Valley","parity_summary","Unknown",33,1867,NA,NA,NA
2016,"DHB","Lakes","parity_summary","0",546,1526,35.8,NA,NA
2016,"DHB","Lakes","parity_summary","1",476,1526,31.2,NA,NA
2016,"DHB","Lakes","parity_summary","2",240,1526,15.7,NA,NA
2016,"DHB","Lakes","parity_summary","3+",264,1526,17.3,NA,NA
2016,"DHB","Lakes","parity_summary","Unknown",4,1526,NA,NA,NA
2016,"DHB","MidCentral","parity_summary","0",736,1992,36.9,NA,NA
2016,"DHB","MidCentral","parity_summary","1",641,1992,32.2,NA,NA
2016,"DHB","MidCentral","parity_summary","2",340,1992,17.1,NA,NA
2016,"DHB","MidCentral","parity_summary","3+",275,1992,13.8,NA,NA
2016,"DHB","Nelson Marlborough","parity_summary","0",560,1352,41.4,NA,NA
2016,"DHB","Nelson Marlborough","parity_summary","1",483,1352,35.7,NA,NA
2016,"DHB","Nelson Marlborough","parity_summary","2",195,1352,14.4,NA,NA
2016,"DHB","Nelson Marlborough","parity_summary","3+",114,1352,8.4,NA,NA
2016,"DHB","Nelson Marlborough","parity_summary","Unknown",1,1352,NA,NA,NA
2016,"DHB","Northland","parity_summary","0",737,2181,33.8,NA,NA
2016,"DHB","Northland","parity_summary","1",683,2181,31.3,NA,NA
2016,"DHB","Northland","parity_summary","2",376,2181,17.2,NA,NA
2016,"DHB","Northland","parity_summary","3+",385,2181,17.7,NA,NA
2016,"DHB","Northland","parity_summary","Unknown",1,2181,NA,NA,NA
2016,"DHB","South Canterbury","parity_summary","0",256,648,39.5,NA,NA
2016,"DHB","South Canterbury","parity_summary","1",224,648,34.6,NA,NA
2016,"DHB","South Canterbury","parity_summary","2",119,648,18.4,NA,NA
2016,"DHB","South Canterbury","parity_summary","3+",49,648,7.6,NA,NA
2016,"DHB","Southern","parity_summary","0",1409,3304,42.6,NA,NA
2016,"DHB","Southern","parity_summary","1",1127,3304,34.1,NA,NA
2016,"DHB","Southern","parity_summary","2",509,3304,15.4,NA,NA
2016,"DHB","Southern","parity_summary","3+",259,3304,7.8,NA,NA
2016,"DHB","Southern","parity_summary","Unknown",1,3304,NA,NA,NA
2016,"DHB","Tairawhiti","parity_summary","0",251,768,32.7,NA,NA
2016,"DHB","Tairawhiti","parity_summary","1",229,768,29.8,NA,NA
2016,"DHB","Tairawhiti","parity_summary","2",155,768,20.2,NA,NA
2016,"DHB","Tairawhiti","parity_summary","3+",133,768,17.3,NA,NA
2016,"DHB","Taranaki","parity_summary","0",549,1425,38.5,NA,NA
2016,"DHB","Taranaki","parity_summary","1",459,1425,32.2,NA,NA
2016,"DHB","Taranaki","parity_summary","2",259,1425,18.2,NA,NA
2016,"DHB","Taranaki","parity_summary","3+",158,1425,11.1,NA,NA
2016,"DHB","Taranaki","parity_summary","Unknown",2,1425,NA,NA,NA
2016,"DHB","Unknown","parity_summary","0",84,297,NA,NA,NA
2016,"DHB","Unknown","parity_summary","1",91,297,NA,NA,NA
2016,"DHB","Unknown","parity_summary","2",53,297,NA,NA,NA
2016,"DHB","Unknown","parity_summary","3+",69,297,NA,NA,NA
2016,"DHB","Unknown","parity_summary","Unknown",30,297,NA,NA,NA
2016,"DHB","Waikato","parity_summary","0",1937,5216,37.1,NA,NA
2016,"DHB","Waikato","parity_summary","1",1715,5216,32.9,NA,NA
2016,"DHB","Waikato","parity_summary","2",851,5216,16.3,NA,NA
2016,"DHB","Waikato","parity_summary","3+",713,5216,13.7,NA,NA
2016,"DHB","Waikato","parity_summary","Unknown",1,5216,NA,NA,NA
2016,"DHB","Wairarapa","parity_summary","0",158,459,34.4,NA,NA
2016,"DHB","Wairarapa","parity_summary","1",166,459,36.2,NA,NA
2016,"DHB","Wairarapa","parity_summary","2",74,459,16.1,NA,NA
2016,"DHB","Wairarapa","parity_summary","3+",61,459,13.3,NA,NA
2016,"DHB","Waitemata","parity_summary","0",3352,7720,43.4,NA,NA
2016,"DHB","Waitemata","parity_summary","1",2859,7720,37,NA,NA
2016,"DHB","Waitemata","parity_summary","2",964,7720,12.5,NA,NA
2016,"DHB","Waitemata","parity_summary","3+",545,7720,7.1,NA,NA
2016,"DHB","Waitemata","parity_summary","Unknown",94,7720,NA,NA,NA
2016,"DHB","West Coast","parity_summary","0",101,315,32.1,NA,NA
2016,"DHB","West Coast","parity_summary","1",116,315,36.8,NA,NA
2016,"DHB","West Coast","parity_summary","2",54,315,17.1,NA,NA
2016,"DHB","West Coast","parity_summary","3+",44,315,14,NA,NA
2016,"DHB","Whanganui","parity_summary","0",252,752,33.5,NA,NA
2016,"DHB","Whanganui","parity_summary","1",225,752,29.9,NA,NA
2016,"DHB","Whanganui","parity_summary","2",138,752,18.4,NA,NA
2016,"DHB","Whanganui","parity_summary","3+",137,752,18.2,NA,NA
2017,"DHB","Auckland","parity_summary","0",2406,5203,46.2,NA,NA
2017,"DHB","Auckland","parity_summary","1",1761,5203,33.8,NA,NA
2017,"DHB","Auckland","parity_summary","2",618,5203,11.9,NA,NA
2017,"DHB","Auckland","parity_summary","3+",418,5203,8,NA,NA
2017,"DHB","Auckland","parity_summary","Unknown",340,5203,NA,NA,NA
2017,"DHB","Bay of Plenty","parity_summary","0",1178,3081,38.2,NA,NA
2017,"DHB","Bay of Plenty","parity_summary","1",990,3081,32.1,NA,NA
2017,"DHB","Bay of Plenty","parity_summary","2",543,3081,17.6,NA,NA
2017,"DHB","Bay of Plenty","parity_summary","3+",370,3081,12,NA,NA
2017,"DHB","Canterbury","parity_summary","0",2751,6365,43.2,NA,NA
2017,"DHB","Canterbury","parity_summary","1",2245,6365,35.3,NA,NA
2017,"DHB","Canterbury","parity_summary","2",854,6365,13.4,NA,NA
2017,"DHB","Canterbury","parity_summary","3+",515,6365,8.1,NA,NA
2017,"DHB","Capital & Coast","parity_summary","0",1540,3370,45.7,NA,NA
2017,"DHB","Capital & Coast","parity_summary","1",1188,3370,35.3,NA,NA
2017,"DHB","Capital & Coast","parity_summary","2",425,3370,12.6,NA,NA
2017,"DHB","Capital & Coast","parity_summary","3+",217,3370,6.4,NA,NA
2017,"DHB","Capital & Coast","parity_summary","Unknown",2,3370,NA,NA,NA
2017,"DHB","Counties Manukau","parity_summary","0",2839,7311,38.8,NA,NA
2017,"DHB","Counties Manukau","parity_summary","1",2309,7311,31.6,NA,NA
2017,"DHB","Counties Manukau","parity_summary","2",1104,7311,15.1,NA,NA
2017,"DHB","Counties Manukau","parity_summary","3+",1059,7311,14.5,NA,NA
2017,"DHB","Counties Manukau","parity_summary","Unknown",46,7311,NA,NA,NA
2017,"DHB","Hawke's Bay","parity_summary","0",726,2055,35.3,NA,NA
2017,"DHB","Hawke's Bay","parity_summary","1",661,2055,32.2,NA,NA
2017,"DHB","Hawke's Bay","parity_summary","2",348,2055,16.9,NA,NA
2017,"DHB","Hawke's Bay","parity_summary","3+",320,2055,15.6,NA,NA
2017,"DHB","Hawke's Bay","parity_summary","Unknown",7,2055,NA,NA,NA
2017,"DHB","Hutt Valley","parity_summary","0",800,1846,43.3,NA,NA
2017,"DHB","Hutt Valley","parity_summary","1",650,1846,35.2,NA,NA
2017,"DHB","Hutt Valley","parity_summary","2",266,1846,14.4,NA,NA
2017,"DHB","Hutt Valley","parity_summary","3+",130,1846,7,NA,NA
2017,"DHB","Hutt Valley","parity_summary","Unknown",32,1846,NA,NA,NA
2017,"DHB","Lakes","parity_summary","0",540,1545,35,NA,NA
2017,"DHB","Lakes","parity_summary","1",489,1545,31.7,NA,NA
2017,"DHB","Lakes","parity_summary","2",260,1545,16.8,NA,NA
2017,"DHB","Lakes","parity_summary","3+",256,1545,16.6,NA,NA
2017,"DHB","MidCentral","parity_summary","0",753,2074,36.3,NA,NA
2017,"DHB","MidCentral","parity_summary","1",695,2074,33.5,NA,NA
2017,"DHB","MidCentral","parity_summary","2",358,2074,17.3,NA,NA
2017,"DHB","MidCentral","parity_summary","3+",268,2074,12.9,NA,NA
2017,"DHB","Nelson Marlborough","parity_summary","0",591,1361,43.4,NA,NA
2017,"DHB","Nelson Marlborough","parity_summary","1",456,1361,33.5,NA,NA
2017,"DHB","Nelson Marlborough","parity_summary","2",212,1361,15.6,NA,NA
2017,"DHB","Nelson Marlborough","parity_summary","3+",102,1361,7.5,NA,NA
2017,"DHB","Northland","parity_summary","0",745,2151,34.6,NA,NA
2017,"DHB","Northland","parity_summary","1",607,2151,28.2,NA,NA
2017,"DHB","Northland","parity_summary","2",423,2151,19.7,NA,NA
2017,"DHB","Northland","parity_summary","3+",376,2151,17.5,NA,NA
2017,"DHB","Northland","parity_summary","Unknown",11,2151,NA,NA,NA
2017,"DHB","South Canterbury","parity_summary","0",262,631,41.5,NA,NA
2017,"DHB","South Canterbury","parity_summary","1",217,631,34.4,NA,NA
2017,"DHB","South Canterbury","parity_summary","2",96,631,15.2,NA,NA
2017,"DHB","South Canterbury","parity_summary","3+",56,631,8.9,NA,NA
2017,"DHB","Southern","parity_summary","0",1365,3420,39.9,NA,NA
2017,"DHB","Southern","parity_summary","1",1217,3420,35.6,NA,NA
2017,"DHB","Southern","parity_summary","2",564,3420,16.5,NA,NA
2017,"DHB","Southern","parity_summary","3+",274,3420,8,NA,NA
2017,"DHB","Tairawhiti","parity_summary","0",222,693,32,NA,NA
2017,"DHB","Tairawhiti","parity_summary","1",215,693,31,NA,NA
2017,"DHB","Tairawhiti","parity_summary","2",138,693,19.9,NA,NA
2017,"DHB","Tairawhiti","parity_summary","3+",118,693,17,NA,NA
2017,"DHB","Taranaki","parity_summary","0",478,1399,34.2,NA,NA
2017,"DHB","Taranaki","parity_summary","1",491,1399,35.1,NA,NA
2017,"DHB","Taranaki","parity_summary","2",243,1399,17.4,NA,NA
2017,"DHB","Taranaki","parity_summary","3+",187,1399,13.4,NA,NA
2017,"DHB","Taranaki","parity_summary","Unknown",1,1399,NA,NA,NA
2017,"DHB","Unknown","parity_summary","0",49,248,NA,NA,NA
2017,"DHB","Unknown","parity_summary","1",108,248,NA,NA,NA
2017,"DHB","Unknown","parity_summary","2",41,248,NA,NA,NA
2017,"DHB","Unknown","parity_summary","3+",50,248,NA,NA,NA
2017,"DHB","Unknown","parity_summary","Unknown",26,248,NA,NA,NA
2017,"DHB","Waikato","parity_summary","0",1946,5179,37.6,NA,NA
2017,"DHB","Waikato","parity_summary","1",1658,5179,32,NA,NA
2017,"DHB","Waikato","parity_summary","2",859,5179,16.6,NA,NA
2017,"DHB","Waikato","parity_summary","3+",716,5179,13.8,NA,NA
2017,"DHB","Waikato","parity_summary","Unknown",1,5179,NA,NA,NA
2017,"DHB","Wairarapa","parity_summary","0",218,521,41.8,NA,NA
2017,"DHB","Wairarapa","parity_summary","1",176,521,33.8,NA,NA
2017,"DHB","Wairarapa","parity_summary","2",81,521,15.5,NA,NA
2017,"DHB","Wairarapa","parity_summary","3+",46,521,8.8,NA,NA
2017,"DHB","Waitemata","parity_summary","0",3292,7527,43.7,NA,NA
2017,"DHB","Waitemata","parity_summary","1",2704,7527,35.9,NA,NA
2017,"DHB","Waitemata","parity_summary","2",974,7527,12.9,NA,NA
2017,"DHB","Waitemata","parity_summary","3+",557,7527,7.4,NA,NA
2017,"DHB","Waitemata","parity_summary","Unknown",62,7527,NA,NA,NA
2017,"DHB","West Coast","parity_summary","0",131,355,36.9,NA,NA
2017,"DHB","West Coast","parity_summary","1",117,355,33,NA,NA
2017,"DHB","West Coast","parity_summary","2",52,355,14.6,NA,NA
2017,"DHB","West Coast","parity_summary","3+",55,355,15.5,NA,NA
2017,"DHB","Whanganui","parity_summary","0",260,801,32.5,NA,NA
2017,"DHB","Whanganui","parity_summary","1",255,801,31.8,NA,NA
2017,"DHB","Whanganui","parity_summary","2",155,801,19.4,NA,NA
2017,"DHB","Whanganui","parity_summary","3+",131,801,16.4,NA,NA
2018,"DHB","Auckland","parity_summary","0",2613,5285,49.4,NA,NA
2018,"DHB","Auckland","parity_summary","1",1738,5285,32.9,NA,NA
2018,"DHB","Auckland","parity_summary","2",575,5285,10.9,NA,NA
2018,"DHB","Auckland","parity_summary","3+",359,5285,6.8,NA,NA
2018,"DHB","Auckland","parity_summary","Unknown",22,5285,NA,NA,NA
2018,"DHB","Bay of Plenty","parity_summary","0",1160,2980,38.9,NA,NA
2018,"DHB","Bay of Plenty","parity_summary","1",1015,2980,34.1,NA,NA
2018,"DHB","Bay of Plenty","parity_summary","2",454,2980,15.2,NA,NA
2018,"DHB","Bay of Plenty","parity_summary","3+",351,2980,11.8,NA,NA
2018,"DHB","Canterbury","parity_summary","0",2697,6224,43.3,NA,NA
2018,"DHB","Canterbury","parity_summary","1",2158,6224,34.7,NA,NA
2018,"DHB","Canterbury","parity_summary","2",888,6224,14.3,NA,NA
2018,"DHB","Canterbury","parity_summary","3+",481,6224,7.7,NA,NA
2018,"DHB","Canterbury","parity_summary","Unknown",1,6224,NA,NA,NA
2018,"DHB","Capital & Coast","parity_summary","0",1434,3086,46.5,NA,NA
2018,"DHB","Capital & Coast","parity_summary","1",1063,3086,34.4,NA,NA
2018,"DHB","Capital & Coast","parity_summary","2",395,3086,12.8,NA,NA
2018,"DHB","Capital & Coast","parity_summary","3+",194,3086,6.3,NA,NA
2018,"DHB","Counties Manukau","parity_summary","0",3015,7540,40,NA,NA
2018,"DHB","Counties Manukau","parity_summary","1",2366,7540,31.4,NA,NA
2018,"DHB","Counties Manukau","parity_summary","2",1088,7540,14.4,NA,NA
2018,"DHB","Counties Manukau","parity_summary","3+",1071,7540,14.2,NA,NA
2018,"DHB","Counties Manukau","parity_summary","Unknown",16,7540,NA,NA,NA
2018,"DHB","Hawke's Bay","parity_summary","0",710,1962,36.2,NA,NA
2018,"DHB","Hawke's Bay","parity_summary","1",580,1962,29.6,NA,NA
2018,"DHB","Hawke's Bay","parity_summary","2",340,1962,17.3,NA,NA
2018,"DHB","Hawke's Bay","parity_summary","3+",332,1962,16.9,NA,NA
2018,"DHB","Hutt Valley","parity_summary","0",782,1780,43.9,NA,NA
2018,"DHB","Hutt Valley","parity_summary","1",622,1780,34.9,NA,NA
2018,"DHB","Hutt Valley","parity_summary","2",244,1780,13.7,NA,NA
2018,"DHB","Hutt Valley","parity_summary","3+",132,1780,7.4,NA,NA
2018,"DHB","Hutt Valley","parity_summary","Unknown",28,1780,NA,NA,NA
2018,"DHB","Lakes","parity_summary","0",539,1516,35.6,NA,NA
2018,"DHB","Lakes","parity_summary","1",459,1516,30.3,NA,NA
2018,"DHB","Lakes","parity_summary","2",262,1516,17.3,NA,NA
2018,"DHB","Lakes","parity_summary","3+",256,1516,16.9,NA,NA
2018,"DHB","Lakes","parity_summary","Unknown",2,1516,NA,NA,NA
2018,"DHB","MidCentral","parity_summary","0",805,2094,38.4,NA,NA
2018,"DHB","MidCentral","parity_summary","1",699,2094,33.4,NA,NA
2018,"DHB","MidCentral","parity_summary","2",333,2094,15.9,NA,NA
2018,"DHB","MidCentral","parity_summary","3+",257,2094,12.3,NA,NA
2018,"DHB","Nelson Marlborough","parity_summary","0",604,1465,41.2,NA,NA
2018,"DHB","Nelson Marlborough","parity_summary","1",503,1465,34.3,NA,NA
2018,"DHB","Nelson Marlborough","parity_summary","2",224,1465,15.3,NA,NA
2018,"DHB","Nelson Marlborough","parity_summary","3+",134,1465,9.1,NA,NA
2018,"DHB","Northland","parity_summary","0",687,2112,32.5,NA,NA
2018,"DHB","Northland","parity_summary","1",669,2112,31.7,NA,NA
2018,"DHB","Northland","parity_summary","2",370,2112,17.5,NA,NA
2018,"DHB","Northland","parity_summary","3+",386,2112,18.3,NA,NA
2018,"DHB","Northland","parity_summary","Unknown",11,2112,NA,NA,NA
2018,"DHB","South Canterbury","parity_summary","0",233,602,38.7,NA,NA
2018,"DHB","South Canterbury","parity_summary","1",213,602,35.4,NA,NA
2018,"DHB","South Canterbury","parity_summary","2",112,602,18.6,NA,NA
2018,"DHB","South Canterbury","parity_summary","3+",44,602,7.3,NA,NA
2018,"DHB","Southern","parity_summary","0",1341,3260,41.1,NA,NA
2018,"DHB","Southern","parity_summary","1",1157,3260,35.5,NA,NA
2018,"DHB","Southern","parity_summary","2",477,3260,14.6,NA,NA
2018,"DHB","Southern","parity_summary","3+",285,3260,8.7,NA,NA
2018,"DHB","Tairawhiti","parity_summary","0",231,689,33.5,NA,NA
2018,"DHB","Tairawhiti","parity_summary","1",202,689,29.3,NA,NA
2018,"DHB","Tairawhiti","parity_summary","2",122,689,17.7,NA,NA
2018,"DHB","Tairawhiti","parity_summary","3+",134,689,19.4,NA,NA
2018,"DHB","Taranaki","parity_summary","0",583,1560,37.4,NA,NA
2018,"DHB","Taranaki","parity_summary","1",553,1560,35.4,NA,NA
2018,"DHB","Taranaki","parity_summary","2",250,1560,16,NA,NA
2018,"DHB","Taranaki","parity_summary","3+",174,1560,11.2,NA,NA
2018,"DHB","Unknown","parity_summary","0",70,352,NA,NA,NA
2018,"DHB","Unknown","parity_summary","1",123,352,NA,NA,NA
2018,"DHB","Unknown","parity_summary","2",76,352,NA,NA,NA
2018,"DHB","Unknown","parity_summary","3+",83,352,NA,NA,NA
2018,"DHB","Unknown","parity_summary","Unknown",37,352,NA,NA,NA
2018,"DHB","Waikato","parity_summary","0",1961,5193,37.8,NA,NA
2018,"DHB","Waikato","parity_summary","1",1680,5193,32.4,NA,NA
2018,"DHB","Waikato","parity_summary","2",817,5193,15.7,NA,NA
2018,"DHB","Waikato","parity_summary","3+",735,5193,14.2,NA,NA
2018,"DHB","Wairarapa","parity_summary","0",170,494,34.4,NA,NA
2018,"DHB","Wairarapa","parity_summary","1",169,494,34.2,NA,NA
2018,"DHB","Wairarapa","parity_summary","2",96,494,19.4,NA,NA
2018,"DHB","Wairarapa","parity_summary","3+",59,494,11.9,NA,NA
2018,"DHB","Waitemata","parity_summary","0",3162,7238,43.7,NA,NA
2018,"DHB","Waitemata","parity_summary","1",2635,7238,36.4,NA,NA
2018,"DHB","Waitemata","parity_summary","2",932,7238,12.9,NA,NA
2018,"DHB","Waitemata","parity_summary","3+",509,7238,7,NA,NA
2018,"DHB","Waitemata","parity_summary","Unknown",24,7238,NA,NA,NA
2018,"DHB","West Coast","parity_summary","0",125,326,38.3,NA,NA
2018,"DHB","West Coast","parity_summary","1",102,326,31.3,NA,NA
2018,"DHB","West Coast","parity_summary","2",46,326,14.1,NA,NA
2018,"DHB","West Coast","parity_summary","3+",53,326,16.3,NA,NA
2018,"DHB","Whanganui","parity_summary","0",268,767,34.9,NA,NA
2018,"DHB","Whanganui","parity_summary","1",227,767,29.6,NA,NA
2018,"DHB","Whanganui","parity_summary","2",146,767,19,NA,NA
2018,"DHB","Whanganui","parity_summary","3+",126,767,16.4,NA,NA
2019,"DHB","Auckland","parity_summary","0",2591,5339,48.5,NA,NA
2019,"DHB","Auckland","parity_summary","1",1770,5339,33.2,NA,NA
2019,"DHB","Auckland","parity_summary","2",595,5339,11.1,NA,NA
2019,"DHB","Auckland","parity_summary","3+",383,5339,7.2,NA,NA
2019,"DHB","Auckland","parity_summary","Unknown",14,5339,NA,NA,NA
2019,"DHB","Bay of Plenty","parity_summary","0",1161,3076,37.7,NA,NA
2019,"DHB","Bay of Plenty","parity_summary","1",1061,3076,34.5,NA,NA
2019,"DHB","Bay of Plenty","parity_summary","2",520,3076,16.9,NA,NA
2019,"DHB","Bay of Plenty","parity_summary","3+",334,3076,10.9,NA,NA
2019,"DHB","Canterbury","parity_summary","0",2775,6411,43.3,NA,NA
2019,"DHB","Canterbury","parity_summary","1",2254,6411,35.2,NA,NA
2019,"DHB","Canterbury","parity_summary","2",881,6411,13.7,NA,NA
2019,"DHB","Canterbury","parity_summary","3+",501,6411,7.8,NA,NA
2019,"DHB","Capital & Coast","parity_summary","0",1323,2961,44.7,NA,NA
2019,"DHB","Capital & Coast","parity_summary","1",1079,2961,36.4,NA,NA
2019,"DHB","Capital & Coast","parity_summary","2",341,2961,11.5,NA,NA
2019,"DHB","Capital & Coast","parity_summary","3+",218,2961,7.4,NA,NA
2019,"DHB","Counties Manukau","parity_summary","0",3173,7976,39.8,NA,NA
2019,"DHB","Counties Manukau","parity_summary","1",2407,7976,30.2,NA,NA
2019,"DHB","Counties Manukau","parity_summary","2",1173,7976,14.7,NA,NA
2019,"DHB","Counties Manukau","parity_summary","3+",1223,7976,15.3,NA,NA
2019,"DHB","Counties Manukau","parity_summary","Unknown",21,7976,NA,NA,NA
2019,"DHB","Hawke's Bay","parity_summary","0",699,1920,36.4,NA,NA
2019,"DHB","Hawke's Bay","parity_summary","1",608,1920,31.7,NA,NA
2019,"DHB","Hawke's Bay","parity_summary","2",322,1920,16.8,NA,NA
2019,"DHB","Hawke's Bay","parity_summary","3+",291,1920,15.2,NA,NA
2019,"DHB","Hutt Valley","parity_summary","0",808,1840,43.9,NA,NA
2019,"DHB","Hutt Valley","parity_summary","1",621,1840,33.8,NA,NA
2019,"DHB","Hutt Valley","parity_summary","2",256,1840,13.9,NA,NA
2019,"DHB","Hutt Valley","parity_summary","3+",155,1840,8.4,NA,NA
2019,"DHB","Lakes","parity_summary","0",577,1532,37.7,NA,NA
2019,"DHB","Lakes","parity_summary","1",471,1532,30.7,NA,NA
2019,"DHB","Lakes","parity_summary","2",243,1532,15.9,NA,NA
2019,"DHB","Lakes","parity_summary","3+",241,1532,15.7,NA,NA
2019,"DHB","MidCentral","parity_summary","0",816,2112,38.6,NA,NA
2019,"DHB","MidCentral","parity_summary","1",707,2112,33.5,NA,NA
2019,"DHB","MidCentral","parity_summary","2",331,2112,15.7,NA,NA
2019,"DHB","MidCentral","parity_summary","3+",258,2112,12.2,NA,NA
2019,"DHB","Nelson Marlborough","parity_summary","0",585,1382,42.3,NA,NA
2019,"DHB","Nelson Marlborough","parity_summary","1",468,1382,33.9,NA,NA
2019,"DHB","Nelson Marlborough","parity_summary","2",204,1382,14.8,NA,NA
2019,"DHB","Nelson Marlborough","parity_summary","3+",125,1382,9,NA,NA
2019,"DHB","Nelson Marlborough","parity_summary","Unknown",1,1382,NA,NA,NA
2019,"DHB","Northland","parity_summary","0",766,2212,34.6,NA,NA
2019,"DHB","Northland","parity_summary","1",679,2212,30.7,NA,NA
2019,"DHB","Northland","parity_summary","2",392,2212,17.7,NA,NA
2019,"DHB","Northland","parity_summary","3+",375,2212,17,NA,NA
2019,"DHB","Northland","parity_summary","Unknown",7,2212,NA,NA,NA
2019,"DHB","South Canterbury","parity_summary","0",235,621,37.8,NA,NA
2019,"DHB","South Canterbury","parity_summary","1",233,621,37.5,NA,NA
2019,"DHB","South Canterbury","parity_summary","2",99,621,15.9,NA,NA
2019,"DHB","South Canterbury","parity_summary","3+",54,621,8.7,NA,NA
2019,"DHB","Southern","parity_summary","0",1409,3403,41.4,NA,NA
2019,"DHB","Southern","parity_summary","1",1176,3403,34.6,NA,NA
2019,"DHB","Southern","parity_summary","2",534,3403,15.7,NA,NA
2019,"DHB","Southern","parity_summary","3+",284,3403,8.3,NA,NA
2019,"DHB","Tairawhiti","parity_summary","0",213,666,32,NA,NA
2019,"DHB","Tairawhiti","parity_summary","1",211,666,31.7,NA,NA
2019,"DHB","Tairawhiti","parity_summary","2",129,666,19.4,NA,NA
2019,"DHB","Tairawhiti","parity_summary","3+",113,666,17,NA,NA
2019,"DHB","Taranaki","parity_summary","0",577,1501,38.4,NA,NA
2019,"DHB","Taranaki","parity_summary","1",470,1501,31.3,NA,NA
2019,"DHB","Taranaki","parity_summary","2",284,1501,18.9,NA,NA
2019,"DHB","Taranaki","parity_summary","3+",170,1501,11.3,NA,NA
2019,"DHB","Unknown","parity_summary","0",78,324,NA,NA,NA
2019,"DHB","Unknown","parity_summary","1",110,324,NA,NA,NA
2019,"DHB","Unknown","parity_summary","2",66,324,NA,NA,NA
2019,"DHB","Unknown","parity_summary","3+",70,324,NA,NA,NA
2019,"DHB","Unknown","parity_summary","Unknown",23,324,NA,NA,NA
2019,"DHB","Waikato","parity_summary","0",1979,5262,37.6,NA,NA
2019,"DHB","Waikato","parity_summary","1",1703,5262,32.4,NA,NA
2019,"DHB","Waikato","parity_summary","2",903,5262,17.2,NA,NA
2019,"DHB","Waikato","parity_summary","3+",677,5262,12.9,NA,NA
2019,"DHB","Wairarapa","parity_summary","0",182,513,35.5,NA,NA
2019,"DHB","Wairarapa","parity_summary","1",190,513,37,NA,NA
2019,"DHB","Wairarapa","parity_summary","2",79,513,15.4,NA,NA
2019,"DHB","Wairarapa","parity_summary","3+",62,513,12.1,NA,NA
2019,"DHB","Waitemata","parity_summary","0",3421,7573,45.2,NA,NA
2019,"DHB","Waitemata","parity_summary","1",2689,7573,35.5,NA,NA
2019,"DHB","Waitemata","parity_summary","2",910,7573,12,NA,NA
2019,"DHB","Waitemata","parity_summary","3+",553,7573,7.3,NA,NA
2019,"DHB","Waitemata","parity_summary","Unknown",109,7573,NA,NA,NA
2019,"DHB","West Coast","parity_summary","0",138,345,40,NA,NA
2019,"DHB","West Coast","parity_summary","1",95,345,27.5,NA,NA
2019,"DHB","West Coast","parity_summary","2",59,345,17.1,NA,NA
2019,"DHB","West Coast","parity_summary","3+",53,345,15.4,NA,NA
2019,"DHB","Whanganui","parity_summary","0",288,838,34.4,NA,NA
2019,"DHB","Whanganui","parity_summary","1",251,838,30,NA,NA
2019,"DHB","Whanganui","parity_summary","2",165,838,19.7,NA,NA
2019,"DHB","Whanganui","parity_summary","3+",134,838,16,NA,NA
2020,"DHB","Auckland","parity_summary","0",2390,4880,49,NA,NA
2020,"DHB","Auckland","parity_summary","1",1563,4880,32,NA,NA
2020,"DHB","Auckland","parity_summary","2",539,4880,11,NA,NA
2020,"DHB","Auckland","parity_summary","3+",388,4880,8,NA,NA
2020,"DHB","Auckland","parity_summary","Unknown",13,4880,NA,NA,NA
2020,"DHB","Bay of Plenty","parity_summary","0",1228,3106,39.5,NA,NA
2020,"DHB","Bay of Plenty","parity_summary","1",1006,3106,32.4,NA,NA
2020,"DHB","Bay of Plenty","parity_summary","2",495,3106,15.9,NA,NA
2020,"DHB","Bay of Plenty","parity_summary","3+",377,3106,12.1,NA,NA
2020,"DHB","Canterbury","parity_summary","0",2626,6145,42.7,NA,NA
2020,"DHB","Canterbury","parity_summary","1",2243,6145,36.5,NA,NA
2020,"DHB","Canterbury","parity_summary","2",808,6145,13.1,NA,NA
2020,"DHB","Canterbury","parity_summary","3+",468,6145,7.6,NA,NA
2020,"DHB","Capital & Coast","parity_summary","0",1396,2927,47.7,NA,NA
2020,"DHB","Capital & Coast","parity_summary","1",996,2927,34,NA,NA
2020,"DHB","Capital & Coast","parity_summary","2",339,2927,11.6,NA,NA
2020,"DHB","Capital & Coast","parity_summary","3+",196,2927,6.7,NA,NA
2020,"DHB","Counties Manukau","parity_summary","0",3239,8064,40.2,NA,NA
2020,"DHB","Counties Manukau","parity_summary","1",2549,8064,31.6,NA,NA
2020,"DHB","Counties Manukau","parity_summary","2",1104,8064,13.7,NA,NA
2020,"DHB","Counties Manukau","parity_summary","3+",1172,8064,14.5,NA,NA
2020,"DHB","Counties Manukau","parity_summary","Unknown",10,8064,NA,NA,NA
2020,"DHB","Hawke's Bay","parity_summary","0",764,1974,38.7,NA,NA
2020,"DHB","Hawke's Bay","parity_summary","1",613,1974,31.1,NA,NA
2020,"DHB","Hawke's Bay","parity_summary","2",316,1974,16,NA,NA
2020,"DHB","Hawke's Bay","parity_summary","3+",281,1974,14.2,NA,NA
2020,"DHB","Hutt Valley","parity_summary","0",761,1852,41.1,NA,NA
2020,"DHB","Hutt Valley","parity_summary","1",651,1852,35.2,NA,NA
2020,"DHB","Hutt Valley","parity_summary","2",265,1852,14.3,NA,NA
2020,"DHB","Hutt Valley","parity_summary","3+",175,1852,9.4,NA,NA
2020,"DHB","Lakes","parity_summary","0",513,1422,36.1,NA,NA
2020,"DHB","Lakes","parity_summary","1",448,1422,31.5,NA,NA
2020,"DHB","Lakes","parity_summary","2",214,1422,15,NA,NA
2020,"DHB","Lakes","parity_summary","3+",247,1422,17.4,NA,NA
2020,"DHB","MidCentral","parity_summary","0",794,2094,37.9,NA,NA
2020,"DHB","MidCentral","parity_summary","1",700,2094,33.4,NA,NA
2020,"DHB","MidCentral","parity_summary","2",349,2094,16.7,NA,NA
2020,"DHB","MidCentral","parity_summary","3+",251,2094,12,NA,NA
2020,"DHB","Nelson Marlborough","parity_summary","0",504,1285,39.2,NA,NA
2020,"DHB","Nelson Marlborough","parity_summary","1",490,1285,38.1,NA,NA
2020,"DHB","Nelson Marlborough","parity_summary","2",181,1285,14.1,NA,NA
2020,"DHB","Nelson Marlborough","parity_summary","3+",110,1285,8.6,NA,NA
2020,"DHB","Northland","parity_summary","0",813,2281,35.6,NA,NA
2020,"DHB","Northland","parity_summary","1",681,2281,29.9,NA,NA
2020,"DHB","Northland","parity_summary","2",379,2281,16.6,NA,NA
2020,"DHB","Northland","parity_summary","3+",408,2281,17.9,NA,NA
2020,"DHB","Northland","parity_summary","Unknown",11,2281,NA,NA,NA
2020,"DHB","South Canterbury","parity_summary","0",229,588,38.9,NA,NA
2020,"DHB","South Canterbury","parity_summary","1",209,588,35.5,NA,NA
2020,"DHB","South Canterbury","parity_summary","2",105,588,17.9,NA,NA
2020,"DHB","South Canterbury","parity_summary","3+",45,588,7.7,NA,NA
2020,"DHB","Southern","parity_summary","0",1360,3255,41.8,NA,NA
2020,"DHB","Southern","parity_summary","1",1121,3255,34.4,NA,NA
2020,"DHB","Southern","parity_summary","2",505,3255,15.5,NA,NA
2020,"DHB","Southern","parity_summary","3+",269,3255,8.3,NA,NA
2020,"DHB","Tairawhiti","parity_summary","0",238,693,34.3,NA,NA
2020,"DHB","Tairawhiti","parity_summary","1",219,693,31.6,NA,NA
2020,"DHB","Tairawhiti","parity_summary","2",127,693,18.3,NA,NA
2020,"DHB","Tairawhiti","parity_summary","3+",109,693,15.7,NA,NA
2020,"DHB","Taranaki","parity_summary","0",501,1447,34.6,NA,NA
2020,"DHB","Taranaki","parity_summary","1",526,1447,36.4,NA,NA
2020,"DHB","Taranaki","parity_summary","2",247,1447,17.1,NA,NA
2020,"DHB","Taranaki","parity_summary","3+",173,1447,12,NA,NA
2020,"DHB","Unknown","parity_summary","0",112,458,NA,NA,NA
2020,"DHB","Unknown","parity_summary","1",168,458,NA,NA,NA
2020,"DHB","Unknown","parity_summary","2",90,458,NA,NA,NA
2020,"DHB","Unknown","parity_summary","3+",88,458,NA,NA,NA
2020,"DHB","Unknown","parity_summary","Unknown",18,458,NA,NA,NA
2020,"DHB","Waikato","parity_summary","0",2120,5447,38.9,NA,NA
2020,"DHB","Waikato","parity_summary","1",1666,5447,30.6,NA,NA
2020,"DHB","Waikato","parity_summary","2",926,5447,17,NA,NA
2020,"DHB","Waikato","parity_summary","3+",735,5447,13.5,NA,NA
2020,"DHB","Waikato","parity_summary","Unknown",1,5447,NA,NA,NA
2020,"DHB","Wairarapa","parity_summary","0",209,524,39.9,NA,NA
2020,"DHB","Wairarapa","parity_summary","1",179,524,34.2,NA,NA
2020,"DHB","Wairarapa","parity_summary","2",86,524,16.4,NA,NA
2020,"DHB","Wairarapa","parity_summary","3+",50,524,9.5,NA,NA
2020,"DHB","Waitemata","parity_summary","0",3290,7297,45.1,NA,NA
2020,"DHB","Waitemata","parity_summary","1",2583,7297,35.4,NA,NA
2020,"DHB","Waitemata","parity_summary","2",904,7297,12.4,NA,NA
2020,"DHB","Waitemata","parity_summary","3+",520,7297,7.1,NA,NA
2020,"DHB","Waitemata","parity_summary","Unknown",81,7297,NA,NA,NA
2020,"DHB","West Coast","parity_summary","0",100,289,34.6,NA,NA
2020,"DHB","West Coast","parity_summary","1",102,289,35.3,NA,NA
2020,"DHB","West Coast","parity_summary","2",48,289,16.6,NA,NA
2020,"DHB","West Coast","parity_summary","3+",39,289,13.5,NA,NA
2020,"DHB","Whanganui","parity_summary","0",266,796,33.4,NA,NA
2020,"DHB","Whanganui","parity_summary","1",239,796,30,NA,NA
2020,"DHB","Whanganui","parity_summary","2",149,796,18.7,NA,NA
2020,"DHB","Whanganui","parity_summary","3+",142,796,17.8,NA,NA
2021,"DHB","Auckland","parity_summary","0",2515,5085,49.5,NA,NA
2021,"DHB","Auckland","parity_summary","1",1659,5085,32.6,NA,NA
2021,"DHB","Auckland","parity_summary","2",530,5085,10.4,NA,NA
2021,"DHB","Auckland","parity_summary","3+",381,5085,7.5,NA,NA
2021,"DHB","Auckland","parity_summary","Unknown",89,5085,NA,NA,NA
2021,"DHB","Bay of Plenty","parity_summary","0",1382,3358,41.2,NA,NA
2021,"DHB","Bay of Plenty","parity_summary","1",1114,3358,33.2,NA,NA
2021,"DHB","Bay of Plenty","parity_summary","2",480,3358,14.3,NA,NA
2021,"DHB","Bay of Plenty","parity_summary","3+",382,3358,11.4,NA,NA
2021,"DHB","Canterbury","parity_summary","0",2978,6776,43.9,NA,NA
2021,"DHB","Canterbury","parity_summary","1",2381,6776,35.1,NA,NA
2021,"DHB","Canterbury","parity_summary","2",934,6776,13.8,NA,NA
2021,"DHB","Canterbury","parity_summary","3+",483,6776,7.1,NA,NA
2021,"DHB","Capital & Coast","parity_summary","0",1467,3197,45.9,NA,NA
2021,"DHB","Capital & Coast","parity_summary","1",1115,3197,34.9,NA,NA
2021,"DHB","Capital & Coast","parity_summary","2",397,3197,12.4,NA,NA
2021,"DHB","Capital & Coast","parity_summary","3+",218,3197,6.8,NA,NA
2021,"DHB","Counties Manukau","parity_summary","0",3326,8351,39.8,NA,NA
2021,"DHB","Counties Manukau","parity_summary","1",2654,8351,31.8,NA,NA
2021,"DHB","Counties Manukau","parity_summary","2",1184,8351,14.2,NA,NA
2021,"DHB","Counties Manukau","parity_summary","3+",1187,8351,14.2,NA,NA
2021,"DHB","Counties Manukau","parity_summary","Unknown",9,8351,NA,NA,NA
2021,"DHB","Hawke's Bay","parity_summary","0",874,2175,40.2,NA,NA
2021,"DHB","Hawke's Bay","parity_summary","1",626,2175,28.8,NA,NA
2021,"DHB","Hawke's Bay","parity_summary","2",376,2175,17.3,NA,NA
2021,"DHB","Hawke's Bay","parity_summary","3+",299,2175,13.7,NA,NA
2021,"DHB","Hutt Valley","parity_summary","0",784,1826,42.9,NA,NA
2021,"DHB","Hutt Valley","parity_summary","1",624,1826,34.2,NA,NA
2021,"DHB","Hutt Valley","parity_summary","2",253,1826,13.9,NA,NA
2021,"DHB","Hutt Valley","parity_summary","3+",165,1826,9,NA,NA
2021,"DHB","Lakes","parity_summary","0",617,1618,38.1,NA,NA
2021,"DHB","Lakes","parity_summary","1",486,1618,30,NA,NA
2021,"DHB","Lakes","parity_summary","2",275,1618,17,NA,NA
2021,"DHB","Lakes","parity_summary","3+",240,1618,14.8,NA,NA
2021,"DHB","MidCentral","parity_summary","0",903,2254,40.1,NA,NA
2021,"DHB","MidCentral","parity_summary","1",723,2254,32.1,NA,NA
2021,"DHB","MidCentral","parity_summary","2",351,2254,15.6,NA,NA
2021,"DHB","MidCentral","parity_summary","3+",277,2254,12.3,NA,NA
2021,"DHB","Nelson Marlborough","parity_summary","0",531,1264,42,NA,NA
2021,"DHB","Nelson Marlborough","parity_summary","1",453,1264,35.8,NA,NA
2021,"DHB","Nelson Marlborough","parity_summary","2",200,1264,15.8,NA,NA
2021,"DHB","Nelson Marlborough","parity_summary","3+",80,1264,6.3,NA,NA
2021,"DHB","Northland","parity_summary","0",820,2351,34.9,NA,NA
2021,"DHB","Northland","parity_summary","1",718,2351,30.5,NA,NA
2021,"DHB","Northland","parity_summary","2",382,2351,16.2,NA,NA
2021,"DHB","Northland","parity_summary","3+",431,2351,18.3,NA,NA
2021,"DHB","Northland","parity_summary","Unknown",8,2351,NA,NA,NA
2021,"DHB","South Canterbury","parity_summary","0",242,634,38.2,NA,NA
2021,"DHB","South Canterbury","parity_summary","1",228,634,36,NA,NA
2021,"DHB","South Canterbury","parity_summary","2",96,634,15.1,NA,NA
2021,"DHB","South Canterbury","parity_summary","3+",68,634,10.7,NA,NA
2021,"DHB","Southern","parity_summary","0",1625,3518,46.2,NA,NA
2021,"DHB","Southern","parity_summary","1",1188,3518,33.8,NA,NA
2021,"DHB","Southern","parity_summary","2",464,3518,13.2,NA,NA
2021,"DHB","Southern","parity_summary","3+",241,3518,6.9,NA,NA
2021,"DHB","Tairawhiti","parity_summary","0",231,741,31.2,NA,NA
2021,"DHB","Tairawhiti","parity_summary","1",221,741,29.8,NA,NA
2021,"DHB","Tairawhiti","parity_summary","2",160,741,21.6,NA,NA
2021,"DHB","Tairawhiti","parity_summary","3+",129,741,17.4,NA,NA
2021,"DHB","Taranaki","parity_summary","0",577,1569,36.8,NA,NA
2021,"DHB","Taranaki","parity_summary","1",522,1569,33.3,NA,NA
2021,"DHB","Taranaki","parity_summary","2",278,1569,17.7,NA,NA
2021,"DHB","Taranaki","parity_summary","3+",192,1569,12.2,NA,NA
2021,"DHB","Taranaki","parity_summary","Unknown",2,1569,NA,NA,NA
2021,"DHB","Unknown","parity_summary","0",84,380,NA,NA,NA
2021,"DHB","Unknown","parity_summary","1",121,380,NA,NA,NA
2021,"DHB","Unknown","parity_summary","2",84,380,NA,NA,NA
2021,"DHB","Unknown","parity_summary","3+",91,380,NA,NA,NA
2021,"DHB","Unknown","parity_summary","Unknown",16,380,NA,NA,NA
2021,"DHB","Waikato","parity_summary","0",2283,5855,39,NA,NA
2021,"DHB","Waikato","parity_summary","1",1904,5855,32.5,NA,NA
2021,"DHB","Waikato","parity_summary","2",964,5855,16.5,NA,NA
2021,"DHB","Waikato","parity_summary","3+",704,5855,12,NA,NA
2021,"DHB","Waikato","parity_summary","Unknown",2,5855,NA,NA,NA
2021,"DHB","Wairarapa","parity_summary","0",233,564,41.3,NA,NA
2021,"DHB","Wairarapa","parity_summary","1",177,564,31.4,NA,NA
2021,"DHB","Wairarapa","parity_summary","2",91,564,16.1,NA,NA
2021,"DHB","Wairarapa","parity_summary","3+",63,564,11.2,NA,NA
2021,"DHB","Waitemata","parity_summary","0",3624,7742,46.8,NA,NA
2021,"DHB","Waitemata","parity_summary","1",2687,7742,34.7,NA,NA
2021,"DHB","Waitemata","parity_summary","2",896,7742,11.6,NA,NA
2021,"DHB","Waitemata","parity_summary","3+",535,7742,6.9,NA,NA
2021,"DHB","Waitemata","parity_summary","Unknown",41,7742,NA,NA,NA
2021,"DHB","West Coast","parity_summary","0",105,336,31.2,NA,NA
2021,"DHB","West Coast","parity_summary","1",103,336,30.7,NA,NA
2021,"DHB","West Coast","parity_summary","2",64,336,19,NA,NA
2021,"DHB","West Coast","parity_summary","3+",64,336,19,NA,NA
2021,"DHB","Whanganui","parity_summary","0",263,792,33.2,NA,NA
2021,"DHB","Whanganui","parity_summary","1",253,792,31.9,NA,NA
2021,"DHB","Whanganui","parity_summary","2",141,792,17.8,NA,NA
2021,"DHB","Whanganui","parity_summary","3+",135,792,17,NA,NA
2022,"DHB","Auckland","parity_summary","0",2249,4483,50.2,NA,NA
2022,"DHB","Auckland","parity_summary","1",1386,4483,30.9,NA,NA
2022,"DHB","Auckland","parity_summary","2",472,4483,10.5,NA,NA
2022,"DHB","Auckland","parity_summary","3+",376,4483,8.4,NA,NA
2022,"DHB","Auckland","parity_summary","Unknown",7,4483,NA,NA,NA
2022,"DHB","Bay of Plenty","parity_summary","0",1281,3126,41,NA,NA
2022,"DHB","Bay of Plenty","parity_summary","1",1047,3126,33.5,NA,NA
2022,"DHB","Bay of Plenty","parity_summary","2",465,3126,14.9,NA,NA
2022,"DHB","Bay of Plenty","parity_summary","3+",333,3126,10.7,NA,NA
2022,"DHB","Canterbury","parity_summary","0",2940,6443,45.6,NA,NA
2022,"DHB","Canterbury","parity_summary","1",2158,6443,33.5,NA,NA
2022,"DHB","Canterbury","parity_summary","2",880,6443,13.7,NA,NA
2022,"DHB","Canterbury","parity_summary","3+",465,6443,7.2,NA,NA
2022,"DHB","Capital & Coast","parity_summary","0",1418,2858,49.6,NA,NA
2022,"DHB","Capital & Coast","parity_summary","1",911,2858,31.9,NA,NA
2022,"DHB","Capital & Coast","parity_summary","2",340,2858,11.9,NA,NA
2022,"DHB","Capital & Coast","parity_summary","3+",189,2858,6.6,NA,NA
2022,"DHB","Counties Manukau","parity_summary","0",2974,7704,38.6,NA,NA
2022,"DHB","Counties Manukau","parity_summary","1",2479,7704,32.2,NA,NA
2022,"DHB","Counties Manukau","parity_summary","2",1141,7704,14.8,NA,NA
2022,"DHB","Counties Manukau","parity_summary","3+",1110,7704,14.4,NA,NA
2022,"DHB","Counties Manukau","parity_summary","Unknown",19,7704,NA,NA,NA
2022,"DHB","Hawke's Bay","parity_summary","0",743,1953,38,NA,NA
2022,"DHB","Hawke's Bay","parity_summary","1",635,1953,32.5,NA,NA
2022,"DHB","Hawke's Bay","parity_summary","2",309,1953,15.8,NA,NA
2022,"DHB","Hawke's Bay","parity_summary","3+",266,1953,13.6,NA,NA
2022,"DHB","Hutt Valley","parity_summary","0",692,1593,43.4,NA,NA
2022,"DHB","Hutt Valley","parity_summary","1",540,1593,33.9,NA,NA
2022,"DHB","Hutt Valley","parity_summary","2",211,1593,13.2,NA,NA
2022,"DHB","Hutt Valley","parity_summary","3+",150,1593,9.4,NA,NA
2022,"DHB","Lakes","parity_summary","0",585,1546,37.8,NA,NA
2022,"DHB","Lakes","parity_summary","1",493,1546,31.9,NA,NA
2022,"DHB","Lakes","parity_summary","2",224,1546,14.5,NA,NA
2022,"DHB","Lakes","parity_summary","3+",244,1546,15.8,NA,NA
2022,"DHB","MidCentral","parity_summary","0",839,2083,40.3,NA,NA
2022,"DHB","MidCentral","parity_summary","1",663,2083,31.8,NA,NA
2022,"DHB","MidCentral","parity_summary","2",364,2083,17.5,NA,NA
2022,"DHB","MidCentral","parity_summary","3+",217,2083,10.4,NA,NA
2022,"DHB","Nelson Marlborough","parity_summary","0",512,1208,42.4,NA,NA
2022,"DHB","Nelson Marlborough","parity_summary","1",398,1208,32.9,NA,NA
2022,"DHB","Nelson Marlborough","parity_summary","2",204,1208,16.9,NA,NA
2022,"DHB","Nelson Marlborough","parity_summary","3+",94,1208,7.8,NA,NA
2022,"DHB","Northland","parity_summary","0",836,2283,36.6,NA,NA
2022,"DHB","Northland","parity_summary","1",665,2283,29.1,NA,NA
2022,"DHB","Northland","parity_summary","2",394,2283,17.3,NA,NA
2022,"DHB","Northland","parity_summary","3+",388,2283,17,NA,NA
2022,"DHB","Northland","parity_summary","Unknown",3,2283,NA,NA,NA
2022,"DHB","South Canterbury","parity_summary","0",239,568,42.1,NA,NA
2022,"DHB","South Canterbury","parity_summary","1",186,568,32.7,NA,NA
2022,"DHB","South Canterbury","parity_summary","2",83,568,14.6,NA,NA
2022,"DHB","South Canterbury","parity_summary","3+",60,568,10.6,NA,NA
2022,"DHB","Southern","parity_summary","0",1475,3301,44.7,NA,NA
2022,"DHB","Southern","parity_summary","1",1159,3301,35.1,NA,NA
2022,"DHB","Southern","parity_summary","2",445,3301,13.5,NA,NA
2022,"DHB","Southern","parity_summary","3+",222,3301,6.7,NA,NA
2022,"DHB","Tairawhiti","parity_summary","0",269,703,38.3,NA,NA
2022,"DHB","Tairawhiti","parity_summary","1",209,703,29.7,NA,NA
2022,"DHB","Tairawhiti","parity_summary","2",108,703,15.4,NA,NA
2022,"DHB","Tairawhiti","parity_summary","3+",117,703,16.6,NA,NA
2022,"DHB","Taranaki","parity_summary","0",523,1346,38.9,NA,NA
2022,"DHB","Taranaki","parity_summary","1",439,1346,32.6,NA,NA
2022,"DHB","Taranaki","parity_summary","2",233,1346,17.3,NA,NA
2022,"DHB","Taranaki","parity_summary","3+",151,1346,11.2,NA,NA
2022,"DHB","Unknown","parity_summary","0",126,589,NA,NA,NA
2022,"DHB","Unknown","parity_summary","1",224,589,NA,NA,NA
2022,"DHB","Unknown","parity_summary","2",131,589,NA,NA,NA
2022,"DHB","Unknown","parity_summary","3+",108,589,NA,NA,NA
2022,"DHB","Unknown","parity_summary","Unknown",17,589,NA,NA,NA
2022,"DHB","Waikato","parity_summary","0",2091,5307,39.4,NA,NA
2022,"DHB","Waikato","parity_summary","1",1772,5307,33.4,NA,NA
2022,"DHB","Waikato","parity_summary","2",784,5307,14.8,NA,NA
2022,"DHB","Waikato","parity_summary","3+",660,5307,12.4,NA,NA
2022,"DHB","Wairarapa","parity_summary","0",223,522,42.7,NA,NA
2022,"DHB","Wairarapa","parity_summary","1",183,522,35.1,NA,NA
2022,"DHB","Wairarapa","parity_summary","2",71,522,13.6,NA,NA
2022,"DHB","Wairarapa","parity_summary","3+",45,522,8.6,NA,NA
2022,"DHB","Waitemata","parity_summary","0",3346,7244,46.2,NA,NA
2022,"DHB","Waitemata","parity_summary","1",2568,7244,35.5,NA,NA
2022,"DHB","Waitemata","parity_summary","2",851,7244,11.7,NA,NA
2022,"DHB","Waitemata","parity_summary","3+",479,7244,6.6,NA,NA
2022,"DHB","Waitemata","parity_summary","Unknown",20,7244,NA,NA,NA
2022,"DHB","West Coast","parity_summary","0",98,293,33.4,NA,NA
2022,"DHB","West Coast","parity_summary","1",98,293,33.4,NA,NA
2022,"DHB","West Coast","parity_summary","2",49,293,16.7,NA,NA
2022,"DHB","West Coast","parity_summary","3+",48,293,16.4,NA,NA
2022,"DHB","Whanganui","parity_summary","0",286,770,37.1,NA,NA
2022,"DHB","Whanganui","parity_summary","1",228,770,29.6,NA,NA
2022,"DHB","Whanganui","parity_summary","2",137,770,17.8,NA,NA
2022,"DHB","Whanganui","parity_summary","3+",119,770,15.5,NA,NA
2008,"DHB","Auckland","parity_summary","total",6541,6541,100,NA,NA
2008,"DHB","Bay of Plenty","parity_summary","total",2961,2961,100,NA,NA
2008,"DHB","Canterbury","parity_summary","total",6511,6511,100,NA,NA
2008,"DHB","Capital & Coast","parity_summary","total",3943,3943,100,NA,NA
2008,"DHB","Counties Manukau","parity_summary","total",8068,8068,100,NA,NA
2008,"DHB","Hawke's Bay","parity_summary","total",2168,2168,100,NA,NA
2008,"DHB","Hutt Valley","parity_summary","total",2163,2163,100,NA,NA
2008,"DHB","Lakes","parity_summary","total",1664,1664,100,NA,NA
2008,"DHB","MidCentral","parity_summary","total",2259,2259,100,NA,NA
2008,"DHB","Nelson Marlborough","parity_summary","total",1381,1381,100,NA,NA
2008,"DHB","Northland","parity_summary","total",2051,2051,100,NA,NA
2008,"DHB","South Canterbury","parity_summary","total",614,614,100,NA,NA
2008,"DHB","Southern","parity_summary","total",3417,3417,100,NA,NA
2008,"DHB","Tairawhiti","parity_summary","total",834,834,100,NA,NA
2008,"DHB","Taranaki","parity_summary","total",1611,1611,100,NA,NA
2008,"DHB","Unknown","parity_summary","total",246,246,NA,NA,NA
2008,"DHB","Waikato","parity_summary","total",5180,5180,100,NA,NA
2008,"DHB","Wairarapa","parity_summary","total",423,423,100,NA,NA
2008,"DHB","Waitemata","parity_summary","total",6851,6851,100,NA,NA
2008,"DHB","West Coast","parity_summary","total",172,172,100,NA,NA
2008,"DHB","Whanganui","parity_summary","total",826,826,100,NA,NA
2009,"DHB","Auckland","parity_summary","total",6756,6756,100,NA,NA
2009,"DHB","Bay of Plenty","parity_summary","total",2977,2977,100,NA,NA
2009,"DHB","Canterbury","parity_summary","total",6456,6456,100,NA,NA
2009,"DHB","Capital & Coast","parity_summary","total",3893,3893,100,NA,NA
2009,"DHB","Counties Manukau","parity_summary","total",7965,7965,100,NA,NA
2009,"DHB","Hawke's Bay","parity_summary","total",2266,2266,100,NA,NA
2009,"DHB","Hutt Valley","parity_summary","total",2129,2129,100,NA,NA
2009,"DHB","Lakes","parity_summary","total",1636,1636,100,NA,NA
2009,"DHB","MidCentral","parity_summary","total",2173,2173,100,NA,NA
2009,"DHB","Nelson Marlborough","parity_summary","total",1253,1253,100,NA,NA
2009,"DHB","Northland","parity_summary","total",2143,2143,100,NA,NA
2009,"DHB","South Canterbury","parity_summary","total",652,652,100,NA,NA
2009,"DHB","Southern","parity_summary","total",3588,3588,100,NA,NA
2009,"DHB","Tairawhiti","parity_summary","total",756,756,100,NA,NA
2009,"DHB","Taranaki","parity_summary","total",1599,1599,100,NA,NA
2009,"DHB","Unknown","parity_summary","total",288,288,NA,NA,NA
2009,"DHB","Waikato","parity_summary","total",5050,5050,100,NA,NA
2009,"DHB","Wairarapa","parity_summary","total",471,471,100,NA,NA
2009,"DHB","Waitemata","parity_summary","total",7527,7527,100,NA,NA
2009,"DHB","West Coast","parity_summary","total",158,158,100,NA,NA
2009,"DHB","Whanganui","parity_summary","total",822,822,100,NA,NA
2010,"DHB","Auckland","parity_summary","total",6675,6675,100,NA,NA
2010,"DHB","Bay of Plenty","parity_summary","total",3008,3008,100,NA,NA
2010,"DHB","Canterbury","parity_summary","total",6581,6581,100,NA,NA
2010,"DHB","Capital & Coast","parity_summary","total",3845,3845,100,NA,NA
2010,"DHB","Counties Manukau","parity_summary","total",8165,8165,100,NA,NA
2010,"DHB","Hawke's Bay","parity_summary","total",2233,2233,100,NA,NA
2010,"DHB","Hutt Valley","parity_summary","total",2064,2064,100,NA,NA
2010,"DHB","Lakes","parity_summary","total",1576,1576,100,NA,NA
2010,"DHB","MidCentral","parity_summary","total",2319,2319,100,NA,NA
2010,"DHB","Nelson Marlborough","parity_summary","total",1327,1327,100,NA,NA
2010,"DHB","Northland","parity_summary","total",2325,2325,100,NA,NA
2010,"DHB","South Canterbury","parity_summary","total",652,652,100,NA,NA
2010,"DHB","Southern","parity_summary","total",3598,3598,100,NA,NA
2010,"DHB","Tairawhiti","parity_summary","total",754,754,100,NA,NA
2010,"DHB","Taranaki","parity_summary","total",1571,1571,100,NA,NA
2010,"DHB","Unknown","parity_summary","total",220,220,NA,NA,NA
2010,"DHB","Waikato","parity_summary","total",5167,5167,100,NA,NA
2010,"DHB","Wairarapa","parity_summary","total",494,494,100,NA,NA
2010,"DHB","Waitemata","parity_summary","total",7739,7739,100,NA,NA
2010,"DHB","West Coast","parity_summary","total",140,140,100,NA,NA
2010,"DHB","Whanganui","parity_summary","total",807,807,100,NA,NA
2011,"DHB","Auckland","parity_summary","total",6497,6497,100,NA,NA
2011,"DHB","Bay of Plenty","parity_summary","total",2856,2856,100,NA,NA
2011,"DHB","Canterbury","parity_summary","total",5980,5980,100,NA,NA
2011,"DHB","Capital & Coast","parity_summary","total",3729,3729,100,NA,NA
2011,"DHB","Counties Manukau","parity_summary","total",8253,8253,100,NA,NA
2011,"DHB","Hawke's Bay","parity_summary","total",2172,2172,100,NA,NA
2011,"DHB","Hutt Valley","parity_summary","total",1973,1973,100,NA,NA
2011,"DHB","Lakes","parity_summary","total",1565,1565,100,NA,NA
2011,"DHB","MidCentral","parity_summary","total",2241,2241,100,NA,NA
2011,"DHB","Nelson Marlborough","parity_summary","total",1390,1390,100,NA,NA
2011,"DHB","Northland","parity_summary","total",2205,2205,100,NA,NA
2011,"DHB","South Canterbury","parity_summary","total",570,570,100,NA,NA
2011,"DHB","Southern","parity_summary","total",3632,3632,100,NA,NA
2011,"DHB","Tairawhiti","parity_summary","total",734,734,100,NA,NA
2011,"DHB","Taranaki","parity_summary","total",1535,1535,100,NA,NA
2011,"DHB","Unknown","parity_summary","total",214,214,NA,NA,NA
2011,"DHB","Waikato","parity_summary","total",4995,4995,100,NA,NA
2011,"DHB","Wairarapa","parity_summary","total",517,517,100,NA,NA
2011,"DHB","Waitemata","parity_summary","total",7781,7781,100,NA,NA
2011,"DHB","West Coast","parity_summary","total",146,146,100,NA,NA
2011,"DHB","Whanganui","parity_summary","total",716,716,100,NA,NA
2012,"DHB","Auckland","parity_summary","total",6654,6654,100,NA,NA
2012,"DHB","Bay of Plenty","parity_summary","total",2968,2968,100,NA,NA
2012,"DHB","Canterbury","parity_summary","total",5985,5985,100,NA,NA
2012,"DHB","Capital & Coast","parity_summary","total",3678,3678,100,NA,NA
2012,"DHB","Counties Manukau","parity_summary","total",8264,8264,100,NA,NA
2012,"DHB","Hawke's Bay","parity_summary","total",2198,2198,100,NA,NA
2012,"DHB","Hutt Valley","parity_summary","total",1931,1931,100,NA,NA
2012,"DHB","Lakes","parity_summary","total",1540,1540,100,NA,NA
2012,"DHB","MidCentral","parity_summary","total",2118,2118,100,NA,NA
2012,"DHB","Nelson Marlborough","parity_summary","total",1325,1325,100,NA,NA
2012,"DHB","Northland","parity_summary","total",2233,2233,100,NA,NA
2012,"DHB","South Canterbury","parity_summary","total",648,648,100,NA,NA
2012,"DHB","Southern","parity_summary","total",3538,3538,100,NA,NA
2012,"DHB","Tairawhiti","parity_summary","total",731,731,100,NA,NA
2012,"DHB","Taranaki","parity_summary","total",1540,1540,100,NA,NA
2012,"DHB","Unknown","parity_summary","total",212,212,NA,NA,NA
2012,"DHB","Waikato","parity_summary","total",5158,5158,100,NA,NA
2012,"DHB","Wairarapa","parity_summary","total",504,504,100,NA,NA
2012,"DHB","Waitemata","parity_summary","total",7787,7787,100,NA,NA
2012,"DHB","West Coast","parity_summary","total",279,279,100,NA,NA
2012,"DHB","Whanganui","parity_summary","total",823,823,100,NA,NA
2013,"DHB","Auckland","parity_summary","total",6179,6179,100,NA,NA
2013,"DHB","Bay of Plenty","parity_summary","total",2746,2746,100,NA,NA
2013,"DHB","Canterbury","parity_summary","total",5823,5823,100,NA,NA
2013,"DHB","Capital & Coast","parity_summary","total",3434,3434,100,NA,NA
2013,"DHB","Counties Manukau","parity_summary","total",7811,7811,100,NA,NA
2013,"DHB","Hawke's Bay","parity_summary","total",2096,2096,100,NA,NA
2013,"DHB","Hutt Valley","parity_summary","total",1825,1825,100,NA,NA
2013,"DHB","Lakes","parity_summary","total",1417,1417,100,NA,NA
2013,"DHB","MidCentral","parity_summary","total",2107,2107,100,NA,NA
2013,"DHB","Nelson Marlborough","parity_summary","total",1365,1365,100,NA,NA
2013,"DHB","Northland","parity_summary","total",2070,2070,100,NA,NA
2013,"DHB","South Canterbury","parity_summary","total",640,640,100,NA,NA
2013,"DHB","Southern","parity_summary","total",3423,3423,100,NA,NA
2013,"DHB","Tairawhiti","parity_summary","total",694,694,100,NA,NA
2013,"DHB","Taranaki","parity_summary","total",1509,1509,100,NA,NA
2013,"DHB","Unknown","parity_summary","total",275,275,NA,NA,NA
2013,"DHB","Waikato","parity_summary","total",4963,4963,100,NA,NA
2013,"DHB","Wairarapa","parity_summary","total",482,482,100,NA,NA
2013,"DHB","Waitemata","parity_summary","total",7542,7542,100,NA,NA
2013,"DHB","West Coast","parity_summary","total",314,314,100,NA,NA
2013,"DHB","Whanganui","parity_summary","total",777,777,100,NA,NA
2014,"DHB","Auckland","parity_summary","total",6261,6261,100,NA,NA
2014,"DHB","Bay of Plenty","parity_summary","total",2772,2772,100,NA,NA
2014,"DHB","Canterbury","parity_summary","total",5978,5978,100,NA,NA
2014,"DHB","Capital & Coast","parity_summary","total",3362,3362,100,NA,NA
2014,"DHB","Counties Manukau","parity_summary","total",8016,8016,100,NA,NA
2014,"DHB","Hawke's Bay","parity_summary","total",2022,2022,100,NA,NA
2014,"DHB","Hutt Valley","parity_summary","total",1797,1797,100,NA,NA
2014,"DHB","Lakes","parity_summary","total",1382,1382,100,NA,NA
2014,"DHB","MidCentral","parity_summary","total",2044,2044,100,NA,NA
2014,"DHB","Nelson Marlborough","parity_summary","total",1291,1291,100,NA,NA
2014,"DHB","Northland","parity_summary","total",2046,2046,100,NA,NA
2014,"DHB","South Canterbury","parity_summary","total",650,650,100,NA,NA
2014,"DHB","Southern","parity_summary","total",3267,3267,100,NA,NA
2014,"DHB","Tairawhiti","parity_summary","total",679,679,100,NA,NA
2014,"DHB","Taranaki","parity_summary","total",1513,1513,100,NA,NA
2014,"DHB","Unknown","parity_summary","total",348,348,NA,NA,NA
2014,"DHB","Waikato","parity_summary","total",5040,5040,100,NA,NA
2014,"DHB","Wairarapa","parity_summary","total",471,471,100,NA,NA
2014,"DHB","Waitemata","parity_summary","total",7782,7782,100,NA,NA
2014,"DHB","West Coast","parity_summary","total",174,174,100,NA,NA
2014,"DHB","Whanganui","parity_summary","total",777,777,100,NA,NA
2015,"DHB","Auckland","parity_summary","total",5821,5821,100,NA,NA
2015,"DHB","Bay of Plenty","parity_summary","total",2777,2777,100,NA,NA
2015,"DHB","Canterbury","parity_summary","total",6192,6192,100,NA,NA
2015,"DHB","Capital & Coast","parity_summary","total",3410,3410,100,NA,NA
2015,"DHB","Counties Manukau","parity_summary","total",7342,7342,100,NA,NA
2015,"DHB","Hawke's Bay","parity_summary","total",1921,1921,100,NA,NA
2015,"DHB","Hutt Valley","parity_summary","total",1913,1913,100,NA,NA
2015,"DHB","Lakes","parity_summary","total",1498,1498,100,NA,NA
2015,"DHB","MidCentral","parity_summary","total",2034,2034,100,NA,NA
2015,"DHB","Nelson Marlborough","parity_summary","total",1237,1237,100,NA,NA
2015,"DHB","Northland","parity_summary","total",2074,2074,100,NA,NA
2015,"DHB","South Canterbury","parity_summary","total",657,657,100,NA,NA
2015,"DHB","Southern","parity_summary","total",3402,3402,100,NA,NA
2015,"DHB","Tairawhiti","parity_summary","total",730,730,100,NA,NA
2015,"DHB","Taranaki","parity_summary","total",1510,1510,100,NA,NA
2015,"DHB","Unknown","parity_summary","total",268,268,NA,NA,NA
2015,"DHB","Waikato","parity_summary","total",5130,5130,100,NA,NA
2015,"DHB","Wairarapa","parity_summary","total",461,461,100,NA,NA
2015,"DHB","Waitemata","parity_summary","total",7464,7464,100,NA,NA
2015,"DHB","West Coast","parity_summary","total",345,345,100,NA,NA
2015,"DHB","Whanganui","parity_summary","total",775,775,100,NA,NA
2016,"DHB","Auckland","parity_summary","total",5773,5773,100,NA,NA
2016,"DHB","Bay of Plenty","parity_summary","total",2878,2878,100,NA,NA
2016,"DHB","Canterbury","parity_summary","total",6286,6286,100,NA,NA
2016,"DHB","Capital & Coast","parity_summary","total",3351,3351,100,NA,NA
2016,"DHB","Counties Manukau","parity_summary","total",6820,6820,100,NA,NA
2016,"DHB","Hawke's Bay","parity_summary","total",2016,2016,100,NA,NA
2016,"DHB","Hutt Valley","parity_summary","total",1900,1900,100,NA,NA
2016,"DHB","Lakes","parity_summary","total",1530,1530,100,NA,NA
2016,"DHB","MidCentral","parity_summary","total",1992,1992,100,NA,NA
2016,"DHB","Nelson Marlborough","parity_summary","total",1353,1353,100,NA,NA
2016,"DHB","Northland","parity_summary","total",2182,2182,100,NA,NA
2016,"DHB","South Canterbury","parity_summary","total",648,648,100,NA,NA
2016,"DHB","Southern","parity_summary","total",3305,3305,100,NA,NA
2016,"DHB","Tairawhiti","parity_summary","total",768,768,100,NA,NA
2016,"DHB","Taranaki","parity_summary","total",1427,1427,100,NA,NA
2016,"DHB","Unknown","parity_summary","total",327,327,NA,NA,NA
2016,"DHB","Waikato","parity_summary","total",5217,5217,100,NA,NA
2016,"DHB","Wairarapa","parity_summary","total",459,459,100,NA,NA
2016,"DHB","Waitemata","parity_summary","total",7814,7814,100,NA,NA
2016,"DHB","West Coast","parity_summary","total",315,315,100,NA,NA
2016,"DHB","Whanganui","parity_summary","total",752,752,100,NA,NA
2017,"DHB","Auckland","parity_summary","total",5543,5543,100,NA,NA
2017,"DHB","Bay of Plenty","parity_summary","total",3081,3081,100,NA,NA
2017,"DHB","Canterbury","parity_summary","total",6365,6365,100,NA,NA
2017,"DHB","Capital & Coast","parity_summary","total",3372,3372,100,NA,NA
2017,"DHB","Counties Manukau","parity_summary","total",7357,7357,100,NA,NA
2017,"DHB","Hawke's Bay","parity_summary","total",2062,2062,100,NA,NA
2017,"DHB","Hutt Valley","parity_summary","total",1878,1878,100,NA,NA
2017,"DHB","Lakes","parity_summary","total",1545,1545,100,NA,NA
2017,"DHB","MidCentral","parity_summary","total",2074,2074,100,NA,NA
2017,"DHB","Nelson Marlborough","parity_summary","total",1361,1361,100,NA,NA
2017,"DHB","Northland","parity_summary","total",2162,2162,100,NA,NA
2017,"DHB","South Canterbury","parity_summary","total",631,631,100,NA,NA
2017,"DHB","Southern","parity_summary","total",3420,3420,100,NA,NA
2017,"DHB","Tairawhiti","parity_summary","total",693,693,100,NA,NA
2017,"DHB","Taranaki","parity_summary","total",1400,1400,100,NA,NA
2017,"DHB","Unknown","parity_summary","total",274,274,NA,NA,NA
2017,"DHB","Waikato","parity_summary","total",5180,5180,100,NA,NA
2017,"DHB","Wairarapa","parity_summary","total",521,521,100,NA,NA
2017,"DHB","Waitemata","parity_summary","total",7589,7589,100,NA,NA
2017,"DHB","West Coast","parity_summary","total",355,355,100,NA,NA
2017,"DHB","Whanganui","parity_summary","total",801,801,100,NA,NA
2018,"DHB","Auckland","parity_summary","total",5307,5307,100,NA,NA
2018,"DHB","Bay of Plenty","parity_summary","total",2980,2980,100,NA,NA
2018,"DHB","Canterbury","parity_summary","total",6225,6225,100,NA,NA
2018,"DHB","Capital & Coast","parity_summary","total",3086,3086,100,NA,NA
2018,"DHB","Counties Manukau","parity_summary","total",7556,7556,100,NA,NA
2018,"DHB","Hawke's Bay","parity_summary","total",1962,1962,100,NA,NA
2018,"DHB","Hutt Valley","parity_summary","total",1808,1808,100,NA,NA
2018,"DHB","Lakes","parity_summary","total",1518,1518,100,NA,NA
2018,"DHB","MidCentral","parity_summary","total",2094,2094,100,NA,NA
2018,"DHB","Nelson Marlborough","parity_summary","total",1465,1465,100,NA,NA
2018,"DHB","Northland","parity_summary","total",2123,2123,100,NA,NA
2018,"DHB","South Canterbury","parity_summary","total",602,602,100,NA,NA
2018,"DHB","Southern","parity_summary","total",3260,3260,100,NA,NA
2018,"DHB","Tairawhiti","parity_summary","total",689,689,100,NA,NA
2018,"DHB","Taranaki","parity_summary","total",1560,1560,100,NA,NA
2018,"DHB","Unknown","parity_summary","total",389,389,NA,NA,NA
2018,"DHB","Waikato","parity_summary","total",5193,5193,100,NA,NA
2018,"DHB","Wairarapa","parity_summary","total",494,494,100,NA,NA
2018,"DHB","Waitemata","parity_summary","total",7262,7262,100,NA,NA
2018,"DHB","West Coast","parity_summary","total",326,326,100,NA,NA
2018,"DHB","Whanganui","parity_summary","total",767,767,100,NA,NA
2019,"DHB","Auckland","parity_summary","total",5353,5353,100,NA,NA
2019,"DHB","Bay of Plenty","parity_summary","total",3076,3076,100,NA,NA
2019,"DHB","Canterbury","parity_summary","total",6411,6411,100,NA,NA
2019,"DHB","Capital & Coast","parity_summary","total",2961,2961,100,NA,NA
2019,"DHB","Counties Manukau","parity_summary","total",7997,7997,100,NA,NA
2019,"DHB","Hawke's Bay","parity_summary","total",1920,1920,100,NA,NA
2019,"DHB","Hutt Valley","parity_summary","total",1840,1840,100,NA,NA
2019,"DHB","Lakes","parity_summary","total",1532,1532,100,NA,NA
2019,"DHB","MidCentral","parity_summary","total",2112,2112,100,NA,NA
2019,"DHB","Nelson Marlborough","parity_summary","total",1383,1383,100,NA,NA
2019,"DHB","Northland","parity_summary","total",2219,2219,100,NA,NA
2019,"DHB","South Canterbury","parity_summary","total",621,621,100,NA,NA
2019,"DHB","Southern","parity_summary","total",3403,3403,100,NA,NA
2019,"DHB","Tairawhiti","parity_summary","total",666,666,100,NA,NA
2019,"DHB","Taranaki","parity_summary","total",1501,1501,100,NA,NA
2019,"DHB","Unknown","parity_summary","total",347,347,NA,NA,NA
2019,"DHB","Waikato","parity_summary","total",5262,5262,100,NA,NA
2019,"DHB","Wairarapa","parity_summary","total",513,513,100,NA,NA
2019,"DHB","Waitemata","parity_summary","total",7682,7682,100,NA,NA
2019,"DHB","West Coast","parity_summary","total",345,345,100,NA,NA
2019,"DHB","Whanganui","parity_summary","total",838,838,100,NA,NA
2020,"DHB","Auckland","parity_summary","total",4893,4893,100,NA,NA
2020,"DHB","Bay of Plenty","parity_summary","total",3106,3106,100,NA,NA
2020,"DHB","Canterbury","parity_summary","total",6145,6145,100,NA,NA
2020,"DHB","Capital & Coast","parity_summary","total",2927,2927,100,NA,NA
2020,"DHB","Counties Manukau","parity_summary","total",8074,8074,100,NA,NA
2020,"DHB","Hawke's Bay","parity_summary","total",1974,1974,100,NA,NA
2020,"DHB","Hutt Valley","parity_summary","total",1852,1852,100,NA,NA
2020,"DHB","Lakes","parity_summary","total",1422,1422,100,NA,NA
2020,"DHB","MidCentral","parity_summary","total",2094,2094,100,NA,NA
2020,"DHB","Nelson Marlborough","parity_summary","total",1285,1285,100,NA,NA
2020,"DHB","Northland","parity_summary","total",2292,2292,100,NA,NA
2020,"DHB","South Canterbury","parity_summary","total",588,588,100,NA,NA
2020,"DHB","Southern","parity_summary","total",3255,3255,100,NA,NA
2020,"DHB","Tairawhiti","parity_summary","total",693,693,100,NA,NA
2020,"DHB","Taranaki","parity_summary","total",1447,1447,100,NA,NA
2020,"DHB","Unknown","parity_summary","total",476,476,NA,NA,NA
2020,"DHB","Waikato","parity_summary","total",5448,5448,100,NA,NA
2020,"DHB","Wairarapa","parity_summary","total",524,524,100,NA,NA
2020,"DHB","Waitemata","parity_summary","total",7378,7378,100,NA,NA
2020,"DHB","West Coast","parity_summary","total",289,289,100,NA,NA
2020,"DHB","Whanganui","parity_summary","total",796,796,100,NA,NA
2021,"DHB","Auckland","parity_summary","total",5174,5174,100,NA,NA
2021,"DHB","Bay of Plenty","parity_summary","total",3358,3358,100,NA,NA
2021,"DHB","Canterbury","parity_summary","total",6776,6776,100,NA,NA
2021,"DHB","Capital & Coast","parity_summary","total",3197,3197,100,NA,NA
2021,"DHB","Counties Manukau","parity_summary","total",8360,8360,100,NA,NA
2021,"DHB","Hawke's Bay","parity_summary","total",2175,2175,100,NA,NA
2021,"DHB","Hutt Valley","parity_summary","total",1826,1826,100,NA,NA
2021,"DHB","Lakes","parity_summary","total",1618,1618,100,NA,NA
2021,"DHB","MidCentral","parity_summary","total",2254,2254,100,NA,NA
2021,"DHB","Nelson Marlborough","parity_summary","total",1264,1264,100,NA,NA
2021,"DHB","Northland","parity_summary","total",2359,2359,100,NA,NA
2021,"DHB","South Canterbury","parity_summary","total",634,634,100,NA,NA
2021,"DHB","Southern","parity_summary","total",3518,3518,100,NA,NA
2021,"DHB","Tairawhiti","parity_summary","total",741,741,100,NA,NA
2021,"DHB","Taranaki","parity_summary","total",1571,1571,100,NA,NA
2021,"DHB","Unknown","parity_summary","total",396,396,NA,NA,NA
2021,"DHB","Waikato","parity_summary","total",5857,5857,100,NA,NA
2021,"DHB","Wairarapa","parity_summary","total",564,564,100,NA,NA
2021,"DHB","Waitemata","parity_summary","total",7783,7783,100,NA,NA
2021,"DHB","West Coast","parity_summary","total",336,336,100,NA,NA
2021,"DHB","Whanganui","parity_summary","total",792,792,100,NA,NA
2022,"DHB","Auckland","parity_summary","total",4490,4490,100,NA,NA
2022,"DHB","Bay of Plenty","parity_summary","total",3126,3126,100,NA,NA
2022,"DHB","Canterbury","parity_summary","total",6443,6443,100,NA,NA
2022,"DHB","Capital & Coast","parity_summary","total",2858,2858,100,NA,NA
2022,"DHB","Counties Manukau","parity_summary","total",7723,7723,100,NA,NA
2022,"DHB","Hawke's Bay","parity_summary","total",1953,1953,100,NA,NA
2022,"DHB","Hutt Valley","parity_summary","total",1593,1593,100,NA,NA
2022,"DHB","Lakes","parity_summary","total",1546,1546,100,NA,NA
2022,"DHB","MidCentral","parity_summary","total",2083,2083,100,NA,NA
2022,"DHB","Nelson Marlborough","parity_summary","total",1208,1208,100,NA,NA
2022,"DHB","Northland","parity_summary","total",2286,2286,100,NA,NA
2022,"DHB","South Canterbury","parity_summary","total",568,568,100,NA,NA
2022,"DHB","Southern","parity_summary","total",3301,3301,100,NA,NA
2022,"DHB","Tairawhiti","parity_summary","total",703,703,100,NA,NA
2022,"DHB","Taranaki","parity_summary","total",1346,1346,100,NA,NA
2022,"DHB","Unknown","parity_summary","total",606,606,NA,NA,NA
2022,"DHB","Waikato","parity_summary","total",5307,5307,100,NA,NA
2022,"DHB","Wairarapa","parity_summary","total",522,522,100,NA,NA
2022,"DHB","Waitemata","parity_summary","total",7264,7264,100,NA,NA
2022,"DHB","West Coast","parity_summary","total",293,293,100,NA,NA
2022,"DHB","Whanganui","parity_summary","total",770,770,100,NA,NA
